  o  LEF: </home/ahmed/coriolis-2.x/release/install/lib/python3/dist-packages/pdks/ihpsg13g2/libs.ref/sg13g2_stdcell/lef/sg13g2_tech.lef>
  o  LEF: </home/ahmed/coriolis-2.x/release/install/lib/python3/dist-packages/pdks/ihpsg13g2/libs.ref/sg13g2_io/lef/sg13g2_io.lef>
     o sg13g2_Corner 180um 180um LEF.sg13g2_ioSite     o sg13g2_Filler200 1um 180um LEF.sg13g2_ioSite     o sg13g2_Filler400 2um 180um LEF.sg13g2_ioSite     o sg13g2_Filler1000 5um 180um LEF.sg13g2_ioSite     o sg13g2_Filler2000 10um 180um LEF.sg13g2_ioSite     o sg13g2_Filler4000 20um 180um LEF.sg13g2_ioSite     o sg13g2_Filler10000 50um 180um LEF.sg13g2_ioSite     o sg13g2_IOPadIn 80um 180um LEF.sg13g2_ioSite     o sg13g2_IOPadOut4mA 80um 180um LEF.sg13g2_ioSite     o sg13g2_IOPadOut16mA 80um 180um LEF.sg13g2_ioSite     o sg13g2_IOPadOut30mA 80um 180um LEF.sg13g2_ioSite     o sg13g2_IOPadTriOut4mA 80um 180um LEF.sg13g2_ioSite     o sg13g2_IOPadTriOut16mA 80um 180um LEF.sg13g2_ioSite     o sg13g2_IOPadTriOut30mA 80um 180um LEF.sg13g2_ioSite     o sg13g2_IOPadInOut4mA 80um 180um LEF.sg13g2_ioSite     o sg13g2_IOPadInOut16mA 80um 180um LEF.sg13g2_ioSite     o sg13g2_IOPadInOut30mA 80um 180um LEF.sg13g2_ioSite     o sg13g2_IOPadAnalog 80um 180um LEF.sg13g2_ioSite     o sg13g2_IOPadIOVss 80um 180um LEF.sg13g2_ioSite     o sg13g2_IOPadIOVdd 80um 180um LEF.sg13g2_ioSite     o sg13g2_IOPadVss 80um 180um LEF.sg13g2_ioSite     o sg13g2_IOPadVdd 80um 180um LEF.sg13g2_ioSite     + expmob2 [blif]
        + expmob2 [.model]
  o  Creating ToolEngine<Etesian> for Cell <expmob2>
     - Initial memory .................................................. 400.1Mb
  o  Configuration of ToolEngine<Etesian> for Cell <expmob2>
     - Cell Gauge ................................................. <StdCellLib>
     - Place Effort .......................................................... 2
     - Update Conf ........................................................... 3
     - Routing driven .................................................... false
     - Space Margin ........................................................ 10%
     - Spread Margin ........................................................ 5%
     - Aspect Ratio ....................................................... 100%
     - Bloat model .................................................... disabled
     - Antenna gate Max. WL .............................................. 500um
     - Antenna diode Max. WL ........................................... 50000um
     - Latch up Distance .................................................. 29um
  o  Clearing Coloquinte data-structures on <expmob2>
  o  Converting "expmob2" into Coloquinte.
     - H-pitch ........................................................... 0.8um
     - V-pitch ......................................................... 0.576um
     - Slice height ..................................................... 5.76um
     o  Looking through the hierarchy.
        - Whole place area: <Box 0um 0um 86.4um 69.12um>.
        - Sub-place Area: <Box 0um 0um 86.4um 69.12um>.
     - Effective density ................................................. 77.9%
     - Effective space margin ............................................ 22.1%
     - Number of instances  ................................................ 214
     - Registers (DFF)  ............................................ 41 (19.16%)
     - Registers (DFF) density  .......................................... 32.1%
     - Coloquinte cell bloat factor  .................................... x 1.22
     - Building RoutingPads (transhierarchical)

     - Converting 214 nets

     - Standard cells widths:
       +-------+-------------+-----+
       | Width |    Count    |  %  |
       +-------+-------------+-----+
       |     1 |           4 |   1 | 
       |     2 |          41 |  19 | *********
       |     3 |          27 |  12 | ******
       |     4 |          68 |  31 | ***************
       |     5 |          33 |  15 | *******
       |    10 |          41 |  19 | *********
       +-------+-------------+-----+

  o  Running Coloquinte.
Circuit report:
	206 cells (206 single-row cells, no placeable macro block)
	214 nets, 663 pins + 16 fixed, 3.2 pins/net
	12 rows (2 orientations)
	1.5% fixed macro blocks, 87.7% density

  o  Global placement (effort 2)
Global placement starting
#0:	LB 2341
#1:	UB 1.057e+04	Dist 30.3	LB 2145
#2:	UB 1.029e+04	Dist 31.5	LB 2037
#3:	UB 1.011e+04	Dist 31.5	LB 1970
#4:	UB 9084	Dist 32.9	LB 1985
#5:	UB 9820	Dist 33.1	LB 1978
#6:	UB 8748	Dist 33.0	LB 1984
#7:	UB 8999	Dist 32.5	LB 1999
#8:	UB 7869	Dist 31.4	LB 2011
#9:	UB 8032	Dist 30.9	LB 2040
#10:	UB 6954	Dist 29.4	LB 2061
#11:	UB 6976	Dist 28.9	LB 2082
#12:	UB 6384	Dist 27.9	LB 2104
#13:	UB 6214	Dist 26.9	LB 2139
#14:	UB 5864	Dist 26.2	LB 2194
#15:	UB 5649	Dist 25.7	LB 2242
#16:	UB 5391	Dist 25.0	LB 2280
#17:	UB 5062	Dist 24.7	LB 2382
#18:	UB 4928	Dist 24.1	LB 2441
#19:	UB 4714	Dist 24.1	LB 2549
#20:	UB 4761	Dist 23.1	LB 2640
#21:	UB 4591	Dist 22.4	LB 2753
#22:	UB 4525	Dist 22.5	LB 2843
#23:	UB 4447	Dist 22.7	LB 2960
#24:	UB 4426	Dist 23.4	LB 3091
#25:	UB 4341	Dist 24.7	LB 3167
#26:	UB 4329	Dist 25.7	LB 3297
#27:	UB 4300	Dist 27.2	LB 3360
#28:	UB 4247	Dist 28.6	LB 3438
#29:	UB 4175	Dist 29.8	LB 3525
#30:	UB 4189	Dist 31.0	LB 3557
#31:	UB 4130	Dist 31.9	LB 3626
#32:	UB 4146	Dist 32.7
Global placement done in 0.03s
  o  Detailed Placement (effort 2)
Legalization starting (WL 4126)
Legalization done (WL 7157, dist 15.8) in 0.00s
Detailed placement starting
#1:	Swaps 6757	Shifts 6648
#2:	Swaps 6482	Shifts 6461
Detailed placement done (WL 6465) in 0.02s
  o  Placement finished.
     - Done in .................................................. 0.05s, 144.3Mb
     - Raw measurements ........................... 0.046438s, +147740Kb/545.5Mb
  o  Clearing Coloquinte data-structures on <expmob2>
  o  Adding feed cells.
  o  Looking for powers/grounds & clocks.
  o  Building power rails.
     - PowerRails in Metal1 ...
     - PowerRails in Metal2 ...
     - PowerRails in Metal3 ...
     - PowerRails in Metal4 ...
     - PowerRails in Metal5 ...
     - PowerRails in TopMetal1 ...
     - PowerRails in TopMetal2 ...
     - 822 power rails elements found.
     - Done in .................................................. 0.05s, 144.3Mb
     - Raw measurements ........................... 0.046438s, +147740Kb/545.5Mb
  o  Creating ToolEngine<Katana> for Cell <expmob2>
     - Initial memory .................................................. 545.5Mb
  o  Configuration of ToolEngine<Katana> for Cell <expmob2>
     - Net builder style ............................................... HV,3RL+
     - Routing style .............................................. HV|OTH (0x5)
     - Dijkstra GR search halo ............................................... 1
     - Use GR density estimate ........................................... false
     - Use static bloat profile ........................................... true
     - GCell terminal(RP) saturate number ................................... 10
     - GCell saturate ratio (LA) ........................................... 0.9
     - Long wire threshold1 for move up ..................................... 60
     - Long wire reserved1 for move up ....................................... 1
     - Edge min H reserved local ............................................. 6
     - Edge min V reserved local ............................................. 6
     - Edge max H reserved local ............................................ 15
     - Edge max V reserved local ............................................ 15
     - Terminal saturated edge capacity ...................................... 8
     - Terminal saturated GCell threshold .................................... 9
     - Events limit (iterations) ....................................... 4000000
     - Ripup limit, straps & unbreakables ................................... 16
     - Ripup limit, locals ................................................... 9
     - Ripup limit, globals .................................................. 5
     - Ripup limit, long globals ............................................. 5
     - Bloat overload additional penalty ..................................... 4
     - Fill every nth track .................................................. 0
  o  Configuration of ToolEngine<Anabatic> for Cell <expmob2>
     - Routing Gauge .............................................. <StdCellLib>
     - Top routing layer ............................................. TopMetal1
     - Maximum GR iterations ................................................. 6
  o  Building regular grid...
     o  East capacities of south west GCell (Horizontal).
        - [0] V Metal1 ....................................................... 0
        - [1] H Metal2 ...................................................... 12
        - [2] V Metal3 ....................................................... 0
        - [3] H Metal4 ...................................................... 12
        - [4] V Metal5 ....................................................... 0
        - [5] H TopMetal1 .................................................... 0
        - Whole GR/H edge ................................................... 24
     o  North capacities of south west GCell (Vertical).
        - [0] V Metal1 ....................................................... 0
        - [1] H Metal2 ....................................................... 0
        - [2] V Metal3 ...................................................... 13
        - [3] H Metal4 ....................................................... 0
        - [4] V Metal5 ...................................................... 10
        - [5] H TopMetal1 .................................................... 0
        - Whole GR/V edge ................................................... 23
     - GCells .............................................................. 168
     - Edge capacities ................................................ 26 (26u)
     - Done in ................................................. 0.01s, 135168Kb
     - Raw measurements .............................. 0.007277s, +132Kb/559.7Mb
  o  Nets Histogram.
       +-------------+-------------+-----+
       | RoutingPads |    Count    |  %  |
       +-------------+-------------+-----+
       |           0 |           3 |   1 | 
       |           2 |         133 |  60 | ******************************
       |           3 |          30 |  13 | ******
       |           4 |          12 |   5 | **
       |           5 |          18 |   8 | ****
       |           6 |           8 |   3 | *
       |           7 |           4 |   1 | 
       |           8 |           1 |   0 | 
       |           9 |           5 |   2 | *
       |          11 |           1 |   0 | 
       |          13 |           2 |   0 | 
       |          14 |           2 |   0 | 
       |          17 |           1 |   0 | 
       |          20 |           1 |   0 | 
       +-------------+-------------+-----+

  o  Looking for fixed or manually global routed nets.
  o  Looking for powers/grounds & clocks.
  o  Building power rails.
     - PowerRails in Metal1 ...
     - PowerRails in Metal2 ...
     - PowerRails in Metal2.nofill ...
     - PowerRails in Metal3 ...
     - PowerRails in Metal3.nofill ...
     - PowerRails in Metal4 ...
     - PowerRails in Metal4.nofill ...
     - PowerRails in Metal5 ...
     - PowerRails in Metal5.nofill ...
     - PowerRails in TopMetal1 ...
     - PowerRails in TopMetal1.nofill ...
     - PowerRails in TopMetal2 ...
     - PowerRails in TopMetal2.nofill ...
     - 24 power rails elements found.
     - Track Segment Completion Ratio .............................. -nan% [0+0]
     - Wire Length Completion Ratio .............................. -nan% [0um+0]
     - Metal1 WL usage ................................................... 0.98%
     - Metal2 WL usage ................................................... 0.00%
     - Metal3 WL usage ................................................... 0.00%
     - Metal4 WL usage ................................................... 0.00%
     - Metal5 WL usage ................................................... 0.00%
     - TopMetal1 WL usage ................................................ 0.00%
     - TopMetal2 WL usage ................................................ 0.00%
     - Normed Wire Length .................................................... 0
     - Normed Wire Length / Net .............................................. 0
     - Moved up segments ............................................ 0 ( -nan%)
     - Unrouted horizontals .......................................... 0.00% [0]
     - Unrouted verticals ............................................ 0.00% [0]
  o  Protect external components not useds as RoutingPads.
  o  Back annotate global routing graph.
     - Edge capacities ................................................ 26 (26u)
  o  Running global routing.
     [  0] nets:219    nWL:863     VIAs:516     ovE:0    ovWL:0     ripup:0    405504Kb  0.04s
     - Done in ................................................. 0.04s, 405504Kb
     - Raw measurements .............................. 0.043465s, +396Kb/560.2Mb
  o  Antenna effect protection.
     - Antenna gate maximum WL ........................................... 500um
     - Antenna diode maximum WL ........................................ 50000um
     - Antenna segment maximum WL ...................................... 25000um
     - Total needed diodes ................................................... 0
     - Failed to allocate .................................................... 0
     - Success ratio ..................................................... -nan%
     - Done in .................................................. 0.01s, 0 bytes
     - Raw measurements ................................ 0.006167s, +0Kb/560.2Mb
  o  Building detailed routing from global. 
     - Short nets ........................................................... 13
     - Done in ................................................. 0.14s, 675840Kb
     - Raw measurements .............................. 0.141625s, +660Kb/560.8Mb
  o  Desaturate layer Metal2
  o  Desaturate layer Metal3
  o  Desaturate layer Metal4
     - Done in ..................................................... 0s, 0 bytes
     - Raw measurements ................................ 0.000609s, +0Kb/561.3Mb
  o  Running Negociate Algorithm
     o  Negociation Stage.
        <queue:00001275>
        <event:00000000 0:4.23077:0.42um> &<id:972922 Vertical clk_root_2 Metal2 [0.685um 65um] [0.685um 65um] 0.21um rpD:0 bl:0 -X---UC---TD---------P-b-- [64.58um:65.42um] [0.475um:0.895um] 0.42um P------>
        <event:00000001 0:4.23077:0.42um> &<id:973212 Vertical abc_1402_auto_rtlil_cc_2739_MuxGate_1327 Metal2 [1.905um 14.5um] [1.905um 14.5um] 0.21um rpD:0 bl:0 -X---UC---TD---------P-b-- [14.0801um:14.92um] [1.695um:2.115um] 0.42um P------>
        <event:00000002 0:4.23077:0.42um> &<id:974667 Vertical abc_1402_new_n198 Metal2 [3.085um 54.5um] [3.085um 54.5um] 0.21um rpD:0 bl:0 -X---UC---TD---------Pb--- [54.08um:54.92um] [2.875um:3.295um] 0.42um P------>
        <event:00000003 0:4.23077:0.42um> &<id:973844 Vertical abc_1402_new_n186 Metal2 [3.085um 59um] [3.085um 59.5um] 0.21um rpD:0 bl:0 -X---UC---TD---------P-b-- [58.5801um:59.92um] [2.875um:3.295um] 0.42um P------>
        <event:00000004 0:4.23077:0.42um> &<id:973271 Vertical abc_1402_auto_rtlil_cc_2739_MuxGate_1381 Metal2 [3.505um 31.5um] [3.505um 31.5um] 0.21um rpD:0 bl:0 -X---UC---TD---------Pb--- [31.0801um:31.92um] [3.295um:3.715um] 0.42um P------>
        <event:00000005 0:4.23077:0.42um> &<id:974779 Vertical abc_1402_new_n109 Metal2 [5.405um 61.5um] [5.405um 62um] 0.21um rpD:0 bl:0 -X---UC---TD---------Pb--- [61.0801um:62.42um] [5.195um:5.615um] 0.42um P------>
        <event:00000006 0:4.23077:0.42um> &<id:974371 Vertical abc_1402_new_n106 Metal2 [5.405um 56um] [5.405um 56um] 0.21um rpD:0 bl:0 -X---UC---TD---------Pb--- [55.5801um:56.42um] [5.195um:5.615um] 0.42um P------>
        <event:00000007 0:4.23077:0.42um> &<id:973200 Vertical abc_1402_auto_rtlil_cc_2739_MuxGate_1333 Metal2 [6.705um 26um] [6.705um 26um] 0.21um rpD:0 bl:0 -X---UC---TD---------P-b-- [25.5801um:26.42um] [6.495um:6.915um] 0.42um P------>
        <event:00000008 0:4.23077:0.42um> &<id:973847 Vertical abc_1402_new_n184 Metal2 [7.455um 54.5um] [7.455um 54.5um] 0.21um rpD:0 bl:0 -X---UC---TD---------Pb--- [54.08um:54.92um] [7.245um:7.665um] 0.42um P------>
        <event:00000009 0:4.23077:0.42um> &<id:975141 Vertical n(16) Metal2 [8.105um 54.5um] [8.105um 54.5um] 0.21um rpD:0 bl:0 -X---UC---TD---------Pb--- [54.08um:54.92um] [7.895um:8.315um] 0.42um P------>
        <event:00000010 0:4.23077:0.42um> &<id:974773 Vertical abc_1402_new_n108 Metal2 [9.405um 60.5um] [9.405um 60.5um] 0.21um rpD:0 bl:0 -X---UC---TD---------P-b-- [60.0801um:60.92um] [9.195um:9.615um] 0.42um P------>
        <event:00000011 0:4.23077:0.42um> &<id:973850 Vertical abc_1402_new_n184 Metal2 [9.855um 54.5um] [9.855um 54.5um] 0.21um rpD:0 bl:0 -X---UC---TD---------Pb--- [54.08um:54.92um] [9.645um:10.065um] 0.42um P------>
        <event:00000012 0:4.23077:0.42um> &<id:973215 Vertical abc_1402_auto_rtlil_cc_2739_MuxGate_1327 Metal2 [9.915um 14.5um] [9.915um 14.5um] 0.21um rpD:0 bl:0 -X---UC---TD---------P-b-- [14.0801um:14.92um] [9.705um:10.125um] 0.42um P------>
        <event:00000013 0:4.23077:0.42um> &<id:973106 Vertical abc_1402_auto_rtlil_cc_2739_MuxGate_1379 Metal2 [10.705um 37.5um] [10.705um 37.5um] 0.21um rpD:0 bl:0 -X---UC---TD---------P-b-- [37.08um:37.92um] [10.495um:10.915um] 0.42um P------>
        <event:00000014 0:4.23077:0.42um> &<id:975144 Vertical n(16) Metal2 [11.015um 54.5um] [11.015um 54.5um] 0.21um rpD:0 bl:0 -X---UC---TD---------Pb--- [54.08um:54.92um] [10.805um:11.225um] 0.42um P------>
        <event:00000015 0:4.23077:0.42um> &<id:973653 Vertical n(5) Metal2 [11.725um 24.5um] [11.725um 25um] 0.21um rpD:0 bl:0 -X---UC---TD---------P-b-- [24.08um:25.42um] [11.515um:11.935um] 0.42um P------>
        <event:00000016 0:4.23077:0.42um> &<id:974438 Vertical abc_1402_new_n122 Metal2 [11.805um 14.5um] [11.805um 14.5um] 0.21um rpD:0 bl:0 -X---UC---TD---------P-b-- [14.0801um:14.92um] [11.595um:12.015um] 0.42um P------>
        <event:00000017 0:4.23077:0.42um> &<id:973834 Vertical abc_1402_new_n191 Metal2 [11.955um 54.5um] [11.955um 54.5um] 0.21um rpD:0 bl:0 -X---UC---TD---------Pb--- [54.08um:54.92um] [11.745um:12.165um] 0.42um P------>
        <event:00000018 0:4.23077:0.42um> &<id:974378 Vertical abc_1402_new_n107 Metal2 [11.965um 60.5um] [11.965um 60.5um] 0.21um rpD:0 bl:0 -X---UC---TD---------P-b-- [60.0801um:60.92um] [11.755um:12.175um] 0.42um P------>
        <event:00000019 0:4.23077:0.42um> &<id:973077 Vertical abc_1402_auto_rtlil_cc_2739_MuxGate_1359 Metal2 [12.305um 49.5um] [12.305um 49.5um] 0.21um rpD:0 bl:0 -X---UC---TD---------Pb--- [49.08um:49.92um] [12.095um:12.515um] 0.42um P------>
        <event:00000020 0:4.23077:0.42um> &<id:974441 Vertical abc_1402_new_n122 Metal2 [13.565um 14.5um] [13.565um 14.5um] 0.21um rpD:0 bl:0 -X---UC---TD---------P-b-- [14.0801um:14.92um] [13.355um:13.775um] 0.42um P------>
        <event:00000021 0:4.23077:0.42um> &<id:974537 Vertical abc_1402_new_n217 Metal2 [13.765um 41.5um] [13.765um 42um] 0.21um rpD:0 bl:0 -X---UC---TD---------P-b-- [41.0801um:42.42um] [13.555um:13.975um] 0.42um P------>
        <event:00000022 0:4.23077:0.42um> &<id:973815 Vertical abc_1402_new_n197 Metal2 [13.855um 53.5um] [13.855um 53.5um] 0.21um rpD:0 bl:0 -X---UC---TD---------P-b-- [53.0801um:53.92um] [13.645um:14.065um] 0.42um P------>
        <event:00000023 0:4.23077:0.42um> &<id:974776 Vertical abc_1402_new_n108 Metal2 [14.365um 60.5um] [14.365um 60.5um] 0.21um rpD:0 bl:0 -X---UC---TD---------P-b-- [60.0801um:60.92um] [14.155um:14.575um] 0.42um P------>
        <event:00000024 0:4.23077:0.42um> &<id:973868 Vertical abc_1402_new_n182 Metal2 [14.505um 54.5um] [14.505um 54.5um] 0.21um rpD:0 bl:0 -X---UC---TD---------Pb--- [54.08um:54.92um] [14.295um:14.715um] 0.42um P------>
        <event:00000025 0:4.23077:0.42um> &<id:974670 Vertical abc_1402_new_n198 Metal2 [15.445um 54.5um] [15.445um 54.5um] 0.21um rpD:0 bl:0 -X---UC---TD---------Pb--- [54.08um:54.92um] [15.235um:15.655um] 0.42um P------>
        <event:00000026 0:4.23077:0.42um> &<id:974673 Vertical abc_1402_new_n189 Metal2 [15.885um 61.5um] [15.885um 62um] 0.21um rpD:0 bl:0 -X---UC---TD---------Pb--- [61.0801um:62.42um] [15.675um:16.095um] 0.42um P------>
        <event:00000027 0:4.23077:0.42um> &<id:973622 Vertical n(4) Metal2 [16.255um 15.5um] [16.255um 15.5um] 0.21um rpD:0 bl:0 -X---UC---TD---------Pb--- [15.08um:15.92um] [16.045um:16.465um] 0.42um P------>
        <event:00000028 0:4.23077:0.42um> &<id:974485 Vertical abc_1402_new_n210 Metal2 [16.255um 43um] [16.255um 43um] 0.21um rpD:0 bl:0 -X---UC---TD---------Pb--- [42.58um:43.42um] [16.045um:16.465um] 0.42um P------>
        <event:00000029 0:4.23077:0.42um> &<id:975018 Vertical n(23) Metal2 [16.905um 43um] [16.905um 43um] 0.21um rpD:0 bl:0 -X---UC---TD---------Pb--- [42.58um:43.42um] [16.695um:17.115um] 0.42um P------>
        <event:00000030 0:4.23077:0.42um> &<id:974883 Vertical n(24) Metal2 [17.415um 42.5um] [17.415um 42.5um] 0.21um rpD:0 bl:0 -X---UC---TD---------P-b-- [42.08um:42.92um] [17.205um:17.625um] 0.42um P------>
        <event:00000031 0:4.23077:0.42um> &<id:973837 Vertical abc_1402_new_n191 Metal2 [17.485um 54.5um] [17.485um 54.5um] 0.21um rpD:0 bl:0 -X---UC---TD---------Pb--- [54.08um:54.92um] [17.275um:17.695um] 0.42um P------>
        <event:00000032 0:4.23077:0.42um> &<id:973130 Vertical abc_1402_auto_rtlil_cc_2739_MuxGate_1361 Metal2 [17.915um 56um] [17.915um 56um] 0.21um rpD:0 bl:0 -X---UC---TD---------P-b-- [55.5801um:56.42um] [17.705um:18.125um] 0.42um P------>
        <event:00000033 0:4.23077:0.42um> &<id:974934 Vertical n(27) Metal2 [18.125um 31.5um] [18.125um 31.5um] 0.21um rpD:0 bl:0 -X---UC---TD---------Pb--- [31.0801um:31.92um] [17.915um:18.335um] 0.42um P------>
        <event:00000034 0:4.23077:0.42um> &<id:974381 Vertical abc_1402_new_n107 Metal2 [18.205um 60.5um] [18.205um 60.5um] 0.21um rpD:0 bl:0 -X---UC---TD---------P-b-- [60.0801um:60.92um] [17.995um:18.415um] 0.42um P------>
        <event:00000035 0:4.23077:0.42um> &<id:974526 Vertical abc_1402_new_n216 Metal2 [18.655um 42.5um] [18.655um 42.5um] 0.21um rpD:0 bl:0 -X---UC---TD---------P-b-- [42.08um:42.92um] [18.445um:18.865um] 0.42um P------>
        <event:00000036 0:4.23077:0.42um> &<id:975172 Vertical n(17) Metal2 [19.305um 66um] [19.305um 66um] 0.21um rpD:0 bl:0 -X---UC---TD---------Pb--- [65.58um:66.42um] [19.095um:19.515um] 0.42um P------>
        <event:00000037 0:4.23077:0.42um> &<id:975225 Vertical n(15) Metal2 [19.455um 49um] [19.455um 49um] 0.21um rpD:0 bl:0 -X---UC---TD---------Pb--- [48.5801um:49.42um] [19.245um:19.665um] 0.42um P------>
        <event:00000038 0:4.23077:0.42um> &<id:973203 Vertical abc_1402_auto_rtlil_cc_2739_MuxGate_1333 Metal2 [19.515um 26um] [19.515um 26um] 0.21um rpD:0 bl:0 -X---UC---TD---------P-b-- [25.5801um:26.42um] [19.305um:19.725um] 0.42um P------>
        <event:00000039 0:4.23077:0.42um> &<id:974841 Vertical n(19) Metal2 [19.805um 54.5um] [19.805um 54.5um] 0.21um rpD:0 bl:0 -X---UC---TD---------Pb--- [54.08um:54.92um] [19.595um:20.015um] 0.42um P------>
        <event:00000040 0:4.23077:0.42um> &<id:973225 Vertical abc_1402_auto_rtlil_cc_2739_MuxGate_1323 Metal2 [20.305um 3um] [20.305um 3um] 0.21um rpD:0 bl:0 -X---UC---TD---------P-b-- [2.58um:3.42um] [20.095um:20.515um] 0.42um P------>
        <event:00000041 0:4.23077:0.42um> &<id:975175 Vertical n(17) Metal2 [21.855um 66um] [21.855um 66um] 0.21um rpD:0 bl:0 -X---UC---TD---------Pb--- [65.58um:66.42um] [21.645um:22.065um] 0.42um P------>
        <event:00000042 0:4.23077:0.42um> &<id:974546 Vertical abc_1402_new_n223 Metal2 [22.285um 31.5um] [22.285um 31.5um] 0.21um rpD:0 bl:0 -X---UC---TD---------Pb--- [31.0801um:31.92um] [22.075um:22.495um] 0.42um P------>
        <event:00000043 0:4.23077:0.42um> &<id:974072 Vertical abc_1402_new_n153 Metal2 [22.655um 20um] [22.655um 20um] 0.21um rpD:0 bl:0 -X---UC---TD---------Pb--- [19.5801um:20.42um] [22.445um:22.865um] 0.42um P------>
        <event:00000044 0:4.23077:0.42um> &<id:973274 Vertical abc_1402_auto_rtlil_cc_2739_MuxGate_1381 Metal2 [22.715um 31.5um] [22.715um 31.5um] 0.21um rpD:0 bl:0 -X---UC---TD---------Pb--- [31.0801um:31.92um] [22.505um:22.925um] 0.42um P------>
        <event:00000045 0:4.23077:0.42um> &<id:973258 Vertical abc_1402_auto_rtlil_cc_2739_MuxGate_1375 Metal2 [22.715um 38um] [22.715um 38um] 0.21um rpD:0 bl:0 -X---UC---TD---------Pb--- [37.58um:38.42um] [22.505um:22.925um] 0.42um P------>
        <event:00000046 0:4.23077:0.42um> &<id:974717 Vertical abc_1402_new_n158 Metal2 [22.865um 15.5um] [22.865um 15.5um] 0.21um rpD:0 bl:0 -X---UC---TD---------Pb--- [15.08um:15.92um] [22.655um:23.075um] 0.42um P------>
        <event:00000047 0:4.23077:0.42um> &<id:973821 Vertical abc_1402_new_n195 Metal2 [23.305um 49.5um] [23.305um 49.5um] 0.21um rpD:0 bl:0 -X---UC---TD---------Pb--- [49.08um:49.92um] [23.095um:23.515um] 0.42um P------>
        <event:00000048 0:4.23077:0.42um> &<id:974680 Vertical abc_1402_new_n188 Metal2 [23.955um 56um] [23.955um 56um] 0.21um rpD:0 bl:0 -X---UC---TD---------Pb--- [55.5801um:56.42um] [23.745um:24.165um] 0.42um P------>
        <event:00000049 0:4.23077:0.42um> &<id:974065 Vertical abc_1402_new_n154 Metal2 [24.245um 21.5um] [24.245um 21.5um] 0.21um rpD:0 bl:0 -X---UC---TD---------P-b-- [21.0801um:21.92um] [24.035um:24.455um] 0.42um P------>
        <event:00000050 0:4.23077:0.42um> &<id:973245 Vertical abc_1402_auto_rtlil_cc_2739_MuxGate_1371 Metal2 [24.305um 43um] [24.305um 43um] 0.21um rpD:0 bl:0 -X---UC---TD---------Pb--- [42.58um:43.42um] [24.095um:24.515um] 0.42um P------>
        <event:00000051 0:4.23077:0.42um> &<id:974346 Vertical abc_1402_new_n100 Metal2 [24.605um 37.5um] [24.605um 37.5um] 0.21um rpD:0 bl:0 -X---UC---TD---------P-b-- [37.08um:37.92um] [24.395um:24.815um] 0.42um P------>
        <event:00000052 0:4.23077:0.42um> &<id:975228 Vertical n(15) Metal2 [25.055um 49um] [25.055um 49um] 0.21um rpD:0 bl:0 -X---UC---TD---------Pb--- [48.5801um:49.42um] [24.845um:25.265um] 0.42um P------>
        <event:00000053 0:4.23077:0.42um> &<id:973438 Vertical n(0) Metal2 [25.325um 4um] [25.325um 4um] 0.21um rpD:0 bl:0 -X---UC---TD---------Pb--- [3.5801um:4.42um] [25.115um:25.535um] 0.42um P------>
        <event:00000054 0:4.23077:0.42um> &<id:975064 Vertical n(21) Metal2 [26.125um 59um] [26.125um 59.5um] 0.21um rpD:0 bl:0 -X---UC---TD---------P-b-- [58.5801um:59.92um] [25.915um:26.335um] 0.42um P------>
        <event:00000055 0:4.23077:0.42um> &<id:974075 Vertical abc_1402_new_n153 Metal2 [26.645um 20um] [26.645um 20um] 0.21um rpD:0 bl:0 -X---UC---TD---------Pb--- [19.5801um:20.42um] [26.435um:26.855um] 0.42um P------>
        <event:00000056 0:4.23077:0.42um> &<id:973218 Vertical abc_1402_auto_rtlil_cc_2739_MuxGate_1325 Metal2 [26.705um 9um] [26.705um 9.5um] 0.21um rpD:0 bl:0 -X---UC---TD---------Pb--- [8.5801um:9.92um] [26.495um:26.915um] 0.42um P------>
        <event:00000057 0:4.23077:0.42um> &<id:973656 Vertical n(5) Metal2 [27.015um 26um] [27.015um 26um] 0.21um rpD:0 bl:0 -X---UC---TD---------P-b-- [25.5801um:26.42um] [26.805um:27.225um] 0.42um P------>
        <event:00000058 0:4.23077:0.42um> &<id:974540 Vertical abc_1402_new_n221 Metal2 [27.085um 37.5um] [27.085um 37.5um] 0.21um rpD:0 bl:0 -X---UC---TD---------P-b-- [37.08um:37.92um] [26.875um:27.295um] 0.42um P------>
        <event:00000059 0:4.23077:0.42um> &<id:974365 Vertical abc_1402_new_n105 Metal2 [27.455um 54.5um] [27.455um 54.5um] 0.21um rpD:0 bl:0 -X---UC---TD---------Pb--- [54.08um:54.92um] [27.245um:27.665um] 0.42um P------>
        <event:00000060 0:4.23077:0.42um> &<id:973109 Vertical abc_1402_auto_rtlil_cc_2739_MuxGate_1379 Metal2 [27.515um 37.5um] [27.515um 37.5um] 0.21um rpD:0 bl:0 -X---UC---TD---------P-b-- [37.08um:37.92um] [27.305um:27.725um] 0.42um P------>
        <event:00000061 0:4.23077:0.42um> &<id:973959 Vertical abc_1402_new_n201 Metal2 [27.665um 49um] [27.665um 49um] 0.21um rpD:0 bl:0 -X---UC---TD---------P-b-- [48.5801um:49.42um] [27.455um:27.875um] 0.42um P------>
        <event:00000062 0:4.23077:0.42um> &<id:974095 Vertical abc_1402_new_n146 Metal2 [27.885um 3um] [27.885um 3um] 0.21um rpD:0 bl:0 -X---UC---TD---------P-b-- [2.58um:3.42um] [27.675um:28.095um] 0.42um P------>
        <event:00000063 0:4.23077:0.42um> &<id:974293 Vertical abc_1402_new_n131 Metal2 [27.955um 27um] [27.955um 27um] 0.21um rpD:0 bl:0 -X---UC---TD---------Pb--- [26.58um:27.42um] [27.745um:28.165um] 0.42um P------>
        <event:00000064 0:4.23077:0.42um> &<id:974078 Vertical abc_1402_new_n153 Metal2 [28.255um 20um] [28.255um 20um] 0.21um rpD:0 bl:0 -X---UC---TD---------Pb--- [19.5801um:20.42um] [28.045um:28.465um] 0.42um P------>
        <event:00000065 0:4.23077:0.42um> &<id:973228 Vertical abc_1402_auto_rtlil_cc_2739_MuxGate_1323 Metal2 [28.315um 3um] [28.315um 3um] 0.21um rpD:0 bl:0 -X---UC---TD---------P-b-- [2.58um:3.42um] [28.105um:28.525um] 0.42um P------>
        <event:00000066 0:4.23077:0.42um> &<id:972904 Vertical clk_root_2 Metal2 [28.685um 49um] [28.685um 49um] 0.21um rpD:0 bl:0 -X---UC---TD---------P-b-- [48.5801um:49.42um] [28.475um:28.895um] 0.42um P------>
        <event:00000067 0:4.23077:0.42um> &<id:974549 Vertical abc_1402_new_n223 Metal2 [28.755um 31.5um] [28.755um 31.5um] 0.21um rpD:0 bl:0 -X---UC---TD---------Pb--- [31.0801um:31.92um] [28.545um:28.965um] 0.42um P------>
        <event:00000068 0:4.23077:0.42um> &<id:973149 Vertical abc_1402_auto_rtlil_cc_2739_MuxGate_1353 Metal2 [29.115um 61um] [29.115um 61um] 0.21um rpD:0 bl:0 -X---UC---TD---------Pb--- [60.5801um:61.42um] [28.905um:29.325um] 0.42um P------>
        <event:00000069 0:4.23077:0.42um> &<id:973231 Vertical abc_1402_auto_rtlil_cc_2739_MuxGate_1365 Metal2 [29.395um 56um] [29.395um 56um] 0.21um rpD:0 bl:0 -X---UC---TD---------Pb--- [55.5801um:56.42um] [29.185um:29.605um] 0.42um P------>
        <event:00000070 0:4.23077:0.42um> &<id:974986 Vertical n(31) Metal2 [30.125um 15.5um] [30.125um 15.5um] 0.21um rpD:0 bl:0 -X---UC---TD---------Pb--- [15.08um:15.92um] [29.915um:30.335um] 0.42um P------>
        <event:00000071 0:4.23077:0.42um> &<id:974319 Vertical abc_1402_new_n124 Metal2 [30.205um 4um] [30.205um 4um] 0.21um rpD:0 bl:0 -X---UC---TD---------Pb--- [3.5801um:4.42um] [29.995um:30.415um] 0.42um P------>
        <event:00000072 0:4.23077:0.42um> &<id:974058 Vertical abc_1402_new_n156 Metal2 [30.355um 21.5um] [30.355um 21.5um] 0.21um rpD:0 bl:0 -X---UC---TD---------P-b-- [21.0801um:21.92um] [30.145um:30.565um] 0.42um P------>
        <event:00000073 0:4.23077:0.42um> &<id:974390 Vertical abc_1402_new_n111 Metal2 [31.005um 60.5um] [31.005um 60.5um] 0.21um rpD:0 bl:0 -X---UC---TD---------P-b-- [60.0801um:60.92um] [30.795um:31.215um] 0.42um P------>
        <event:00000074 0:4.23077:0.42um> &<id:972743 Vertical inputs(5) Metal2 [31.455um 1.5um] [31.455um 1.5um] 0.21um rpD:0 bl:0 -X---UC---TD---------P-b-- [1.08um:1.92um] [31.245um:31.665um] 0.42um P------>
        <event:00000075 0:4.23077:0.42um> &<id:973386 Vertical abc_1402_new_n94 Metal2 [32.105um 2.5um] [32.105um 2.5um] 0.21um rpD:0 bl:0 -X---UC---TD---------Pb--- [2.0801um:2.92um] [31.895um:32.315um] 0.42um P------>
        <event:00000076 0:4.23077:0.42um> &<id:973277 Vertical abc_1402_auto_rtlil_cc_2739_MuxGate_1383 Metal2 [32.315um 21.5um] [32.315um 21.5um] 0.21um rpD:0 bl:0 -X---UC---TD---------P-b-- [21.0801um:21.92um] [32.105um:32.525um] 0.42um P------>
        <event:00000077 0:4.23077:0.42um> &<id:973099 Vertical abc_1402_auto_rtlil_cc_2739_MuxGate_1369 Metal2 [32.315um 44.5um] [32.315um 44.5um] 0.21um rpD:0 bl:0 -X---UC---TD---------P-b-- [44.0801um:44.92um] [32.105um:32.525um] 0.42um P------>
        <event:00000078 0:4.23077:0.42um> &<id:974825 Vertical abc_1402_new_n238 Metal2 [32.535um 4um] [32.535um 4um] 0.21um rpD:0 bl:0 -X---UC---TD---------Pb--- [3.5801um:4.42um] [32.325um:32.745um] 0.42um P------>
        <event:00000079 0:4.23077:0.42um> &<id:975191 Vertical n(17) Metal2 [33.055um 60.5um] [33.055um 60.5um] 0.21um rpD:0 bl:0 -X---UC---TD---------P-b-- [60.0801um:60.92um] [32.845um:33.265um] 0.42um P------>
        <event:00000080 0:4.23077:0.42um> &<id:974543 Vertical abc_1402_new_n221 Metal2 [33.265um 37.5um] [33.265um 37.5um] 0.21um rpD:0 bl:0 -X---UC---TD---------P-b-- [37.08um:37.92um] [33.055um:33.475um] 0.42um P------>
        <event:00000081 0:4.23077:0.42um> &<id:974917 Vertical n(27) Metal2 [33.705um 27um] [33.705um 27um] 0.21um rpD:0 bl:0 -X---UC---TD---------Pb--- [26.58um:27.42um] [33.495um:33.915um] 0.42um P------>
        <event:00000082 0:4.23077:0.42um> &<id:975151 Vertical n(16) Metal2 [33.705um 60.5um] [33.705um 60.5um] 0.21um rpD:0 bl:0 -X---UC---TD---------P-b-- [60.0801um:60.92um] [33.495um:33.915um] 0.42um P------>
        <event:00000083 0:4.23077:0.42um> &<id:973389 Vertical abc_1402_new_n94 Metal2 [33.705um 2.5um] [33.705um 2.5um] 0.21um rpD:0 bl:0 -X---UC---TD---------Pb--- [2.0801um:2.92um] [33.495um:33.915um] 0.42um P------>
        <event:00000084 0:4.23077:0.42um> &<id:973743 Vertical init Metal2 [33.925um 13.5um] [33.925um 14um] 0.21um rpD:0 bl:0 -X---UC---TD---------P-b-- [13.08um:14.42um] [33.715um:34.135um] 0.42um P------>
        <event:00000085 0:4.23077:0.42um> &<id:974584 Vertical abc_1402_new_n235 Metal2 [34.135um 4um] [34.135um 4um] 0.21um rpD:0 bl:0 -X---UC---TD---------Pb--- [3.5801um:4.42um] [33.925um:34.345um] 0.42um P------>
        <event:00000086 0:4.23077:0.42um> &<id:974941 Vertical n(29) Metal2 [34.215um 26um] [34.215um 26um] 0.21um rpD:0 bl:0 -X---UC---TD---------P-b-- [25.5801um:26.42um] [34.005um:34.425um] 0.42um P------>
        <event:00000087 0:4.23077:0.42um> &<id:974952 Vertical n(28) Metal2 [34.725um 27um] [34.725um 27um] 0.21um rpD:0 bl:0 -X---UC---TD---------Pb--- [26.58um:27.42um] [34.515um:34.935um] 0.42um P------>
        <event:00000088 0:4.23077:0.42um> &<id:974242 Vertical abc_1402_new_n136 Metal2 [35.155um 25.5um] [35.155um 25.5um] 0.21um rpD:0 bl:0 -X---UC---TD---------Pb--- [25.08um:25.92um] [34.945um:35.365um] 0.42um P------>
        <event:00000089 0:4.23077:0.42um> &<id:974349 Vertical abc_1402_new_n100 Metal2 [35.165um 37.5um] [35.165um 37.5um] 0.21um rpD:0 bl:0 -X---UC---TD---------P-b-- [37.08um:37.92um] [34.955um:35.375um] 0.42um P------>
        <event:00000090 0:4.23077:0.42um> &<id:974816 Vertical abc_1402_new_n219 Metal2 [35.665um 31.5um] [35.665um 31.5um] 0.21um rpD:0 bl:0 -X---UC---TD---------Pb--- [31.0801um:31.92um] [35.455um:35.875um] 0.42um P------>
        <event:00000091 0:4.23077:0.42um> &<id:974970 Vertical n(30) Metal2 [36.255um 21.5um] [36.255um 21.5um] 0.21um rpD:0 bl:0 -X---UC---TD---------P-b-- [21.0801um:21.92um] [36.045um:36.465um] 0.42um P------>
        <event:00000092 0:4.23077:0.42um> &<id:973291 Vertical abc_1402_auto_rtlil_cc_2739_MuxGate_1387 Metal2 [36.305um 3.5um] [36.305um 3.5um] 0.21um rpD:0 bl:0 -X---UC---TD---------Pb--- [3.0801um:3.92um] [36.095um:36.515um] 0.42um P------>
        <event:00000093 0:4.23077:0.42um> &<id:974089 Vertical abc_1402_new_n147 Metal2 [36.685um 14.5um] [36.685um 14.5um] 0.21um rpD:0 bl:0 -X---UC---TD---------P-b-- [14.0801um:14.92um] [36.475um:36.895um] 0.42um P------>
        <event:00000094 0:4.23077:0.42um> &<id:973952 Vertical abc_1402_new_n202 Metal2 [37.045um 56um] [37.045um 56um] 0.21um rpD:0 bl:0 -X---UC---TD---------Pb--- [55.5801um:56.42um] [36.835um:37.255um] 0.42um P------>
        <event:00000095 0:4.23077:0.42um> &<id:973248 Vertical abc_1402_auto_rtlil_cc_2739_MuxGate_1371 Metal2 [37.115um 43um] [37.115um 43um] 0.21um rpD:0 bl:0 -X---UC---TD---------Pb--- [42.58um:43.42um] [36.905um:37.325um] 0.42um P------>
        <event:00000096 0:4.23077:0.42um> &<id:975194 Vertical n(17) Metal2 [37.415um 60.5um] [37.415um 60.5um] 0.21um rpD:0 bl:0 -X---UC---TD---------P-b-- [60.0801um:60.92um] [37.205um:37.625um] 0.42um P------>
        <event:00000097 0:4.23077:0.42um> &<id:974886 Vertical n(25) Metal2 [37.705um 31.5um] [37.705um 31.5um] 0.21um rpD:0 bl:0 -X---UC---TD---------Pb--- [31.0801um:31.92um] [37.495um:37.915um] 0.42um P------>
        <event:00000098 0:4.23077:0.42um> &<id:973962 Vertical abc_1402_new_n201 Metal2 [37.705um 49um] [37.705um 49um] 0.21um rpD:0 bl:0 -X---UC---TD---------P-b-- [48.5801um:49.42um] [37.495um:37.915um] 0.42um P------>
        <event:00000099 0:4.23077:0.42um> &<id:974552 Vertical abc_1402_new_n225 Metal2 [37.855um 21.5um] [37.855um 21.5um] 0.21um rpD:0 bl:0 -X---UC---TD---------P-b-- [21.0801um:21.92um] [37.645um:38.065um] 0.42um P------>
        <event:00000100 0:4.23077:0.42um> &<id:975154 Vertical n(16) Metal2 [37.925um 60.5um] [37.925um 60.5um] 0.21um rpD:0 bl:0 -X---UC---TD---------P-b-- [60.0801um:60.92um] [37.715um:38.135um] 0.42um P------>
        <event:00000101 0:4.23077:0.42um> &<id:974368 Vertical abc_1402_new_n105 Metal2 [38.365um 54.5um] [38.365um 54.5um] 0.21um rpD:0 bl:0 -X---UC---TD---------Pb--- [54.08um:54.92um] [38.155um:38.575um] 0.42um P------>
        <event:00000102 0:4.23077:0.42um> &<id:974514 Vertical abc_1402_new_n216 Metal2 [38.645um 31.5um] [38.645um 31.5um] 0.21um rpD:0 bl:0 -X---UC---TD---------P-b-- [31.0801um:31.92um] [38.435um:38.855um] 0.42um P------>
        <event:00000103 0:4.23077:0.42um> &<id:973927 Vertical abc_1402_new_n170 Metal2 [38.725um 49um] [38.725um 49um] 0.21um rpD:0 bl:0 -X---UC---TD---------P-b-- [48.5801um:49.42um] [38.515um:38.935um] 0.42um P------>
        <event:00000104 0:4.23077:0.42um> &<id:973383 Vertical abc_1402_new_n95 Metal2 [39.365um 20.5um] [39.365um 20.5um] 0.21um rpD:0 bl:0 -X---UC---TD---------P-b-- [20.0801um:20.92um] [39.155um:39.575um] 0.42um P------>
        <event:00000105 0:4.23077:0.42um> &<id:974458 Vertical abc_1402_new_n204 Metal2 [39.665um 47.5um] [39.665um 48um] 0.21um rpD:0 bl:0 -X---UC---TD---------P-b-- [47.08um:48.42um] [39.455um:39.875um] 0.42um P------>
        <event:00000106 0:4.23077:0.42um> &<id:973288 Vertical abc_1402_auto_rtlil_cc_2739_MuxGate_1385 Metal2 [39.795um 18.5um] [39.795um 19um] 0.21um rpD:0 bl:0 -X---UC---TD---------P-b-- [18.08um:19.42um] [39.585um:40.005um] 0.42um P------>
        <event:00000107 0:4.23077:0.42um> &<id:974393 Vertical abc_1402_new_n111 Metal2 [39.965um 60.5um] [39.965um 60.5um] 0.21um rpD:0 bl:0 -X---UC---TD---------P-b-- [60.0801um:60.92um] [39.755um:40.175um] 0.42um P------>
        <event:00000108 0:4.23077:0.42um> &<id:975083 Vertical n(20) Metal2 [40.615um 55.5um] [40.615um 55.5um] 0.21um rpD:0 bl:0 -X---UC---TD---------P-b-- [55.0801um:55.92um] [40.405um:40.825um] 0.42um P------>
        <event:00000109 0:4.23077:0.42um> &<id:973417 Vertical clk Metal2 [40.685um 33um] [40.685um 33um] 0.21um rpD:0 bl:0 -X---UC---TD---------P-b-- [32.58um:33.42um] [40.475um:40.895um] 0.42um P------>
        <event:00000110 0:4.23077:0.42um> &<id:975051 Vertical n(21) Metal2 [41.125um 55.5um] [41.125um 55.5um] 0.21um rpD:0 bl:0 -X---UC---TD---------P-b-- [55.0801um:55.92um] [40.915um:41.335um] 0.42um P------>
        <event:00000111 0:4.23077:0.42um> &<id:972869 Vertical clk_root_2 Metal2 [41.335um 38.5um] [41.335um 38.5um] 0.21um rpD:0 bl:0 -X---UC---TD---------Pb--- [38.08um:38.92um] [41.125um:41.545um] 0.42um P------>
        <event:00000112 0:4.23077:0.42um> &<id:973066 Vertical clk_root_0 Metal2 [41.335um 31.5um] [41.335um 31.5um] 0.21um rpD:0 bl:0 -X---UC---TD---------Pb--- [31.0801um:31.92um] [41.125um:41.545um] 0.42um P------>
        <event:00000113 0:4.23077:0.42um> &<id:972806 Vertical outputs(7) Metal2 [41.415um 9um] [41.415um 9um] 0.21um rpD:0 bl:0 -X---UC---TD---------P-b-- [8.5801um:9.42um] [41.205um:41.625um] 0.42um P------>
        <event:00000114 0:4.23077:0.42um> &<id:974222 Vertical abc_1402_new_n141 Metal2 [41.705um 19um] [41.705um 19.5um] 0.21um rpD:0 bl:0 -X---UC---TD---------P-b-- [18.5801um:19.92um] [41.495um:41.915um] 0.42um P------>
        <event:00000115 0:4.23077:0.42um> &<id:975042 Vertical n(22) Metal2 [42.215um 42.5um] [42.215um 42.5um] 0.21um rpD:0 bl:0 -X---UC---TD---------P-b-- [42.08um:42.92um] [42.005um:42.425um] 0.42um P------>
        <event:00000116 0:4.23077:0.42um> &<id:974092 Vertical abc_1402_new_n147 Metal2 [42.355um 14.5um] [42.355um 14.5um] 0.21um rpD:0 bl:0 -X---UC---TD---------P-b-- [14.0801um:14.92um] [42.145um:42.565um] 0.42um P------>
        <event:00000117 0:4.23077:0.42um> &<id:974795 Vertical abc_1402_new_n208 Metal2 [42.645um 50um] [42.645um 50um] 0.21um rpD:0 bl:0 -X---UC---TD---------Pb--- [49.58um:50.42um] [42.435um:42.855um] 0.42um P------>
        <event:00000118 0:4.23077:0.42um> &<id:973828 Vertical abc_1402_new_n194 Metal2 [42.645um 60.5um] [42.645um 60.5um] 0.21um rpD:0 bl:0 -X---UC---TD---------P-b-- [60.0801um:60.92um] [42.435um:42.855um] 0.42um P------>
        <event:00000119 0:4.23077:0.42um> &<id:972751 Vertical inputs(7) Metal2 [43.455um 1.5um] [43.455um 1.5um] 0.21um rpD:0 bl:0 -X---UC---TD---------P-b-- [1.08um:1.92um] [43.245um:43.665um] 0.42um P------>
        <event:00000120 0:4.23077:0.42um> &<id:974508 Vertical abc_1402_new_n212 Metal2 [43.665um 43um] [43.665um 43um] 0.21um rpD:0 bl:0 -X---UC---TD---------Pb--- [42.58um:43.42um] [43.455um:43.875um] 0.42um P------>
        <event:00000121 0:4.23077:0.42um> &<id:973583 Vertical n(6) Metal2 [43.815um 66um] [43.815um 66um] 0.21um rpD:0 bl:0 -X---UC---TD---------Pb--- [65.58um:66.42um] [43.605um:44.025um] 0.42um P------>
        <event:00000122 0:4.23077:0.42um> &<id:972955 Vertical clk_root_1 Metal2 [44.535um 31.5um] [44.535um 31.5um] 0.21um rpD:0 bl:0 -X---UC---TD---------Pb--- [31.0801um:31.92um] [44.325um:44.745um] 0.42um P------>
        <event:00000123 0:4.23077:0.42um> &<id:974819 Vertical abc_1402_new_n229 Metal2 [44.615um 8.5um] [44.615um 8.5um] 0.21um rpD:0 bl:0 -X---UC---TD---------Pb--- [8.0801um:8.92um] [44.405um:44.825um] 0.42um P------>
        <event:00000124 0:4.23077:0.42um> &<id:973881 Vertical abc_1402_new_n182 Metal2 [44.755um 56um] [44.755um 56um] 0.21um rpD:0 bl:0 -X---UC---TD---------Pb--- [55.5801um:56.42um] [44.545um:44.965um] 0.42um P------>
        <event:00000125 0:4.23077:0.42um> &<id:973831 Vertical abc_1402_new_n194 Metal2 [44.905um 60.5um] [44.905um 60.5um] 0.21um rpD:0 bl:0 -X---UC---TD---------P-b-- [60.0801um:60.92um] [44.695um:45.115um] 0.42um P------>
        <event:00000126 0:4.23077:0.42um> &<id:973991 Vertical abc_1402_new_n161 Metal2 [45.045um 49um] [45.045um 49um] 0.21um rpD:0 bl:0 -X---UC---TD---------P-b-- [48.5801um:49.42um] [44.835um:45.255um] 0.42um P------>
        <event:00000127 0:4.23077:0.42um> &<id:973865 Vertical abc_1402_new_n184 Metal2 [45.265um 66um] [45.265um 66um] 0.21um rpD:0 bl:0 -X---UC---TD---------Pb--- [65.58um:66.42um] [45.055um:45.475um] 0.42um P------>
        <event:00000128 0:4.23077:0.42um> &<id:974261 Vertical abc_1402_new_n134 Metal2 [45.705um 21um] [45.705um 21um] 0.21um rpD:0 bl:0 -X---UC---TD---------P-b-- [20.58um:21.42um] [45.495um:45.915um] 0.42um P------>
        <event:00000129 0:4.23077:0.42um> &<id:974983 Vertical n(30) Metal2 [45.855um 24.5um] [45.855um 25um] 0.21um rpD:0 bl:0 -X---UC---TD---------P-b-- [24.08um:25.42um] [45.645um:46.065um] 0.42um P------>
        <event:00000130 0:4.23077:0.42um> &<id:974687 Vertical abc_1402_new_n179 Metal2 [46.505um 54.5um] [46.505um 54.5um] 0.21um rpD:0 bl:0 -X---UC---TD---------Pb--- [54.08um:54.92um] [46.295um:46.715um] 0.42um P------>
        <event:00000131 0:4.23077:0.42um> &<id:973457 Vertical n(0) Metal2 [46.655um 14.5um] [46.655um 14.5um] 0.21um rpD:0 bl:0 -X---UC---TD---------Pb--- [14.0801um:14.92um] [46.445um:46.865um] 0.42um P------>
        <event:00000132 0:4.23077:0.42um> &<id:974250 Vertical abc_1402_new_n135 Metal2 [46.935um 26um] [46.935um 26um] 0.21um rpD:0 bl:0 -X---UC---TD---------P-b-- [25.5801um:26.42um] [46.725um:47.145um] 0.42um P------>
        <event:00000133 0:4.23077:0.42um> &<id:974098 Vertical abc_1402_new_n146 Metal2 [46.995um 3um] [46.995um 3um] 0.21um rpD:0 bl:0 -X---UC---TD---------P-b-- [2.58um:3.42um] [46.785um:47.205um] 0.42um P------>
        <event:00000134 0:4.23077:0.42um> &<id:973435 Vertical n(1) Metal2 [47.305um 14.5um] [47.305um 14.5um] 0.21um rpD:0 bl:0 -X---UC---TD---------P-b-- [14.0801um:14.92um] [47.095um:47.515um] 0.42um P------>
        <event:00000135 0:4.23077:0.42um> &<id:974207 Vertical abc_1402_new_n142 Metal2 [47.735um 15.5um] [47.735um 15.5um] 0.21um rpD:0 bl:0 -X---UC---TD---------Pb--- [15.08um:15.92um] [47.525um:47.945um] 0.42um P------>
        <event:00000136 0:4.23077:0.42um> &<id:974822 Vertical abc_1402_new_n229 Metal2 [47.955um 8.5um] [47.955um 8.5um] 0.21um rpD:0 bl:0 -X---UC---TD---------Pb--- [8.0801um:8.92um] [47.745um:48.165um] 0.42um P------>
        <event:00000137 0:4.23077:0.42um> &<id:974332 Vertical abc_1402_new_n102 Metal2 [47.965um 38.5um] [47.965um 38.5um] 0.21um rpD:0 bl:0 -X---UC---TD---------Pb--- [38.08um:38.92um] [47.755um:48.175um] 0.42um P------>
        <event:00000138 0:4.23077:0.42um> &<id:974339 Vertical abc_1402_new_n101 Metal2 [47.965um 33um] [47.965um 33um] 0.21um rpD:0 bl:0 -X---UC---TD---------P-b-- [32.58um:33.42um] [47.755um:48.175um] 0.42um P------>
        <event:00000139 0:4.23077:0.42um> &<id:973194 Vertical abc_1402_auto_rtlil_cc_2739_MuxGate_1335 Metal2 [48.315um 66um] [48.315um 66um] 0.21um rpD:0 bl:0 -X---UC---TD---------Pb--- [65.58um:66.42um] [48.105um:48.525um] 0.42um P------>
        <event:00000140 0:4.23077:0.42um> &<id:973063 Vertical clk_root_0 Metal2 [48.685um 4um] [48.685um 4um] 0.21um rpD:0 bl:0 -X---UC---TD---------Pb--- [3.5801um:4.42um] [48.475um:48.895um] 0.42um P------>
        <event:00000141 0:4.23077:0.42um> &<id:973242 Vertical abc_1402_auto_rtlil_cc_2739_MuxGate_1367 Metal2 [49.115um 42.5um] [49.115um 42.5um] 0.21um rpD:0 bl:0 -X---UC---TD---------P-b-- [42.08um:42.92um] [48.905um:49.325um] 0.42um P------>
        <event:00000142 0:4.23077:0.42um> &<id:973994 Vertical abc_1402_new_n161 Metal2 [49.485um 49um] [49.485um 49um] 0.21um rpD:0 bl:0 -X---UC---TD---------P-b-- [48.5801um:49.42um] [49.275um:49.695um] 0.42um P------>
        <event:00000143 0:4.23077:0.42um> &<id:974352 Vertical abc_1402_new_n103 Metal2 [49.565um 38.5um] [49.565um 38.5um] 0.21um rpD:0 bl:0 -X---UC---TD---------Pb--- [38.08um:38.92um] [49.355um:49.775um] 0.42um P------>
        <event:00000144 0:4.23077:0.42um> &<id:974578 Vertical abc_1402_new_n234 Metal2 [49.705um 8.5um] [49.705um 8.5um] 0.21um rpD:0 bl:0 -X---UC---TD---------Pb--- [8.0801um:8.92um] [49.495um:49.915um] 0.42um P------>
        <event:00000145 0:4.23077:0.42um> &<id:973188 Vertical abc_1402_auto_rtlil_cc_2739_MuxGate_1337 Metal2 [49.915um 49um] [49.915um 49um] 0.21um rpD:0 bl:0 -X---UC---TD---------P-b-- [48.5801um:49.42um] [49.705um:50.125um] 0.42um P------>
        <event:00000146 0:4.23077:0.42um> &<id:974253 Vertical abc_1402_new_n135 Metal2 [49.925um 26um] [49.925um 26um] 0.21um rpD:0 bl:0 -X---UC---TD---------P-b-- [25.5801um:26.42um] [49.715um:50.135um] 0.42um P------>
        <event:00000147 0:4.23077:0.42um> &<id:974359 Vertical abc_1402_new_n104 Metal2 [51.005um 43um] [51.005um 43um] 0.21um rpD:0 bl:0 -X---UC---TD---------Pb--- [42.58um:43.42um] [50.795um:51.215um] 0.42um P------>
        <event:00000148 0:4.23077:0.42um> &<id:974742 Vertical abc_1402_new_n139 Metal2 [51.305um 20.5um] [51.305um 20.5um] 0.21um rpD:0 bl:0 -X---UC---TD---------P-b-- [20.0801um:20.92um] [51.095um:51.515um] 0.42um P------>
        <event:00000149 0:4.23077:0.42um> &<id:974755 Vertical abc_1402_new_n138 Metal2 [51.455um 26um] [51.455um 26um] 0.21um rpD:0 bl:0 -X---UC---TD---------P-b-- [25.5801um:26.42um] [51.245um:51.665um] 0.42um P------>
        <event:00000150 0:4.23077:0.42um> &<id:974268 Vertical abc_1402_new_n133 Metal2 [51.815um 20.5um] [51.815um 20.5um] 0.21um rpD:0 bl:0 -X---UC---TD---------P-b-- [20.0801um:20.92um] [51.605um:52.025um] 0.42um P------>
        <event:00000151 0:4.23077:0.42um> &<id:973884 Vertical abc_1402_new_n181 Metal2 [51.955um 56um] [51.955um 56um] 0.21um rpD:0 bl:0 -X---UC---TD---------Pb--- [55.5801um:56.42um] [51.745um:52.165um] 0.42um P------>
        <event:00000152 0:4.23077:0.42um> &<id:974231 Vertical abc_1402_new_n137 Metal2 [52.105um 26.5um] [52.105um 26.5um] 0.21um rpD:0 bl:0 -X---UC---TD---------Pb--- [26.0801um:26.92um] [51.895um:52.315um] 0.42um P------>
        <event:00000153 0:4.23077:0.42um> &<id:973251 Vertical abc_1402_auto_rtlil_cc_2739_MuxGate_1373 Metal2 [52.305um 38um] [52.305um 38um] 0.21um rpD:0 bl:0 -X---UC---TD---------Pb--- [37.58um:38.42um] [52.095um:52.515um] 0.42um P------>
        <event:00000154 0:4.23077:0.42um> &<id:974247 Vertical abc_1402_new_n136 Metal2 [52.615um 25.5um] [52.615um 25.5um] 0.21um rpD:0 bl:0 -X---UC---TD---------Pb--- [25.08um:25.92um] [52.405um:52.825um] 0.42um P------>
        <event:00000155 0:4.23077:0.42um> &<id:972901 Vertical clk_root_2 Metal2 [52.685um 66um] [52.685um 66um] 0.21um rpD:0 bl:0 -X---UC---TD---------Pb--- [65.58um:66.42um] [52.475um:52.895um] 0.42um P------>
        <event:00000156 0:4.23077:0.42um> &<id:974362 Vertical abc_1402_new_n104 Metal2 [52.765um 43um] [52.765um 43um] 0.21um rpD:0 bl:0 -X---UC---TD---------Pb--- [42.58um:43.42um] [52.555um:52.975um] 0.42um P------>
        <event:00000157 0:4.23077:0.42um> &<id:974281 Vertical abc_1402_new_n132 Metal2 [53.055um 31.5um] [53.055um 31.5um] 0.21um rpD:0 bl:0 -X---UC---TD---------Pb--- [31.0801um:31.92um] [52.845um:53.265um] 0.42um P------>
        <event:00000158 0:4.23077:0.42um> &<id:974258 Vertical abc_1402_new_n135 Metal2 [53.125um 25.5um] [53.125um 25.5um] 0.21um rpD:0 bl:0 -X---UC---TD---------Pb--- [25.08um:25.92um] [52.915um:53.335um] 0.42um P------>
        <event:00000159 0:4.23077:0.42um> &<id:974297 Vertical abc_1402_new_n131 Metal2 [53.705um 31.5um] [53.705um 31.5um] 0.21um rpD:0 bl:0 -X---UC---TD---------Pb--- [31.0801um:31.92um] [53.495um:53.915um] 0.42um P------>
        <event:00000160 0:4.23077:0.42um> &<id:973589 Vertical n(7) Metal2 [53.855um 43um] [53.855um 43um] 0.21um rpD:0 bl:0 -X---UC---TD---------Pb--- [42.58um:43.42um] [53.645um:54.065um] 0.42um P------>
        <event:00000161 0:4.23077:0.42um> &<id:973197 Vertical abc_1402_auto_rtlil_cc_2739_MuxGate_1335 Metal2 [53.905um 66um] [53.905um 66um] 0.21um rpD:0 bl:0 -X---UC---TD---------Pb--- [65.58um:66.42um] [53.695um:54.115um] 0.42um P------>
        <event:00000162 0:4.23077:0.42um> &<id:974307 Vertical abc_1402_new_n130 Metal2 [54.215um 31.5um] [54.215um 31.5um] 0.21um rpD:0 bl:0 -X---UC---TD---------Pb--- [31.0801um:31.92um] [54.005um:54.425um] 0.42um P------>
        <event:00000163 0:4.23077:0.42um> &<id:974581 Vertical abc_1402_new_n234 Metal2 [54.355um 8.5um] [54.355um 8.5um] 0.21um rpD:0 bl:0 -X---UC---TD---------Pb--- [8.0801um:8.92um] [54.145um:54.565um] 0.42um P------>
        <event:00000164 0:4.23077:0.42um> &<id:974745 Vertical abc_1402_new_n139 Metal2 [54.505um 20.5um] [54.505um 20.5um] 0.21um rpD:0 bl:0 -X---UC---TD---------P-b-- [20.0801um:20.92um] [54.295um:54.715um] 0.42um P------>
        <event:00000165 0:4.23077:0.42um> &<id:974271 Vertical abc_1402_new_n133 Metal2 [55.015um 20.5um] [55.015um 20.5um] 0.21um rpD:0 bl:0 -X---UC---TD---------P-b-- [20.0801um:20.92um] [54.805um:55.225um] 0.42um P------>
        <event:00000166 0:4.23077:0.42um> &<id:974690 Vertical abc_1402_new_n179 Metal2 [55.445um 54.5um] [55.445um 54.5um] 0.21um rpD:0 bl:0 -X---UC---TD---------Pb--- [54.08um:54.92um] [55.235um:55.655um] 0.42um P------>
        <event:00000167 0:4.23077:0.42um> &<id:974116 Vertical abc_1402_new_n145 Metal2 [55.445um 20um] [55.445um 20um] 0.21um rpD:0 bl:0 -X---UC---TD---------Pb--- [19.5801um:20.42um] [55.235um:55.655um] 0.42um P------>
        <event:00000168 0:4.23077:0.42um> &<id:972688 Vertical inputs(1) Metal2 [55.455um 27um] [55.455um 27um] 0.21um rpD:0 bl:0 -X---UC---TD---------Pb--- [26.58um:27.42um] [55.245um:55.665um] 0.42um P------>
        <event:00000169 0:4.23077:0.42um> &<id:973191 Vertical abc_1402_auto_rtlil_cc_2739_MuxGate_1337 Metal2 [55.505um 49um] [55.505um 49um] 0.21um rpD:0 bl:0 -X---UC---TD---------P-b-- [48.5801um:49.42um] [55.295um:55.715um] 0.42um P------>
        <event:00000170 0:4.23077:0.42um> &<id:973414 Vertical abc_1402_new_n94 Metal2 [56.105um 25.5um] [56.105um 25.5um] 0.21um rpD:0 bl:0 -X---UC---TD---------Pb--- [25.08um:25.92um] [55.895um:56.315um] 0.42um P------>
        <event:00000171 0:4.23077:0.42um> &<id:973592 Vertical n(7) Metal2 [56.255um 43um] [56.255um 43um] 0.21um rpD:0 bl:0 -X---UC---TD---------Pb--- [42.58um:43.42um] [56.045um:56.465um] 0.42um P------>
        <event:00000172 0:4.23077:0.42um> &<id:974284 Vertical abc_1402_new_n132 Metal2 [56.255um 31.5um] [56.255um 31.5um] 0.21um rpD:0 bl:0 -X---UC---TD---------Pb--- [31.0801um:31.92um] [56.045um:56.465um] 0.42um P------>
        <event:00000173 0:4.23077:0.42um> &<id:974300 Vertical abc_1402_new_n131 Metal2 [56.905um 31.5um] [56.905um 31.5um] 0.21um rpD:0 bl:0 -X---UC---TD---------Pb--- [31.0801um:31.92um] [56.695um:57.115um] 0.42um P------>
        <event:00000174 0:4.23077:0.42um> &<id:972701 Vertical inputs(2) Metal2 [57.055um 27um] [57.055um 27um] 0.21um rpD:0 bl:0 -X---UC---TD---------Pb--- [26.58um:27.42um] [56.845um:57.265um] 0.42um P------>
        <event:00000175 0:4.23077:0.42um> &<id:974693 Vertical abc_1402_new_n179 Metal2 [57.055um 54.5um] [57.055um 54.5um] 0.21um rpD:0 bl:0 -X---UC---TD---------Pb--- [54.08um:54.92um] [56.845um:57.265um] 0.42um P------>
        <event:00000176 0:4.23077:0.42um> &<id:974119 Vertical abc_1402_new_n145 Metal2 [57.055um 20um] [57.055um 20um] 0.21um rpD:0 bl:0 -X---UC---TD---------Pb--- [19.5801um:20.42um] [56.845um:57.265um] 0.42um P------>
        <event:00000177 0:4.23077:0.42um> &<id:973523 Vertical n(8) Metal2 [57.415um 44um] [57.415um 44um] 0.21um rpD:0 bl:0 -X---UC---TD---------P-b-- [43.5801um:44.42um] [57.205um:57.625um] 0.42um P------>
        <event:00000178 0:4.23077:0.42um> &<id:974591 Vertical abc_1402_new_n237 Metal2 [57.415um 8.5um] [57.415um 8.5um] 0.21um rpD:0 bl:0 -X---UC---TD---------Pb--- [8.0801um:8.92um] [57.205um:57.625um] 0.42um P------>
        <event:00000179 0:4.23077:0.42um> &<id:974310 Vertical abc_1402_new_n130 Metal2 [57.415um 31.5um] [57.415um 31.5um] 0.21um rpD:0 bl:0 -X---UC---TD---------Pb--- [31.0801um:31.92um] [57.205um:57.625um] 0.42um P------>
        <event:00000180 0:4.23077:0.42um> &<id:975222 Vertical n(14) Metal2 [57.855um 59um] [57.855um 59.5um] 0.21um rpD:0 bl:0 -X---UC---TD---------P-b-- [58.5801um:59.92um] [57.645um:58.065um] 0.42um P------>
        <event:00000181 0:4.23077:0.42um> &<id:973480 Vertical n(9) Metal2 [57.925um 43um] [57.925um 43um] 0.21um rpD:0 bl:0 -X---UC---TD---------Pb--- [42.58um:43.42um] [57.715um:58.135um] 0.42um P------>
        <event:00000182 0:4.23077:0.42um> &<id:974764 Vertical abc_1402_new_n129 Metal2 [57.925um 31.5um] [57.925um 31.5um] 0.21um rpD:0 bl:0 -X---UC---TD---------Pb--- [31.0801um:31.92um] [57.715um:58.135um] 0.42um P------>
        <event:00000183 0:4.23077:0.42um> &<id:973707 Vertical init Metal2 [58.725um 19um] [58.725um 19.5um] 0.21um rpD:0 bl:0 -X---UC---TD---------P-b-- [18.5801um:19.92um] [58.515um:58.935um] 0.42um P------>
        <event:00000184 0:4.23077:0.42um> &<id:973804 Vertical mem_inputs(6) Metal2 [59.085um 7um] [59.085um 7.5um] 0.21um rpD:0 bl:0 -X---UC---TD---------P-b-- [6.5801um:7.92um] [58.875um:59.295um] 0.42um P------>
        <event:00000185 0:4.23077:0.42um> &<id:972714 Vertical inputs(3) Metal2 [61.055um 27um] [61.055um 27um] 0.21um rpD:0 bl:0 -X---UC---TD---------Pb--- [26.58um:27.42um] [60.845um:61.265um] 0.42um P------>
        <event:00000186 0:4.23077:0.42um> &<id:974626 Vertical abc_1402_new_n247 Metal2 [61.055um 20um] [61.055um 20um] 0.21um rpD:0 bl:0 -X---UC---TD---------Pb--- [19.5801um:20.42um] [60.845um:61.265um] 0.42um P------>
        <event:00000187 0:4.23077:0.42um> &<id:973156 Vertical abc_1402_auto_rtlil_cc_2739_MuxGate_1351 Metal2 [61.115um 56um] [61.115um 56um] 0.21um rpD:0 bl:0 -X---UC---TD---------P-b-- [55.5801um:56.42um] [60.905um:61.325um] 0.42um P------>
        <event:00000188 0:4.23077:0.42um> &<id:973170 Vertical abc_1402_auto_rtlil_cc_2739_MuxGate_1345 Metal2 [61.115um 60.5um] [61.115um 60.5um] 0.21um rpD:0 bl:0 -X---UC---TD---------P-b-- [60.0801um:60.92um] [60.905um:61.325um] 0.42um P------>
        <event:00000189 0:4.23077:0.42um> &<id:972845 Vertical outputs(4) Metal2 [61.405um 10um] [61.405um 10um] 0.21um rpD:0 bl:0 -X---UC---TD---------P-b-- [9.58um:10.42um] [61.195um:61.615um] 0.42um P------>
        <event:00000190 0:4.23077:0.42um> &<id:973971 Vertical abc_1402_new_n165 Metal2 [62.865um 43um] [62.865um 43um] 0.21um rpD:0 bl:0 -X---UC---TD---------Pb--- [42.58um:43.42um] [62.655um:63.075um] 0.42um P------>
        <event:00000191 0:4.23077:0.42um> &<id:974414 Vertical abc_1402_new_n115 Metal2 [63.005um 60.5um] [63.005um 60.5um] 0.21um rpD:0 bl:0 -X---UC---TD---------P-b-- [60.0801um:60.92um] [62.795um:63.215um] 0.42um P------>
        <event:00000192 0:4.23077:0.42um> &<id:974594 Vertical abc_1402_new_n237 Metal2 [64.755um 8.5um] [64.755um 8.5um] 0.21um rpD:0 bl:0 -X---UC---TD---------Pb--- [8.0801um:8.92um] [64.545um:64.965um] 0.42um P------>
        <event:00000193 0:4.23077:0.42um> &<id:973612 Vertical n(7) Metal2 [64.905um 43um] [64.905um 43um] 0.21um rpD:0 bl:0 -X---UC---TD---------Pb--- [42.58um:43.42um] [64.695um:65.115um] 0.42um P------>
        <event:00000194 0:4.23077:0.42um> &<id:973526 Vertical n(6) Metal2 [65.415um 43um] [65.415um 43um] 0.21um rpD:0 bl:0 -X---UC---TD---------Pb--- [42.58um:43.42um] [65.205um:65.625um] 0.42um P------>
        <event:00000195 0:4.23077:0.42um> &<id:973977 Vertical abc_1402_new_n163 Metal2 [66.355um 43um] [66.355um 43um] 0.21um rpD:0 bl:0 -X---UC---TD---------Pb--- [42.58um:43.42um] [66.145um:66.565um] 0.42um P------>
        <event:00000196 0:4.23077:0.42um> &<id:973173 Vertical abc_1402_auto_rtlil_cc_2739_MuxGate_1345 Metal2 [66.705um 60.5um] [66.705um 60.5um] 0.21um rpD:0 bl:0 -X---UC---TD---------P-b-- [60.0801um:60.92um] [66.495um:66.915um] 0.42um P------>
        <event:00000197 0:4.23077:0.42um> &<id:974604 Vertical abc_1402_new_n242 Metal2 [67.155um 15.5um] [67.155um 15.5um] 0.21um rpD:0 bl:0 -X---UC---TD---------Pb--- [15.08um:15.92um] [66.945um:67.365um] 0.42um P------>
        <event:00000198 0:4.23077:0.42um> &<id:973493 Vertical n(9) Metal2 [67.305um 49um] [67.305um 49um] 0.21um rpD:0 bl:0 -X---UC---TD---------P-b-- [48.5801um:49.42um] [67.095um:67.515um] 0.42um P------>
        <event:00000199 0:4.23077:0.42um> &<id:972727 Vertical inputs(4) Metal2 [67.455um 27um] [67.455um 27um] 0.21um rpD:0 bl:0 -X---UC---TD---------Pb--- [26.58um:27.42um] [67.245um:67.665um] 0.42um P------>
        <event:00000200 0:4.23077:0.42um> &<id:972675 Vertical inputs(0) Metal2 [67.515um 4um] [67.515um 4um] 0.21um rpD:0 bl:0 -X---UC---TD---------Pb--- [3.5801um:4.42um] [67.305um:67.725um] 0.42um P------>
        <event:00000201 0:4.23077:0.42um> &<id:973615 Vertical n(7) Metal2 [68.615um 43um] [68.615um 43um] 0.21um rpD:0 bl:0 -X---UC---TD---------Pb--- [42.58um:43.42um] [68.405um:68.825um] 0.42um P------>
        <event:00000202 0:4.23077:0.42um> &<id:972783 Vertical outputs(2) Metal2 [68.905um 14um] [68.905um 14um] 0.21um rpD:0 bl:0 -X---UC---TD---------Pb--- [13.5801um:14.42um] [68.695um:69.115um] 0.42um P------>
        <event:00000203 0:4.23077:0.42um> &<id:973529 Vertical n(6) Metal2 [69.125um 43um] [69.125um 43um] 0.21um rpD:0 bl:0 -X---UC---TD---------Pb--- [42.58um:43.42um] [68.915um:69.335um] 0.42um P------>
        <event:00000204 0:4.23077:0.42um> &<id:974710 Vertical abc_1402_new_n168 Metal2 [69.555um 44.5um] [69.555um 44.5um] 0.21um rpD:0 bl:0 -X---UC---TD---------P-b-- [44.0801um:44.92um] [69.345um:69.765um] 0.42um P------>
        <event:00000205 0:4.23077:0.42um> &<id:973322 Vertical abc_1402_auto_rtlil_cc_2739_MuxGate_1401 Metal2 [70.015um 3um] [70.015um 3um] 0.21um rpD:0 bl:0 -X---UC---TD---------P-b-- [2.58um:3.42um] [69.805um:70.225um] 0.42um P------>
        <event:00000206 0:4.23077:0.42um> &<id:973496 Vertical n(9) Metal2 [70.215um 49um] [70.215um 49um] 0.21um rpD:0 bl:0 -X---UC---TD---------P-b-- [48.5801um:49.42um] [70.005um:70.425um] 0.42um P------>
        <event:00000207 0:4.23077:0.42um> &<id:974658 Vertical abc_1402_new_n255 Metal2 [70.355um 14.5um] [70.355um 14.5um] 0.21um rpD:0 bl:0 -X---UC---TD---------P-b-- [14.0801um:14.92um] [70.145um:70.565um] 0.42um P------>
        <event:00000208 0:4.23077:0.42um> &<id:974597 Vertical abc_1402_new_n241 Metal2 [70.355um 10um] [70.355um 10um] 0.21um rpD:0 bl:0 -X---UC---TD---------P-b-- [9.58um:10.42um] [70.145um:70.565um] 0.42um P------>
        <event:00000209 0:4.23077:0.42um> &<id:975310 Vertical n(10) Metal2 [70.725um 48um] [70.725um 48.5um] 0.21um rpD:0 bl:0 -X---UC---TD---------P-b-- [47.58um:48.92um] [70.515um:70.935um] 0.42um P------>
        <event:00000210 0:4.23077:0.42um> &<id:973974 Vertical abc_1402_new_n165 Metal2 [71.085um 43um] [71.085um 43um] 0.21um rpD:0 bl:0 -X---UC---TD---------Pb--- [42.58um:43.42um] [70.875um:71.295um] 0.42um P------>
        <event:00000211 0:4.23077:0.42um> &<id:973944 Vertical abc_1402_new_n170 Metal2 [71.665um 49um] [71.665um 49um] 0.21um rpD:0 bl:0 -X---UC---TD---------P-b-- [48.5801um:49.42um] [71.455um:71.875um] 0.42um P------>
        <event:00000212 0:4.23077:0.42um> &<id:975321 Vertical n(11) Metal2 [71.725um 60.5um] [71.725um 60.5um] 0.21um rpD:0 bl:0 -X---UC---TD---------P-b-- [60.0801um:60.92um] [71.515um:71.935um] 0.42um P------>
        <event:00000213 0:4.23077:0.42um> &<id:974661 Vertical abc_1402_new_n255 Metal2 [72.255um 14.5um] [72.255um 14.5um] 0.21um rpD:0 bl:0 -X---UC---TD---------P-b-- [14.0801um:14.92um] [72.045um:72.465um] 0.42um P------>
        <event:00000214 0:4.23077:0.42um> &<id:974651 Vertical abc_1402_new_n254 Metal2 [72.905um 15um] [72.905um 15um] 0.21um rpD:0 bl:0 -X---UC---TD---------Pb--- [14.5801um:15.42um] [72.695um:73.115um] 0.42um P------>
        <event:00000215 0:4.23077:0.42um> &<id:973947 Vertical abc_1402_new_n170 Metal2 [73.055um 49um] [73.055um 49um] 0.21um rpD:0 bl:0 -X---UC---TD---------P-b-- [48.5801um:49.42um] [72.845um:73.265um] 0.42um P------>
        <event:00000216 0:4.23077:0.42um> &<id:973325 Vertical abc_1402_auto_rtlil_cc_2739_MuxGate_1401 Metal2 [73.105um 3um] [73.105um 3um] 0.21um rpD:0 bl:0 -X---UC---TD---------P-b-- [2.58um:3.42um] [72.895um:73.315um] 0.42um P------>
        <event:00000217 0:4.23077:0.42um> &<id:974420 Vertical abc_1402_new_n116 Metal2 [73.405um 43um] [73.405um 43um] 0.21um rpD:0 bl:0 -X---UC---TD---------Pb--- [42.58um:43.42um] [73.195um:73.615um] 0.42um P------>
        <event:00000218 0:4.23077:0.42um> &<id:972757 Vertical outputs(3) Metal2 [73.415um 20.5um] [73.415um 20.5um] 0.21um rpD:0 bl:0 -X---UC---TD---------P-b-- [20.0801um:20.92um] [73.205um:73.625um] 0.42um P------>
        <event:00000219 0:4.23077:0.42um> &<id:974055 Vertical abc_1402_new_n160 Metal2 [73.705um 48um] [73.705um 48.5um] 0.21um rpD:0 bl:0 -X---UC---TD---------P-b-- [47.58um:48.92um] [73.495um:73.915um] 0.42um P------>
        <event:00000220 0:4.23077:0.42um> &<id:973118 Vertical abc_1402_auto_rtlil_cc_2739_MuxGate_1399 Metal2 [73.845um 14.5um] [73.845um 14.5um] 0.21um rpD:0 bl:0 -X---UC---TD---------P-b-- [14.0801um:14.92um] [73.635um:74.055um] 0.42um P------>
        <event:00000221 0:4.23077:0.42um> &<id:973586 Vertical n(6) Metal2 [74.215um 49um] [74.215um 49um] 0.21um rpD:0 bl:0 -X---UC---TD---------P-b-- [48.5801um:49.42um] [74.005um:74.425um] 0.42um P------>
        <event:00000222 0:4.23077:0.42um> &<id:974629 Vertical abc_1402_new_n247 Metal2 [74.355um 20um] [74.355um 20um] 0.21um rpD:0 bl:0 -X---UC---TD---------Pb--- [19.5801um:20.42um] [74.145um:74.565um] 0.42um P------>
        <event:00000223 0:4.23077:0.42um> &<id:975328 Vertical n(11) Metal2 [74.655um 60.5um] [74.655um 60.5um] 0.21um rpD:0 bl:0 -X---UC---TD---------P-b-- [60.0801um:60.92um] [74.445um:74.865um] 0.42um P------>
        <event:00000224 0:4.23077:0.42um> &<id:975324 Vertical n(11) Metal2 [74.655um 60.5um] [74.655um 60.5um] 0.21um rpD:0 bl:0 -X---UC---TD---------P-b-- [60.0801um:60.92um] [74.445um:74.865um] 0.42um P------>
        <event:00000225 0:4.23077:0.42um> &<id:975295 Vertical n(12) Metal2 [74.925um 54.5um] [74.925um 54.5um] 0.21um rpD:0 bl:0 -X---UC---TD---------Pb--- [54.08um:54.92um] [74.715um:75.135um] 0.42um P------>
        <event:00000226 0:4.23077:0.42um> &<id:973980 Vertical abc_1402_new_n163 Metal2 [75.085um 43um] [75.085um 43um] 0.21um rpD:0 bl:0 -X---UC---TD---------Pb--- [42.58um:43.42um] [74.875um:75.295um] 0.42um P------>
        <event:00000227 0:4.23077:0.42um> &<id:974417 Vertical abc_1402_new_n115 Metal2 [75.165um 60.5um] [75.165um 60.5um] 0.21um rpD:0 bl:0 -X---UC---TD---------P-b-- [60.0801um:60.92um] [74.955um:75.375um] 0.42um P------>
        <event:00000228 0:4.23077:0.42um> &<id:973904 Vertical abc_1402_new_n173 Metal2 [75.665um 50um] [75.665um 50um] 0.21um rpD:0 bl:0 -X---UC---TD---------Pb--- [49.58um:50.42um] [75.455um:75.875um] 0.42um P------>
        <event:00000229 0:4.23077:0.42um> &<id:975331 Vertical n(11) Metal2 [76.255um 60.5um] [76.255um 60.5um] 0.21um rpD:0 bl:0 -X---UC---TD---------P-b-- [60.0801um:60.92um] [76.045um:76.465um] 0.42um P------>
        <event:00000230 0:4.23077:0.42um> &<id:974632 Vertical abc_1402_new_n250 Metal2 [76.755um 15.5um] [76.755um 15.5um] 0.21um rpD:0 bl:0 -X---UC---TD---------Pb--- [15.08um:15.92um] [76.545um:76.965um] 0.42um P------>
        <event:00000231 0:4.23077:0.42um> &<id:975285 Vertical n(12) Metal2 [76.905um 60.5um] [76.905um 60.5um] 0.21um rpD:0 bl:0 -X---UC---TD---------P-b-- [60.0801um:60.92um] [76.695um:77.115um] 0.42um P------>
        <event:00000232 0:4.23077:0.42um> &<id:973918 Vertical abc_1402_new_n171 Metal2 [78.565um 49um] [78.565um 49um] 0.21um rpD:0 bl:0 -X---UC---TD---------P-b-- [48.5801um:49.42um] [78.355um:78.775um] 0.42um P------>
        <event:00000233 0:4.23077:0.42um> &<id:973908 Vertical abc_1402_new_n173 Metal2 [79.455um 60.5um] [79.455um 60.5um] 0.21um rpD:0 bl:0 -X---UC---TD---------P-b-- [60.0801um:60.92um] [79.245um:79.665um] 0.42um P------>
        <event:00000234 0:4.23077:0.42um> &<id:973121 Vertical abc_1402_auto_rtlil_cc_2739_MuxGate_1399 Metal2 [79.505um 14.5um] [79.505um 14.5um] 0.21um rpD:0 bl:0 -X---UC---TD---------P-b-- [14.0801um:14.92um] [79.295um:79.715um] 0.42um P------>
        <event:00000235 0:4.23077:0.42um> &<id:974423 Vertical abc_1402_new_n116 Metal2 [79.965um 43um] [79.965um 43um] 0.21um rpD:0 bl:0 -X---UC---TD---------Pb--- [42.58um:43.42um] [79.755um:80.175um] 0.42um P------>
        <event:00000236 0:4.23077:0.42um> &<id:975288 Vertical n(12) Metal2 [80.105um 60.5um] [80.105um 60.5um] 0.21um rpD:0 bl:0 -X---UC---TD---------P-b-- [60.0801um:60.92um] [79.895um:80.315um] 0.42um P------>
        <event:00000237 0:4.23077:0.42um> &<id:975313 Vertical n(11) Metal2 [81.055um 50um] [81.055um 50um] 0.21um rpD:0 bl:0 -X---UC---TD---------Pb--- [49.58um:50.42um] [80.845um:81.265um] 0.42um P------>
        <event:00000238 0:4.23077:0.42um> &<id:973761 Vertical init Metal2 [82.125um 10um] [82.125um 10um] 0.21um rpD:0 bl:0 -X---UC---TD---------P-b-- [9.58um:10.42um] [81.915um:82.335um] 0.42um P------>
        <event:00000239 0:4.23077:0.42um> &<id:973911 Vertical abc_1402_new_n173 Metal2 [82.285um 60.5um] [82.285um 60.5um] 0.21um rpD:0 bl:0 -X---UC---TD---------P-b-- [60.0801um:60.92um] [82.075um:82.495um] 0.42um P------>
        <event:00000240 0:4.23077:0.42um> &<id:973167 Vertical abc_1402_auto_rtlil_cc_2739_MuxGate_1347 Metal2 [82.715um 59um] [82.715um 59.5um] 0.21um rpD:0 bl:0 -X---UC---TD---------P-b-- [58.5801um:59.92um] [82.505um:82.925um] 0.42um P------>
        <event:00000241 0:4.23077:0.42um> &<id:972786 Vertical outputs(1) Metal2 [83.515um 3um] [83.515um 3um] 0.21um rpD:0 bl:0 -X---UC---TD---------P-b-- [2.58um:3.42um] [83.305um:83.725um] 0.42um P------>
        <event:00000242 0:4.23077:0.42um> &<id:975307 Vertical n(10) Metal2 [83.725um 53.5um] [83.725um 53.5um] 0.21um rpD:0 bl:0 -X---UC---TD---------P-b-- [53.0801um:53.92um] [83.515um:83.935um] 0.42um P------>
        <event:00000243 0:4.23077:0.42um> &<id:975273 Vertical n(12) Metal2 [84.255um 44.5um] [84.255um 44.5um] 0.21um rpD:0 bl:0 -X---UC---TD---------P-b-- [44.0801um:44.92um] [84.045um:84.465um] 0.42um P------>
        <event:00000244 0:4.23077:0.42um> &<id:972803 Vertical outputs(0) Metal2 [85.405um 3um] [85.405um 3um] 0.21um rpD:0 bl:0 -X---UC---TD---------P-b-- [2.58um:3.42um] [85.195um:85.615um] 0.42um P------>
        <event:00000245 0:146:0.715um> &<id:972747 Horizontal inputs(6) Metal2 [32.755um 3um] [33.26um 3um] 0.29um rpD:0 bl:0 ---a-UC---T-----------tb-- [32.65um:33.365um] [32.65um:33.365um] 0.715um ------->
        <event:00000246 0:146:0.715um> &<id:973796 Horizontal mem_inputs(6) Metal2 [54.64um 4um] [55.145um 4um] 0.29um rpD:0 bl:0 ---a-UC---T-----------bt-- [54.535um:55.25um] [54.535um:55.25um] 0.715um ------->
        <event:00000247 0:146:0.715um> &<id:973774 Horizontal mem_inputs(5) Metal2 [63.325um 4um] [63.83um 4um] 0.29um rpD:0 bl:0 ---a-UC---T-----------tb-- [63.22um:63.935um] [63.22um:63.935um] 0.715um ------->
        <event:00000248 0:146:0.715um> &<id:975338 Horizontal one_0 Metal2 [80um 4um] [80.255um 4um] 0.29um rpD:0 bl:0 -----UC---T-----------tb-- [79.75um:80.465um] [79.75um:80.465um] 0.715um ------->
        <event:00000249 0:146:0.715um> &<id:973295 Horizontal abc_1402_auto_rtlil_cc_2739_MuxGate_1387 Metal2 [44.715um 7.5um] [45.22um 7.5um] 0.29um rpD:0 bl:0 ---a-UC---T-----------tb-- [44.61um:45.325um] [44.61um:45.325um] 0.715um ------->
        <event:00000250 0:146:0.715um> &<id:973424 Horizontal n(1) Metal2 [31.325um 10um] [31.83um 10um] 0.29um rpD:0 bl:0 ---a-UC---T-----------tb-- [31.22um:31.935um] [31.22um:31.935um] 0.715um ------->
        <event:00000251 0:146:0.715um> &<id:972770 Horizontal outputs(2) Metal2 [84.24um 14.5um] [84.745um 14.5um] 0.29um rpD:0 bl:0 ---a-UC---T-----------tb-- [84.135um:84.85um] [84.135um:84.85um] 0.715um ------->
        <event:00000252 0:146:0.715um> &<id:974724 Horizontal abc_1402_new_n149 Metal2 [9.165um 15.5um] [9.67um 15.5um] 0.29um rpD:0 bl:0 ---a-UC---T-----------bt-- [9.06um:9.775um] [9.06um:9.775um] 0.715um ------->
        <event:00000253 0:146:0.715um> &<id:974214 Horizontal abc_1402_new_n141 Metal2 [44.715um 15.5um] [45.22um 15.5um] 0.29um rpD:0 bl:0 ---a-UC---T-----------tb-- [44.61um:45.325um] [44.61um:45.325um] 0.715um ------->
        <event:00000254 0:146:0.715um> &<id:972778 Horizontal outputs(2) Metal2 [78.67um 19um] [79.175um 19um] 0.29um rpD:0 bl:0 ---a-UC---T-----------tb-- [78.565um:79.28um] [78.565um:79.28um] 0.715um ------->
        <event:00000255 0:146:0.715um> &<id:974326 Horizontal abc_1402_new_n123 Metal2 [2.855um 21.5um] [3.36um 21.5um] 0.29um rpD:0 bl:0 ---a-UC---T-----------tb-- [2.75um:3.465um] [2.75um:3.465um] 0.715um ------->
        <event:00000256 0:146:0.715um> &<id:974560 Horizontal abc_1402_new_n225 Metal2 [31.285um 25um] [31.79um 25um] 0.29um rpD:0 bl:0 ---a-UC---T-----------tb-- [31.18um:31.895um] [31.18um:31.895um] 0.715um ------->
        <event:00000257 0:146:0.715um> &<id:974614 Horizontal abc_1402_new_n243 Metal2 [68.205um 25um] [68.71um 25um] 0.29um rpD:0 bl:0 ---a-UC---T-----------tb-- [68.1um:68.815um] [68.1um:68.815um] 0.715um ------->
        <event:00000258 0:146:0.715um> &<id:973646 Horizontal n(5) Metal2 [22.255um 26um] [22.76um 26um] 0.29um rpD:0 bl:0 ---a-UC---T-----------tb-- [22.15um:22.865um] [22.15um:22.865um] 0.715um ------->
        <event:00000259 0:146:0.715um> &<id:972859 Horizontal outputs(4) Metal2 [69.725um 31.5um] [70.23um 31.5um] 0.29um rpD:0 bl:0 ---a-UC---T-----------tb-- [69.62um:70.335um] [69.62um:70.335um] 0.715um ------->
        <event:00000260 0:146:0.715um> &<id:973503 Horizontal n(8) Metal2 [80.21um 33um] [80.715um 33um] 0.29um rpD:0 bl:0 ---a-UC---T-----------tb-- [80.105um:80.82um] [80.105um:80.82um] 0.715um ------->
        <event:00000261 0:146:0.715um> &<id:974867 Horizontal n(24) Metal2 [47.155um 36.5um] [47.66um 36.5um] 0.29um rpD:0 bl:0 ---a-UC---T-----------bt-- [47.05um:47.765um] [47.05um:47.765um] 0.715um ------->
        <event:00000262 0:146:0.715um> &<id:975257 Horizontal n(13) Metal2 [84.24um 38.5um] [84.745um 38.5um] 0.29um rpD:0 bl:0 ---a-UC---T-----------tb-- [84.135um:84.85um] [84.135um:84.85um] 0.715um ------->
        <event:00000263 0:146:0.715um> &<id:974914 Horizontal n(26) Metal2 [9.22um 42um] [9.725um 42um] 0.29um rpD:0 bl:0 ---a-UC---T-----------bt-- [9.115um:9.83um] [9.115um:9.83um] 0.715um ------->
        <event:00000264 0:146:0.715um> &<id:973490 Horizontal n(9) Metal2 [79.155um 42um] [79.66um 42um] 0.29um rpD:0 bl:0 ---a-UC---T-----------bt-- [79.05um:79.765um] [79.05um:79.765um] 0.715um ------->
        <event:00000265 0:146:0.715um> &<id:972930 Horizontal clk_root_2 Metal2 [2.765um 44.5um] [3.27um 44.5um] 0.29um rpD:0 bl:0 ---a-UC---T-----------tb-- [2.66um:3.375um] [2.66um:3.375um] 0.715um ------->
        <event:00000266 0:146:0.715um> &<id:973965 Horizontal abc_1402_new_n167 Metal2 [67.145um 44.5um] [67.65um 44.5um] 0.29um rpD:0 bl:0 ---a-UC---T-----------bt-- [67.04um:67.755um] [67.04um:67.755um] 0.715um ------->
        <event:00000267 0:146:0.715um> &<id:975013 Horizontal n(23) Metal2 [34.82um 48um] [35.325um 48um] 0.29um rpD:0 bl:0 ---a-UC---T-----------bt-- [34.715um:35.43um] [34.715um:35.43um] 0.715um ------->
        <event:00000268 0:146:0.715um> &<id:974464 Horizontal abc_1402_new_n205 Metal2 [47.745um 48um] [48.25um 48um] 0.29um rpD:0 bl:0 ---a-UC---T-----------bt-- [47.64um:48.355um] [47.64um:48.355um] 0.715um ------->
        <event:00000269 0:146:0.715um> &<id:973176 Horizontal abc_1402_auto_rtlil_cc_2739_MuxGate_1343 Metal2 [78.665um 50um] [79.17um 50um] 0.29um rpD:0 bl:0 ---a-UC---T-----------bt-- [78.56um:79.275um] [78.56um:79.275um] 0.715um ------->
        <event:00000270 0:146:0.715um> &<id:973013 Horizontal clk_root_1 Metal2 [77.195um 53.5um] [77.7um 53.5um] 0.29um rpD:0 bl:0 ---a-UC---T-----------bt-- [77.09um:77.805um] [77.09um:77.805um] 0.715um ------->
        <event:00000271 0:146:0.715um> &<id:973840 Horizontal abc_1402_new_n186 Metal2 [8.75um 56um] [9.255um 56um] 0.29um rpD:0 bl:0 ---a-UC---T-----------tb-- [8.645um:9.36um] [8.645um:9.36um] 0.715um ------->
        <event:00000272 0:146:0.715um> &<id:975086 Horizontal n(18) Metal2 [11.14um 59.5um] [11.645um 59.5um] 0.29um rpD:0 bl:0 ---a-UC---T-----------bt-- [11.035um:11.75um] [11.035um:11.75um] 0.715um ------->
        <event:00000273 0:146:0.715um> &<id:972986 Horizontal clk_root_1 Metal2 [65.185um 59.5um] [65.69um 59.5um] 0.29um rpD:0 bl:0 ---a-UC---T-----------bt-- [65.08um:65.795um] [65.08um:65.795um] 0.715um ------->
        <event:00000274 0:146:0.715um> &<id:975217 Horizontal n(14) Metal2 [54.64um 60.5um] [55.145um 60.5um] 0.29um rpD:0 bl:0 ---a-UC---T-----------bt-- [54.535um:55.25um] [54.535um:55.25um] 0.715um ------->
        <event:00000275 0:146:0.715um> &<id:973898 Horizontal abc_1402_new_n175 Metal2 [80.73um 61.5um] [81.235um 61.5um] 0.29um rpD:0 bl:0 ---a-UC---T-----------tb-- [80.625um:81.34um] [80.625um:81.34um] 0.715um ------->
        <event:00000276 0:146:0.715um> &<id:974864 Horizontal n(19) Metal2 [40.23um 65um] [40.735um 65um] 0.29um rpD:0 bl:0 ---a-UC---T-----------tb-- [40.125um:40.84um] [40.125um:40.84um] 0.715um ------->
        <event:00000277 0:118.5:0.715um> &<id:974566 Horizontal abc_1402_new_n230 Metal2 [43.775um 8um] [44.28um 8um] 0.29um rpD:0 bl:0 ---a-UC---T-----------tb-- [43.67um:44.385um] [43.67um:44.385um] 0.715um ------->
        <event:00000278 0:118.5:0.715um> &<id:973793 Horizontal mem_inputs(7) Metal2 [46.225um 8um] [46.73um 8um] 0.29um rpD:0 bl:0 ---a-UC---T-----------tb-- [46.12um:46.835um] [46.12um:46.835um] 0.715um ------->
        <event:00000279 0:118.5:0.715um> &<id:973361 Horizontal abc_1402_new_n95 Metal2 [69.185um 9um] [69.69um 9um] 0.29um rpD:0 bl:0 ---a-UC---T-----------bt-- [69.08um:69.795um] [69.08um:69.795um] 0.715um ------->
        <event:00000280 0:118.5:0.715um> &<id:972842 Horizontal outputs(5) Metal2 [59.195um 10um] [59.7um 10um] 0.29um rpD:0 bl:0 ---a-UC---T-----------tb-- [59.09um:59.805um] [59.09um:59.805um] 0.715um ------->
        <event:00000281 0:118.5:0.715um> &<id:973771 Horizontal mem_inputs(4) Metal2 [68.68um 10um] [69.185um 10um] 0.29um rpD:0 bl:0 ---a-UC---T-----------bt-- [68.575um:69.29um] [68.575um:69.29um] 0.715um ------->
        <event:00000282 0:118.5:0.715um> &<id:973717 Horizontal init Metal2 [54.325um 13.5um] [54.83um 13.5um] 0.29um rpD:0 bl:0 ---a-UC---T-----------tb-- [54.22um:54.935um] [54.22um:54.935um] 0.715um ------->
        <event:00000283 0:118.5:0.715um> &<id:974648 Horizontal abc_1402_new_n253 Metal2 [73.31um 13.5um] [73.815um 13.5um] 0.29um rpD:0 bl:0 ---a-UC---T-----------bt-- [73.205um:73.92um] [73.205um:73.92um] 0.715um ------->
        <event:00000284 0:118.5:0.715um> &<id:974721 Horizontal abc_1402_new_n158 Metal2 [40.755um 19um] [41.26um 19um] 0.29um rpD:0 bl:0 ---a-UC---T-----------tb-- [40.65um:41.365um] [40.65um:41.365um] 0.715um ------->
        <event:00000285 0:118.5:0.715um> &<id:974608 Horizontal abc_1402_new_n242 Metal2 [70.18um 19.5um] [70.685um 19.5um] 0.29um rpD:0 bl:0 ---a-UC---T-----------tb-- [70.075um:70.79um] [70.075um:70.79um] 0.715um ------->
        <event:00000286 0:118.5:0.715um> &<id:974601 Horizontal abc_1402_new_n241 Metal2 [70.695um 19.5um] [71.2um 19.5um] 0.29um rpD:0 bl:0 ---a-UC---T-----------tb-- [70.59um:71.305um] [70.59um:71.305um] 0.715um ------->
        <event:00000287 0:118.5:0.715um> &<id:973371 Horizontal abc_1402_new_n95 Metal2 [66.73um 20.5um] [67.235um 20.5um] 0.29um rpD:0 bl:0 ---a-UC---T-----------tb-- [66.625um:67.34um] [66.625um:67.34um] 0.715um ------->
        <event:00000288 0:118.5:0.715um> &<id:973675 Horizontal n(2) Metal2 [26.17um 25.5um] [26.675um 25.5um] 0.29um rpD:0 bl:0 ---a-UC---T-----------tb-- [26.065um:26.78um] [26.065um:26.78um] 0.715um ------->
        <event:00000289 0:118.5:0.715um> &<id:973640 Horizontal n(4) Metal2 [27.2um 25.5um] [27.705um 25.5um] 0.29um rpD:0 bl:0 ---a-UC---T-----------tb-- [27.095um:27.81um] [27.095um:27.81um] 0.715um ------->
        <event:00000290 0:118.5:0.715um> &<id:975002 Horizontal n(31) Metal2 [46.225um 25.5um] [46.73um 25.5um] 0.29um rpD:0 bl:0 ---a-UC---T-----------tb-- [46.12um:46.835um] [46.12um:46.835um] 0.715um ------->
        <event:00000291 0:118.5:0.715um> &<id:974802 Horizontal abc_1402_new_n219 Metal2 [28.655um 27um] [29.16um 27um] 0.29um rpD:0 bl:0 ---a-UC---T-----------tb-- [28.55um:29.265um] [28.55um:29.265um] 0.715um ------->
        <event:00000292 0:118.5:0.715um> &<id:973185 Horizontal abc_1402_auto_rtlil_cc_2739_MuxGate_1341 Metal2 [71.205um 42.5um] [71.71um 42.5um] 0.29um rpD:0 bl:0 ---a-UC---T-----------tb-- [71.1um:71.815um] [71.1um:71.815um] 0.715um ------->
        <event:00000293 0:118.5:0.715um> &<id:973093 Horizontal abc_1402_auto_rtlil_cc_2739_MuxGate_1339 Metal2 [75.22um 42.5um] [75.725um 42.5um] 0.29um rpD:0 bl:0 ---a-UC---T-----------tb-- [75.115um:75.83um] [75.115um:75.83um] 0.715um ------->
        <event:00000294 0:118.5:0.715um> &<id:974473 Horizontal abc_1402_new_n207 Metal2 [40.755um 44um] [41.26um 44um] 0.29um rpD:0 bl:0 ---a-UC---T-----------tb-- [40.65um:41.365um] [40.65um:41.365um] 0.715um ------->
        <event:00000295 0:118.5:0.715um> &<id:974450 Horizontal abc_1402_new_n204 Metal2 [44.72um 44um] [45.225um 44um] 0.29um rpD:0 bl:0 ---a-UC---T-----------tb-- [44.615um:45.33um] [44.615um:45.33um] 0.715um ------->
        <event:00000296 0:118.5:0.715um> &<id:974476 Horizontal abc_1402_new_n207 Metal2 [40.755um 49um] [41.26um 49um] 0.29um rpD:0 bl:0 ---a-UC---T-----------tb-- [40.65um:41.365um] [40.65um:41.365um] 0.715um ------->
        <event:00000297 0:118.5:0.715um> &<id:974799 Horizontal abc_1402_new_n208 Metal2 [28.64um 53.5um] [29.145um 53.5um] 0.29um rpD:0 bl:0 ---a-UC---T-----------bt-- [28.535um:29.25um] [28.535um:29.25um] 0.715um ------->
        <event:00000298 0:118.5:0.715um> &<id:973127 Horizontal abc_1402_auto_rtlil_cc_2739_MuxGate_1363 Metal2 [3.175um 54um] [3.68um 54um] 0.29um rpD:0 bl:0 ---a-UC---T-----------tb-- [3.07um:3.785um] [3.07um:3.785um] 0.715um ------->
        <event:00000299 0:118.5:0.715um> &<id:975182 Horizontal n(17) Metal2 [10.195um 55um] [10.7um 55um] 0.29um rpD:0 bl:0 ---a-UC---T-----------tb-- [10.09um:10.805um] [10.09um:10.805um] 0.715um ------->
        <event:00000300 0:118.5:0.715um> &<id:975148 Horizontal n(16) Metal2 [10.71um 56um] [11.215um 56um] 0.29um rpD:0 bl:0 ---a-UC---T-----------tb-- [10.605um:11.32um] [10.605um:11.32um] 0.715um ------->
        <event:00000301 0:118.5:0.715um> &<id:975208 Horizontal n(14) Metal2 [36.68um 60um] [37.185um 60um] 0.29um rpD:0 bl:0 ---a-UC---T-----------bt-- [36.575um:37.29um] [36.575um:37.29um] 0.715um ------->
        <event:00000302 0:91:0.715um> &<id:973625 Horizontal n(4) Metal2 [21.64um 14.5um] [22.145um 14.5um] 0.29um rpD:0 bl:0 ---a-UC---T-----------bt-- [21.535um:22.25um] [21.535um:22.25um] 0.715um ------->
        <event:00000303 0:91:0.715um> &<id:974989 Horizontal n(31) Metal2 [33.14um 14.5um] [33.645um 14.5um] 0.29um rpD:0 bl:0 ---a-UC---T-----------bt-- [33.035um:33.75um] [33.035um:33.75um] 0.715um ------->
        <event:00000304 0:91:0.715um> &<id:973206 Horizontal abc_1402_auto_rtlil_cc_2739_MuxGate_1331 Metal2 [15.18um 21um] [15.685um 21um] 0.29um rpD:0 bl:0 ---a-UC---T-----------tb-- [15.075um:15.79um] [15.075um:15.79um] 0.715um ------->
        <event:00000305 0:91:0.715um> &<id:973307 Horizontal abc_1402_auto_rtlil_cc_2739_MuxGate_1393 Metal2 [71.2um 25.5um] [71.705um 25.5um] 0.29um rpD:0 bl:0 ---a-UC---T-----------tb-- [71.095um:71.81um] [71.095um:71.81um] 0.715um ------->
        <event:00000306 0:91:0.715um> &<id:973090 Horizontal abc_1402_auto_rtlil_cc_2739_MuxGate_1339 Metal2 [75.215um 32.5um] [75.72um 32.5um] 0.29um rpD:0 bl:0 ---a-UC---T-----------tb-- [75.11um:75.825um] [75.11um:75.825um] 0.715um ------->
        <event:00000307 0:91:0.715um> &<id:973238 Horizontal abc_1402_auto_rtlil_cc_2739_MuxGate_1367 Metal2 [60.705um 38um] [61.21um 38um] 0.29um rpD:0 bl:0 ---a-UC---T-----------tb-- [60.6um:61.315um] [60.6um:61.315um] 0.715um ------->
        <event:00000308 0:91:0.715um> &<id:973597 Horizontal n(7) Metal2 [60.64um 43um] [61.145um 43um] 0.29um rpD:0 bl:0 ---a-UC---T-----------bt-- [60.535um:61.25um] [60.535um:61.25um] 0.715um ------->
        <event:00000309 0:91:0.715um> &<id:973563 Horizontal n(6) Metal2 [43.775um 49um] [44.28um 49um] 0.29um rpD:0 bl:0 ---a-UC---T-----------tb-- [43.67um:44.385um] [43.67um:44.385um] 0.715um ------->
        <event:00000310 0:91:0.715um> &<id:973124 Horizontal abc_1402_auto_rtlil_cc_2739_MuxGate_1363 Metal2 [3.17um 49.5um] [3.675um 49.5um] 0.29um rpD:0 bl:0 ---a-UC---T-----------tb-- [3.065um:3.78um] [3.065um:3.78um] 0.715um ------->
        <event:00000311 0:91:0.715um> &<id:974698 Horizontal abc_1402_new_n178 Metal2 [37.815um 49.5um] [38.32um 49.5um] 0.29um rpD:0 bl:0 ---a-UC---T-----------tb-- [37.71um:38.425um] [37.71um:38.425um] 0.715um ------->
        <event:00000312 0:91:0.715um> &<id:973933 Horizontal abc_1402_new_n170 Metal2 [50.175um 54um] [50.68um 54um] 0.29um rpD:0 bl:0 ---a-UC---T-----------tb-- [50.07um:50.785um] [50.07um:50.785um] 0.715um ------->
        <event:00000313 0:91:0.715um> &<id:973939 Horizontal abc_1402_new_n170 Metal2 [54.205um 54um] [54.71um 54um] 0.29um rpD:0 bl:0 ---a-UC---T-----------tb-- [54.1um:54.815um] [54.1um:54.815um] 0.715um ------->
        <event:00000314 0:91:0.715um> &<id:975165 Horizontal n(17) Metal2 [22.18um 54.5um] [22.685um 54.5um] 0.29um rpD:0 bl:0 ---a-UC---T-----------tb-- [22.075um:22.79um] [22.075um:22.79um] 0.715um ------->
        <event:00000315 0:91:0.715um> &<id:974467 Horizontal abc_1402_new_n206 Metal2 [45.75um 55.5um] [46.255um 55.5um] 0.29um rpD:0 bl:0 ---a-UC---T-----------bt-- [45.645um:46.36um] [45.645um:46.36um] 0.715um ------->
        <event:00000316 0:91:0.715um> &<id:974684 Horizontal abc_1402_new_n188 Metal2 [45.14um 60um] [45.645um 60um] 0.29um rpD:0 bl:0 ---a-UC---T-----------bt-- [45.035um:45.75um] [45.035um:45.75um] 0.715um ------->
        <event:00000317 0:91:0.715um> &<id:975292 Horizontal n(12) Metal2 [76.64um 60um] [77.145um 60um] 0.29um rpD:0 bl:0 ---a-UC---T-----------bt-- [76.535um:77.25um] [76.535um:77.25um] 0.715um ------->
        <event:00000318 0:147.728:0.725um> &<id:974761 Horizontal abc_1402_new_n138 Metal2 [41.29um 53.5um] [41.805um 53.5um] 0.29um rpD:0 bl:0 ---a-UC---T-----------tb-- [41.185um:41.91um] [41.185um:41.91um] 0.725um ------->
        <event:00000319 0:147.728:0.725um> &<id:974482 Horizontal abc_1402_new_n207 Metal2 [47.7um 53.5um] [48.215um 53.5um] 0.29um rpD:0 bl:0 ---a-UC---T-----------bt-- [47.595um:48.32um] [47.595um:48.32um] 0.725um ------->
        <event:00000320 0:119.902:0.725um> &<id:973352 Horizontal abc_1402_new_n95 Metal2 [46.73um 9um] [47.245um 9um] 0.29um rpD:0 bl:0 ---a-UC---T-----------tb-- [46.625um:47.35um] [46.625um:47.35um] 0.725um ------->
        <event:00000321 0:119.902:0.725um> &<id:973702 Horizontal init Metal2 [67.235um 20.5um] [67.75um 20.5um] 0.29um rpD:0 bl:0 ---a-UC---T-----------tb-- [67.13um:67.855um] [67.13um:67.855um] 0.725um ------->
        <event:00000322 0:92.0769:0.725um> &<id:973558 Horizontal n(6) Metal2 [46.73um 49um] [47.245um 49um] 0.29um rpD:0 bl:0 ---a-UC---T-----------tb-- [46.625um:47.35um] [46.625um:47.35um] 0.725um ------->
        <event:00000323 0:92.0769:0.725um> &<id:973568 Horizontal n(6) Metal2 [43.67um 54um] [44.185um 54um] 0.29um rpD:0 bl:0 ---a-UC---T-----------bt-- [43.565um:44.29um] [43.565um:44.29um] 0.725um ------->
        <event:00000324 0:149.456:0.735um> &<id:974645 Horizontal abc_1402_new_n253 Metal2 [73.245um 10um] [73.77um 10um] 0.29um rpD:0 bl:0 ---a-UC---T-----------tb-- [73.14um:73.875um] [73.14um:73.875um] 0.735um ------->
        <event:00000325 0:149.456:0.735um> &<id:973477 Horizontal n(3) Metal2 [25.645um 25um] [26.17um 25um] 0.29um rpD:0 bl:0 ---a-UC---T-----------bt-- [25.54um:26.275um] [25.54um:26.275um] 0.735um ------->
        <event:00000326 0:149.456:0.735um> &<id:974967 Horizontal n(28) Metal2 [15.725um 36.5um] [16um 36.5um] 0.29um rpD:0 bl:0 -----UC---T-----------bt-- [15.515um:16.25um] [15.515um:16.25um] 0.735um ------->
        <event:00000327 0:149.456:0.735um> &<id:974030 Horizontal abc_1402_new_n160 Metal2 [47.66um 65um] [48.185um 65um] 0.29um rpD:0 bl:0 ---a-UC---T-----------bt-- [47.555um:48.29um] [47.555um:48.29um] 0.735um ------->
        <event:00000328 0:150.32:0.74um> &<id:972907 Horizontal clk_root_2 Metal2 [9.38um 37.5um] [9.885um 37.5um] 0.29um rpD:0 bl:0 ---a-UC---T-----------bt-- [9.25um:9.99um] [9.25um:9.99um] 0.74um ------->
        <event:00000329 0:151.183:0.745um> &<id:974655 Horizontal abc_1402_new_n254 Metal2 [56.23um 25um] [56.765um 25um] 0.29um rpD:0 bl:0 ---a-UC---T-----------tb-- [56.125um:56.87um] [56.125um:56.87um] 0.745um ------->
        <event:00000330 0:151.183:0.745um> &<id:973334 Horizontal abc_1402_new_n98 Metal2 [24.345um 27um] [24.88um 27um] 0.29um rpD:0 bl:0 ---a-UC---T-----------tb-- [24.24um:24.985um] [24.24um:24.985um] 0.745um ------->
        <event:00000331 0:151.183:0.745um> &<id:973337 Horizontal abc_1402_new_n98 Metal2 [24.265um 30.5um] [24.8um 30.5um] 0.29um rpD:0 bl:0 ---a-UC---T-----------tb-- [24.16um:24.905um] [24.16um:24.905um] 0.745um ------->
        <event:00000332 0:151.183:0.745um> &<id:975105 Horizontal n(18) Metal2 [39.19um 54.5um] [39.725um 54.5um] 0.29um rpD:0 bl:0 ---a-UC---T-----------bt-- [39.085um:39.83um] [39.085um:39.83um] 0.745um ------->
        <event:00000333 0:151.183:0.745um> &<id:975254 Horizontal n(15) Metal2 [39.19um 61.5um] [39.725um 61.5um] 0.29um rpD:0 bl:0 ---a-UC---T-----------bt-- [39.085um:39.83um] [39.085um:39.83um] 0.745um ------->
        <event:00000334 0:122.707:0.745um> &<id:974047 Horizontal abc_1402_new_n160 Metal2 [67.765um 44.5um] [68.3um 44.5um] 0.29um rpD:0 bl:0 ---a-UC---T-----------tb-- [67.66um:68.405um] [67.66um:68.405um] 0.745um ------->
        <event:00000335 0:152.911:0.755um> &<id:973316 Horizontal abc_1402_auto_rtlil_cc_2739_MuxGate_1397 Metal2 [64.73um 21.5um] [65.275um 21.5um] 0.29um rpD:0 bl:0 ---a-UC---T-----------tb-- [64.625um:65.38um] [64.625um:65.38um] 0.755um ------->
        <event:00000336 0:124.109:0.755um> &<id:975100 Horizontal n(18) Metal2 [31.185um 54.5um] [31.73um 54.5um] 0.29um rpD:0 bl:0 ---a-UC---T-----------bt-- [31.08um:31.835um] [31.08um:31.835um] 0.755um ------->
        <event:00000337 0:95.3077:0.755um> &<id:973319 Horizontal abc_1402_auto_rtlil_cc_2739_MuxGate_1397 Metal2 [64.76um 31um] [65.305um 31um] 0.29um rpD:0 bl:0 ---a-UC---T-----------tb-- [64.655um:65.41um] [64.655um:65.41um] 0.755um ------->
        <event:00000338 0:95.3077:0.755um> &<id:973518 Horizontal n(8) Metal2 [61.67um 43um] [62.215um 43um] 0.29um rpD:0 bl:0 ---a-UC---T-----------bt-- [61.565um:62.32um] [61.565um:62.32um] 0.755um ------->
        <event:00000339 0:95.3077:0.755um> &<id:973163 Horizontal abc_1402_auto_rtlil_cc_2739_MuxGate_1347 Metal2 [69.66um 55.5um] [70.205um 55.5um] 0.29um rpD:0 bl:0 ---a-UC---T-----------bt-- [69.555um:70.31um] [69.555um:70.31um] 0.755um ------->
        <event:00000340 0:154.639:0.765um> &<id:973304 Horizontal abc_1402_auto_rtlil_cc_2739_MuxGate_1393 Metal2 [71.175um 21.5um] [71.73um 21.5um] 0.29um rpD:0 bl:0 ---a-UC---T-----------bt-- [71.07um:71.835um] [71.07um:71.835um] 0.765um ------->
        <event:00000341 0:154.639:0.765um> &<id:973576 Horizontal n(6) Metal2 [58.665um 66um] [59.22um 66um] 0.29um rpD:0 bl:0 ---a-UC---T-----------bt-- [58.56um:59.325um] [58.56um:59.325um] 0.765um ------->
        <event:00000342 0:125.512:0.765um> &<id:973777 Horizontal mem_inputs(5) Metal2 [63.145um 9um] [63.7um 9um] 0.29um rpD:0 bl:0 ---a-UC---T-----------bt-- [63.04um:63.805um] [63.04um:63.805um] 0.765um ------->
        <event:00000343 0:125.512:0.765um> &<id:973619 Horizontal n(7) Metal2 [68.26um 44.5um] [68.815um 44.5um] 0.29um rpD:0 bl:0 ---a-UC---T-----------tb-- [68.155um:68.92um] [68.155um:68.92um] 0.765um ------->
        <event:00000344 0:96.3846:0.765um> &<id:973284 Horizontal abc_1402_auto_rtlil_cc_2739_MuxGate_1385 Metal2 [24.755um 15um] [25.31um 15um] 0.29um rpD:0 bl:0 ---a-UC---T-----------tb-- [24.65um:25.415um] [24.65um:25.415um] 0.765um ------->
        <event:00000345 0:96.3846:0.765um> &<id:973153 Horizontal abc_1402_auto_rtlil_cc_2739_MuxGate_1353 Metal2 [24.755um 65.5um] [25.31um 65.5um] 0.29um rpD:0 bl:0 ---a-UC---T-----------tb-- [24.65um:25.415um] [24.65um:25.415um] 0.765um ------->
        <event:00000346 0:156.367:0.775um> &<id:974752 Horizontal abc_1402_new_n139 Metal2 [53.73um 25um] [54.295um 25um] 0.29um rpD:0 bl:0 ---a-UC---T-----------tb-- [53.625um:54.4um] [53.625um:54.4um] 0.775um ------->
        <event:00000347 0:156.367:0.775um> &<id:973343 Horizontal abc_1402_new_n97 Metal2 [29.15um 36.5um] [29.715um 36.5um] 0.29um rpD:0 bl:0 ---a-UC---T-----------bt-- [29.045um:29.82um] [29.045um:29.82um] 0.775um ------->
        <event:00000348 0:126.914:0.775um> &<id:973730 Horizontal init Metal2 [41.66um 9um] [42.225um 9um] 0.29um rpD:0 bl:0 ---a-UC---T-----------bt-- [41.555um:42.33um] [41.555um:42.33um] 0.775um ------->
        <event:00000349 0:126.914:0.775um> &<id:974174 Horizontal abc_1402_new_n143 Metal2 [40.65um 10um] [41.215um 10um] 0.29um rpD:0 bl:0 ---a-UC---T-----------bt-- [40.545um:41.32um] [40.545um:41.32um] 0.775um ------->
        <event:00000350 0:126.914:0.775um> &<id:974177 Horizontal abc_1402_new_n143 Metal2 [40.65um 14um] [41.215um 14um] 0.29um rpD:0 bl:0 ---a-UC---T-----------bt-- [40.545um:41.32um] [40.545um:41.32um] 0.775um ------->
        <event:00000351 0:126.914:0.775um> &<id:973735 Horizontal init Metal2 [41.66um 15um] [42.225um 15um] 0.29um rpD:0 bl:0 ---a-UC---T-----------bt-- [41.555um:42.33um] [41.555um:42.33um] 0.775um ------->
        <event:00000352 0:126.914:0.775um> &<id:974204 Horizontal abc_1402_new_n143 Metal2 [72.65um 19.5um] [73.215um 19.5um] 0.29um rpD:0 bl:0 ---a-UC---T-----------bt-- [72.545um:73.32um] [72.545um:73.32um] 0.775um ------->
        <event:00000353 0:126.914:0.775um> &<id:973758 Horizontal init Metal2 [73.66um 19.5um] [74.225um 19.5um] 0.29um rpD:0 bl:0 ---a-UC---T-----------bt-- [73.555um:74.33um] [73.555um:74.33um] 0.775um ------->
        <event:00000354 0:126.914:0.775um> &<id:973081 Horizontal abc_1402_auto_rtlil_cc_2739_MuxGate_1359 Metal2 [16um 59.5um] [16.315um 59.5um] 0.29um rpD:0 bl:0 -----UC---T-----------tb-- [15.75um:16.525um] [15.75um:16.525um] 0.775um ------->
        <event:00000355 0:126.914:0.775um> &<id:973892 Horizontal abc_1402_new_n181 Metal2 [42.275um 65um] [42.84um 65um] 0.29um rpD:0 bl:0 ---a-UC---T-----------tb-- [42.17um:42.945um] [42.17um:42.945um] 0.775um ------->
        <event:00000356 0:97.4615:0.775um> &<id:973112 Horizontal abc_1402_auto_rtlil_cc_2739_MuxGate_1389 Metal2 [49.65um 3.5um] [50.215um 3.5um] 0.29um rpD:0 bl:0 ---a-UC---T-----------bt-- [49.545um:50.32um] [49.545um:50.32um] 0.775um ------->
        <event:00000357 0:97.4615:0.775um> &<id:973887 Horizontal abc_1402_new_n181 Metal2 [42.275um 54.5um] [42.84um 54.5um] 0.29um rpD:0 bl:0 ---a-UC---T-----------tb-- [42.17um:42.945um] [42.17um:42.945um] 0.775um ------->
        <event:00000358 0:97.4615:0.775um> &<id:973160 Horizontal abc_1402_auto_rtlil_cc_2739_MuxGate_1351 Metal2 [49.65um 60um] [50.215um 60um] 0.29um rpD:0 bl:0 ---a-UC---T-----------bt-- [49.545um:50.32um] [49.545um:50.32um] 0.775um ------->
        <event:00000359 0:158.095:0.785um> &<id:974429 Horizontal abc_1402_new_n120 Metal2 [16.325um 15.5um] [16.9um 15.5um] 0.29um rpD:0 bl:0 ---a-UC---T-----------tb-- [16.22um:17.005um] [16.22um:17.005um] 0.785um ------->
        <event:00000360 0:158.095:0.785um> &<id:974432 Horizontal abc_1402_new_n120 Metal2 [16.245um 25um] [16.82um 25um] 0.29um rpD:0 bl:0 ---a-UC---T-----------tb-- [16.14um:16.925um] [16.14um:16.925um] 0.785um ------->
        <event:00000361 0:158.095:0.785um> &<id:972898 Horizontal clk_root_2 Metal2 [48.285um 61.5um] [48.86um 61.5um] 0.29um rpD:0 bl:0 ---a-UC---T-----------tb-- [48.18um:48.965um] [48.18um:48.965um] 0.785um ------->
        <event:00000362 0:128.317:0.785um> &<id:975089 Horizontal n(18) Metal2 [11.225um 55um] [11.73um 55um] 0.29um rpD:0 bl:0 ---a-UC---T-----------tb-- [11.12um:11.835um] [11.05um:11.835um] 0.785um ------->
        <event:00000363 0:159.822:0.795um> &<id:975048 Horizontal n(22) Metal2 [65.75um 38.5um] [66.335um 38.5um] 0.29um rpD:0 bl:0 ---a-UC---T-----------tb-- [65.645um:66.44um] [65.645um:66.44um] 0.795um ------->
        <event:00000364 0:129.719:0.795um> &<id:974714 Horizontal abc_1402_new_n168 Metal2 [77.29um 48um] [77.875um 48um] 0.29um rpD:0 bl:0 ---a-UC---T-----------tb-- [77.185um:77.98um] [77.185um:77.98um] 0.795um ------->
        <event:00000365 0:99.6154:0.795um> &<id:973103 Horizontal abc_1402_auto_rtlil_cc_2739_MuxGate_1369 Metal2 [29.64um 48.5um] [30.225um 48.5um] 0.29um rpD:0 bl:0 ---a-UC---T-----------bt-- [29.535um:30.33um] [29.535um:30.33um] 0.795um ------->
        <event:00000366 0:161.55:0.805um> &<id:973000 Horizontal clk_root_1 Metal2 [75.625um 8.5um] [76.22um 8.5um] 0.29um rpD:0 bl:0 ---a-UC---T-----------bt-- [75.52um:76.325um] [75.52um:76.325um] 0.805um ------->
        <event:00000367 0:161.55:0.805um> &<id:974211 Horizontal abc_1402_new_n142 Metal2 [53.61um 19um] [54.205um 19um] 0.29um rpD:0 bl:0 ---a-UC---T-----------bt-- [53.505um:54.31um] [53.505um:54.31um] 0.805um ------->
        <event:00000368 0:161.55:0.805um> &<id:973473 Horizontal n(3) Metal2 [2.655um 25um] [3um 25um] 0.29um rpD:0 bl:0 -----UC---T-----------bt-- [2.445um:3.25um] [2.445um:3.25um] 0.805um ------->
        <event:00000369 0:161.55:0.805um> &<id:974789 Horizontal abc_1402_new_n119 Metal2 [54.115um 44.5um] [54.71um 44.5um] 0.29um rpD:0 bl:0 ---a-UC---T-----------bt-- [54.01um:54.815um] [54.01um:54.815um] 0.805um ------->
        <event:00000370 0:161.55:0.805um> &<id:973878 Horizontal abc_1402_new_n182 Metal2 [28.275um 59.5um] [28.87um 59.5um] 0.29um rpD:0 bl:0 ---a-UC---T-----------tb-- [28.17um:28.975um] [28.17um:28.975um] 0.805um ------->
        <event:00000371 0:161.55:0.805um> &<id:974783 Horizontal abc_1402_new_n109 Metal2 [22.115um 65um] [22.71um 65um] 0.29um rpD:0 bl:0 ---a-UC---T-----------bt-- [22.01um:22.815um] [22.01um:22.815um] 0.805um ------->
        <event:00000372 0:131.121:0.805um> &<id:974854 Horizontal n(19) Metal2 [39.735um 54.5um] [40.33um 54.5um] 0.29um rpD:0 bl:0 ---a-UC---T-----------tb-- [39.63um:40.435um] [39.63um:40.435um] 0.805um ------->
        <event:00000373 0:163.278:0.815um> &<id:974835 Horizontal abc_1402_new_n239 Metal2 [54.755um 13.5um] [55.36um 13.5um] 0.29um rpD:0 bl:0 ---a-UC---T-----------tb-- [54.65um:55.465um] [54.65um:55.465um] 0.815um ------->
        <event:00000374 0:163.278:0.815um> &<id:973999 Horizontal abc_1402_new_n160 Metal2 [43.26um 21.5um] [43.865um 21.5um] 0.29um rpD:0 bl:0 ---a-UC---T-----------tb-- [43.155um:43.97um] [43.155um:43.97um] 0.815um ------->
        <event:00000375 0:163.278:0.815um> &<id:974906 Horizontal n(26) Metal2 [34.255um 37.5um] [34.86um 37.5um] 0.29um rpD:0 bl:0 ---a-UC---T-----------tb-- [34.15um:34.965um] [34.15um:34.965um] 0.815um ------->
        <event:00000376 0:163.278:0.815um> &<id:972946 Horizontal clk_root_1 Metal2 [54.11um 48um] [54.715um 48um] 0.29um rpD:0 bl:0 ---a-UC---T-----------bt-- [54.005um:54.82um] [54.005um:54.82um] 0.815um ------->
        <event:00000377 0:163.278:0.815um> &<id:973854 Horizontal abc_1402_new_n184 Metal2 [9.5um 56um] [9.855um 56um] 0.29um rpD:0 bl:0 -----UC---T-----------tb-- [9.25um:10.065um] [9.25um:10.065um] 0.815um ------->
        <event:00000378 0:163.278:0.815um> &<id:974770 Horizontal abc_1402_new_n129 Metal2 [38um 59.5um] [38.355um 59.5um] 0.29um rpD:0 bl:0 -----UC---T-----------tb-- [37.75um:38.565um] [37.75um:38.565um] 0.815um ------->
        <event:00000379 0:165.006:0.825um> &<id:973069 Horizontal clk_root_0 Metal2 [23.615um 14.5um] [24.23um 14.5um] 0.29um rpD:0 bl:0 ---a-UC---T-----------bt-- [23.51um:24.335um] [23.51um:24.335um] 0.825um ------->
        <event:00000380 0:165.006:0.825um> &<id:974138 Horizontal abc_1402_new_n145 Metal2 [65.6um 19um] [66.215um 19um] 0.29um rpD:0 bl:0 ---a-UC---T-----------bt-- [65.495um:66.32um] [65.495um:66.32um] 0.825um ------->
        <event:00000381 0:165.006:0.825um> &<id:972888 Horizontal clk_root_2 Metal2 [23.615um 66um] [24.23um 66um] 0.29um rpD:0 bl:0 ---a-UC---T-----------bt-- [23.51um:24.335um] [23.51um:24.335um] 0.825um ------->
        <event:00000382 0:133.926:0.825um> &<id:975301 Horizontal n(10) Metal2 [81.275um 50um] [81.89um 50um] 0.29um rpD:0 bl:0 ---a-UC---T-----------tb-- [81.17um:81.995um] [81.17um:81.995um] 0.825um ------->
        <event:00000383 0:102.846:0.825um> &<id:974938 Horizontal n(27) Metal2 [32.085um 37um] [32.7um 37um] 0.29um rpD:0 bl:0 ---a-UC---T-----------bt-- [31.98um:32.805um] [31.98um:32.805um] 0.825um ------->
        <event:00000384 0:166.734:0.835um> &<id:973399 Horizontal abc_1402_new_n94 Metal2 [66.75um 8.5um] [67.375um 8.5um] 0.29um rpD:0 bl:0 ---a-UC---T-----------tb-- [66.645um:67.48um] [66.645um:67.48um] 0.835um ------->
        <event:00000385 0:166.734:0.835um> &<id:974329 Horizontal abc_1402_new_n123 Metal2 [2.75um 25um] [3.375um 25um] 0.29um rpD:0 bl:0 ---a-UC---T-----------tb-- [2.645um:3.48um] [2.645um:3.48um] 0.835um ------->
        <event:00000386 0:166.734:0.835um> &<id:973825 Horizontal abc_1402_new_n195 Metal2 [34.745um 59.5um] [35.37um 59.5um] 0.29um rpD:0 bl:0 ---a-UC---T-----------tb-- [34.64um:35.475um] [34.64um:35.475um] 0.835um ------->
        <event:00000387 0:135.328:0.835um> &<id:973746 Horizontal init Metal2 [73.125um 9um] [73.5um 9um] 0.29um rpD:0 bl:0 -----UC---T-----------bt-- [72.915um:73.75um] [72.915um:73.75um] 0.835um ------->
        <event:00000388 0:103.923:0.835um> &<id:975159 Horizontal n(17) Metal2 [25.775um 49.5um] [26.4um 49.5um] 0.29um rpD:0 bl:0 ---a-UC---T-----------tb-- [25.67um:26.505um] [25.67um:26.505um] 0.835um ------->
        <event:00000389 0:103.923:0.835um> &<id:973179 Horizontal abc_1402_auto_rtlil_cc_2739_MuxGate_1343 Metal2 [78.56um 54um] [79.185um 54um] 0.29um rpD:0 bl:0 ---a-UC---T-----------bt-- [78.455um:79.29um] [78.455um:79.29um] 0.835um ------->
        <event:00000390 0:168.462:0.845um> &<id:974104 Horizontal abc_1402_new_n145 Metal2 [45.59um 8.5um] [46.225um 8.5um] 0.29um rpD:0 bl:0 ---a-UC---T-----------bt-- [45.485um:46.33um] [45.485um:46.33um] 0.845um ------->
        <event:00000391 0:168.462:0.845um> &<id:974739 Horizontal abc_1402_new_n149 Metal2 [34.595um 15.5um] [35.23um 15.5um] 0.29um rpD:0 bl:0 ---a-UC---T-----------bt-- [34.49um:35.335um] [34.49um:35.335um] 0.845um ------->
        <event:00000392 0:168.462:0.845um> &<id:974555 Horizontal abc_1402_new_n225 Metal2 [31.5um 20um] [31.885um 20um] 0.29um rpD:0 bl:0 -----UC---T-----------tb-- [31.25um:32.095um] [31.25um:32.095um] 0.845um ------->
        <event:00000393 0:168.462:0.845um> &<id:974086 Horizontal abc_1402_new_n151 Metal2 [1.585um 25um] [2.22um 25um] 0.29um rpD:0 bl:0 ---a-UC---T-----------bt-- [1.48um:2.325um] [1.48um:2.325um] 0.845um ------->
        <event:00000394 0:168.462:0.845um> &<id:974532 Horizontal abc_1402_new_n217 Metal2 [20.29um 43um] [20.925um 43um] 0.29um rpD:0 bl:0 ---a-UC---T-----------tb-- [20.185um:21.03um] [20.185um:21.03um] 0.845um ------->
        <event:00000395 0:168.462:0.845um> &<id:974490 Horizontal abc_1402_new_n210 Metal2 [31.5um 43um] [31.885um 43um] 0.29um rpD:0 bl:0 -----UC---T-----------tb-- [31.25um:32.095um] [31.25um:32.095um] 0.845um ------->
        <event:00000396 0:168.462:0.845um> &<id:974677 Horizontal abc_1402_new_n189 Metal2 [20.29um 65um] [20.925um 65um] 0.29um rpD:0 bl:0 ---a-UC---T-----------tb-- [20.185um:21.03um] [20.185um:21.03um] 0.845um ------->
        <event:00000397 0:136.731:0.845um> &<id:974572 Horizontal abc_1402_new_n233 Metal2 [49.77um 10um] [50.405um 10um] 0.29um rpD:0 bl:0 ---a-UC---T-----------tb-- [49.665um:50.51um] [49.665um:50.51um] 0.845um ------->
        <event:00000398 0:136.731:0.845um> &<id:972822 Horizontal outputs(6) Metal2 [49.77um 14um] [50.405um 14um] 0.29um rpD:0 bl:0 ---a-UC---T-----------tb-- [49.665um:50.51um] [49.665um:50.51um] 0.845um ------->
        <event:00000399 0:136.731:0.845um> &<id:974620 Horizontal abc_1402_new_n246 Metal2 [61.265um 21.5um] [61.9um 21.5um] 0.29um rpD:0 bl:0 ---a-UC---T-----------tb-- [61.16um:62.005um] [61.16um:62.005um] 0.845um ------->
        <event:00000400 0:105:0.845um> &<id:974920 Horizontal n(27) Metal2 [29.265um 26um] [29.9um 26um] 0.29um rpD:0 bl:0 ---a-UC---T-----------tb-- [29.16um:30.005um] [29.16um:30.005um] 0.845um ------->
        <event:00000401 0:170.189:0.855um> &<id:973807 Horizontal abc_1402_new_n197 Metal2 [23.78um 50um] [24.425um 50um] 0.29um rpD:0 bl:0 ---a-UC---T-----------tb-- [23.675um:24.53um] [23.675um:24.53um] 0.855um ------->
        <event:00000402 0:106.077:0.855um> &<id:973298 Horizontal abc_1402_auto_rtlil_cc_2739_MuxGate_1391 Metal2 [58.26um 3.5um] [58.905um 3.5um] 0.29um rpD:0 bl:0 ---a-UC---T-----------tb-- [58.155um:59.01um] [58.155um:59.01um] 0.855um ------->
        <event:00000403 0:106.077:0.855um> &<id:974901 Horizontal n(26) Metal2 [34.29um 31.5um] [34.895um 31.5um] 0.29um rpD:0 bl:0 ---a-UC---T-----------tb-- [34.185um:35um] [34.145um:35um] 0.855um ------->
        <event:00000404 0:106.077:0.855um> &<id:975113 Horizontal n(16) Metal2 [26.27um 49.5um] [26.915um 49.5um] 0.29um rpD:0 bl:0 ---a-UC---T-----------tb-- [26.165um:27.02um] [26.165um:27.02um] 0.855um ------->
        <event:00000405 0:171.917:0.865um> &<id:974375 Horizontal abc_1402_new_n106 Metal2 [32.285um 65um] [32.94um 65um] 0.29um rpD:0 bl:0 ---a-UC---T-----------tb-- [32.18um:33.045um] [32.18um:33.045um] 0.865um ------->
        <event:00000406 0:139.536:0.865um> &<id:975265 Horizontal n(13) Metal2 [82.265um 49um] [82.92um 49um] 0.29um rpD:0 bl:0 ---a-UC---T-----------tb-- [82.16um:83.025um] [82.16um:83.025um] 0.865um ------->
        <event:00000407 0:107.154:0.865um> &<id:973983 Horizontal abc_1402_new_n161 Metal2 [41.255um 44um] [41.91um 44um] 0.29um rpD:0 bl:0 ---a-UC---T-----------tb-- [41.15um:42.015um] [41.15um:42.015um] 0.865um ------->
        <event:00000408 0:107.154:0.865um> &<id:973986 Horizontal abc_1402_new_n161 Metal2 [41.255um 49um] [41.91um 49um] 0.29um rpD:0 bl:0 ---a-UC---T-----------tb-- [41.15um:42.015um] [41.15um:42.015um] 0.865um ------->
        <event:00000409 0:173.645:0.875um> &<id:974128 Horizontal abc_1402_new_n145 Metal2 [67.775um 8.5um] [68.44um 8.5um] 0.29um rpD:0 bl:0 ---a-UC---T-----------tb-- [67.67um:68.545um] [67.67um:68.545um] 0.875um ------->
        <event:00000410 0:173.645:0.875um> &<id:974499 Horizontal abc_1402_new_n210 Metal2 [47.23um 42um] [47.895um 42um] 0.29um rpD:0 bl:0 ---a-UC---T-----------tb-- [47.125um:48um] [47.125um:48um] 0.875um ------->
        <event:00000411 0:173.645:0.875um> &<id:975246 Horizontal n(15) Metal2 [35.775um 61.5um] [36.44um 61.5um] 0.29um rpD:0 bl:0 ---a-UC---T-----------tb-- [35.67um:36.545um] [35.67um:36.545um] 0.875um ------->
        <event:00000412 0:108.231:0.875um> &<id:973281 Horizontal abc_1402_auto_rtlil_cc_2739_MuxGate_1383 Metal2 [38.25um 25.5um] [38.915um 25.5um] 0.29um rpD:0 bl:0 ---a-UC---T-----------tb-- [38.145um:39.02um] [38.145um:39.02um] 0.875um ------->
        <event:00000413 0:108.231:0.875um> &<id:973546 Horizontal n(6) Metal2 [61um 43um] [61.415um 43um] 0.29um rpD:0 bl:0 -----UC---T-----------tb-- [60.75um:61.625um] [60.75um:61.625um] 0.875um ------->
        <event:00000414 0:142.34:0.885um> &<id:974184 Horizontal abc_1402_new_n143 Metal2 [53.245um 14um] [53.92um 14um] 0.29um rpD:0 bl:0 ---a-UC---T-----------tb-- [53.14um:54.025um] [53.14um:54.025um] 0.885um ------->
        <event:00000415 0:110.385:0.895um> &<id:973262 Horizontal abc_1402_auto_rtlil_cc_2739_MuxGate_1375 Metal2 [4.04um 42.5um] [4.725um 42.5um] 0.29um rpD:0 bl:0 ---a-UC---T-----------bt-- [3.935um:4.83um] [3.935um:4.83um] 0.895um ------->
        <event:00000416 0:178.828:0.905um> &<id:974813 Horizontal abc_1402_new_n219 Metal2 [18.025um 36.5um] [18.72um 36.5um] 0.29um rpD:0 bl:0 ---a-UC---T-----------bt-- [17.92um:18.825um] [17.92um:18.825um] 0.905um ------->
        <event:00000417 0:145.145:0.905um> &<id:972832 Horizontal outputs(6) Metal2 [57.485um 19.5um] [58.18um 19.5um] 0.29um rpD:0 bl:0 ---a-UC---T-----------bt-- [57.38um:58.285um] [57.38um:58.285um] 0.905um ------->
        <event:00000418 0:111.462:0.905um> &<id:974502 Horizontal abc_1402_new_n212 Metal2 [30.785um 38um] [31.48um 38um] 0.29um rpD:0 bl:0 ---a-UC---T-----------tb-- [30.68um:31.585um] [30.68um:31.585um] 0.905um ------->
        <event:00000419 0:111.462:0.905um> &<id:975316 Horizontal n(11) Metal2 [74.245um 49um] [74.94um 49um] 0.29um rpD:0 bl:0 ---a-UC---T-----------tb-- [74.14um:75.045um] [74.14um:75.045um] 0.905um ------->
        <event:00000420 0:180.556:0.915um> &<id:973924 Horizontal abc_1402_new_n171 Metal2 [60.51um 59.5um] [61.215um 59.5um] 0.29um rpD:0 bl:0 ---a-UC---T-----------bt-- [60.405um:61.32um] [60.405um:61.32um] 0.915um ------->
        <event:00000421 0:146.547:0.915um> &<id:974033 Horizontal abc_1402_new_n160 Metal2 [59.755um 43um] [60.46um 43um] 0.29um rpD:0 bl:0 ---a-UC---T-----------tb-- [59.65um:60.565um] [59.65um:60.565um] 0.915um ------->
        <event:00000422 0:113.615:0.925um> &<id:975005 Horizontal n(23) Metal2 [33.73um 32.5um] [34.445um 32.5um] 0.29um rpD:0 bl:0 ---a-UC---T-----------tb-- [33.625um:34.55um] [33.625um:34.55um] 0.925um ------->
        <event:00000423 0:113.615:0.925um> &<id:974851 Horizontal n(19) Metal2 [33.73um 60um] [34.445um 60um] 0.29um rpD:0 bl:0 ---a-UC---T-----------tb-- [33.625um:34.55um] [33.625um:34.55um] 0.925um ------->
        <event:00000424 0:113.615:0.925um> &<id:974015 Horizontal abc_1402_new_n160 Metal2 [42.775um 65.5um] [43.49um 65.5um] 0.29um rpD:0 bl:0 ---a-UC---T-----------tb-- [42.67um:43.595um] [42.67um:43.595um] 0.925um ------->
        <event:00000425 0:184.012:0.935um> &<id:974141 Horizontal abc_1402_new_n144 Metal2 [39.745um 10um] [40.47um 10um] 0.29um rpD:0 bl:0 ---a-UC---T-----------tb-- [39.64um:40.575um] [39.64um:40.575um] 0.935um ------->
        <event:00000426 0:184.012:0.935um> &<id:974144 Horizontal abc_1402_new_n144 Metal2 [39.745um 14.5um] [40.47um 14.5um] 0.29um rpD:0 bl:0 ---a-UC---T-----------tb-- [39.64um:40.575um] [39.64um:40.575um] 0.935um ------->
        <event:00000427 0:184.012:0.935um> &<id:974171 Horizontal abc_1402_new_n144 Metal2 [71.745um 19um] [72.47um 19um] 0.29um rpD:0 bl:0 ---a-UC---T-----------tb-- [71.64um:72.575um] [71.64um:72.575um] 0.935um ------->
        <event:00000428 0:184.012:0.935um> &<id:973602 Horizontal n(7) Metal2 [60.525um 49um] [61um 49um] 0.29um rpD:0 bl:0 -----UC---T-----------bt-- [60.315um:61.25um] [60.315um:61.25um] 0.935um ------->
        <event:00000429 0:149.352:0.935um> &<id:973720 Horizontal init Metal2 [47.525um 9um] [48um 9um] 0.29um rpD:0 bl:0 -----UC---T-----------bt-- [47.315um:48.25um] [47.315um:48.25um] 0.935um ------->
        <event:00000430 0:185.74:0.945um> &<id:973328 Horizontal abc_1402_new_n99 Metal2 [20.495um 33um] [21.23um 33um] 0.29um rpD:0 bl:0 ---a-UC---T-----------bt-- [20.39um:21.335um] [20.39um:21.335um] 0.945um ------->
        <event:00000431 0:185.74:0.945um> &<id:974402 Horizontal abc_1402_new_n113 Metal2 [84.495um 44.5um] [85.23um 44.5um] 0.29um rpD:0 bl:0 ---a-UC---T-----------bt-- [84.39um:85.335um] [84.39um:85.335um] 0.945um ------->
        <event:00000432 0:185.74:0.945um> &<id:974470 Horizontal abc_1402_new_n206 Metal2 [45.79um 59.5um] [46.525um 59.5um] 0.29um rpD:0 bl:0 ---a-UC---T-----------tb-- [45.685um:46.63um] [45.685um:46.63um] 0.945um ------->
        <event:00000433 0:185.74:0.945um> &<id:974707 Horizontal abc_1402_new_n178 Metal2 [77.79um 59.5um] [78.525um 59.5um] 0.29um rpD:0 bl:0 ---a-UC---T-----------tb-- [77.685um:78.63um] [77.685um:78.63um] 0.945um ------->
        <event:00000434 0:185.74:0.945um> &<id:973901 Horizontal abc_1402_new_n175 Metal2 [81um 65um] [81.485um 65um] 0.29um rpD:0 bl:0 -----UC---T-----------tb-- [80.75um:81.695um] [80.75um:81.695um] 0.945um ------->
        <event:00000435 0:116.308:0.95um> &<id:974010 Horizontal abc_1402_new_n160 Metal2 [42.775um 54.5um] [43.49um 54.5um] 0.29um rpD:0 bl:0 ---a-UC---T-----------tb-- [42.67um:43.595um] [42.645um:43.595um] 0.95um ------->
        <event:00000436 0:187.467:0.955um> &<id:973331 Horizontal abc_1402_new_n99 Metal2 [20.45um 36.5um] [21.195um 36.5um] 0.29um rpD:0 bl:0 ---a-UC---T-----------bt-- [20.345um:21.3um] [20.345um:21.3um] 0.955um ------->
        <event:00000437 0:187.467:0.955um> &<id:974878 Horizontal n(24) Metal2 [28.77um 43um] [29.515um 43um] 0.29um rpD:0 bl:0 ---a-UC---T-----------tb-- [28.665um:29.62um] [28.665um:29.62um] 0.955um ------->
        <event:00000438 0:187.467:0.955um> &<id:974405 Horizontal abc_1402_new_n113 Metal2 [84.45um 59.5um] [85.195um 59.5um] 0.29um rpD:0 bl:0 ---a-UC---T-----------bt-- [84.345um:85.3um] [84.345um:85.3um] 0.955um ------->
        <event:00000439 0:116.846:0.955um> &<id:973084 Horizontal abc_1402_auto_rtlil_cc_2739_MuxGate_1349 Metal2 [79.505um 38um] [80um 38um] 0.29um rpD:0 bl:0 -----UC---T-----------bt-- [79.295um:80.25um] [79.295um:80.25um] 0.955um ------->
        <event:00000440 0:189.195:0.965um> &<id:974265 Horizontal abc_1402_new_n134 Metal2 [57.78um 30.5um] [58.535um 30.5um] 0.29um rpD:0 bl:0 ---a-UC---T-----------tb-- [57.675um:58.64um] [57.675um:58.64um] 0.965um ------->
        <event:00000441 0:189.195:0.965um> &<id:974290 Horizontal abc_1402_new_n132 Metal2 [57.78um 42um] [58.535um 42um] 0.29um rpD:0 bl:0 ---a-UC---T-----------tb-- [57.675um:58.64um] [57.675um:58.64um] 0.965um ------->
        <event:00000442 0:153.559:0.965um> &<id:974343 Horizontal abc_1402_new_n101 Metal2 [11.73um 42.5um] [12.485um 42.5um] 0.29um rpD:0 bl:0 ---a-UC---T-----------tb-- [11.625um:12.59um] [11.625um:12.59um] 0.965um ------->
        <event:00000443 0:117.923:0.965um> &<id:973500 Horizontal n(9) Metal2 [66.755um 48.5um] [67.51um 48.5um] 0.29um rpD:0 bl:0 ---a-UC---T-----------tb-- [66.65um:67.615um] [66.65um:67.615um] 0.965um ------->
        <event:00000444 0:117.923:0.965um> &<id:973134 Horizontal abc_1402_auto_rtlil_cc_2739_MuxGate_1361 Metal2 [35um 65.5um] [35.505um 65.5um] 0.29um rpD:0 bl:0 -----UC---T-----------tb-- [34.75um:35.715um] [34.75um:35.715um] 0.965um ------->
        <event:00000445 0:154.962:0.975um> &<id:973137 Horizontal abc_1402_auto_rtlil_cc_2739_MuxGate_1357 Metal2 [3um 61um] [3.515um 61um] 0.29um rpD:0 bl:0 -----UC---T-----------tb-- [2.75um:3.725um] [2.75um:3.725um] 0.975um ------->
        <event:00000446 0:119:0.975um> &<id:975124 Horizontal n(16) Metal2 [22.5um 55.5um] [23.015um 55.5um] 0.29um rpD:0 bl:0 -----UC---T-----------tb-- [22.25um:23.225um] [22.25um:23.225um] 0.975um ------->
        <event:00000447 0:192.651:0.985um> &<id:975137 Horizontal n(16) Metal2 [16um 65um] [16.525um 65um] 0.29um rpD:0 bl:0 -----UC---T-----------tb-- [15.75um:16.735um] [15.75um:16.735um] 0.985um ------->
        <event:00000448 0:194.379:0.995um> &<id:974563 Horizontal abc_1402_new_n230 Metal2 [44um 4um] [44.535um 4um] 0.29um rpD:0 bl:0 -----UC---T-----------tb-- [43.75um:44.745um] [43.75um:44.745um] 0.995um ------->
        <event:00000449 0:196.107:1.005um> &<id:974168 Horizontal abc_1402_new_n144 Metal2 [71.455um 10um] [72um 10um] 0.29um rpD:0 bl:0 -----UC---T-----------bt-- [71.245um:72.25um] [71.245um:72.25um] 1.005um ------->
        <event:00000450 0:197.834:1.015um> &<id:975260 Horizontal n(13) Metal2 [84.5um 49um] [85.055um 49um] 0.29um rpD:0 bl:0 -----UC---T-----------tb-- [84.25um:85.265um] [84.25um:85.265um] 1.015um ------->
        <event:00000451 0:160.571:1.015um> &<id:973607 Horizontal n(7) Metal2 [68.5um 49um] [69.055um 49um] 0.29um rpD:0 bl:0 -----UC---T-----------tb-- [68.25um:69.265um] [68.25um:69.265um] 1.015um ------->
        <event:00000452 0:199.562:1.025um> &<id:974396 Horizontal abc_1402_new_n112 Metal2 [85um 50um] [85.565um 50um] 0.29um rpD:0 bl:0 -----UC---T-----------tb-- [84.75um:85.775um] [84.75um:85.775um] 1.025um ------->
        <event:00000453 0:162.675:1.03um> &<id:974005 Horizontal abc_1402_new_n160 Metal2 [43.24um 49um] [43.675um 49um] 0.29um rpD:0 bl:0 ---a-UC---T-----------bt-- [43.135um:43.78um] [42.75um:43.78um] 1.03um ------->
        <event:00000454 0:163.376:1.035um> &<id:973710 Horizontal init Metal2 [53.925um 9um] [54.5um 9um] 0.29um rpD:0 bl:0 -----UC---T-----------bt-- [53.715um:54.75um] [53.715um:54.75um] 1.035um ------->
        <event:00000455 0:203.018:1.045um> &<id:973016 Horizontal clk_root_0 Metal2 [18.5um 4um] [19.085um 4um] 0.29um rpD:0 bl:0 -----UC---T-----------tb-- [18.25um:19.295um] [18.25um:19.295um] 1.045um ------->
        <event:00000456 0:203.018:1.045um> &<id:974062 Horizontal abc_1402_new_n156 Metal2 [18.5um 25um] [19.085um 25um] 0.29um rpD:0 bl:0 -----UC---T-----------tb-- [18.25um:19.295um] [18.25um:19.295um] 1.045um ------->
        <event:00000457 0:203.018:1.045um> &<id:972952 Horizontal clk_root_1 Metal2 [50.5um 36.5um] [51.085um 36.5um] 0.29um rpD:0 bl:0 -----UC---T-----------tb-- [50.25um:51.295um] [50.25um:51.295um] 1.045um ------->
        <event:00000458 0:203.018:1.045um> &<id:972875 Horizontal clk_root_2 Metal2 [23um 43um] [23.085um 43um] 0.29um rpD:0 bl:0 -----UC---T-----------tb-- [22.75um:23.295um] [22.25um:23.295um] 1.045um ------->
        <event:00000459 0:211.657:1.095um> &<id:974623 Horizontal abc_1402_new_n246 Metal2 [61.5um 25um] [62.135um 25um] 0.29um rpD:0 bl:0 -----UC---T-----------tb-- [61.25um:62.345um] [61.25um:62.345um] 1.095um ------->
        <event:00000460 0:213.385:1.105um> &<id:973115 Horizontal abc_1402_auto_rtlil_cc_2739_MuxGate_1389 Metal2 [50um 7.5um] [50.645um 7.5um] 0.29um rpD:0 bl:0 -----UC---T-----------tb-- [49.75um:50.855um] [49.75um:50.855um] 1.105um ------->
        <event:00000461 0:213.385:1.105um> &<id:975179 Horizontal n(17) Metal2 [21.855um 65um] [22.5um 65um] 0.29um rpD:0 bl:0 -----UC---T-----------bt-- [21.645um:22.75um] [21.645um:22.75um] 1.105um ------->
        <event:00000462 0:215.112:1.115um> &<id:973301 Horizontal abc_1402_auto_rtlil_cc_2739_MuxGate_1391 Metal2 [57.845um 7.5um] [58.5um 7.5um] 0.29um rpD:0 bl:0 -----UC---T-----------bt-- [57.635um:58.75um] [57.635um:58.75um] 1.115um ------->
        <event:00000463 0:215.112:1.115um> &<id:974239 Horizontal abc_1402_new_n137 Metal2 [50.5um 30.5um] [51.155um 30.5um] 0.29um rpD:0 bl:0 -----UC---T-----------tb-- [50.25um:51.365um] [50.25um:51.365um] 1.115um ------->
        <event:00000464 0:175.997:1.125um> &<id:972849 Horizontal outputs(4) Metal2 [65.73um 14um] [66.445um 14um] 0.29um rpD:0 bl:0 ---a-UC---T-----------tb-- [65.625um:66.55um] [65.625um:66.75um] 1.125um ------->
        <event:00000465 0:220.296:1.145um> &<id:974461 Horizontal abc_1402_new_n205 Metal2 [48um 44.5um] [48.685um 44.5um] 0.29um rpD:0 bl:0 -----UC---T-----------tb-- [47.75um:48.895um] [47.75um:48.895um] 1.145um ------->
        <event:00000466 0:181.607:1.165um> &<id:975029 Horizontal n(23) Metal2 [49um 32.5um] [49.705um 32.5um] 0.29um rpD:0 bl:0 -----UC---T-----------tb-- [48.75um:49.915um] [48.75um:49.915um] 1.165um ------->
        <event:00000467 0:225.479:1.175um> &<id:973786 Horizontal mem_inputs(7) Metal2 [34.285um 7.5um] [35um 7.5um] 0.29um rpD:0 bl:0 -----UC---T-----------bt-- [34.075um:35.25um] [34.075um:35.25um] 1.175um ------->
        <event:00000468 0:225.479:1.175um> &<id:973032 Horizontal clk_root_0 Metal2 [2.285um 31.5um] [3um 31.5um] 0.29um rpD:0 bl:0 -----UC---T-----------bt-- [2.075um:3.25um] [2.075um:3.25um] 1.175um ------->
        <event:00000469 0:225.479:1.175um> &<id:972925 Horizontal clk_root_2 Metal2 [2.285um 49um] [3um 49um] 0.29um rpD:0 bl:0 -----UC---T-----------bt-- [2.075um:3.25um] [2.075um:3.25um] 1.175um ------->
        <event:00000470 0:141.615:1.185um> &<id:973740 Horizontal init Metal2 [42um 19.5um] [42.725um 19.5um] 0.29um rpD:0 bl:0 -----UC---T-----------tb-- [41.75um:42.935um] [41.75um:42.935um] 1.185um ------->
        <event:00000471 0:230.663:1.205um> &<id:973968 Horizontal abc_1402_new_n167 Metal2 [67.5um 48um] [68.245um 48um] 0.29um rpD:0 bl:0 -----UC---T-----------tb-- [67.25um:68.455um] [67.25um:68.455um] 1.205um ------->
        <event:00000472 0:237.574:1.245um> &<id:973008 Horizontal clk_root_1 Metal2 [78um 37.5um] [78.285um 37.5um] 0.29um rpD:0 bl:0 -----UC---T-----------tb-- [77.75um:78.495um] [77.25um:78.495um] 1.245um ------->
        <event:00000473 0:237.574:1.245um> &<id:972917 Horizontal clk_root_2 Metal2 [9.5um 66um] [10.285um 66um] 0.29um rpD:0 bl:0 -----UC---T-----------tb-- [9.25um:10.495um] [9.25um:10.495um] 1.245um ------->
        <event:00000474 0:192.825:1.245um> &<id:973209 Horizontal abc_1402_auto_rtlil_cc_2739_MuxGate_1331 Metal2 [14.715um 25um] [15.5um 25um] 0.29um rpD:0 bl:0 -----UC---T-----------bt-- [14.505um:15.75um] [14.505um:15.75um] 1.245um ------->
        <event:00000475 0:148.077:1.245um> &<id:973553 Horizontal n(6) Metal2 [46.215um 43um] [47um 43um] 0.29um rpD:0 bl:0 -----UC---T-----------bt-- [46.005um:47.25um] [46.005um:47.25um] 1.245um ------->
        <event:00000476 0:239.302:1.255um> &<id:974356 Horizontal abc_1402_new_n103 Metal2 [34.205um 42um] [35um 42um] 0.29um rpD:0 bl:0 -----UC---T-----------bt-- [33.995um:35.25um] [33.995um:35.25um] 1.255um ------->
        <event:00000477 0:149.154:1.255um> &<id:973670 Horizontal n(2) Metal2 [25.705um 20um] [26um 20um] 0.29um rpD:0 bl:0 -----UC---T-----------bt-- [25.495um:26.25um] [25.495um:26.75um] 1.255um ------->
        <event:00000478 0:149.154:1.255um> &<id:973182 Horizontal abc_1402_auto_rtlil_cc_2739_MuxGate_1341 Metal2 [70.705um 38um] [71.5um 38um] 0.29um rpD:0 bl:0 -----UC---T-----------bt-- [70.495um:71.75um] [70.495um:71.75um] 1.255um ------->
        <event:00000479 0:149.154:1.255um> &<id:974018 Horizontal abc_1402_new_n160 Metal2 [45.705um 43um] [46.5um 43um] 0.29um rpD:0 bl:0 -----UC---T-----------bt-- [45.495um:46.75um] [45.495um:46.75um] 1.255um ------->
        <event:00000480 0:155.615:1.315um> &<id:974453 Horizontal abc_1402_new_n204 Metal2 [45um 49um] [45.855um 49um] 0.29um rpD:0 bl:0 -----UC---T-----------tb-- [44.75um:46.065um] [44.75um:46.065um] 1.315um ------->
        <event:00000481 0:206.849:1.345um> &<id:972793 Horizontal outputs(1) Metal2 [72.615um 8um] [73.5um 8um] 0.29um rpD:0 bl:0 -----UC---T-----------bt-- [72.405um:73.75um] [72.405um:73.75um] 1.345um ------->
        <event:00000482 0:208.251:1.355um> &<id:974201 Horizontal abc_1402_new_n143 Metal2 [72.105um 10um] [73um 10um] 0.29um rpD:0 bl:0 -----UC---T-----------bt-- [71.895um:73.25um] [71.895um:73.25um] 1.355um ------->
        <event:00000483 0:263.491:1.395um> &<id:974447 Horizontal abc_1402_new_n203 Metal2 [34.065um 53.5um] [35um 53.5um] 0.29um rpD:0 bl:0 -----UC---T-----------bt-- [33.855um:35.25um] [33.855um:35.25um] 1.395um ------->
        <event:00000484 0:265.219:1.405um> &<id:974123 Horizontal abc_1402_new_n145 Metal2 [54.5um 19um] [55.445um 19um] 0.29um rpD:0 bl:0 -----UC---T-----------tb-- [54.25um:55.655um] [54.25um:55.655um] 1.405um ------->
        <event:00000485 0:215.263:1.405um> &<id:974101 Horizontal abc_1402_new_n145 Metal2 [45.055um 3.5um] [46um 3.5um] 0.29um rpD:0 bl:0 -----UC---T-----------bt-- [44.845um:46.25um] [44.845um:46.25um] 1.405um ------->
        <event:00000486 0:270.402:1.435um> &<id:974949 Horizontal n(29) Metal2 [8.525um 30.5um] [9.5um 30.5um] 0.29um rpD:0 bl:0 -----UC---T-----------bt-- [8.315um:9.75um] [8.315um:9.75um] 1.435um ------->
        <event:00000487 0:270.402:1.435um> &<id:975067 Horizontal n(20) Metal2 [8.525um 50um] [9.5um 50um] 0.29um rpD:0 bl:0 -----UC---T-----------bt-- [8.315um:9.75um] [8.315um:9.75um] 1.435um ------->
        <event:00000488 0:272.13:1.445um> &<id:972933 Horizontal clk_root_1 Metal2 [56.5um 4um] [57.485um 4um] 0.29um rpD:0 bl:0 -----UC---T-----------tb-- [56.25um:57.695um] [56.25um:57.695um] 1.445um ------->
        <event:00000489 0:275.586:1.465um> &<id:974156 Horizontal abc_1402_new_n144 Metal2 [46.995um 19um] [48um 19um] 0.29um rpD:0 bl:0 -----UC---T-----------bt-- [46.785um:48.25um] [46.785um:48.25um] 1.465um ------->
        <event:00000490 0:281.633:1.5um> &<id:972976 Horizontal clk_root_1 Metal2 [69.485um 37.5um] [69.5um 37.5um] 0.29um rpD:0 bl:0 -----UC---T-----------bt-- [69.25um:69.75um] [68.25um:69.75um] 1.5um ------->
        <event:00000491 0:284.225:1.515um> &<id:974588 Horizontal abc_1402_new_n235 Metal2 [48um 7.5um] [49.055um 7.5um] 0.29um rpD:0 bl:0 -----UC---T-----------tb-- [47.75um:49.265um] [47.75um:49.265um] 1.515um ------->
        <event:00000492 0:284.225:1.515um> &<id:974149 Horizontal abc_1402_new_n144 Metal2 [48um 14.5um] [49.055um 14.5um] 0.29um rpD:0 bl:0 -----UC---T-----------tb-- [47.75um:49.265um] [47.75um:49.265um] 1.515um ------->
        <event:00000493 0:284.225:1.515um> &<id:975032 Horizontal n(22) Metal2 [48um 33um] [49.055um 33um] 0.29um rpD:0 bl:0 -----UC---T-----------tb-- [47.75um:49.265um] [47.75um:49.265um] 1.515um ------->
        <event:00000494 0:284.225:1.515um> &<id:973810 Horizontal abc_1402_new_n197 Metal2 [24um 54.5um] [25.055um 54.5um] 0.29um rpD:0 bl:0 -----UC---T-----------tb-- [23.75um:25.265um] [23.75um:25.265um] 1.515um ------->
        <event:00000495 0:285.089:1.52um> &<id:974569 Horizontal abc_1402_new_n231 Metal2 [42.355um 8.5um] [43.455um 8.5um] 0.29um rpD:0 bl:0 -----UC---T-----------bb-- [42.145um:43.665um] [42.145um:43.665um] 1.52um ------->
        <event:00000496 0:180.385:1.545um> &<id:973643 Horizontal n(5) Metal2 [21.415um 15um] [22.5um 15um] 0.29um rpD:0 bl:0 -----UC---T-----------bt-- [21.205um:22.75um] [21.205um:22.75um] 1.545um ------->
        <event:00000497 0:181.462:1.555um> &<id:973140 Horizontal abc_1402_auto_rtlil_cc_2739_MuxGate_1357 Metal2 [1.905um 65.5um] [3um 65.5um] 0.29um rpD:0 bl:0 -----UC---T-----------bt-- [1.695um:3.25um] [1.695um:3.25um] 1.555um ------->
        <event:00000498 0:237.701:1.565um> &<id:973404 Horizontal abc_1402_new_n94 Metal2 [67um 25.5um] [68.105um 25.5um] 0.29um rpD:0 bl:0 -----UC---T-----------tb-- [66.75um:68.315um] [66.75um:68.315um] 1.565um ------->
        <event:00000499 0:294.592:1.575um> &<id:972965 Horizontal clk_root_1 Metal2 [59.885um 36.5um] [61um 36.5um] 0.29um rpD:0 bl:0 -----UC---T-----------bt-- [59.675um:61.25um] [59.675um:61.25um] 1.575um ------->
        <event:00000500 0:301.503:1.615um> &<id:974575 Horizontal abc_1402_new_n233 Metal2 [50um 13.5um] [51.155um 13.5um] 0.29um rpD:0 bl:0 -----UC---T-----------tb-- [49.75um:51.365um] [49.75um:51.365um] 1.615um ------->
        <event:00000501 0:301.503:1.615um> &<id:975298 Horizontal n(10) Metal2 [81.5um 44.5um] [82.655um 44.5um] 0.29um rpD:0 bl:0 -----UC---T-----------tb-- [81.25um:82.865um] [81.25um:82.865um] 1.615um ------->
        <event:00000502 0:303.231:1.625um> &<id:974278 Horizontal abc_1402_new_n133 Metal2 [54.5um 30.5um] [55.665um 30.5um] 0.29um rpD:0 bl:0 -----UC---T-----------tb-- [54.25um:55.875um] [54.25um:55.875um] 1.625um ------->
        <event:00000503 0:308.414:1.655um> &<id:974399 Horizontal abc_1402_new_n112 Metal2 [83.805um 65um] [85um 65um] 0.29um rpD:0 bl:0 -----UC---T-----------bt-- [83.595um:85.25um] [83.595um:85.25um] 1.655um ------->
        <event:00000504 0:318.781:1.715um> &<id:974832 Horizontal abc_1402_new_n239 Metal2 [55um 10um] [56.255um 10um] 0.29um rpD:0 bl:0 -----UC---T-----------tb-- [54.75um:56.465um] [54.75um:56.465um] 1.715um ------->
        <event:00000505 0:318.781:1.715um> &<id:974191 Horizontal abc_1402_new_n143 Metal2 [52.245um 19um] [53.5um 19um] 0.29um rpD:0 bl:0 -----UC---T-----------bt-- [52.035um:53.75um] [52.035um:53.75um] 1.715um ------->
        <event:00000506 0:200.846:1.735um> &<id:975035 Horizontal n(22) Metal2 [46.725um 43um] [48um 43um] 0.29um rpD:0 bl:0 -----UC---T-----------bt-- [46.515um:48.25um] [46.515um:48.25um] 1.735um ------->
        <event:00000507 0:323.965:1.745um> &<id:972994 Horizontal clk_root_1 Metal2 [78um 14.5um] [78.285um 14.5um] 0.29um rpD:0 bl:0 -----UC---T-----------tb-- [77.75um:78.495um] [76.75um:78.495um] 1.745um ------->
        <event:00000508 0:264.346:1.755um> &<id:973349 Horizontal abc_1402_new_n95 Metal2 [45.705um 3.5um] [47um 3.5um] 0.29um rpD:0 bl:0 -----UC---T-----------bt-- [45.495um:47.25um] [45.495um:47.25um] 1.755um ------->
        <event:00000509 0:329.148:1.775um> &<id:974083 Horizontal abc_1402_new_n151 Metal2 [0.685um 21.5um] [2um 21.5um] 0.29um rpD:0 bl:0 -----UC---T-----------bt-- [0.475um:2.25um] [0.475um:2.25um] 1.775um ------->
        <event:00000510 0:336.059:1.815um> &<id:974611 Horizontal abc_1402_new_n243 Metal2 [68.5um 21.5um] [69.855um 21.5um] 0.29um rpD:0 bl:0 -----UC---T-----------tb-- [68.25um:70.065um] [68.25um:70.065um] 1.815um ------->
        <event:00000511 0:213.769:1.855um> &<id:973235 Horizontal abc_1402_auto_rtlil_cc_2739_MuxGate_1365 Metal2 [21.105um 60um] [22.5um 60um] 0.29um rpD:0 bl:0 -----UC---T-----------bt-- [20.895um:22.75um] [20.895um:22.75um] 1.855um ------->
        <event:00000512 0:15.3077:1.86um> &<id:972762 Horizontal outputs(3) Metal2 [85um 22um] [86.4um 22um] 0.29um rpD:0 bl:0 -----UC---T-----------t--- [84.75um:86.61um] [84.75um:86.61um] 1.86um ------->
        <event:00000513 0:15.3077:1.86um> &<id:972864 Horizontal outputs(4) Metal2 [85um 33um] [86.4um 33um] 0.29um rpD:0 bl:0 -----UC---T-----------t--- [84.75um:86.61um] [84.75um:86.61um] 1.86um ------->
        <event:00000514 0:214.846:1.865um> &<id:971263 Horizontal n(1) Metal2 [31.5um 14um] [32.905um 14um] 0.29um rpD:0 bl:0 -----UCG--T-----------tb-- [31.25um:33.115um] [31.25um:33.115um] 1.865um ------->
        <event:00000515 0:281.876:1.88um> &<id:974664 Horizontal abc_1402_new_n199 Metal2 [26.645um 54.5um] [28.105um 54.5um] 0.29um rpD:0 bl:0 -----UC---T-----------bb-- [26.435um:28.315um] [26.435um:28.315um] 1.88um ------->
        <event:00000516 0:351.609:1.905um> &<id:974898 Horizontal n(26) Metal2 [33.055um 27um] [34.5um 27um] 0.29um rpD:0 bl:0 -----UC---T-----------bt-- [32.845um:34.75um] [32.845um:34.75um] 1.905um ------->
        <event:00000517 0:356.793:1.935um> &<id:973630 Horizontal n(4) Metal2 [20.525um 20um] [22um 20um] 0.29um rpD:0 bl:0 -----UC---T-----------bt-- [20.315um:22.25um] [20.315um:22.25um] 1.935um ------->
        <event:00000518 0:358.521:1.945um> &<id:973074 Horizontal clk_root_0 Metal2 [24um 10um] [25.485um 10um] 0.29um rpD:0 bl:0 -----UC---T-----------tb-- [23.75um:25.695um] [23.75um:25.695um] 1.945um ------->
        <event:00000519 0:359.385:1.95um> &<id:973895 Horizontal abc_1402_new_n180 Metal2 [59.155um 54.5um] [60.685um 54.5um] 0.29um rpD:0 bl:0 -----UC---T-----------bb-- [58.945um:60.895um] [58.945um:60.895um] 1.95um ------->
        <event:00000520 0:229.385:2um> &<id:974025 Horizontal abc_1402_new_n160 Metal2 [46.5um 49um] [46.505um 49um] 0.29um rpD:0 bl:0 -----UC---T-----------tb-- [46.25um:46.75um] [46.25um:48.25um] 2um ------->
        <event:00000521 0:300.808:2.015um> &<id:975110 Horizontal n(18) Metal2 [39.5um 60um] [41.055um 60um] 0.29um rpD:0 bl:0 -----UC---T-----------tb-- [39.25um:41.265um] [39.25um:41.265um] 2.015um ------->
        <event:00000522 0:301.509:2.02um> &<id:971754 Horizontal abc_1402_new_n94 Metal2 [56.105um 25.5um] [57.705um 25.5um] 0.29um rpD:0 bl:0 -----UCG--T------------b-- [55.895um:57.915um] [55.895um:57.915um] 2.02um ------->
        <event:00000523 0:302.911:2.03um> &<id:973818 Horizontal abc_1402_new_n196 Metal2 [21.045um 49um] [22.655um 49um] 0.29um rpD:0 bl:0 -----UC---T-----------bb-- [20.835um:22.865um] [20.835um:22.865um] 2.03um ------->
        <event:00000524 0:375.799:2.045um> &<id:972912 Horizontal clk_root_2 Metal2 [9.5um 50um] [11.085um 50um] 0.29um rpD:0 bl:0 -----UC---T-----------tb-- [9.25um:11.295um] [9.25um:11.295um] 2.045um ------->
        <event:00000525 0:306.417:2.055um> &<id:974234 Horizontal abc_1402_new_n137 Metal2 [48.905um 25.5um] [50.5um 25.5um] 0.29um rpD:0 bl:0 -----UC---T-----------bt-- [48.695um:50.75um] [48.695um:50.75um] 2.055um ------->
        <event:00000526 0:386.166:2.105um> &<id:973313 Horizontal abc_1402_auto_rtlil_cc_2739_MuxGate_1395 Metal2 [61um 19um] [62.645um 19um] 0.29um rpD:0 bl:0 -----UC---T-----------tb-- [60.75um:62.855um] [60.75um:62.855um] 2.105um ------->
        <event:00000527 0:389.621:2.125um> &<id:973340 Horizontal abc_1402_new_n97 Metal2 [29.5um 33um] [31.165um 33um] 0.29um rpD:0 bl:0 -----UC---T-----------tb-- [29.25um:31.375um] [29.25um:31.375um] 2.125um ------->
        <event:00000528 0:247.154:2.165um> &<id:974859 Horizontal n(19) Metal2 [40um 60.5um] [41.705um 60.5um] 0.29um rpD:0 bl:0 -----UC---T-----------tb-- [39.75um:41.915um] [39.75um:41.915um] 2.165um ------->
        <event:00000529 0:247.692:2.17um> &<id:975057 Horizontal n(21) Metal2 [36.105um 54.5um] [37.855um 54.5um] 0.29um rpD:0 bl:0 -----UC---T-----------bb-- [35.895um:38.065um] [35.895um:38.065um] 2.17um ------->
        <event:00000530 0:398.26:2.175um> &<id:973022 Horizontal clk_root_0 Metal2 [14.285um 20um] [16um 20um] 0.29um rpD:0 bl:0 -----UC---T-----------bt-- [14.075um:16.25um] [14.075um:16.25um] 2.175um ------->
        <event:00000531 0:398.26:2.175um> &<id:974069 Horizontal abc_1402_new_n154 Metal2 [14.285um 25um] [16um 25um] 0.29um rpD:0 bl:0 -----UC---T-----------bt-- [14.075um:16.25um] [14.075um:16.25um] 2.175um ------->
        <event:00000532 0:399.124:2.18um> &<id:974435 Horizontal abc_1402_new_n121 Metal2 [21.405um 26um] [23.165um 26um] 0.29um rpD:0 bl:0 -----UC---T-----------bb-- [21.195um:23.375um] [21.195um:23.375um] 2.18um ------->
        <event:00000533 0:249.308:2.185um> &<id:974955 Horizontal n(28) Metal2 [29um 26um] [30.725um 26um] 0.29um rpD:0 bl:0 -----UC---T-----------tb-- [28.75um:30.935um] [28.75um:30.935um] 2.185um ------->
        <event:00000534 0:403.444:2.205um> &<id:971679 Horizontal abc_1402_new_n132 Metal2 [56.255um 33um] [58um 33um] 0.29um rpD:0 bl:0 -----UCG--T-----------bt-- [56.045um:58.25um] [56.045um:58.25um] 2.205um ------->
        <event:00000535 0:410.355:2.245um> &<id:974529 Horizontal abc_1402_new_n217 Metal2 [20.5um 38.5um] [22.285um 38.5um] 0.29um rpD:0 bl:0 -----UC---T-----------tb-- [20.25um:22.495um] [20.25um:22.495um] 2.245um ------->
        <event:00000536 0:413.811:2.265um> &<id:973255 Horizontal abc_1402_auto_rtlil_cc_2739_MuxGate_1373 Metal2 [14.195um 42um] [16um 42um] 0.29um rpD:0 bl:0 -----UC---T-----------bt-- [13.985um:16.25um] [13.985um:16.25um] 2.265um ------->
        <event:00000537 0:267.615:2.355um> &<id:974844 Horizontal n(19) Metal2 [32.105um 54.5um] [34um 54.5um] 0.29um rpD:0 bl:0 -----UC---T-----------bt-- [31.895um:34.25um] [31.895um:34.25um] 2.355um ------->
        <event:00000538 0:19.1538:2.36um> &<id:972767 Horizontal outputs(2) Metal2 [84.5um 11um] [86.4um 11um] 0.29um rpD:0 bl:0 -----UC---T-----------t--- [84.25um:86.61um] [84.25um:86.61um] 2.36um ------->
        <event:00000539 0:351.293:2.375um> &<id:973087 Horizontal abc_1402_auto_rtlil_cc_2739_MuxGate_1349 Metal2 [80um 65.5um] [81.915um 65.5um] 0.29um rpD:0 bl:0 -----UC---T-----------tb-- [79.75um:82.125um] [79.75um:82.125um] 2.375um ------->
        <event:00000540 0:269.769:2.375um> &<id:973635 Horizontal n(4) Metal2 [27.5um 20um] [29.415um 20um] 0.29um rpD:0 bl:0 -----UC---T-----------tb-- [27.25um:29.625um] [27.25um:29.625um] 2.375um ------->
        <event:00000541 0:361.109:2.445um> &<id:973143 Horizontal abc_1402_auto_rtlil_cc_2739_MuxGate_1355 Metal2 [7.515um 61um] [9.5um 61um] 0.29um rpD:0 bl:0 -----UC---T-----------bt-- [7.305um:9.75um] [7.305um:9.75um] 2.445um ------->
        <event:00000542 0:432.178:2.46um> &<id:970767 Horizontal n(6) Metal2 [43.815um 66um] [45.855um 66um] 0.29um rpD:0 bl:0 -----UCG--T------------b-- [43.605um:46.065um] [43.605um:46.065um] 2.46um ------->
        <event:00000543 0:4.23077:0.42um> &<id:973583 Vertical n(6) Metal2 [43.815um 67um] [43.815um 67.5um] 0.21um rpD:0 bl:0 -X---UC---TD---------Pb--- [66.5801um:67.92um] [43.605um:44.025um] 0.42um P------>
        <event:00000544 0:278.923:2.46um> &<id:973452 Horizontal n(0) Metal2 [41.415um 14um] [43.455um 14um] 0.29um rpD:0 bl:0 -----UC---T-----------bb-- [41.205um:43.665um] [41.205um:43.665um] 2.46um ------->
        <event:00000545 4:278.923:2.46um> &<id:973452 Horizontal n(0) Metal2 [41.415um 14um] [43.455um 14um] 0.29um rpD:0 bl:0 -----UC---T-----------bb-- [41.205um:43.665um] [41.205um:43.665um] 2.46um ------->
        <event:00000546 3:1405.44:4.5um> &<id:971363 Vertical abc_1402_new_n143 Metal3 [41um 10um] [41um 13.5um] 0.29um rpD:1 bl:0 -----UCG----W---------bb-- [9.75um:13.75um] [9.75um:14.25um] 4.5um ------->
        <event:00000547 0:126.914:0.775um> &<id:974177 Horizontal abc_1402_new_n143 Metal2 [40.65um 14um] [41.215um 14um] 0.29um rpD:0 bl:0 ---a-UC---T-----------bt-- [40.545um:41.32um] [40.545um:41.32um] 0.775um ------->
        <event:00000548 0:448.367:2.465um> &<id:974384 Horizontal abc_1402_new_n110 Metal2 [61um 56um] [63.005um 56um] 0.29um rpD:0 bl:0 -----UC---T-----------tb-- [60.75um:63.215um] [60.75um:63.215um] 2.465um ------->
        <event:00000549 0:279.462:2.465um> &<id:973146 Horizontal abc_1402_auto_rtlil_cc_2739_MuxGate_1355 Metal2 [9.5um 65.5um] [11.505um 65.5um] 0.29um rpD:0 bl:0 -----UC---T-----------tb-- [9.25um:11.715um] [9.25um:11.715um] 2.465um ------->
        <event:00000550 0:370.926:2.515um> &<id:974444 Horizontal abc_1402_new_n203 Metal2 [35um 50um] [37.055um 50um] 0.29um rpD:0 bl:0 -----UC---T-----------tb-- [34.75um:37.265um] [34.75um:37.265um] 2.515um ------->
        <event:00000551 0:463.053:2.55um> &<id:971234 Horizontal n(27) Metal2 [18.125um 31.5um] [20.255um 31.5um] 0.29um rpD:0 bl:0 -----UCG--T------------b-- [17.915um:20.465um] [17.915um:20.465um] 2.55um ------->
        <event:00000552 0:376.535:2.555um> &<id:973799 Horizontal mem_inputs(6) Metal2 [52.905um 9um] [55um 9um] 0.29um rpD:0 bl:0 -----UC---T-----------bt-- [52.695um:55.25um] [52.695um:55.25um] 2.555um ------->
        <event:00000553 0:289.154:2.555um> &<id:973659 Horizontal n(2) Metal2 [0.905um 25.5um] [3um 25.5um] 0.29um rpD:0 bl:0 -----UC---T-----------bt-- [0.695um:3.25um] [0.695um:3.25um] 2.555um ------->
        <event:00000554 0:379.34:2.575um> &<id:973222 Horizontal abc_1402_auto_rtlil_cc_2739_MuxGate_1325 Metal2 [35um 13.5um] [37.115um 13.5um] 0.29um rpD:0 bl:0 -----UC---T-----------tb-- [34.75um:37.325um] [34.75um:37.325um] 2.575um ------->
        <event:00000555 0:380.743:2.585um> &<id:973533 Horizontal n(6) Metal2 [67um 44.5um] [69.125um 44.5um] 0.29um rpD:0 bl:0 -----UC---T-----------tb-- [66.75um:69.335um] [66.75um:69.335um] 2.585um ------->
        <event:00000556 0:472.556:2.605um> &<id:975130 Horizontal n(16) Metal2 [13.855um 60.5um] [16um 60.5um] 0.29um rpD:0 bl:0 -----UC---T-----------bt-- [13.645um:16.25um] [13.645um:16.25um] 2.605um ------->
        <event:00000557 0:299.923:2.655um> &<id:974925 Horizontal n(27) Metal2 [27.305um 31.5um] [29.5um 31.5um] 0.29um rpD:0 bl:0 -----UC---T-----------bt-- [27.095um:29.75um] [27.095um:29.75um] 2.655um ------->
        <event:00000558 0:301:2.665um> &<id:972218 Horizontal abc_1402_new_n210 Metal2 [31.5um 32.5um] [33.705um 32.5um] 0.29um rpD:0 bl:0 -----UCG--T-----------tb-- [31.25um:33.915um] [31.25um:33.915um] 2.665um ------->
        <event:00000559 0:486.379:2.685um> &<id:974978 Horizontal n(30) Metal2 [41.5um 26um] [43.725um 26um] 0.29um rpD:0 bl:0 -----UC---T-----------tb-- [41.25um:43.935um] [41.25um:43.935um] 2.685um ------->
        <event:00000560 0:489.834:2.705um> &<id:974109 Horizontal abc_1402_new_n145 Metal2 [52.255um 8.5um] [54.5um 8.5um] 0.29um rpD:0 bl:0 -----UC---T-----------bt-- [52.045um:54.75um] [52.045um:54.75um] 2.705um ------->
        <event:00000561 0:397.571:2.705um> &<id:973460 Horizontal n(3) Metal2 [20.255um 15.5um] [22.5um 15.5um] 0.29um rpD:0 bl:0 -----UC---T-----------bt-- [20.045um:22.75um] [20.045um:22.75um] 2.705um ------->
        <event:00000562 0:491.562:2.715um> &<id:974133 Horizontal abc_1402_new_n145 Metal2 [68um 14.5um] [68.255um 14.5um] 0.29um rpD:0 bl:0 -----UC---T-----------tb-- [67.75um:68.465um] [65.75um:68.465um] 2.715um ------->
        <event:00000563 0:308.538:2.735um> &<id:972007 Horizontal n(23) Metal2 [42.725um 42.5um] [45um 42.5um] 0.29um rpD:0 bl:0 -----UCG--T-----------bt-- [42.515um:45.25um] [42.515um:45.25um] 2.735um ------->
        <event:00000564 0:496.746:2.745um> &<id:973915 Horizontal abc_1402_new_n173 Metal2 [80um 59.5um] [82.285um 59.5um] 0.29um rpD:0 bl:0 -----UC---T-----------tb-- [79.75um:82.495um] [79.75um:82.495um] 2.745um ------->
        <event:00000565 0:403.882:2.75um> &<id:973681 Horizontal init Metal2 [64.325um 9um] [66.655um 9um] 0.29um rpD:0 bl:0 -----UC---T-----------bb-- [64.115um:66.865um] [64.115um:66.865um] 2.75um ------->
        <event:00000566 0:310.692:2.755um> &<id:974040 Horizontal abc_1402_new_n160 Metal2 [57.705um 54um] [60um 54um] 0.29um rpD:0 bl:0 -----UC---T-----------bt-- [57.495um:60.25um] [57.495um:60.25um] 2.755um ------->
        <event:00000567 0:405.985:2.765um> &<id:974196 Horizontal abc_1402_new_n143 Metal2 [73um 15um] [75.305um 15um] 0.29um rpD:0 bl:0 -----UC---T-----------tb-- [72.75um:75.515um] [72.75um:75.515um] 2.765um ------->
        <event:00000568 0:501.929:2.775um> &<id:973047 Horizontal clk_root_0 Metal2 [0.685um 15.5um] [3um 15.5um] 0.29um rpD:0 bl:0 -----UC---T-----------bt-- [0.475um:3.25um] [0.475um:3.25um] 2.775um ------->
        <event:00000569 0:316.077:2.805um> &<id:974805 Horizontal abc_1402_new_n219 Metal2 [26.655um 31.5um] [29um 31.5um] 0.29um rpD:0 bl:0 -----UC---T-----------bt-- [26.445um:29.25um] [26.445um:29.25um] 2.805um ------->
        <event:00000570 0:508.84:2.815um> &<id:974228 Horizontal abc_1402_new_n140 Metal2 [48um 25um] [50.355um 25um] 0.29um rpD:0 bl:0 -----UC---T-----------tb-- [47.75um:50.565um] [47.75um:50.565um] 2.815um ------->
        <event:00000571 0:320.385:2.845um> &<id:973536 Horizontal n(6) Metal2 [64.615um 49um] [67um 49um] 0.29um rpD:0 bl:0 -----UC---T-----------bt-- [64.405um:67.25um] [64.405um:67.25um] 2.845um ------->
        <event:00000572 0:420.009:2.865um> &<id:974829 Horizontal abc_1402_new_n238 Metal2 [54.5um 8um] [56.905um 8um] 0.29um rpD:0 bl:0 -----UC---T-----------tb-- [54.25um:57.115um] [54.25um:57.115um] 2.865um ------->
        <event:00000573 4:420.009:2.865um> &<id:974829 Horizontal abc_1402_new_n238 Metal2 [54.5um 8.5um] [56.905um 8.5um] 0.29um rpD:0 bl:0 -----UC---T-----------tb-- [54.25um:57.115um] [54.25um:57.115um] 2.865um ------->
        <event:00000574 1:1036.92:5.07um> &<id:971013 Horizontal abc_1402_new_n234 Metal2 [49.705um 8.5um] [54.355um 8.5um] 0.29um rpD:1 bl:0 -----UCG----W------------- [49.495um:54.565um] [49.495um:54.565um] 5.07um ------->
        <event:00000575 0:4.23077:0.42um> &<id:974578 Vertical abc_1402_new_n234 Metal2 [49.705um 10um] [49.705um 10.5um] 0.21um rpD:0 bl:0 -X---UC---TD---------Pb--- [9.58um:10.92um] [49.495um:49.915um] 0.42um P------>
        <event:00000576 4:4.23077:0.42um> &<id:974578 Vertical abc_1402_new_n234 Metal2 [49.705um 10um] [49.705um 10.5um] 0.21um rpD:0 bl:0 -X---UC---TD---------Pb--- [9.58um:10.92um] [49.495um:49.915um] 0.42um P------>
        <event:00000577 3:1860.76:6um> &<id:971152 Vertical abc_1402_new_n233 Metal3 [50um 10um] [50um 15.5um] 0.29um rpD:1 bl:0 -----UCG----W---------bb-- [9.75um:15.75um] [9.75um:15.75um] 6um ------->
        <event:00000578 0:4.23077:0.42um> &<id:974581 Vertical abc_1402_new_n234 Metal2 [54.355um 10um] [54.355um 10.5um] 0.21um rpD:0 bl:0 -X---UC---TD---------Pb--- [9.58um:10.92um] [54.145um:54.565um] 0.42um P------>
        <event:00000579 0:136.731:0.845um> &<id:974572 Horizontal abc_1402_new_n233 Metal2 [49.77um 10um] [50.405um 10um] 0.29um rpD:0 bl:0 ---a-UC---T-----------tb-- [49.665um:50.51um] [49.665um:50.51um] 0.845um ------->
        <event:00000580 0:420.009:2.865um> &<id:974304 Horizontal abc_1402_new_n131 Metal2 [54.5um 31um] [56.905um 31um] 0.29um rpD:0 bl:0 -----UC---T-----------tb-- [54.25um:57.115um] [54.25um:57.115um] 2.865um ------->
        <event:00000581 0:519.207:2.875um> &<id:973058 Horizontal clk_root_0 Metal2 [35.085um 3um] [37.5um 3um] 0.29um rpD:0 bl:0 -----UC---T-----------bt-- [34.875um:37.75um] [34.875um:37.75um] 2.875um ------->
        <event:00000582 0:421.411:2.875um> &<id:975198 Horizontal n(17) Metal2 [35um 60um] [37.415um 60um] 0.29um rpD:0 bl:0 -----UC---T-----------tb-- [34.75um:37.625um] [34.75um:37.625um] 2.875um ------->
        <event:00000583 0:324.154:2.88um> &<id:971750 Horizontal abc_1402_new_n94 Metal2 [44.105um 2.5um] [46.565um 2.5um] 0.29um rpD:0 bl:0 -----UCG--T-----------bb-- [43.895um:46.775um] [43.895um:46.775um] 2.88um ------->
        <event:00000584 0:422.814:2.885um> &<id:973699 Horizontal init Metal2 [67.5um 15um] [69.925um 15um] 0.29um rpD:0 bl:0 -----UC---T-----------tb-- [67.25um:70.135um] [67.25um:70.135um] 2.885um ------->
        <event:00000585 0:526.118:2.915um> &<id:974639 Horizontal abc_1402_new_n251 Metal2 [61um 21.5um] [63.455um 21.5um] 0.29um rpD:0 bl:0 -----UC---T-----------tb-- [60.75um:63.665um] [60.75um:63.665um] 2.915um ------->
        <event:00000586 0:533.03:2.955um> &<id:974336 Horizontal abc_1402_new_n102 Metal2 [39.005um 42um] [41.5um 42um] 0.29um rpD:0 bl:0 -----UC---T-----------bt-- [38.795um:41.75um] [38.795um:41.75um] 2.955um ------->
        <event:00000587 0:537.349:2.98um> &<id:973346 Horizontal abc_1402_new_n96 Metal2 [34.205um 20um] [36.765um 20um] 0.29um rpD:0 bl:0 -----UC---T-----------bb-- [33.995um:36.975um] [33.995um:36.975um] 2.98um ------->
        <event:00000588 0:540.805:3um> &<id:973042 Horizontal clk_root_0 Metal2 [3um 20um] [4.685um 20um] 0.29um rpD:0 bl:0 -----UC---T-----------tb-- [2.75um:4.895um] [2.75um:5.75um] 3um ------->
        <event:00000589 0:540.805:3um> &<id:973037 Horizontal clk_root_0 Metal2 [5.485um 26um] [5.5um 26um] 0.29um rpD:0 bl:0 -----UC---T-----------bt-- [5.25um:5.75um] [2.75um:5.75um] 3um ------->
        <event:00000590 0:540.805:3um> &<id:973053 Horizontal clk_root_0 Metal2 [37.485um 26um] [37.5um 26um] 0.29um rpD:0 bl:0 -----UC---T-----------bt-- [37.25um:37.75um] [34.75um:37.75um] 3um ------->
        <event:00000591 0:438.941:3um> &<id:973366 Horizontal abc_1402_new_n95 Metal2 [69.415um 14um] [69.5um 14um] 0.29um rpD:0 bl:0 -----UC---T-----------bt-- [69.205um:69.75um] [66.75um:69.75um] 3um ------->
        <event:00000592 0:439.642:3.005um> &<id:975232 Horizontal n(15) Metal2 [19.455um 50um] [22um 50um] 0.29um rpD:0 bl:0 -----UC---T-----------bt-- [19.245um:22.25um] [19.245um:22.25um] 3.005um ------->
        <event:00000593 0:543.396:3.015um> &<id:974997 Horizontal n(31) Metal2 [46.5um 20um] [49.055um 20um] 0.29um rpD:0 bl:0 -----UC---T-----------tb-- [46.25um:49.265um] [46.25um:49.265um] 3.015um ------->
        <event:00000594 0:441.044:3.015um> &<id:973463 Horizontal n(3) Metal2 [22.5um 20um] [25.055um 20um] 0.29um rpD:0 bl:0 -----UC---T-----------tb-- [22.25um:25.265um] [22.25um:25.265um] 3.015um ------->
        <event:00000595 0:441.044:3.015um> &<id:972143 Horizontal abc_1402_new_n216 Metal2 [30.5um 32.5um] [33.055um 32.5um] 0.29um rpD:0 bl:0 -----UCG--T-----------tb-- [30.25um:33.265um] [30.25um:33.265um] 3.015um ------->
        <event:00000596 0:445.251:3.045um> &<id:973678 Horizontal init Metal2 [64.5um 4um] [67.085um 4um] 0.29um rpD:0 bl:0 -----UC---T-----------tb-- [64.25um:67.295um] [64.25um:67.295um] 3.045um ------->
        <event:00000597 0:557.219:3.095um> &<id:974387 Horizontal abc_1402_new_n110 Metal2 [58.365um 59.5um] [61um 59.5um] 0.29um rpD:0 bl:0 -----UC---T-----------bt-- [58.155um:61.25um] [58.155um:61.25um] 3.095um ------->
        <event:00000598 0:560.675:3.115um> &<id:974163 Horizontal abc_1402_new_n144 Metal2 [72um 15.5um] [74.655um 15.5um] 0.29um rpD:0 bl:0 -----UC---T-----------tb-- [71.75um:74.865um] [71.75um:74.865um] 3.115um ------->
        <event:00000599 0:459.275:3.145um> &<id:974275 Horizontal abc_1402_new_n133 Metal2 [51.815um 21.5um] [54.5um 21.5um] 0.29um rpD:0 bl:0 -----UC---T-----------bt-- [51.605um:54.75um] [51.605um:54.75um] 3.145um ------->
        <event:00000600 0:352.692:3.145um> &<id:972240 Horizontal n(26) Metal2 [31.815um 37um] [34.5um 37um] 0.29um rpD:0 bl:0 -----UCG--T-----------bt-- [31.605um:34.75um] [31.605um:34.75um] 3.145um ------->
        <event:00000601 0:352.692:3.145um> &<id:975127 Horizontal n(16) Metal2 [19.815um 65.5um] [22.5um 65.5um] 0.29um rpD:0 bl:0 -----UC---T-----------bt-- [19.605um:22.75um] [19.605um:22.75um] 3.145um ------->
        <event:00000602 0:567.586:3.155um> &<id:974792 Horizontal abc_1402_new_n119 Metal2 [51.805um 48um] [54.5um 48um] 0.29um rpD:0 bl:0 -----UC---T-----------bt-- [51.595um:54.75um] [51.595um:54.75um] 3.155um ------->
        <event:00000603 0:460.678:3.155um> &<id:974749 Horizontal abc_1402_new_n139 Metal2 [51.305um 21.5um] [54um 21.5um] 0.29um rpD:0 bl:0 -----UC---T-----------bt-- [51.095um:54.25um] [51.095um:54.25um] 3.155um ------->
        <event:00000604 0:463.482:3.175um> &<id:974870 Horizontal n(24) Metal2 [47.5um 31.5um] [50.215um 31.5um] 0.29um rpD:0 bl:0 -----UC---T-----------tb-- [47.25um:50.425um] [47.25um:50.425um] 3.175um ------->
        <event:00000605 0:463.482:3.175um> &<id:973268 Horizontal abc_1402_auto_rtlil_cc_2739_MuxGate_1377 Metal2 [16um 36.5um] [18.715um 36.5um] 0.29um rpD:0 bl:0 -----UC---T-----------tb-- [15.75um:18.925um] [15.75um:18.925um] 3.175um ------->
        <event:00000606 0:464.885:3.185um> &<id:973727 Horizontal init Metal2 [48um 13.5um] [50.725um 13.5um] 0.29um rpD:0 bl:0 -----UC---T-----------tb-- [47.75um:50.935um] [47.75um:50.935um] 3.185um ------->
        <event:00000607 0:358.615:3.2um> &<id:971619 Horizontal n(18) Metal2 [17.325um 49um] [20.105um 49um] 0.29um rpD:0 bl:0 -----UCG--T-----------bb-- [17.115um:20.315um] [17.115um:20.315um] 3.2um ------->
        <event:00000608 0:467.689:3.205um> &<id:973447 Horizontal n(0) Metal2 [32.255um 14.5um] [35um 14.5um] 0.29um rpD:0 bl:0 -----UC---T-----------bt-- [32.045um:35.25um] [32.045um:35.25um] 3.205um ------->
        <event:00000609 0:467.689:3.205um> &<id:974731 Horizontal abc_1402_new_n149 Metal2 [0.255um 25.5um] [3um 25.5um] 0.29um rpD:0 bl:0 -----UC---T-----------bt-- [0.045um:3.25um] [0.045um:3.25um] 3.205um ------->
        <event:00000610 0:360.231:3.215um> &<id:973956 Horizontal abc_1402_new_n202 Metal2 [41.5um 60um] [44.255um 60um] 0.29um rpD:0 bl:0 -----UC---T-----------tb-- [41.25um:44.465um] [41.25um:44.465um] 3.215um ------->
        <event:00000611 4:360.231:3.215um> &<id:973956 Horizontal abc_1402_new_n202 Metal2 [41.5um 60um] [44.255um 60um] 0.29um rpD:0 bl:0 -----UC---T-----------tb-- [41.25um:44.465um] [41.25um:44.465um] 3.215um ------->
        <event:00000612 3:1860.76:6um> &<id:971628 Vertical n(18) Metal3 [39.5um 54.5um] [39.5um 60um] 0.29um rpD:1 bl:0 ------CG----W---------bb-- [54.25um:60.25um] [54.25um:60.25um] 6um ------->
        <event:00000613 0:300.808:0.715um> &<id:975110 Horizontal n(18) Metal2 [40.655um 60um] [41.16um 60um] 0.29um rpD:0 bl:0 ---a-UC---T-----------tb-- [40.55um:41.265um] [40.55um:41.265um] 0.715um ------->
        <event:00000614 0:581.408:3.235um> &<id:975335 Horizontal n(11) Metal2 [71.725um 59.5um] [74.5um 59.5um] 0.29um rpD:0 bl:0 -----UC---T-----------bt-- [71.515um:74.75um] [71.515um:74.75um] 3.235um ------->
        <event:00000615 0:363.462:3.245um> &<id:973571 Horizontal n(6) Metal2 [58.215um 54.5um] [61um 54.5um] 0.29um rpD:0 bl:0 -----UC---T-----------bt-- [58.005um:61.25um] [58.005um:61.25um] 3.245um ------->
        <event:00000616 0:474.701:3.255um> &<id:973871 Horizontal abc_1402_new_n182 Metal2 [25.705um 55um] [28.5um 55um] 0.29um rpD:0 bl:0 -----UC---T-----------bt-- [25.495um:28.75um] [25.495um:28.75um] 3.255um ------->
        <event:00000617 0:365.077:3.26um> &<id:974960 Horizontal n(28) Metal2 [27.815um 31.5um] [30.655um 31.5um] 0.29um rpD:0 bl:0 -----UC---T-----------bb-- [27.605um:30.865um] [27.605um:30.865um] 3.26um ------->
        <event:00000618 4:365.077:3.26um> &<id:974960 Horizontal n(28) Metal2 [27.815um 31.5um] [30.655um 31.5um] 0.29um rpD:0 bl:0 -----UC---T-----------bb-- [27.605um:30.865um] [27.605um:30.865um] 3.26um ------->
        <event:00000619 3:1628.31:6.89um> &<id:971218 Horizontal abc_1402_new_n223 Metal2 [22.285um 31.5um] [28.755um 31.5um] 0.29um rpD:1 bl:0 -----UCG----W------------- [22.075um:28.965um] [22.075um:28.965um] 6.89um ------->
        <event:00000620 0:4.23077:0.42um> &<id:974546 Vertical abc_1402_new_n223 Metal2 [22.285um 33um] [22.285um 33.5um] 0.21um rpD:0 bl:0 -X---UC---TD---------Pb--- [32.58um:33.92um] [22.075um:22.495um] 0.42um P------>
        <event:00000621 0:4.23077:0.42um> &<id:974549 Vertical abc_1402_new_n223 Metal2 [28.755um 33um] [28.755um 33.5um] 0.21um rpD:0 bl:0 -X---UC---TD---------Pb--- [32.58um:33.92um] [28.545um:28.965um] 0.42um P------>
        <event:00000622 0:365.077:3.26um> &<id:975073 Horizontal n(20) Metal2 [32.615um 54.5um] [35.455um 54.5um] 0.29um rpD:0 bl:0 -----UC---T-----------bb-- [32.405um:35.665um] [32.405um:35.665um] 3.26um ------->
        <event:00000623 0:590.047:3.285um> &<id:974895 Horizontal n(25) Metal2 [54.5um 36.5um] [57.325um 36.5um] 0.29um rpD:0 bl:0 -----UC---T-----------tb-- [54.25um:57.535um] [54.25um:57.535um] 3.285um ------->
        <event:00000624 0:478.908:3.285um> &<id:973753 Horizontal init Metal2 [73.5um 14um] [76.325um 14um] 0.29um rpD:0 bl:0 -----UC---T-----------tb-- [73.25um:76.535um] [73.25um:76.535um] 3.285um ------->
        <event:00000625 0:595.231:3.315um> &<id:973442 Horizontal n(0) Metal2 [35um 8.5um] [37.855um 8.5um] 0.29um rpD:0 bl:0 -----UC---T-----------tb-- [34.75um:38.065um] [34.75um:38.065um] 3.315um ------->
        <event:00000626 0:596.959:3.325um> &<id:974642 Horizontal abc_1402_new_n251 Metal2 [58.135um 25um] [61um 25um] 0.29um rpD:0 bl:0 -----UC---T-----------bt-- [57.925um:61.25um] [57.925um:61.25um] 3.325um ------->
        <event:00000627 0:372.615:3.33um> &<id:972009 Horizontal n(23) Metal2 [16.905um 43um] [19.815um 43um] 0.29um rpD:0 bl:0 -----UCG--T------------b-- [16.695um:20.025um] [16.695um:20.025um] 3.33um ------->
        <event:00000628 0:600.414:3.345um> &<id:972958 Horizontal clk_root_1 Metal2 [61um 31.5um] [63.885um 31.5um] 0.29um rpD:0 bl:0 -----UC---T-----------tb-- [60.75um:64.095um] [60.75um:64.095um] 3.345um ------->
        <event:00000629 0:488.725:3.355um> &<id:974636 Horizontal abc_1402_new_n250 Metal2 [64.105um 19.5um] [67um 19.5um] 0.29um rpD:0 bl:0 -----UC---T-----------bt-- [63.895um:67.25um] [63.895um:67.25um] 3.355um ------->
        <event:00000630 0:375.308:3.355um> &<id:975341 Horizontal one_0 Metal2 [77.105um 8um] [80um 8um] 0.29um rpD:0 bl:0 -----UC---T-----------bt-- [76.895um:80.25um] [76.895um:80.25um] 3.355um ------->
        <event:00000631 0:375.308:3.355um> &<id:973265 Horizontal abc_1402_auto_rtlil_cc_2739_MuxGate_1377 Metal2 [13.105um 32.5um] [16um 32.5um] 0.29um rpD:0 bl:0 -----UC---T-----------bt-- [12.895um:16.25um] [12.895um:16.25um] 3.355um ------->
        <event:00000632 0:380.154:3.4um> &<id:975054 Horizontal n(21) Metal2 [33.125um 54.5um] [36.105um 54.5um] 0.29um rpD:0 bl:0 -----UC---T-----------bb-- [32.915um:36.315um] [32.915um:36.315um] 3.4um ------->
        <event:00000633 0:495.737:3.405um> &<id:974225 Horizontal abc_1402_new_n140 Metal2 [45.055um 21um] [48um 21um] 0.29um rpD:0 bl:0 -----UC---T-----------bt-- [44.845um:48.25um] [44.845um:48.25um] 3.405um ------->
        <event:00000634 0:495.737:3.405um> &<id:974411 Horizontal abc_1402_new_n114 Metal2 [77.055um 48um] [80um 48um] 0.29um rpD:0 bl:0 -----UC---T-----------bt-- [76.845um:80.25um] [76.845um:80.25um] 3.405um ------->
        <event:00000635 0:497.84:3.42um> &<id:973378 Horizontal abc_1402_new_n95 Metal2 [46.565um 20.5um] [49.565um 20.5um] 0.29um rpD:0 bl:0 -----UC---T-----------bb-- [46.355um:49.775um] [46.355um:49.775um] 3.42um ------->
        <event:00000636 0:502.749:3.455um> &<id:974973 Horizontal n(30) Metal2 [38.505um 20.5um] [41.5um 20.5um] 0.29um rpD:0 bl:0 -----UC---T-----------bt-- [38.295um:41.75um] [38.295um:41.75um] 3.455um ------->
        <event:00000637 0:27.6154:3.46um> &<id:972835 Horizontal outputs(5) Metal2 [0um 11um] [3um 11um] 0.29um rpD:0 bl:0 -----UC---T------------t-- [-0.21um:3.25um] [-0.21um:3.25um] 3.46um ------->
        <event:00000638 0:27.6154:3.46um> &<id:972815 Horizontal outputs(6) Metal2 [0um 22um] [3um 22um] 0.29um rpD:0 bl:0 -----UC---T------------t-- [-0.21um:3.25um] [-0.21um:3.25um] 3.46um ------->
        <event:00000639 0:27.6154:3.46um> &<id:972812 Horizontal outputs(7) Metal2 [0um 33um] [3um 33um] 0.29um rpD:0 bl:0 -----UC---T------------t-- [-0.21um:3.25um] [-0.21um:3.25um] 3.46um ------->
        <event:00000640 0:27.6154:3.46um> &<id:973421 Horizontal clk Metal2 [0um 44um] [3um 44um] 0.29um rpD:0 bl:0 -----UC---T------------t-- [-0.21um:3.25um] [-0.21um:3.25um] 3.46um ------->
        <event:00000641 0:387.692:3.47um> &<id:972214 Horizontal abc_1402_new_n210 Metal2 [16.255um 43um] [19.305um 43um] 0.29um rpD:0 bl:0 -----UCG--T------------b-- [16.045um:19.515um] [16.045um:19.515um] 3.47um ------->
        <event:00000642 0:4.23077:0.42um> &<id:974485 Vertical abc_1402_new_n210 Metal2 [16.255um 43.5um] [16.255um 43.5um] 0.21um rpD:0 bl:0 -X---UC---TD---------Pb--- [43.0801um:43.92um] [16.045um:16.465um] 0.42um P------>
        <event:00000643 0:387.692:3.47um> &<id:973512 Horizontal n(8) Metal2 [66.655um 49um] [69.705um 49um] 0.29um rpD:0 bl:0 -----UC---T-----------bb-- [66.445um:69.915um] [66.445um:69.915um] 3.47um ------->
        <event:00000644 0:506.254:3.48um> &<id:974617 Horizontal abc_1402_new_n245 Metal2 [59.155um 20um] [62.215um 20um] 0.29um rpD:0 bl:0 -----UC---T-----------bb-- [58.945um:62.425um] [58.945um:62.425um] 3.48um ------->
        <event:00000645 0:634.97:3.545um> &<id:973764 Horizontal mem_inputs(4) Metal2 [80um 4um] [83.085um 4um] 0.29um rpD:0 bl:0 -----UC---T-----------tb-- [79.75um:83.295um] [79.75um:83.295um] 3.545um ------->
        <event:00000646 0:396.846:3.555um> &<id:973310 Horizontal abc_1402_auto_rtlil_cc_2739_MuxGate_1395 Metal2 [57.905um 15um] [61um 15um] 0.29um rpD:0 bl:0 -----UC---T-----------bt-- [57.695um:61.25um] [57.695um:61.25um] 3.555um ------->
        <event:00000647 0:402.231:3.605um> &<id:975235 Horizontal n(15) Metal2 [21.855um 54.5um] [22um 54.5um] 0.29um rpD:0 bl:0 -----UC---T-----------bt-- [21.645um:22.25um] [21.645um:25.25um] 3.605um ------->
        <event:00000648 0:647.065:3.615um> &<id:974316 Horizontal abc_1402_new_n130 Metal2 [80um 48um] [83.155um 48um] 0.29um rpD:0 bl:0 -----UC---T-----------tb-- [79.75um:83.365um] [79.75um:83.365um] 3.615um ------->
        <event:00000649 0:636.834:3.62um> &<id:972516 Horizontal abc_1402_new_n138 Metal2 [48.255um 26um] [51.455um 26um] 0.29um rpD:0 bl:0 -----UCG--T-----------b--- [48.045um:51.665um] [48.045um:51.665um] 3.62um ------->
        <event:00000650 0:4.23077:0.42um> &<id:974755 Vertical abc_1402_new_n138 Metal2 [51.455um 26.5um] [51.455um 26.5um] 0.21um rpD:0 bl:0 -X---UC---TD---------P-b-- [26.0801um:26.92um] [51.245um:51.665um] 0.42um P------>
        <event:00000651 0:525.888:3.62um> &<id:973693 Horizontal init Metal2 [66.725um 14um] [69.925um 14um] 0.29um rpD:0 bl:0 -----UC---T-----------bb-- [66.515um:70.135um] [66.515um:70.135um] 3.62um ------->
        <event:00000652 0:525.888:3.62um> &<id:971529 Horizontal n(0) Metal2 [43.455um 14.5um] [46.655um 14.5um] 0.29um rpD:0 bl:0 -----UCG--T-----------b--- [43.245um:46.865um] [43.245um:46.865um] 3.62um ------->
        <event:00000653 0:4.23077:0.42um> &<id:973457 Vertical n(0) Metal2 [46.655um 14um] [46.655um 14um] 0.21um rpD:0 bl:0 -X---UC---TD---------Pb--- [13.5801um:14.42um] [46.445um:46.865um] 0.42um P------>
        <event:00000654 0:514.793:3.62um> &<id:971764 Horizontal abc_1402_new_n136 Metal2 [49.415um 25.5um] [52.615um 25.5um] 0.29um rpD:0 bl:0 -----UCG--T-----------b--- [49.205um:52.825um] [49.205um:52.825um] 3.62um ------->
        <event:00000655 0:4.23077:0.42um> &<id:974247 Vertical abc_1402_new_n136 Metal2 [52.615um 25um] [52.615um 25.5um] 0.21um rpD:0 bl:0 -X---UC---TD---------P-b-- [24.5801um:25.92um] [52.405um:52.825um] 0.42um P------>
        <event:00000656 0:514.793:3.62um> &<id:970969 Horizontal abc_1402_new_n135 Metal2 [49.925um 25.5um] [53.125um 25.5um] 0.29um rpD:0 bl:0 -----UCG--T-----------b--- [49.715um:53.335um] [49.715um:53.335um] 3.62um ------->
        <event:00000657 0:4.23077:0.42um> &<id:974258 Vertical abc_1402_new_n135 Metal2 [53.125um 26um] [53.125um 26um] 0.21um rpD:0 bl:0 -X---UC---TD---------Pb--- [25.5801um:26.42um] [52.915um:53.335um] 0.42um P------>
        <event:00000658 0:403.846:3.62um> &<id:972584 Horizontal abc_1402_new_n129 Metal2 [54.725um 31.5um] [57.925um 31.5um] 0.29um rpD:0 bl:0 -----UCG--T-----------b--- [54.515um:58.135um] [54.515um:58.135um] 3.62um ------->
        <event:00000659 0:4.23077:0.42um> &<id:974764 Vertical abc_1402_new_n129 Metal2 [57.925um 32um] [57.925um 32um] 0.21um rpD:0 bl:0 -X---UC---TD---------Pb--- [31.5801um:32.42um] [57.715um:58.135um] 0.42um P------>
        <event:00000660 0:648.793:3.625um> &<id:974408 Horizontal abc_1402_new_n114 Metal2 [80um 44.5um] [83.165um 44.5um] 0.29um rpD:0 bl:0 -----UC---T-----------tb-- [79.75um:83.375um] [79.75um:83.375um] 3.625um ------->
        <event:00000661 0:652.249:3.645um> &<id:973783 Horizontal mem_inputs(5) Metal2 [73.5um 19um] [76.685um 19um] 0.29um rpD:0 bl:0 -----UC---T-----------tb-- [73.25um:76.895um] [73.25um:76.895um] 3.645um ------->
        <event:00000662 0:652.249:3.645um> &<id:972981 Horizontal clk_root_1 Metal2 [68.5um 54.5um] [68.685um 54.5um] 0.29um rpD:0 bl:0 -----UC---T-----------tb-- [68.25um:68.895um] [65.25um:68.895um] 3.645um ------->
        <event:00000663 0:529.393:3.645um> &<id:971455 Horizontal outputs(2) Metal2 [75.815um 14um] [79um 14um] 0.29um rpD:0 bl:0 -----UCG--T-----------bt-- [75.605um:79.25um] [75.605um:79.25um] 3.645um ------->
        <event:00000664 0:535.704:3.69um> &<id:973684 Horizontal init Metal2 [66.655um 8.5um] [69.925um 8.5um] 0.29um rpD:0 bl:0 -----UC---T-----------bb-- [66.445um:70.135um] [66.445um:70.135um] 3.69um ------->
        <event:00000665 0:535.704:3.69um> &<id:974889 Horizontal n(25) Metal2 [47.455um 31.5um] [50.725um 31.5um] 0.29um rpD:0 bl:0 -----UC---T-----------bb-- [47.245um:50.935um] [47.245um:50.935um] 3.69um ------->
        <event:00000666 0:662.615:3.705um> &<id:975080 Horizontal n(20) Metal2 [32.255um 65um] [35.5um 65um] 0.29um rpD:0 bl:0 -----UC---T-----------bt-- [32.045um:35.75um] [32.045um:35.75um] 3.705um ------->
        <event:00000667 0:542.015:3.735um> &<id:973696 Horizontal init Metal2 [66.725um 13.5um] [70um 13.5um] 0.29um rpD:0 bl:0 -----UC---T-----------bt-- [66.515um:70.25um] [66.515um:70.25um] 3.735um ------->
        <event:00000668 0:669.527:3.745um> &<id:972973 Horizontal clk_root_1 Metal2 [67um 27um] [70.285um 27um] 0.29um rpD:0 bl:0 -----UC---T-----------tb-- [66.75um:70.495um] [66.75um:70.495um] 3.745um ------->
        <event:00000669 0:418.385:3.755um> &<id:975201 Horizontal n(14) Metal2 [25.705um 49.5um] [29um 49.5um] 0.29um rpD:0 bl:0 -----UC---T-----------bt-- [25.495um:29.25um] [25.495um:29.25um] 3.755um ------->
        <event:00000670 0:545.521:3.76um> &<id:974838 Horizontal abc_1402_new_n249 Metal2 [64.615um 20.5um] [67.955um 20.5um] 0.29um rpD:0 bl:0 -----UC---T-----------bb-- [64.405um:68.165um] [64.405um:68.165um] 3.76um ------->
        <event:00000671 0:683.349:3.825um> &<id:974323 Horizontal abc_1402_new_n124 Metal2 [35um 7.5um] [38.365um 7.5um] 0.29um rpD:0 bl:0 -----UC---T-----------tb-- [34.75um:38.575um] [34.75um:38.575um] 3.825um ------->
        <event:00000672 0:702.355:3.935um> &<id:972484 Horizontal mem_inputs(4) Metal2 [76.525um 25um] [80um 25um] 0.29um rpD:0 bl:0 -----UCG--T-----------bt-- [76.315um:80.25um] [76.315um:80.25um] 3.935um ------->
        <event:00000673 0:579.177:4um> &<id:972854 Horizontal outputs(4) Metal2 [66.5um 20.5um] [66.505um 20.5um] 0.29um rpD:0 bl:0 -----UC---T-----------tb-- [66.25um:66.75um] [66.25um:70.25um] 4um ------->
        <event:00000674 4:579.177:4um> &<id:972854 Horizontal outputs(4) Metal2 [66.5um 20.5um] [66.505um 20.5um] 0.29um rpD:0 bl:0 -----UC---T-----------tb-- [66.25um:66.75um] [66.25um:70.25um] 4um ------->
        <event:00000675 3:2316.09:7.5um> &<id:970922 Vertical abc_1402_new_n95 Metal3 [67um 13.5um] [67um 19.5um] 0.29um rpD:1 bl:0 ------CG----W---------bb-- [13.25um:19.75um] [13.25um:20.75um] 7.5um ------->
        <event:00000676 0:118.5:0.715um> &<id:973371 Horizontal abc_1402_new_n95 Metal2 [66.73um 20.5um] [67.235um 20.5um] 0.29um rpD:0 bl:0 ---a-UC---T-----------tb-- [66.625um:67.34um] [66.625um:67.34um] 0.715um ------->
        <event:00000677 0:714.45:4.005um> &<id:971021 Horizontal abc_1402_new_n161 Metal2 [41.5um 48um] [45.045um 48um] 0.29um rpD:0 bl:0 -----UCG--T-----------tb-- [41.25um:45.255um] [41.25um:45.255um] 4.005um ------->
        <event:00000678 0:719.633:4.035um> &<id:975187 Horizontal n(17) Metal2 [6.925um 65um] [10.5um 65um] 0.29um rpD:0 bl:0 -----UC---T-----------bt-- [6.715um:10.75um] [6.715um:10.75um] 4.035um ------->
        <event:00000679 0:596.006:4.12um> &<id:971338 Horizontal outputs(3) Metal2 [73.415um 20.5um] [77.115um 20.5um] 0.29um rpD:0 bl:0 -----UCG--T------------b-- [73.205um:77.325um] [73.205um:77.325um] 4.12um ------->
        <event:00000680 0:743.823:4.175um> &<id:970715 Horizontal clk_root_1 Metal2 [74.285um 31.5um] [77um 31.5um] 0.29um rpD:0 bl:0 -----UCG--T-----------bt-- [74.075um:77.25um] [74.075um:78.25um] 4.175um ------->
        <event:00000681 0:754.189:4.235um> &<id:971872 Horizontal n(9) Metal2 [75.725um 38.5um] [79.5um 38.5um] 0.29um rpD:0 bl:0 -----UCG--T-----------bt-- [75.515um:79.75um] [75.515um:79.75um] 4.235um ------->
        <event:00000682 0:612.133:4.235um> &<id:971888 Horizontal n(25) Metal2 [50.725um 32.5um] [54.5um 32.5um] 0.29um rpD:0 bl:0 -----UCG--T-----------bt-- [50.515um:54.75um] [50.515um:54.75um] 4.235um ------->
        <event:00000683 0:614.938:4.255um> &<id:971365 Horizontal abc_1402_new_n143 Metal2 [49.705um 14um] [53.5um 14um] 0.29um rpD:0 bl:0 -----UCG--T-----------bt-- [49.495um:53.75um] [49.495um:53.75um] 4.255um ------->
        <event:00000684 0:758.509:4.26um> &<id:974786 Horizontal abc_1402_new_n118 Metal2 [46.365um 66um] [50.205um 66um] 0.29um rpD:0 bl:0 -----UC---T-----------bb-- [46.155um:50.415um] [46.155um:50.415um] 4.26um ------->
        <event:00000685 0:473.846:4.27um> &<id:974043 Horizontal abc_1402_new_n160 Metal2 [64.255um 43um] [68.105um 43um] 0.29um rpD:0 bl:0 -----UC---T-----------bb-- [64.045um:68.315um] [64.045um:68.315um] 4.27um ------->
        <event:00000686 0:483:4.355um> &<id:974050 Horizontal abc_1402_new_n160 Metal2 [64.105um 49um] [68um 49um] 0.29um rpD:0 bl:0 -----UC---T-----------bt-- [63.895um:68.25um] [63.895um:68.25um] 4.355um ------->
        <event:00000687 4:483:4.355um> &<id:974050 Horizontal abc_1402_new_n160 Metal2 [64.105um 48.5um] [68um 48.5um] 0.29um rpD:0 bl:0 -----UC---T-----------bt-- [63.895um:68.25um] [63.895um:68.25um] 4.355um ------->
        <event:00000688 3:1860.76:6um> &<id:970761 Vertical n(6) Metal3 [67um 43.5um] [67um 46.5um] 0.29um rpD:1 bl:0 ------CG----W---------bb-- [43.25um:46.75um] [43.25um:49.25um] 6um ------->
        <event:00000689 0:320.385:2.845um> &<id:973536 Horizontal n(6) Metal2 [64.615um 48.5um] [67um 48.5um] 0.29um rpD:0 bl:0 -----UC---T-----------bt-- [64.405um:67.25um] [64.405um:67.25um] 2.845um ------->
        <event:00000690 4:320.385:2.845um> &<id:973536 Horizontal n(6) Metal2 [64.615um 48.5um] [67um 48.5um] 0.29um rpD:0 bl:0 -----UC---T-----------bt-- [64.405um:67.25um] [64.405um:67.25um] 2.845um ------->
        <event:00000691 3:1557.21:5um> &<id:970847 Vertical abc_1402_new_n160 Metal3 [68um 44um] [68um 48um] 0.29um rpD:1 bl:0 ------CG----W---------bb-- [43.75um:48.25um] [43.75um:48.75um] 5um ------->
        <event:00000692 0:483:0.715um> &<id:974050 Horizontal abc_1402_new_n160 Metal2 [63.855um 48.5um] [64.36um 48.5um] 0.29um rpD:0 bl:0 ---a-UC---T-----------tb-- [63.75um:64.465um] [63.75um:64.465um] 0.715um ------->
        <event:00000693 0:780.107:4.385um> &<id:971696 Horizontal n(2) Metal2 [3um 15.5um] [6.925um 15.5um] 0.29um rpD:0 bl:0 -----UCG--T-----------tb-- [2.75um:7.135um] [2.75um:7.135um] 4.385um ------->
        <event:00000694 0:770.994:4.41um> &<id:970964 Horizontal abc_1402_new_n153 Metal2 [22.655um 20um] [26.645um 20um] 0.29um rpD:0 bl:0 -----UCG--T------------b-- [22.445um:26.855um] [22.445um:26.855um] 4.41um ------->
        <event:00000695 0:638.077:4.42um> &<id:973409 Horizontal abc_1402_new_n94 Metal2 [57.705um 25.5um] [61.705um 25.5um] 0.29um rpD:0 bl:0 -----UC---T-----------bb-- [57.495um:61.915um] [57.495um:61.915um] 4.42um ------->
        <event:00000696 0:490:4.42um> &<id:972170 Horizontal n(29) Metal2 [30.215um 26um] [34.215um 26um] 0.29um rpD:0 bl:0 -----UCG--T-----------b--- [30.005um:34.425um] [30.005um:34.425um] 4.42um ------->
        <event:00000697 0:490:4.42um> &<id:975211 Horizontal n(14) Metal2 [47.015um 54.5um] [51.015um 54.5um] 0.29um rpD:0 bl:0 -----UC---T-----------bb-- [46.805um:51.225um] [46.805um:51.225um] 4.42um ------->
        <event:00000698 0:490:4.42um> &<id:972499 Horizontal abc_1402_new_n178 Metal2 [49.855um 54.5um] [53.855um 54.5um] 0.29um rpD:0 bl:0 -----UCG--T-----------bb-- [49.645um:54.065um] [49.645um:54.065um] 4.42um ------->
        <event:00000699 0:492.692:4.445um> &<id:972034 Horizontal n(14) Metal2 [51.015um 55.5um] [55um 55.5um] 0.29um rpD:0 bl:0 -----UCG--T-----------bt-- [50.805um:55.25um] [50.805um:55.25um] 4.445um ------->
        <event:00000700 0:802.568:4.515um> &<id:975024 Horizontal n(23) Metal2 [49um 37.5um] [49.055um 37.5um] 0.29um rpD:0 bl:0 -----UC---T-----------tb-- [48.75um:49.265um] [44.75um:49.265um] 4.515um ------->
        <event:00000701 0:802.568:4.515um> &<id:973506 Horizontal n(8) Metal2 [80.5um 43um] [81.055um 43um] 0.29um rpD:0 bl:0 -----UC---T-----------tb-- [80.25um:81.265um] [76.75um:81.265um] 4.515um ------->
        <event:00000702 0:657.009:4.555um> &<id:970756 Horizontal n(6) Metal2 [56.905um 44um] [61um 44um] 0.29um rpD:0 bl:0 -----UCG--T-----------bt-- [56.695um:61.25um] [56.695um:61.25um] 4.555um ------->
        <event:00000703 0:812.935:4.575um> &<id:973005 Horizontal clk_root_1 Metal2 [71.885um 4um] [76um 4um] 0.29um rpD:0 bl:0 -----UC---T-----------bt-- [71.675um:76.25um] [71.675um:76.25um] 4.575um ------->
        <event:00000704 0:812.935:4.575um> &<id:970894 Horizontal clk_root_0 Metal2 [11.885um 30.5um] [16um 30.5um] 0.29um rpD:0 bl:0 -----UCG--T-----------bt-- [11.675um:16.25um] [11.675um:16.25um] 4.575um ------->
        <event:00000705 0:812.935:4.575um> &<id:972883 Horizontal clk_root_2 Metal2 [19.885um 60.5um] [22.5um 60.5um] 0.29um rpD:0 bl:0 -----UC---T-----------bt-- [19.675um:22.75um] [19.675um:24.25um] 4.575um ------->
        <event:00000706 0:813.799:4.58um> &<id:974426 Horizontal abc_1402_new_n117 Metal2 [77.405um 43um] [81.565um 43um] 0.29um rpD:0 bl:0 -----UC---T-----------bb-- [77.195um:81.775um] [77.195um:81.775um] 4.58um ------->
        <event:00000707 0:837.124:4.715um> &<id:972054 Horizontal n(22) Metal2 [48um 43um] [52.255um 43um] 0.29um rpD:0 bl:0 -----UCG--T-----------tb-- [47.75um:52.465um] [47.75um:52.465um] 4.715um ------->
        <event:00000708 0:521.769:4.715um> &<id:970844 Horizontal abc_1402_new_n160 Metal2 [60um 44um] [64.255um 44um] 0.29um rpD:0 bl:0 -----UCG--T-----------tb-- [59.75um:64.465um] [59.75um:64.465um] 4.715um ------->
        <event:00000709 0:525:4.745um> &<id:971715 Horizontal n(31) Metal2 [42.215um 21um] [46.5um 21um] 0.29um rpD:0 bl:0 -----UCG--T-----------bt-- [42.005um:46.75um] [42.005um:46.75um] 4.745um ------->
        <event:00000710 0:888.959:5.015um> &<id:972387 Horizontal abc_1402_new_n171 Metal2 [61um 50um] [65.555um 50um] 0.29um rpD:0 bl:0 -----UCG--T-----------tb-- [60.75um:65.765um] [60.75um:65.765um] 5.015um ------->
        <event:00000711 0:735.541:5.115um> &<id:974520 Horizontal abc_1402_new_n216 Metal2 [30.5um 37.5um] [30.655um 37.5um] 0.29um rpD:0 bl:0 -----UC---T-----------tb-- [30.25um:30.865um] [25.75um:30.865um] 5.115um ------->
        <event:00000712 0:735.541:5.115um> &<id:971938 Horizontal n(8) Metal2 [62um 48.5um] [66.655um 48.5um] 0.29um rpD:0 bl:0 -----UCG--T-----------tb-- [61.75um:66.865um] [61.75um:66.865um] 5.115um ------->
        <event:00000713 0:921.787:5.205um> &<id:970994 Horizontal n(7) Metal2 [56.255um 44.5um] [61um 44.5um] 0.29um rpD:0 bl:0 -----UCG--T-----------bt-- [56.045um:61.25um] [56.045um:61.25um] 5.205um ------->
        <event:00000714 0:575.077:5.21um> &<id:973096 Horizontal abc_1402_auto_rtlil_cc_2739_MuxGate_1329 Metal2 [1.115um 20.5um] [5.905um 20.5um] 0.29um rpD:0 bl:0 -----UC---T-----------bb-- [0.905um:6.115um] [0.905um:6.115um] 5.21um ------->
        <event:00000715 0:928.698:5.245um> &<id:970717 Horizontal clk_root_1 Metal2 [69.5um 33um] [74.285um 33um] 0.29um rpD:0 bl:0 -----UCG--T-----------tb-- [69.25um:74.495um] [69.25um:74.495um] 5.245um ------->
        <event:00000716 0:583.154:5.285um> &<id:975249 Horizontal n(15) Metal2 [39.5um 66um] [44.325um 66um] 0.29um rpD:0 bl:0 -----UC---T-----------tb-- [39.25um:44.535um] [39.25um:44.535um] 5.285um ------->
        <event:00000717 0:769.899:5.36um> &<id:974511 Horizontal abc_1402_new_n214 Metal2 [12.905um 43.5um] [17.845um 43.5um] 0.29um rpD:0 bl:0 -----UC---T-----------bb-- [12.695um:18.055um] [12.695um:18.055um] 5.36um ------->
        <event:00000718 0:951.16:5.375um> &<id:973857 Horizontal abc_1402_new_n184 Metal2 [7.085um 60.5um] [9.5um 60.5um] 0.29um rpD:0 bl:0 -----UC---T-----------bt-- [6.875um:9.75um] [6.875um:12.25um] 5.375um ------->
        <event:00000719 0:952.888:5.385um> &<id:972827 Horizontal outputs(6) Metal2 [58um 14.5um] [62.925um 14.5um] 0.29um rpD:0 bl:0 -----UC---T-----------tb-- [57.75um:63.135um] [57.75um:63.135um] 5.385um ------->
        <event:00000720 0:975.349:5.515um> &<id:971396 Horizontal abc_1402_new_n144 Metal2 [48um 15.5um] [53.055um 15.5um] 0.29um rpD:0 bl:0 -----UCG--T-----------tb-- [47.75um:53.265um] [47.75um:53.265um] 5.515um ------->
        <event:00000721 0:608.462:5.52um> &<id:973430 Horizontal n(1) Metal2 [39.005um 14.5um] [44.105um 14.5um] 0.29um rpD:0 bl:0 -----UC---T-----------bb-- [38.795um:44.315um] [38.795um:44.315um] 5.52um ------->
        <event:00000722 4:608.462:5.52um> &<id:973430 Horizontal n(1) Metal2 [39.005um 15um] [44.105um 15um] 0.29um rpD:0 bl:0 -----UC---T-----------bb-- [38.795um:44.315um] [38.795um:44.315um] 5.52um ------->
        <event:00000723 3:3378.51:11um> &<id:970660 Vertical init Metal3 [42um 11um] [42um 13.5um] 0.29um rpD:2 bl:0 ------CG-----w--------bb-- [10.75um:13.75um] [9.25um:20.25um] 11um ------->
        <event:00000724 0:126.914:0.775um> &<id:973735 Horizontal init Metal2 [41.66um 15um] [42.225um 15um] 0.29um rpD:0 bl:0 ---a-UC---T-----------bt-- [41.555um:42.33um] [41.555um:42.33um] 0.775um ------->
        <event:00000725 0:611.154:5.545um> &<id:975270 Horizontal n(13) Metal2 [77.415um 60um] [82.5um 60um] 0.29um rpD:0 bl:0 -----UC---T-----------bt-- [77.205um:82.75um] [77.205um:82.75um] 5.545um ------->
        <event:00000726 0:612.231:5.555um> &<id:971699 Horizontal n(2) Metal2 [20.905um 15um] [26um 15um] 0.29um rpD:0 bl:0 -----UCG--T-----------bt-- [20.695um:26.25um] [20.695um:26.25um] 5.555um ------->
        <event:00000727 4:612.231:5.555um> &<id:971699 Horizontal n(2) Metal2 [20.905um 14um] [26um 14um] 0.29um rpD:0 bl:0 -----UCG--T-----------bt-- [20.695um:26.25um] [20.695um:26.25um] 5.555um ------->
        <event:00000728 3:2771.41:9um> &<id:971965 Vertical n(3) Metal3 [22.5um 14um] [22.5um 19um] 0.29um rpD:1 bl:0 -----UCG----W---------bb-- [13.75um:19.25um] [13.75um:22.75um] 9um ------->
        <event:00000729 0:397.571:0.715um> &<id:973460 Horizontal n(3) Metal2 [20.15um 14um] [20.655um 14um] 0.29um rpD:0 bl:0 ---a-UC---T-----------bt-- [20.045um:20.76um] [20.045um:20.76um] 0.715um ------->
        <event:00000730 0:987.444:5.585um> &<id:971644 Horizontal n(15) Metal2 [25um 65um] [30.125um 65um] 0.29um rpD:0 bl:0 -----UCG--T-----------tb-- [24.75um:30.335um] [24.75um:30.335um] 5.585um ------->
        <event:00000731 0:996.083:5.635um> &<id:971811 Horizontal mem_inputs(7) Metal2 [41.325um 4um] [46.5um 4um] 0.29um rpD:0 bl:0 -----UCG--T-----------bt-- [41.115um:46.75um] [41.115um:46.75um] 5.635um ------->
        <event:00000732 0:997.811:5.645um> &<id:972936 Horizontal clk_root_1 Metal2 [56.5um 14.5um] [56.685um 14.5um] 0.29um rpD:0 bl:0 -----UC---T-----------tb-- [56.25um:56.895um] [51.25um:56.895um] 5.645um ------->
        <event:00000733 4:997.811:5.645um> &<id:972936 Horizontal clk_root_1 Metal2 [56.5um 15.5um] [56.685um 15.5um] 0.29um rpD:0 bl:0 -----UC---T-----------tb-- [56.25um:56.895um] [51.25um:56.895um] 5.645um ------->
        <event:00000734 0:301.503:1.615um> &<id:974575 Horizontal abc_1402_new_n233 Metal2 [50um 15.5um] [51.155um 15.5um] 0.29um rpD:0 bl:0 -----UC---T-----------tb-- [49.75um:51.365um] [49.75um:51.365um] 1.615um ------->
        <event:00000735 4:301.503:1.615um> &<id:974575 Horizontal abc_1402_new_n233 Metal2 [50um 15.5um] [51.155um 15.5um] 0.29um rpD:0 bl:0 -----UC---T-----------tb-- [49.75um:51.365um] [49.75um:51.365um] 1.615um ------->
        <event:00000736 3:3682.07:12um> &<id:970703 Vertical clk_root_1 Metal3 [56.5um 4um] [56.5um 15.5um] 0.29um rpD:1 bl:0 ------CG----W---------bb-- [3.75um:15.75um] [3.75um:15.75um] 12um ------->
        <event:00000737 3:5048.04:16.5um> &<id:970705 Vertical clk_root_1 Metal3 [51.5um 15.5um] [51.5um 31.5um] 0.29um rpD:2 bl:0 ------CG-----w--------bb-- [15.25um:31.75um] [15.25um:31.75um] 16.5um ------->
        <event:00000738 0:997.811:1.645um> &<id:972936 Horizontal clk_root_1 Metal2 [55.5um 15.5um] [56.685um 15.5um] 0.29um rpD:0 bl:0 -----UC---T-----------tb-- [55.25um:56.895um] [55.25um:56.895um] 1.645um ------->
        <event:00000739 0:814.074:5.675um> &<id:975277 Horizontal n(12) Metal2 [82um 49um] [82.215um 49um] 0.29um rpD:0 bl:0 -----UC---T-----------tb-- [81.75um:82.425um] [76.75um:82.425um] 5.675um ------->
        <event:00000740 4:814.074:5.675um> &<id:975277 Horizontal n(12) Metal2 [82um 49.5um] [82.215um 49.5um] 0.29um rpD:0 bl:0 -----UC---T-----------tb-- [81.75um:82.425um] [76.75um:82.425um] 5.675um ------->
        <event:00000741 3:2923.19:9.5um> &<id:971778 Vertical n(10) Metal3 [81.5um 44.5um] [81.5um 48um] 0.29um rpD:1 bl:0 ------CG----W---------bb-- [44.25um:48.25um] [44.25um:53.75um] 9.5um ------->
        <event:00000742 0:133.926:0.825um> &<id:975301 Horizontal n(10) Metal2 [81.275um 49.5um] [81.89um 49.5um] 0.29um rpD:0 bl:0 ---a-UC---T-----------tb-- [81.17um:81.995um] [81.17um:81.995um] 0.825um ------->
        <event:00000743 0:823.891:5.745um> &<id:972616 Horizontal outputs(5) Metal2 [54.215um 13.5um] [59.5um 13.5um] 0.29um rpD:0 bl:0 -----UCG--T-----------bt-- [54.005um:59.75um] [54.005um:59.75um] 5.745um ------->
        <event:00000744 4:823.891:5.745um> &<id:972616 Horizontal outputs(5) Metal2 [54.215um 13.5um] [59.5um 13.5um] 0.29um rpD:0 bl:0 -----UCG--T-----------bt-- [54.005um:59.75um] [54.005um:59.75um] 5.745um ------->
        <event:00000745 3:1708.99:5.5um> &<id:970662 Vertical init Metal3 [54.5um 8.5um] [54.5um 13.5um] 0.29um rpD:1 bl:0 ------CG----W---------bb-- [8.25um:13.75um] [8.25um:13.75um] 5.5um ------->
        <event:00000746 0:118.5:0.715um> &<id:973717 Horizontal init Metal2 [54.325um 13.5um] [54.83um 13.5um] 0.29um rpD:0 bl:0 ---a-UC---T-----------tb-- [54.22um:54.935um] [54.22um:54.935um] 0.715um ------->
        <event:00000747 0:825.293:5.755um> &<id:971755 Horizontal abc_1402_new_n94 Metal2 [61.705um 25um] [67um 25um] 0.29um rpD:0 bl:0 -----UCG--T-----------bt-- [61.495um:67.25um] [61.495um:67.25um] 5.755um ------->
        <event:00000748 0:1025.46:5.805um> &<id:971210 Horizontal abc_1402_new_n145 Metal2 [62.655um 10um] [68um 10um] 0.29um rpD:0 bl:0 -----UCG--T-----------bt-- [62.445um:68.25um] [62.445um:68.25um] 5.805um ------->
        <event:00000749 0:861.053:6.01um> &<id:972140 Horizontal abc_1402_new_n216 Metal2 [33.055um 31.5um] [38.645um 31.5um] 0.29um rpD:0 bl:0 -----UCG--T-----------b--- [32.845um:38.855um] [32.845um:38.855um] 6.01um ------->
        <event:00000750 0:4.23077:0.42um> &<id:974514 Vertical abc_1402_new_n216 Metal2 [38.645um 31um] [38.645um 31um] 0.21um rpD:0 bl:0 -X---UC---TD---------P-b-- [30.58um:31.42um] [38.435um:38.855um] 0.42um P------>
        <event:00000751 0:662.308:6.02um> &<id:972307 Horizontal abc_1402_new_n149 Metal2 [23.305um 20um] [28.905um 20um] 0.29um rpD:0 bl:0 -----UCG--T-----------bb-- [23.095um:29.115um] [23.095um:29.115um] 6.02um ------->
        <event:00000752 0:1079.02:6.115um> &<id:974217 Horizontal abc_1402_new_n141 Metal2 [45um 20um] [50.655um 20um] 0.29um rpD:0 bl:0 -----UC---T-----------tb-- [44.75um:50.865um] [44.75um:50.865um] 6.115um ------->
        <event:00000753 0:1084.2:6.145um> &<id:971791 Horizontal abc_1402_new_n212 Metal2 [31um 42um] [36.685um 42um] 0.29um rpD:0 bl:0 -----UCG--T-----------tb-- [30.75um:36.895um] [30.75um:36.895um] 6.145um ------->
        <event:00000754 0:879.985:6.145um> &<id:970920 Horizontal abc_1402_new_n95 Metal2 [63.815um 10um] [69.5um 10um] 0.29um rpD:0 bl:0 -----UCG--T-----------bt-- [63.605um:69.75um] [63.605um:69.75um] 6.145um ------->
        <event:00000755 0:1108.39:6.285um> &<id:971622 Horizontal n(18) Metal2 [11.5um 50um] [17.325um 50um] 0.29um rpD:0 bl:0 -----UCG--T-----------tb-- [11.25um:17.535um] [11.25um:17.535um] 6.285um ------->
        <event:00000756 0:1117.03:6.335um> &<id:971647 Horizontal n(15) Metal2 [30.125um 65um] [36um 65um] 0.29um rpD:0 bl:0 -----UCG--T-----------bt-- [29.915um:36.25um] [29.915um:36.25um] 6.335um ------->
        <event:00000757 0:701.077:6.38um> &<id:972169 Horizontal n(29) Metal2 [24.255um 26um] [30.215um 26um] 0.29um rpD:0 bl:0 -----UCG--T-----------bb-- [24.045um:30.425um] [24.045um:30.425um] 6.38um ------->
        <event:00000758 0:716.154:6.52um> &<id:971264 Horizontal n(1) Metal2 [32.905um 14.5um] [39.005um 14.5um] 0.29um rpD:0 bl:0 -----UCG--T-----------bb-- [32.695um:39.215um] [32.695um:39.215um] 6.52um ------->
        <event:00000759 4:716.154:6.52um> &<id:971264 Horizontal n(1) Metal2 [32.905um 14um] [39.005um 14um] 0.29um rpD:0 bl:0 -----UCG--T-----------bb-- [32.695um:39.215um] [32.695um:39.215um] 6.52um ------->
        <event:00000760 1:1445.88:8.535um> &<id:970659 Horizontal init Metal2 [33.925um 13.5um] [42um 13.5um] 0.29um rpD:1 bl:0 ------CG----W----------t-- [33.715um:42.25um] [33.715um:42.25um] 8.535um ------->
        <event:00000761 4:1445.88:8.535um> &<id:970659 Horizontal init Metal2 [33.925um 15.5um] [42um 15.5um] 0.29um rpD:1 bl:0 ------CG----W----------t-- [33.715um:42.25um] [33.715um:42.25um] 8.535um ------->
        <event:00000762 3:1405.44:4.5um> &<id:972305 Vertical abc_1402_new_n149 Metal3 [35um 15.5um] [35um 19.5um] 0.29um rpD:1 bl:0 -----UCG----W---------bb-- [15.25um:19.75um] [15.25um:19.75um] 4.5um ------->
        <event:00000763 0:4.23077:0.42um> &<id:973743 Vertical init Metal2 [33.925um 15um] [33.925um 15.5um] 0.21um rpD:0 bl:0 -X---UC---TD---------Pb--- [14.5801um:15.92um] [33.715um:34.135um] 0.42um P------>
        <event:00000764 4:4.23077:0.42um> &<id:973743 Vertical init Metal2 [33.925um 15um] [33.925um 15.5um] 0.21um rpD:0 bl:0 -X---UC---TD---------Pb--- [14.5801um:15.92um] [33.715um:34.135um] 0.42um P------>
        <event:00000765 3:2164.31:7um> &<id:971527 Vertical n(0) Metal3 [35um 8.5um] [35um 13.5um] 0.29um rpD:1 bl:0 ------CG----W---------bb-- [8.25um:13.75um] [8.25um:15.25um] 7um ------->
        <event:00000766 0:168.462:0.845um> &<id:974739 Horizontal abc_1402_new_n149 Metal2 [34.595um 15.5um] [35.23um 15.5um] 0.29um rpD:0 bl:0 ---a-UC---T-----------bt-- [34.49um:35.335um] [34.49um:35.335um] 0.845um ------->
        <event:00000767 0:467.689:1.705um> &<id:973447 Horizontal n(0) Metal2 [32.255um 15um] [33.5um 15um] 0.29um rpD:0 bl:0 -----UC---T-----------bt-- [32.045um:33.75um] [32.045um:33.75um] 1.705um ------->
        <event:00000768 4:257.334:1.705um> &<id:973447 Horizontal n(0) Metal2 [32.255um 15um] [33.5um 15um] 0.29um rpD:0 bl:0 -----UC---T-----------bt-- [32.045um:33.75um] [32.045um:33.75um] 1.705um ------->
        <event:00000769 1:1445.88:8.535um> &<id:970659 Horizontal init Metal2 [33.925um 15.5um] [42um 15.5um] 0.29um rpD:1 bl:0 ------CG----W----------t-- [33.715um:42.25um] [33.715um:42.25um] 8.535um ------->
        <event:00000770 4:1445.88:8.535um> &<id:970659 Horizontal init Metal2 [33.925um 15.5um] [42um 15.5um] 0.29um rpD:1 bl:0 ------CG----W----------t-- [33.715um:42.25um] [33.715um:42.25um] 8.535um ------->
        <event:00000771 3:2316.09:7.5um> &<id:971527 Vertical n(0) Metal3 [33.5um 8.5um] [33.5um 13.5um] 0.29um rpD:1 bl:0 ------CG----W---------bb-- [8.25um:13.75um] [8.25um:15.75um] 7.5um ------->
        <event:00000772 0:4.23077:0.42um> &<id:973743 Vertical init Metal2 [33.925um 15um] [33.925um 15.5um] 0.21um rpD:0 bl:0 -X---UC---TD---------Pb--- [14.5801um:15.92um] [33.715um:34.135um] 0.42um P------>
        <event:00000773 0:257.334:1.705um> &<id:973447 Horizontal n(0) Metal2 [32.255um 15.5um] [33.5um 15.5um] 0.29um rpD:0 bl:0 -----UC---T-----------bt-- [32.045um:33.75um] [32.045um:33.75um] 1.705um ------->
        <event:00000774 4:257.334:1.705um> &<id:973447 Horizontal n(0) Metal2 [32.255um 15um] [33.5um 15um] 0.29um rpD:0 bl:0 -----UC---T-----------bt-- [32.045um:33.75um] [32.045um:33.75um] 1.705um ------->
        <event:00000775 1:1445.88:8.535um> &<id:970659 Horizontal init Metal2 [33.925um 15.5um] [42um 15.5um] 0.29um rpD:1 bl:0 ------CG----W----------t-- [33.715um:42.25um] [33.715um:42.25um] 8.535um ------->
        <event:00000776 5:141:0.715um> &<id:970659 Horizontal init Metal2 [33.82um 15.5um] [34.325um 15.5um] 0.29um rpD:1 bl:0 ---a--C-----W----------t-- [33.715um:34.43um] [33.715um:34.43um] 0.715um ------t>
        <event:00000777 3:254.982:2.5um> &<id:975344 Vertical init Metal3 [34um 13.5um] [34um 15.5um] 0.29um rpD:2 bl:0 ------C------wAS------bt-- [13.25um:15.75um] [13.25um:15.75um] 2.5um --S--st>
        <event:00000778 3:2619.64:8.5um> &<id:975345 Horizontal init Metal4 [34um 15.5um] [42um 15.5um] 0.29um rpD:2 bl:0 ------CG-----w--------bb-- [33.75um:42.25um] [33.75um:42.25um] 8.5um -----s->
        <event:00000779 0:4.23077:0.42um> &<id:973743 Vertical init Metal2 [33.925um 13.5um] [33.925um 14um] 0.21um rpD:0 bl:0 -X---UC---TD---------P-b-- [13.08um:14.42um] [33.715um:34.135um] 0.42um P------>
        <event:00000780 4:4.23077:0.42um> &<id:973743 Vertical init Metal2 [33.925um 13.5um] [33.925um 14um] 0.21um rpD:0 bl:0 -X---UC---TD---------P-b-- [13.08um:14.42um] [33.715um:34.135um] 0.42um P------>
        <event:00000781 0:716.154:6.52um> &<id:971264 Horizontal n(1) Metal2 [32.905um 14um] [39.005um 14um] 0.29um rpD:0 bl:0 -----UCG--T-----------bb-- [32.695um:39.215um] [32.695um:39.215um] 6.52um ------->
        <event:00000782 4:716.154:6.52um> &<id:971264 Horizontal n(1) Metal2 [32.905um 15um] [39.005um 15um] 0.29um rpD:0 bl:0 -----UCG--T-----------bb-- [32.695um:39.215um] [32.695um:39.215um] 6.52um ------->
        <event:00000783 3:1557.21:5um> &<id:972305 Vertical abc_1402_new_n149 Metal3 [35um 15um] [35um 19.5um] 0.29um rpD:1 bl:0 -----UCG----W---------bb-- [14.75um:19.75um] [14.75um:19.75um] 5um ------->
        <event:00000784 0:168.462:0.845um> &<id:974739 Horizontal abc_1402_new_n149 Metal2 [34.595um 15um] [35.23um 15um] 0.29um rpD:0 bl:0 ---a-UC---T-----------bt-- [34.49um:35.335um] [34.49um:35.335um] 0.845um ------->
        <event:00000785 0:1154.18:6.55um> &<id:971692 Horizontal n(2) Metal2 [6.925um 14.5um] [13.055um 14.5um] 0.29um rpD:0 bl:0 -----UCG--T-----------bb-- [6.715um:13.265um] [6.715um:13.265um] 6.55um ------->
        <event:00000786 0:719.923:6.555um> &<id:972306 Horizontal abc_1402_new_n149 Metal2 [28.905um 19.5um] [35um 19.5um] 0.29um rpD:0 bl:0 -----UCG--T-----------bt-- [28.695um:35.25um] [28.695um:35.25um] 6.555um ------->
        <event:00000787 0:1194.78:6.785um> &<id:971808 Horizontal mem_inputs(7) Metal2 [35um 4um] [41.325um 4um] 0.29um rpD:0 bl:0 -----UCG--T-----------tb-- [34.75um:41.535um] [34.75um:41.535um] 6.785um ------->
        <event:00000788 0:748.462:6.82um> &<id:972187 Horizontal n(20) Metal2 [26.215um 55um] [32.615um 55um] 0.29um rpD:0 bl:0 -----UCG--T-----------bb-- [26.005um:32.825um] [26.005um:32.825um] 6.82um ------->
        <event:00000789 0:982.358:6.875um> &<id:970918 Horizontal abc_1402_new_n95 Metal2 [47um 8um] [53.415um 8um] 0.29um rpD:0 bl:0 -----UCG--T-----------tb-- [46.75um:53.625um] [46.75um:53.625um] 6.875um ------->
        <event:00000790 0:982.358:8.375um> &<id:971528 Horizontal n(0) Metal2 [33.5um 13.5um] [41.415um 13.5um] 0.29um rpD:0 bl:0 -----UCG--T-----------tb-- [33.25um:41.625um] [33.25um:41.625um] 8.375um ------->
        <event:00000791 4:1192.71:8.375um> &<id:971528 Horizontal n(0) Metal2 [33.5um 14.5um] [41.415um 14.5um] 0.29um rpD:0 bl:0 -----UCG--T-----------tb-- [33.25um:41.625um] [33.25um:41.625um] 8.375um ------->
        <event:00000792 3:1708.99:5.5um> &<id:971713 Vertical n(31) Metal3 [33.5um 15.5um] [33.5um 19.5um] 0.29um rpD:1 bl:0 ------CG----W---------bb-- [15.25um:19.75um] [14.25um:19.75um] 5.5um ------->
        <event:00000793 3:1708.99:5.5um> &<id:971394 Vertical abc_1402_new_n144 Metal3 [40um 9.5um] [40um 12um] 0.29um rpD:1 bl:0 ------CG----W---------bb-- [9.25um:12.25um] [9.25um:14.75um] 5.5um ------->
        <event:00000794 1:1442.75:6.09um> &<id:971096 Horizontal abc_1402_new_n147 Metal2 [36.685um 14.5um] [42.355um 14.5um] 0.29um rpD:1 bl:0 -----UCG----W------------- [36.475um:42.565um] [36.475um:42.565um] 6.09um ------->
        <event:00000795 0:4.23077:0.42um> &<id:974089 Vertical abc_1402_new_n147 Metal2 [36.685um 15.5um] [36.685um 16um] 0.21um rpD:0 bl:0 -X---UC---TD---------Pb--- [15.08um:16.42um] [36.475um:36.895um] 0.42um P------>
        <event:00000796 0:4.23077:0.42um> &<id:974092 Vertical abc_1402_new_n147 Metal2 [42.355um 15.5um] [42.355um 16um] 0.21um rpD:0 bl:0 -X---UC---TD---------Pb--- [15.08um:16.42um] [42.145um:42.565um] 0.42um P------>
        <event:00000797 0:91:1.045um> &<id:974989 Horizontal n(31) Metal2 [32.725um 14.5um] [33.56um 14.5um] 0.29um rpD:0 bl:0 ---a-UC---T-----------tb-- [32.62um:33.665um] [32.62um:33.665um] 1.045um ------->
        <event:00000798 4:126.538:1.045um> &<id:974989 Horizontal n(31) Metal2 [32.725um 14.5um] [33.56um 14.5um] 0.29um rpD:0 bl:0 ---a-UC---T-----------tb-- [32.62um:33.665um] [32.62um:33.665um] 1.045um ------->
        <event:00000799 3:2316.09:7.5um> &<id:971527 Vertical n(0) Metal3 [33.5um 8.5um] [33.5um 14.5um] 0.29um rpD:1 bl:0 ------CG----W---------bb-- [8.25um:14.75um] [8.25um:15.75um] 7.5um ------->
        <event:00000800 0:184.012:0.935um> &<id:974144 Horizontal abc_1402_new_n144 Metal2 [39.745um 14.5um] [40.47um 14.5um] 0.29um rpD:0 bl:0 ---a-UC---T-----------tb-- [39.64um:40.575um] [39.64um:40.575um] 0.935um ------->
        <event:00000801 0:780.231:7.115um> &<id:972369 Horizontal abc_1402_new_n184 Metal2 [12um 65.5um] [18.655um 65.5um] 0.29um rpD:0 bl:0 -----UCG--T-----------tb-- [11.75um:18.865um] [11.75um:18.865um] 7.115um ------->
        <event:00000802 0:1016.72:7.12um> &<id:972601 Horizontal outputs(7) Metal2 [34.715um 9um] [41.415um 9um] 0.29um rpD:0 bl:0 -----UCG--T-----------b--- [34.505um:41.625um] [34.505um:41.625um] 7.12um ------->
        <event:00000803 0:1269.08:7.215um> &<id:972519 Horizontal abc_1402_new_n138 Metal2 [41.5um 27um] [48.255um 27um] 0.29um rpD:0 bl:0 -----UCG--T-----------tb-- [41.25um:48.465um] [41.25um:48.465um] 7.215um ------->
        <event:00000804 0:1046.17:7.33um> &<id:971456 Horizontal outputs(2) Metal2 [68.905um 14um] [75.815um 14um] 0.29um rpD:0 bl:0 -----UCG--T------------b-- [68.695um:76.025um] [68.695um:76.025um] 7.33um ------->
        <event:00000805 4:1046.17:7.33um> &<id:971456 Horizontal outputs(2) Metal2 [68.905um 14um] [75.815um 14um] 0.29um rpD:0 bl:0 -----UCG--T------------b-- [68.695um:76.025um] [68.695um:76.025um] 7.33um ------->
        <event:00000806 3:3226.74:10.5um> &<id:971366 Vertical abc_1402_new_n143 Metal3 [73um 9.5um] [73um 13.5um] 0.29um rpD:1 bl:0 -----UCG----W---------bb-- [9.25um:13.75um] [9.25um:19.75um] 10.5um ------->
        <event:00000807 0:405.985:2.765um> &<id:974196 Horizontal abc_1402_new_n143 Metal2 [73um 14um] [75.305um 14um] 0.29um rpD:0 bl:0 -----UC---T-----------tb-- [72.75um:75.515um] [72.75um:75.515um] 2.765um ------->
        <event:00000808 4:405.985:2.765um> &<id:974196 Horizontal abc_1402_new_n143 Metal2 [73um 14.5um] [75.305um 14.5um] 0.29um rpD:0 bl:0 -----UC---T-----------tb-- [72.75um:75.515um] [72.75um:75.515um] 2.765um ------->
        <event:00000809 1:1036.22:6.08um> &<id:971091 Horizontal abc_1402_auto_rtlil_cc_2739_MuxGate_1399 Metal2 [73.845um 14.5um] [79.505um 14.5um] 0.29um rpD:1 bl:0 -----UCG----W------------- [73.635um:79.715um] [73.635um:79.715um] 6.08um ------->
        <event:00000810 4:1036.22:6.08um> &<id:971091 Horizontal abc_1402_auto_rtlil_cc_2739_MuxGate_1399 Metal2 [73.845um 13.5um] [79.505um 13.5um] 0.29um rpD:1 bl:0 -----UCG----W------------- [73.635um:79.715um] [73.635um:79.715um] 6.08um ------->
        <event:00000811 3:1253.66:4um> &<id:971066 Vertical abc_1402_new_n253 Metal3 [73.5um 10um] [73.5um 13.5um] 0.29um rpD:1 bl:0 -----UCG----W---------bb-- [9.75um:13.75um] [9.75um:13.75um] 4um ------->
        <event:00000812 0:4.23077:0.42um> &<id:973118 Vertical abc_1402_auto_rtlil_cc_2739_MuxGate_1399 Metal2 [73.845um 13.5um] [73.845um 13.5um] 0.21um rpD:0 bl:0 -X---UC---TD---------P-b-- [13.08um:13.92um] [73.635um:74.055um] 0.42um P------>
        <event:00000813 0:4.23077:0.42um> &<id:973121 Vertical abc_1402_auto_rtlil_cc_2739_MuxGate_1399 Metal2 [79.505um 13.5um] [79.505um 14um] 0.21um rpD:0 bl:0 -X---UC---TD---------P-b-- [13.08um:14.42um] [79.295um:79.715um] 0.42um P------>
        <event:00000814 0:118.5:0.715um> &<id:974648 Horizontal abc_1402_new_n253 Metal2 [73.31um 13.5um] [73.815um 13.5um] 0.29um rpD:0 bl:0 ---a-UC---T-----------bt-- [73.205um:73.92um] [73.205um:73.92um] 0.715um ------->
        <event:00000815 4:118.5:0.715um> &<id:974648 Horizontal abc_1402_new_n253 Metal2 [73.31um 15um] [73.815um 15um] 0.29um rpD:0 bl:0 ---a-UC---T-----------bt-- [73.205um:73.92um] [73.205um:73.92um] 0.715um ------->
        <event:00000816 3:2012.54:6.5um> &<id:970664 Vertical init Metal3 [73.5um 10um] [73.5um 15um] 0.29um rpD:1 bl:0 ------CG----W---------bb-- [9.75um:15.25um] [8.75um:15.25um] 6.5um ------->
        <event:00000817 3:1557.21:5um> &<id:970668 Vertical init Metal3 [74um 15um] [74um 19.5um] 0.29um rpD:1 bl:0 ------CG----W---------bb-- [14.75um:19.75um] [14.75um:19.75um] 5um ------->
        <event:00000818 0:478.908:2.785um> &<id:973753 Horizontal init Metal2 [74um 15um] [76.325um 15um] 0.29um rpD:0 bl:0 -----UC---T-----------tb-- [73.75um:76.535um] [73.75um:76.535um] 2.785um ------->
        <event:00000819 4:408.79:2.785um> &<id:973753 Horizontal init Metal2 [74um 15um] [76.325um 15um] 0.29um rpD:0 bl:0 -----UC---T-----------tb-- [73.75um:76.535um] [73.75um:76.535um] 2.785um ------->
        <event:00000820 3:1708.99:5.5um> &<id:971066 Vertical abc_1402_new_n253 Metal3 [73.5um 10um] [73.5um 15um] 0.29um rpD:1 bl:0 -----UCG----W---------bb-- [9.75um:15.25um] [9.75um:15.25um] 5.5um ------->
        <event:00000821 0:118.5:0.715um> &<id:974648 Horizontal abc_1402_new_n253 Metal2 [73.31um 15um] [73.815um 15um] 0.29um rpD:0 bl:0 ---a-UC---T-----------bt-- [73.205um:73.92um] [73.205um:73.92um] 0.715um ------->
        <event:00000822 4:118.5:0.715um> &<id:974648 Horizontal abc_1402_new_n253 Metal2 [73.31um 15um] [73.815um 15um] 0.29um rpD:0 bl:0 ---a-UC---T-----------bt-- [73.205um:73.92um] [73.205um:73.92um] 0.715um ------->
        <event:00000823 3:2012.54:6.5um> &<id:970664 Vertical init Metal3 [74um 10um] [74um 15um] 0.29um rpD:1 bl:0 ------CG----W---------bb-- [9.75um:15.25um] [8.75um:15.25um] 6.5um ------->
        <event:00000824 3:1557.21:5um> &<id:970668 Vertical init Metal3 [74um 15um] [74um 19.5um] 0.29um rpD:1 bl:0 ------CG----W---------bb-- [14.75um:19.75um] [14.75um:19.75um] 5um ------->
        <event:00000825 0:408.79:2.785um> &<id:973753 Horizontal init Metal2 [74um 15um] [76.325um 15um] 0.29um rpD:0 bl:0 -----UC---T-----------tb-- [73.75um:76.535um] [73.75um:76.535um] 2.785um ------->
        <event:00000826 4:408.79:2.785um> &<id:973753 Horizontal init Metal2 [74um 15um] [76.325um 15um] 0.29um rpD:0 bl:0 -----UC---T-----------tb-- [73.75um:76.535um] [73.75um:76.535um] 2.785um ------->
        <event:00000827 3:1708.99:5.5um> &<id:971066 Vertical abc_1402_new_n253 Metal3 [73.5um 10um] [73.5um 15um] 0.29um rpD:1 bl:0 -----UCG----W---------bb-- [9.75um:15.25um] [9.75um:15.25um] 5.5um ------->
        <event:00000828 0:118.5:0.715um> &<id:974648 Horizontal abc_1402_new_n253 Metal2 [73.31um 15um] [73.815um 15um] 0.29um rpD:0 bl:0 ---a-UC---T-----------bt-- [73.205um:73.92um] [73.205um:73.92um] 0.715um ------->
        <event:00000829 4:118.5:0.715um> &<id:974648 Horizontal abc_1402_new_n253 Metal2 [73.31um 14um] [73.815um 14um] 0.29um rpD:0 bl:0 ---a-UC---T-----------bt-- [73.205um:73.92um] [73.205um:73.92um] 0.715um ------->
        <event:00000830 0:1046.17:7.33um> &<id:971456 Horizontal outputs(2) Metal2 [68.905um 14um] [75.815um 14um] 0.29um rpD:0 bl:0 -----UCG--T------------b-- [68.695um:76.025um] [68.695um:76.025um] 7.33um ------->
        <event:00000831 4:1046.17:7.33um> &<id:971456 Horizontal outputs(2) Metal2 [68.905um 13.5um] [75.815um 13.5um] 0.29um rpD:0 bl:0 -----UCG--T------------b-- [68.695um:76.025um] [68.695um:76.025um] 7.33um ------->
        <event:00000832 3:4.23077:0.42um> &<id:973118 Vertical abc_1402_auto_rtlil_cc_2739_MuxGate_1399 Metal2 [73.845um 13.5um] [73.845um 13.5um] 0.21um rpD:0 bl:0 -X---UC---TD---------P-b-- [13.08um:13.92um] [73.635um:74.055um] 0.42um P------>
        <event:00000833 4:4.23077:0.42um> &<id:973118 Vertical abc_1402_auto_rtlil_cc_2739_MuxGate_1399 Metal2 [73.845um 13.5um] [73.845um 13.5um] 0.21um rpD:0 bl:0 -X---UC---TD---------P-b-- [13.08um:13.92um] [73.635um:74.055um] 0.42um P------>
        <event:00000834 3:2619.64:8.5um> &<id:970922 Vertical abc_1402_new_n95 Metal3 [67um 13.5um] [67um 19.5um] 0.29um rpD:1 bl:0 ------CG----W---------bb-- [13.25um:19.75um] [13.25um:21.75um] 8.5um ------->
        <event:00000835 3:1557.21:5um> &<id:970921 Vertical abc_1402_new_n95 Metal3 [69.5um 9.5um] [69.5um 13.5um] 0.29um rpD:1 bl:0 -----UCG----W---------bb-- [9.25um:13.75um] [8.75um:13.75um] 5um ------->
        <event:00000836 0:4.23077:0.42um> &<id:972783 Vertical outputs(2) Metal2 [68.905um 13.5um] [68.905um 13.5um] 0.21um rpD:0 bl:0 -X---UC---TD---------Pb--- [13.08um:13.92um] [68.695um:69.115um] 0.42um P------>
        <event:00000837 0:438.941:3um> &<id:973366 Horizontal abc_1402_new_n95 Metal2 [69.415um 13.5um] [69.5um 13.5um] 0.29um rpD:0 bl:0 -----UC---T-----------bt-- [69.205um:69.75um] [66.75um:69.75um] 3um ------->
        <event:00000838 0:1046.17:7.33um> &<id:971456 Horizontal outputs(2) Metal2 [68.905um 13.5um] [75.815um 13.5um] 0.29um rpD:0 bl:0 -----UCG--T------------b-- [68.695um:76.025um] [68.695um:76.025um] 7.33um ------->
        <event:00000839 4:1046.17:7.33um> &<id:971456 Horizontal outputs(2) Metal2 [68.905um 13.5um] [75.815um 13.5um] 0.29um rpD:0 bl:0 -----UCG--T------------b-- [68.695um:76.025um] [68.695um:76.025um] 7.33um ------->
        <event:00000840 1:1036.22:6.08um> &<id:971091 Horizontal abc_1402_auto_rtlil_cc_2739_MuxGate_1399 Metal2 [73.845um 13.5um] [79.505um 13.5um] 0.29um rpD:1 bl:0 -----UCG----W------------- [73.635um:79.715um] [73.635um:79.715um] 6.08um ------->
        <event:00000841 4:1036.22:6.08um> &<id:971091 Horizontal abc_1402_auto_rtlil_cc_2739_MuxGate_1399 Metal2 [73.845um 15.5um] [79.505um 15.5um] 0.29um rpD:1 bl:0 -----UCG----W------------- [73.635um:79.715um] [73.635um:79.715um] 6.08um ------->
        <event:00000842 3:2923.19:9.5um> &<id:971397 Vertical abc_1402_new_n144 Metal3 [72um 10um] [72um 13.5um] 0.29um rpD:1 bl:0 -----UCG----W---------bb-- [9.75um:13.75um] [9.75um:19.25um] 9.5um ------->
        <event:00000843 1:2399.55:10.215um> &<id:972377 Horizontal abc_1402_new_n250 Metal2 [67um 15.5um] [76.755um 15.5um] 0.29um rpD:1 bl:0 ------CG----W---------t--- [66.75um:76.965um] [66.75um:76.965um] 10.215um ------->
        <event:00000844 0:4.23077:0.42um> &<id:973118 Vertical abc_1402_auto_rtlil_cc_2739_MuxGate_1399 Metal2 [73.845um 15.5um] [73.845um 15.5um] 0.21um rpD:0 bl:0 -X---UC---TD---------P-b-- [15.08um:15.92um] [73.635um:74.055um] 0.42um P------>
        <event:00000845 0:4.23077:0.42um> &<id:974632 Vertical abc_1402_new_n250 Metal2 [76.755um 15.5um] [76.755um 16um] 0.21um rpD:0 bl:0 -X---UC---TD---------Pb--- [15.08um:16.42um] [76.545um:76.965um] 0.42um P------>
        <event:00000846 4:4.23077:0.42um> &<id:974632 Vertical abc_1402_new_n250 Metal2 [76.755um 15.5um] [76.755um 16um] 0.21um rpD:0 bl:0 -X---UC---TD---------Pb--- [15.08um:16.42um] [76.545um:76.965um] 0.42um P------>
        <event:00000847 0:4.23077:0.42um> &<id:973121 Vertical abc_1402_auto_rtlil_cc_2739_MuxGate_1399 Metal2 [79.505um 15um] [79.505um 15.5um] 0.21um rpD:0 bl:0 -X---UC---TD---------Pb--- [14.5801um:15.92um] [79.295um:79.715um] 0.42um P------>
        <event:00000848 0:560.675:3.115um> &<id:974163 Horizontal abc_1402_new_n144 Metal2 [72um 15.5um] [74.655um 15.5um] 0.29um rpD:0 bl:0 -----UC---T-----------tb-- [71.75um:74.865um] [71.75um:74.865um] 3.115um ------->
        <event:00000849 4:560.675:3.115um> &<id:974163 Horizontal abc_1402_new_n144 Metal2 [72um 15.5um] [74.655um 15.5um] 0.29um rpD:0 bl:0 -----UC---T-----------tb-- [71.75um:74.865um] [71.75um:74.865um] 3.115um ------->
        <event:00000850 1:1036.22:6.08um> &<id:971091 Horizontal abc_1402_auto_rtlil_cc_2739_MuxGate_1399 Metal2 [73.845um 15.5um] [79.505um 15.5um] 0.29um rpD:1 bl:0 -----UCG----W------------- [73.635um:79.715um] [73.635um:79.715um] 6.08um ------->
        <event:00000851 4:1036.22:6.08um> &<id:971091 Horizontal abc_1402_auto_rtlil_cc_2739_MuxGate_1399 Metal2 [73.845um 15um] [79.505um 15um] 0.29um rpD:1 bl:0 -----UCG----W------------- [73.635um:79.715um] [73.635um:79.715um] 6.08um ------->
        <event:00000852 3:2012.54:6.5um> &<id:970664 Vertical init Metal3 [74um 10um] [74um 15um] 0.29um rpD:1 bl:0 ------CG----W---------bb-- [9.75um:15.25um] [8.75um:15.25um] 6.5um ------->
        <event:00000853 3:1557.21:5um> &<id:970668 Vertical init Metal3 [74um 15um] [74um 19.5um] 0.29um rpD:1 bl:0 ------CG----W---------bb-- [14.75um:19.75um] [14.75um:19.75um] 5um ------->
        <event:00000854 0:4.23077:0.42um> &<id:973118 Vertical abc_1402_auto_rtlil_cc_2739_MuxGate_1399 Metal2 [73.845um 15um] [73.845um 15um] 0.21um rpD:0 bl:0 -X---UC---TD---------P-b-- [14.5801um:15.42um] [73.635um:74.055um] 0.42um P------>
        <event:00000855 0:4.23077:0.42um> &<id:973121 Vertical abc_1402_auto_rtlil_cc_2739_MuxGate_1399 Metal2 [79.505um 15um] [79.505um 15um] 0.21um rpD:0 bl:0 -X---UC---TD---------Pb--- [14.5801um:15.42um] [79.295um:79.715um] 0.42um P------>
        <event:00000856 0:408.79:2.785um> &<id:973753 Horizontal init Metal2 [74um 15um] [76.325um 15um] 0.29um rpD:0 bl:0 -----UC---T-----------tb-- [73.75um:76.535um] [73.75um:76.535um] 2.785um ------->
        <event:00000857 4:408.79:2.785um> &<id:973753 Horizontal init Metal2 [74um 13.5um] [76.325um 13.5um] 0.29um rpD:0 bl:0 -----UC---T-----------tb-- [73.75um:76.535um] [73.75um:76.535um] 2.785um ------->
        <event:00000858 0:1046.17:7.33um> &<id:971456 Horizontal outputs(2) Metal2 [68.905um 13.5um] [75.815um 13.5um] 0.29um rpD:0 bl:0 -----UCG--T------------b-- [68.695um:76.025um] [68.695um:76.025um] 7.33um ------->
        <event:00000859 4:1046.17:7.33um> &<id:971456 Horizontal outputs(2) Metal2 [68.905um 14.5um] [75.815um 14.5um] 0.29um rpD:0 bl:0 -----UCG--T------------b-- [68.695um:76.025um] [68.695um:76.025um] 7.33um ------->
        <event:00000860 3:3226.74:10.5um> &<id:971366 Vertical abc_1402_new_n143 Metal3 [73um 9.5um] [73um 13.5um] 0.29um rpD:1 bl:0 -----UCG----W---------bb-- [9.25um:13.75um] [9.25um:19.75um] 10.5um ------->
        <event:00000861 1:568.284:2.32um> &<id:970952 Horizontal abc_1402_new_n255 Metal2 [70.355um 14.5um] [72.255um 14.5um] 0.29um rpD:1 bl:0 -----UCG----W------------- [70.145um:72.465um] [70.145um:72.465um] 2.32um ------->
        <event:00000862 0:4.23077:0.42um> &<id:972783 Vertical outputs(2) Metal2 [68.905um 14.5um] [68.905um 14.5um] 0.21um rpD:0 bl:0 -X---UC---TD---------Pb--- [14.0801um:14.92um] [68.695um:69.115um] 0.42um P------>
        <event:00000863 0:4.23077:0.42um> &<id:974658 Vertical abc_1402_new_n255 Metal2 [70.355um 14um] [70.355um 14um] 0.21um rpD:0 bl:0 -X---UC---TD---------P-b-- [13.5801um:14.42um] [70.145um:70.565um] 0.42um P------>
        <event:00000864 0:4.23077:0.42um> &<id:974661 Vertical abc_1402_new_n255 Metal2 [72.255um 14um] [72.255um 14um] 0.21um rpD:0 bl:0 -X---UC---TD---------P-b-- [13.5801um:14.42um] [72.045um:72.465um] 0.42um P------>
        <event:00000865 0:405.985:2.765um> &<id:974196 Horizontal abc_1402_new_n143 Metal2 [73um 14.5um] [75.305um 14.5um] 0.29um rpD:0 bl:0 -----UC---T-----------tb-- [72.75um:75.515um] [72.75um:75.515um] 2.765um ------->
        <event:00000866 4:405.985:2.765um> &<id:974196 Horizontal abc_1402_new_n143 Metal2 [73um 14um] [75.305um 14um] 0.29um rpD:0 bl:0 -----UC---T-----------tb-- [72.75um:75.515um] [72.75um:75.515um] 2.765um ------->
        <event:00000867 3:1405.44:4.5um> &<id:971066 Vertical abc_1402_new_n253 Metal3 [73.5um 10um] [73.5um 14um] 0.29um rpD:1 bl:0 -----UCG----W---------bb-- [9.75um:14.25um] [9.75um:14.25um] 4.5um ------->
        <event:00000868 0:118.5:0.715um> &<id:974648 Horizontal abc_1402_new_n253 Metal2 [73.31um 14um] [73.815um 14um] 0.29um rpD:0 bl:0 ---a-UC---T-----------bt-- [73.205um:73.92um] [73.205um:73.92um] 0.715um ------->
        <event:00000869 4:118.5:0.715um> &<id:974648 Horizontal abc_1402_new_n253 Metal2 [73.31um 14.5um] [73.815um 14.5um] 0.29um rpD:0 bl:0 ---a-UC---T-----------bt-- [73.205um:73.92um] [73.205um:73.92um] 0.715um ------->
        <event:00000870 0:1046.17:7.33um> &<id:971456 Horizontal outputs(2) Metal2 [68.905um 14.5um] [75.815um 14.5um] 0.29um rpD:0 bl:0 -----UCG--T------------b-- [68.695um:76.025um] [68.695um:76.025um] 7.33um ------->
        <event:00000871 4:1046.17:7.33um> &<id:971456 Horizontal outputs(2) Metal2 [68.905um 14.5um] [75.815um 14.5um] 0.29um rpD:0 bl:0 -----UCG--T------------b-- [68.695um:76.025um] [68.695um:76.025um] 7.33um ------->
        <event:00000872 3:1557.21:5um> &<id:971066 Vertical abc_1402_new_n253 Metal3 [73.5um 10um] [73.5um 14.5um] 0.29um rpD:1 bl:0 -----UCG----W---------bb-- [9.75um:14.75um] [9.75um:14.75um] 5um ------->
        <event:00000873 0:118.5:0.715um> &<id:974648 Horizontal abc_1402_new_n253 Metal2 [73.31um 14.5um] [73.815um 14.5um] 0.29um rpD:0 bl:0 ---a-UC---T-----------bt-- [73.205um:73.92um] [73.205um:73.92um] 0.715um ------->
        <event:00000874 4:118.5:0.715um> &<id:974648 Horizontal abc_1402_new_n253 Metal2 [73.31um 15um] [73.815um 15um] 0.29um rpD:0 bl:0 ---a-UC---T-----------bt-- [73.205um:73.92um] [73.205um:73.92um] 0.715um ------->
        <event:00000875 3:4.23077:0.42um> &<id:973118 Vertical abc_1402_auto_rtlil_cc_2739_MuxGate_1399 Metal2 [73.845um 15um] [73.845um 15um] 0.21um rpD:0 bl:0 -X---UC---TD---------P-b-- [14.5801um:15.42um] [73.635um:74.055um] 0.42um P------>
        <event:00000876 4:4.23077:0.42um> &<id:973118 Vertical abc_1402_auto_rtlil_cc_2739_MuxGate_1399 Metal2 [73.845um 15um] [73.845um 15um] 0.21um rpD:0 bl:0 -X---UC---TD---------P-b-- [14.5801um:15.42um] [73.635um:74.055um] 0.42um P------>
        <event:00000877 3:1708.99:5.5um> &<id:971066 Vertical abc_1402_new_n253 Metal3 [73.5um 10um] [73.5um 15um] 0.29um rpD:1 bl:0 -----UCG----W---------bb-- [9.75um:15.25um] [9.75um:15.25um] 5.5um ------->
        <event:00000878 0:118.5:0.715um> &<id:974648 Horizontal abc_1402_new_n253 Metal2 [73.31um 15um] [73.815um 15um] 0.29um rpD:0 bl:0 ---a-UC---T-----------bt-- [73.205um:73.92um] [73.205um:73.92um] 0.715um ------->
        <event:00000879 4:118.5:0.715um> &<id:974648 Horizontal abc_1402_new_n253 Metal2 [73.31um 15um] [73.815um 15um] 0.29um rpD:0 bl:0 ---a-UC---T-----------bt-- [73.205um:73.92um] [73.205um:73.92um] 0.715um ------->
        <event:00000880 1:1036.22:6.08um> &<id:971091 Horizontal abc_1402_auto_rtlil_cc_2739_MuxGate_1399 Metal2 [73.845um 15um] [79.505um 15um] 0.29um rpD:1 bl:0 -----UCG----W------------- [73.635um:79.715um] [73.635um:79.715um] 6.08um ------->
        <event:00000881 4:1036.22:6.08um> &<id:971091 Horizontal abc_1402_auto_rtlil_cc_2739_MuxGate_1399 Metal2 [73.845um 15.5um] [79.505um 15.5um] 0.29um rpD:1 bl:0 -----UCG----W------------- [73.635um:79.715um] [73.635um:79.715um] 6.08um ------->
        <event:00000882 3:2923.19:9.5um> &<id:971397 Vertical abc_1402_new_n144 Metal3 [72um 10um] [72um 13.5um] 0.29um rpD:1 bl:0 -----UCG----W---------bb-- [9.75um:13.75um] [9.75um:19.25um] 9.5um ------->
        <event:00000883 1:2399.55:10.215um> &<id:972377 Horizontal abc_1402_new_n250 Metal2 [67um 16um] [76.755um 16um] 0.29um rpD:1 bl:0 ------CG----W---------t--- [66.75um:76.965um] [66.75um:76.965um] 10.215um ------->
        <event:00000884 0:4.23077:0.42um> &<id:973118 Vertical abc_1402_auto_rtlil_cc_2739_MuxGate_1399 Metal2 [73.845um 15.5um] [73.845um 15.5um] 0.21um rpD:0 bl:0 -X---UC---TD---------P-b-- [15.08um:15.92um] [73.635um:74.055um] 0.42um P------>
        <event:00000885 4:4.23077:0.42um> &<id:973118 Vertical abc_1402_auto_rtlil_cc_2739_MuxGate_1399 Metal2 [73.845um 15.5um] [73.845um 15.5um] 0.21um rpD:0 bl:0 -X---UC---TD---------P-b-- [15.08um:15.92um] [73.635um:74.055um] 0.42um P------>
        <event:00000886 3:1036.22:6.08um> &<id:971091 Horizontal abc_1402_auto_rtlil_cc_2739_MuxGate_1399 Metal2 [73.845um 15.5um] [79.505um 15.5um] 0.29um rpD:1 bl:0 -----UCG----W------------- [73.635um:79.715um] [73.635um:79.715um] 6.08um ------->
        <event:00000887 0:4.23077:0.42um> &<id:974632 Vertical abc_1402_new_n250 Metal2 [76.755um 15.5um] [76.755um 16um] 0.21um rpD:0 bl:0 -X---UC---TD---------Pb--- [15.08um:16.42um] [76.545um:76.965um] 0.42um P------>
        <event:00000888 4:4.23077:0.42um> &<id:974632 Vertical abc_1402_new_n250 Metal2 [76.755um 15.5um] [76.755um 16um] 0.21um rpD:0 bl:0 -X---UC---TD---------Pb--- [15.08um:16.42um] [76.545um:76.965um] 0.42um P------>
        <event:00000889 0:4.23077:0.42um> &<id:973121 Vertical abc_1402_auto_rtlil_cc_2739_MuxGate_1399 Metal2 [79.505um 15um] [79.505um 15.5um] 0.21um rpD:0 bl:0 -X---UC---TD---------Pb--- [14.5801um:15.92um] [79.295um:79.715um] 0.42um P------>
        <event:00000890 0:560.675:3.115um> &<id:974163 Horizontal abc_1402_new_n144 Metal2 [72um 15.5um] [74.655um 15.5um] 0.29um rpD:0 bl:0 -----UC---T-----------tb-- [71.75um:74.865um] [71.75um:74.865um] 3.115um ------->
        <event:00000891 4:560.675:3.115um> &<id:974163 Horizontal abc_1402_new_n144 Metal2 [72um 15.5um] [74.655um 15.5um] 0.29um rpD:0 bl:0 -----UC---T-----------tb-- [71.75um:74.865um] [71.75um:74.865um] 3.115um ------->
        <event:00000892 1:1036.22:6.08um> &<id:971091 Horizontal abc_1402_auto_rtlil_cc_2739_MuxGate_1399 Metal2 [73.845um 15.5um] [79.505um 15.5um] 0.29um rpD:1 bl:0 -----UCG----W------------- [73.635um:79.715um] [73.635um:79.715um] 6.08um ------->
        <event:00000893 4:1036.22:6.08um> &<id:971091 Horizontal abc_1402_auto_rtlil_cc_2739_MuxGate_1399 Metal2 [73.845um 13.5um] [79.505um 13.5um] 0.29um rpD:1 bl:0 -----UCG----W------------- [73.635um:79.715um] [73.635um:79.715um] 6.08um ------->
        <event:00000894 3:2012.54:6.5um> &<id:970668 Vertical init Metal3 [74um 13.5um] [74um 19.5um] 0.29um rpD:1 bl:0 ------CG----W---------bb-- [13.25um:19.75um] [13.25um:19.75um] 6.5um ------->
        <event:00000895 3:1557.21:5um> &<id:970664 Vertical init Metal3 [74um 10um] [74um 13.5um] 0.29um rpD:1 bl:0 ------CG----W---------bb-- [9.75um:13.75um] [8.75um:13.75um] 5um ------->
        <event:00000896 0:4.23077:0.42um> &<id:973118 Vertical abc_1402_auto_rtlil_cc_2739_MuxGate_1399 Metal2 [73.845um 13.5um] [73.845um 13.5um] 0.21um rpD:0 bl:0 -X---UC---TD---------P-b-- [13.08um:13.92um] [73.635um:74.055um] 0.42um P------>
        <event:00000897 0:4.23077:0.42um> &<id:973121 Vertical abc_1402_auto_rtlil_cc_2739_MuxGate_1399 Metal2 [79.505um 13.5um] [79.505um 14um] 0.21um rpD:0 bl:0 -X---UC---TD---------P-b-- [13.08um:14.42um] [79.295um:79.715um] 0.42um P------>
        <event:00000898 0:408.79:2.785um> &<id:973753 Horizontal init Metal2 [74um 13.5um] [76.325um 13.5um] 0.29um rpD:0 bl:0 -----UC---T-----------tb-- [73.75um:76.535um] [73.75um:76.535um] 2.785um ------->
        <event:00000899 4:408.79:2.785um> &<id:973753 Horizontal init Metal2 [74um 14um] [76.325um 14um] 0.29um rpD:0 bl:0 -----UC---T-----------tb-- [73.75um:76.535um] [73.75um:76.535um] 2.785um ------->
        <event:00000900 3:3226.74:10.5um> &<id:971366 Vertical abc_1402_new_n143 Metal3 [73um 9.5um] [73um 13.5um] 0.29um rpD:1 bl:0 -----UCG----W---------bb-- [9.25um:13.75um] [9.25um:19.75um] 10.5um ------->
        <event:00000901 0:405.985:2.765um> &<id:974196 Horizontal abc_1402_new_n143 Metal2 [73um 14um] [75.305um 14um] 0.29um rpD:0 bl:0 -----UC---T-----------tb-- [72.75um:75.515um] [72.75um:75.515um] 2.765um ------->
        <event:00000902 4:405.985:2.765um> &<id:974196 Horizontal abc_1402_new_n143 Metal2 [73um 14.5um] [75.305um 14.5um] 0.29um rpD:0 bl:0 -----UC---T-----------tb-- [72.75um:75.515um] [72.75um:75.515um] 2.765um ------->
        <event:00000903 0:529.393:3.645um> &<id:971455 Horizontal outputs(2) Metal2 [75.815um 14um] [79um 14um] 0.29um rpD:0 bl:0 -----UCG--T-----------bt-- [75.605um:79.25um] [75.605um:79.25um] 3.645um ------->
        <event:00000904 0:1046.17:7.33um> &<id:971456 Horizontal outputs(2) Metal2 [68.905um 14.5um] [75.815um 14.5um] 0.29um rpD:0 bl:0 -----UCG--T------------b-- [68.695um:76.025um] [68.695um:76.025um] 7.33um ------->
        <event:00000905 4:1046.17:7.33um> &<id:971456 Horizontal outputs(2) Metal2 [68.905um 14.5um] [75.815um 14.5um] 0.29um rpD:0 bl:0 -----UCG--T------------b-- [68.695um:76.025um] [68.695um:76.025um] 7.33um ------->
        <event:00000906 3:3226.74:10.5um> &<id:971366 Vertical abc_1402_new_n143 Metal3 [73um 9.5um] [73um 13.5um] 0.29um rpD:1 bl:0 -----UCG----W---------bb-- [9.25um:13.75um] [9.25um:19.75um] 10.5um ------->
        <event:00000907 0:405.985:2.765um> &<id:974196 Horizontal abc_1402_new_n143 Metal2 [73um 14.5um] [75.305um 14.5um] 0.29um rpD:0 bl:0 -----UC---T-----------tb-- [72.75um:75.515um] [72.75um:75.515um] 2.765um ------->
        <event:00000908 4:405.985:2.765um> &<id:974196 Horizontal abc_1402_new_n143 Metal2 [73um 14.5um] [75.305um 14.5um] 0.29um rpD:0 bl:0 -----UC---T-----------tb-- [72.75um:75.515um] [72.75um:75.515um] 2.765um ------->
        <event:00000909 0:1046.17:7.33um> &<id:971456 Horizontal outputs(2) Metal2 [68.905um 14.5um] [75.815um 14.5um] 0.29um rpD:0 bl:0 -----UCG--T------------b-- [68.695um:76.025um] [68.695um:76.025um] 7.33um ------->
        <event:00000910 4:1046.17:7.33um> &<id:971456 Horizontal outputs(2) Metal2 [68.905um 14.5um] [75.815um 14.5um] 0.29um rpD:0 bl:0 -----UCG--T------------b-- [68.695um:76.025um] [68.695um:76.025um] 7.33um ------->
        <event:00000911 3:3226.74:10.5um> &<id:971366 Vertical abc_1402_new_n143 Metal3 [73um 9.5um] [73um 13.5um] 0.29um rpD:1 bl:0 -----UCG----W---------bb-- [9.25um:13.75um] [9.25um:19.75um] 10.5um ------->
        <event:00000912 0:405.985:2.765um> &<id:974196 Horizontal abc_1402_new_n143 Metal2 [73um 14.5um] [75.305um 14.5um] 0.29um rpD:0 bl:0 -----UC---T-----------tb-- [72.75um:75.515um] [72.75um:75.515um] 2.765um ------->
        <event:00000913 4:405.985:2.765um> &<id:974196 Horizontal abc_1402_new_n143 Metal2 [73um 14um] [75.305um 14um] 0.29um rpD:0 bl:0 -----UC---T-----------tb-- [72.75um:75.515um] [72.75um:75.515um] 2.765um ------->
        <event:00000914 3:1860.76:6um> &<id:970668 Vertical init Metal3 [74um 14um] [74um 19.5um] 0.29um rpD:1 bl:0 ------CG----W---------bb-- [13.75um:19.75um] [13.75um:19.75um] 6um ------->
        <event:00000915 3:1708.99:5.5um> &<id:970664 Vertical init Metal3 [74um 10um] [74um 14um] 0.29um rpD:1 bl:0 ------CG----W---------bb-- [9.75um:14.25um] [8.75um:14.25um] 5.5um ------->
        <event:00000916 0:408.79:0.995um> &<id:973753 Horizontal init Metal2 [76um 14um] [76.325um 14um] 0.29um rpD:0 bl:0 -----UC---T-----------tb-- [75.75um:76.535um] [75.54um:76.535um] 0.995um ------->
        <event:00000917 0:1301.04:7.4um> &<id:971792 Horizontal abc_1402_new_n212 Metal2 [36.685um 43um] [43.665um 43um] 0.29um rpD:0 bl:0 -----UCG--T-----------b--- [36.475um:43.875um] [36.475um:43.875um] 7.4um ------->
        <event:00000918 0:4.23077:0.42um> &<id:974508 Vertical abc_1402_new_n212 Metal2 [43.665um 42um] [43.665um 42um] 0.21um rpD:0 bl:0 -X---UC---TD---------Pb--- [41.5801um:42.42um] [43.455um:43.875um] 0.42um P------>
        <event:00000919 0:1301.91:7.405um> &<id:971398 Horizontal abc_1402_new_n144 Metal2 [65.055um 13.5um] [72um 13.5um] 0.29um rpD:0 bl:0 -----UCG--T-----------bt-- [64.845um:72.25um] [64.845um:72.25um] 7.405um ------->
        <event:00000920 0:1063.91:7.62um> &<id:970925 Horizontal abc_1402_new_n95 Metal2 [39.365um 20.5um] [46.565um 20.5um] 0.29um rpD:0 bl:0 -----UCG--T------------b-- [39.155um:46.775um] [39.155um:46.775um] 7.62um ------->
        <event:00000921 4:1063.91:7.62um> &<id:970925 Horizontal abc_1402_new_n95 Metal2 [39.365um 21um] [46.565um 21um] 0.29um rpD:0 bl:0 -----UCG--T------------b-- [39.155um:46.775um] [39.155um:46.775um] 7.62um ------->
        <event:00000922 1:2569.38:12.755um> &<id:972509 Horizontal abc_1402_new_n134 Metal2 [45.705um 21um] [58um 21um] 0.29um rpD:1 bl:0 ------CG----W----------t-- [45.495um:58.25um] [45.495um:58.25um] 12.755um ------->
        <event:00000923 0:4.23077:0.42um> &<id:973383 Vertical abc_1402_new_n95 Metal2 [39.365um 21um] [39.365um 21um] 0.21um rpD:0 bl:0 -X---UC---TD---------P-b-- [20.58um:21.42um] [39.155um:39.575um] 0.42um P------>
        <event:00000924 0:4.23077:0.42um> &<id:974261 Vertical abc_1402_new_n134 Metal2 [45.705um 18.5um] [45.705um 19um] 0.21um rpD:0 bl:0 -X---UC---TD---------P-b-- [18.08um:19.42um] [45.495um:45.915um] 0.42um P------>
        <event:00000925 0:839.462:7.665um> &<id:971425 Horizontal n(16) Metal2 [26.5um 60.5um] [33.705um 60.5um] 0.29um rpD:0 bl:0 -----UCG--T-----------tb-- [26.25um:33.915um] [26.25um:33.915um] 7.665um ------->
        <event:00000926 4:839.462:7.665um> &<id:971425 Horizontal n(16) Metal2 [26.5um 60um] [33.705um 60um] 0.29um rpD:0 bl:0 -----UCG--T-----------tb-- [26.25um:33.915um] [26.25um:33.915um] 7.665um ------->
        <event:00000927 3:1860.76:6um> &<id:971557 Vertical n(19) Metal3 [34um 57um] [34um 60um] 0.29um rpD:1 bl:0 ------CG----W---------bb-- [56.75um:60.25um] [54.25um:60.25um] 6um ------->
        <event:00000928 0:113.615:0.925um> &<id:974851 Horizontal n(19) Metal2 [33.73um 60um] [34.445um 60um] 0.29um rpD:0 bl:0 ---a-UC---T-----------tb-- [33.625um:34.55um] [33.625um:34.55um] 0.925um ------->
        <event:00000929 0:1352.88:7.7um> &<id:971542 Horizontal outputs(0) Metal2 [78.125um 3um] [85.405um 3um] 0.29um rpD:0 bl:0 -----UCG--T-----------b--- [77.915um:85.615um] [77.915um:85.615um] 7.7um ------->
        <event:00000930 0:4.23077:0.42um> &<id:972803 Vertical outputs(0) Metal2 [85.405um 2.5um] [85.405um 2.5um] 0.21um rpD:0 bl:0 -X---UC---TD---------P-b-- [2.0801um:2.92um] [85.195um:85.615um] 0.42um P------>
        <event:00000931 0:1105.77:7.755um> &<id:971367 Horizontal abc_1402_new_n143 Metal2 [65.705um 13.5um] [73um 13.5um] 0.29um rpD:0 bl:0 -----UCG--T-----------bt-- [65.495um:73.25um] [65.495um:73.25um] 7.755um ------->
        <event:00000932 4:1105.77:7.755um> &<id:971367 Horizontal abc_1402_new_n143 Metal2 [65.705um 13.5um] [73um 13.5um] 0.29um rpD:0 bl:0 -----UCG--T-----------bt-- [65.495um:73.25um] [65.495um:73.25um] 7.755um ------->
        <event:00000933 3:2923.19:9.5um> &<id:971397 Vertical abc_1402_new_n144 Metal3 [72um 10um] [72um 13.5um] 0.29um rpD:1 bl:0 -----UCG----W---------bb-- [9.75um:13.75um] [9.75um:19.25um] 9.5um ------->
        <event:00000934 0:1301.91:7.405um> &<id:971398 Horizontal abc_1402_new_n144 Metal2 [65.055um 13.5um] [72um 13.5um] 0.29um rpD:0 bl:0 -----UCG--T-----------bt-- [64.845um:72.25um] [64.845um:72.25um] 7.405um ------->
        <event:00000935 4:1301.91:7.405um> &<id:971398 Horizontal abc_1402_new_n144 Metal2 [65.055um 15.5um] [72um 15.5um] 0.29um rpD:0 bl:0 -----UCG--T-----------bt-- [64.845um:72.25um] [64.845um:72.25um] 7.405um ------->
        <event:00000936 1:912.734:3.805um> &<id:971571 Horizontal abc_1402_new_n242 Metal2 [67.155um 15.5um] [70.5um 15.5um] 0.29um rpD:1 bl:0 ------CG----W----------t-- [66.945um:70.75um] [66.945um:70.75um] 3.805um ------->
        <event:00000937 0:4.23077:0.42um> &<id:974604 Vertical abc_1402_new_n242 Metal2 [67.155um 13um] [67.155um 13.5um] 0.21um rpD:0 bl:0 -X---UC---TD---------P-b-- [12.58um:13.92um] [66.945um:67.365um] 0.42um P------>
        <event:00000938 4:4.23077:0.42um> &<id:974604 Vertical abc_1402_new_n242 Metal2 [67.155um 13um] [67.155um 13.5um] 0.21um rpD:0 bl:0 -X---UC---TD---------P-b-- [12.58um:13.92um] [66.945um:67.365um] 0.42um P------>
        <event:00000939 0:1105.77:7.755um> &<id:971367 Horizontal abc_1402_new_n143 Metal2 [65.705um 13.5um] [73um 13.5um] 0.29um rpD:0 bl:0 -----UCG--T-----------bt-- [65.495um:73.25um] [65.495um:73.25um] 7.755um ------->
        <event:00000940 4:1105.77:7.755um> &<id:971367 Horizontal abc_1402_new_n143 Metal2 [65.705um 13.5um] [73um 13.5um] 0.29um rpD:0 bl:0 -----UCG--T-----------bt-- [65.495um:73.25um] [65.495um:73.25um] 7.755um ------->
        <event:00000941 1:912.734:3.805um> &<id:971571 Horizontal abc_1402_new_n242 Metal2 [67.155um 13um] [70.5um 13um] 0.29um rpD:1 bl:0 ------CG----W----------t-- [66.945um:70.75um] [66.945um:70.75um] 3.805um ------->
        <event:00000942 0:4.23077:0.42um> &<id:974604 Vertical abc_1402_new_n242 Metal2 [67.155um 13um] [67.155um 13.5um] 0.21um rpD:0 bl:0 -X---UC---TD---------P-b-- [12.58um:13.92um] [66.945um:67.365um] 0.42um P------>
        <event:00000943 4:4.23077:0.42um> &<id:974604 Vertical abc_1402_new_n242 Metal2 [67.155um 13um] [67.155um 13.5um] 0.21um rpD:0 bl:0 -X---UC---TD---------P-b-- [12.58um:13.92um] [66.945um:67.365um] 0.42um P------>
        <event:00000944 0:1105.77:7.755um> &<id:971367 Horizontal abc_1402_new_n143 Metal2 [65.705um 13.5um] [73um 13.5um] 0.29um rpD:0 bl:0 -----UCG--T-----------bt-- [65.495um:73.25um] [65.495um:73.25um] 7.755um ------->
        <event:00000945 4:1105.77:7.755um> &<id:971367 Horizontal abc_1402_new_n143 Metal2 [65.705um 13.5um] [73um 13.5um] 0.29um rpD:0 bl:0 -----UCG--T-----------bt-- [65.495um:73.25um] [65.495um:73.25um] 7.755um ------->
        <event:00000946 1:912.734:3.805um> &<id:971571 Horizontal abc_1402_new_n242 Metal2 [67.155um 13um] [70.5um 13um] 0.29um rpD:1 bl:0 ------CG----W----------t-- [66.945um:70.75um] [66.945um:70.75um] 3.805um ------->
        <event:00000947 0:4.23077:0.42um> &<id:974604 Vertical abc_1402_new_n242 Metal2 [67.155um 13um] [67.155um 13.5um] 0.21um rpD:0 bl:0 -X---UC---TD---------P-b-- [12.58um:13.92um] [66.945um:67.365um] 0.42um P------>
        <event:00000948 4:4.23077:0.42um> &<id:974604 Vertical abc_1402_new_n242 Metal2 [67.155um 13um] [67.155um 13.5um] 0.21um rpD:0 bl:0 -X---UC---TD---------P-b-- [12.58um:13.92um] [66.945um:67.365um] 0.42um P------>
        <event:00000949 4:4.23077:0.42um> &<id:974604 Vertical abc_1402_new_n242 Metal2 [67.155um 13um] [67.155um 13.5um] 0.21um rpD:0 bl:0 -X---UC---TD---------P-b-- [12.58um:13.92um] [66.945um:67.365um] 0.42um P------>
        <event:00000950 3:912.734:3.805um> &<id:971571 Horizontal abc_1402_new_n242 Metal2 [67.155um 13um] [70.5um 13um] 0.29um rpD:1 bl:0 ------CG----W----------t-- [66.945um:70.75um] [66.945um:70.75um] 3.805um ------->
        <event:00000951 0:4.23077:0.42um> &<id:974604 Vertical abc_1402_new_n242 Metal2 [67.155um 13.5um] [67.155um 13.5um] 0.21um rpD:0 bl:0 -X---UC---TD---------P-b-- [13.08um:13.92um] [66.945um:67.365um] 0.42um P------>
        <event:00000952 0:1105.77:7.755um> &<id:971367 Horizontal abc_1402_new_n143 Metal2 [65.705um 13.5um] [73um 13.5um] 0.29um rpD:0 bl:0 -----UCG--T-----------bt-- [65.495um:73.25um] [65.495um:73.25um] 7.755um ------->
        <event:00000953 4:1105.77:7.755um> &<id:971367 Horizontal abc_1402_new_n143 Metal2 [65.705um 13.5um] [73um 13.5um] 0.29um rpD:0 bl:0 -----UCG--T-----------bt-- [65.495um:73.25um] [65.495um:73.25um] 7.755um ------->
        <event:00000954 3:4.23077:0.42um> &<id:974604 Vertical abc_1402_new_n242 Metal2 [67.155um 13.5um] [67.155um 13.5um] 0.21um rpD:0 bl:0 -X---UC---TD---------P-b-- [13.08um:13.92um] [66.945um:67.365um] 0.42um P------>
        <event:00000955 4:4.23077:0.42um> &<id:974604 Vertical abc_1402_new_n242 Metal2 [67.155um 13.5um] [67.155um 13.5um] 0.21um rpD:0 bl:0 -X---UC---TD---------P-b-- [13.08um:13.92um] [66.945um:67.365um] 0.42um P------>
        <event:00000956 3:2012.54:6.5um> &<id:971570 Vertical abc_1402_new_n242 Metal3 [70.5um 13.5um] [70.5um 19.5um] 0.29um rpD:1 bl:0 ------CG----W---------bb-- [13.25um:19.75um] [13.25um:19.75um] 6.5um ------->
        <event:00000957 0:1105.77:7.755um> &<id:971367 Horizontal abc_1402_new_n143 Metal2 [65.705um 13.5um] [73um 13.5um] 0.29um rpD:0 bl:0 -----UCG--T-----------bt-- [65.495um:73.25um] [65.495um:73.25um] 7.755um ------->
        <event:00000958 4:1105.77:7.755um> &<id:971367 Horizontal abc_1402_new_n143 Metal2 [65.705um 13.5um] [73um 13.5um] 0.29um rpD:0 bl:0 -----UCG--T-----------bt-- [65.495um:73.25um] [65.495um:73.25um] 7.755um ------->
        <event:00000959 1:912.734:3.805um> &<id:971571 Horizontal abc_1402_new_n242 Metal2 [67.155um 13.5um] [70.5um 13.5um] 0.29um rpD:1 bl:0 ------CG----W----------t-- [66.945um:70.75um] [66.945um:70.75um] 3.805um ------->
        <event:00000960 5:196:0.715um> &<id:971571 Horizontal abc_1402_new_n242 Metal2 [66.855um 13.5um] [67.36um 13.5um] 0.29um rpD:1 bl:0 ---a--C-----W---------t--- [66.75um:67.465um] [66.75um:67.465um] 0.715um ------t>
        <event:00000961 3:254.982:1um> &<id:975348 Vertical abc_1402_new_n242 Metal3 [67um 13um] [67um 13.5um] 0.29um rpD:2 bl:0 ------C------wAS------bt-- [12.75um:13.75um] [12.75um:13.75um] 1um --S--st>
        <event:00000962 3:1253.66:4um> &<id:975349 Horizontal abc_1402_new_n242 Metal4 [67um 13.5um] [70.5um 13.5um] 0.29um rpD:2 bl:0 ------CG-----w--------bb-- [66.75um:70.75um] [66.75um:70.75um] 4um -----s->
        <event:00000963 0:4.23077:0.42um> &<id:974604 Vertical abc_1402_new_n242 Metal2 [67.155um 13um] [67.155um 13.5um] 0.21um rpD:0 bl:0 -X---UC---TD---------P-b-- [12.58um:13.92um] [66.945um:67.365um] 0.42um P------>
        <event:00000964 4:4.23077:0.42um> &<id:974604 Vertical abc_1402_new_n242 Metal2 [67.155um 13um] [67.155um 13.5um] 0.21um rpD:0 bl:0 -X---UC---TD---------P-b-- [12.58um:13.92um] [66.945um:67.365um] 0.42um P------>
        <event:00000965 0:1105.77:7.755um> &<id:971367 Horizontal abc_1402_new_n143 Metal2 [65.705um 13.5um] [73um 13.5um] 0.29um rpD:0 bl:0 -----UCG--T-----------bt-- [65.495um:73.25um] [65.495um:73.25um] 7.755um ------->
        <event:00000966 4:1105.77:7.755um> &<id:971367 Horizontal abc_1402_new_n143 Metal2 [65.705um 14um] [73um 14um] 0.29um rpD:0 bl:0 -----UCG--T-----------bt-- [65.495um:73.25um] [65.495um:73.25um] 7.755um ------->
        <event:00000967 3:4.23077:0.42um> &<id:974658 Vertical abc_1402_new_n255 Metal2 [70.355um 14um] [70.355um 14um] 0.21um rpD:0 bl:0 -X---UC---TD---------P-b-- [13.5801um:14.42um] [70.145um:70.565um] 0.42um P------>
        <event:00000968 4:4.23077:0.42um> &<id:974658 Vertical abc_1402_new_n255 Metal2 [70.355um 14um] [70.355um 14um] 0.21um rpD:0 bl:0 -X---UC---TD---------P-b-- [13.5801um:14.42um] [70.145um:70.565um] 0.42um P------>
        <event:00000969 3:4.23077:0.42um> &<id:974661 Vertical abc_1402_new_n255 Metal2 [72.255um 14um] [72.255um 14um] 0.21um rpD:0 bl:0 -X---UC---TD---------P-b-- [13.5801um:14.42um] [72.045um:72.465um] 0.42um P------>
        <event:00000970 3:3226.74:10.5um> &<id:971366 Vertical abc_1402_new_n143 Metal3 [73um 9.5um] [73um 14um] 0.29um rpD:1 bl:0 -----UCG----W---------bb-- [9.25um:14.25um] [9.25um:19.75um] 10.5um ------->
        <event:00000971 3:2467.86:8um> &<id:970922 Vertical abc_1402_new_n95 Metal3 [67um 14um] [67um 19.5um] 0.29um rpD:1 bl:0 ------CG----W---------bb-- [13.75um:19.75um] [13.75um:21.75um] 8um ------->
        <event:00000972 3:2164.31:7um> &<id:972343 Vertical outputs(4) Metal3 [66.5um 14um] [66.5um 20.5um] 0.29um rpD:1 bl:0 ------CG----W---------bb-- [13.75um:20.75um] [13.75um:20.75um] 7um ------->
        <event:00000973 3:1708.99:5.5um> &<id:970921 Vertical abc_1402_new_n95 Metal3 [69.5um 9.5um] [69.5um 14um] 0.29um rpD:1 bl:0 -----UCG----W---------bb-- [9.25um:14.25um] [8.75um:14.25um] 5.5um ------->
        <event:00000974 3:1405.44:4.5um> &<id:972342 Vertical outputs(4) Metal3 [66um 10um] [66um 14um] 0.29um rpD:1 bl:0 ------CG----W---------bb-- [9.75um:14.25um] [9.75um:14.25um] 4.5um ------->
        <event:00000975 0:175.997:0.995um> &<id:972849 Horizontal outputs(4) Metal2 [65.945um 14um] [66.73um 14um] 0.29um rpD:0 bl:0 ---a-UC---T-----------bt-- [65.84um:66.835um] [65.84um:66.835um] 0.995um ------->
        <event:00000976 0:438.941:3um> &<id:973366 Horizontal abc_1402_new_n95 Metal2 [69.415um 14um] [69.5um 14um] 0.29um rpD:0 bl:0 -----UC---T-----------bt-- [69.205um:69.75um] [66.75um:69.75um] 3um ------->
        <event:00000977 4:438.941:3um> &<id:973366 Horizontal abc_1402_new_n95 Metal2 [69.415um 14um] [69.5um 14um] 0.29um rpD:0 bl:0 -----UC---T-----------bt-- [69.205um:69.75um] [66.75um:69.75um] 3um ------->
        <event:00000978 3:2164.31:7um> &<id:972343 Vertical outputs(4) Metal3 [66.5um 14um] [66.5um 20.5um] 0.29um rpD:1 bl:0 ------CG----W---------bb-- [13.75um:20.75um] [13.75um:20.75um] 7um ------->
        <event:00000979 3:1405.44:4.5um> &<id:972342 Vertical outputs(4) Metal3 [66.5um 10um] [66.5um 14um] 0.29um rpD:1 bl:0 ------CG----W---------bb-- [9.75um:14.25um] [9.75um:14.25um] 4.5um ------->
        <event:00000980 0:157.766:0.995um> &<id:972849 Horizontal outputs(4) Metal2 [65.945um 14um] [66.73um 14um] 0.29um rpD:0 bl:0 ---a-UC---T-----------bt-- [65.84um:66.835um] [65.84um:66.835um] 0.995um ------->
        <event:00000981 0:1105.77:7.755um> &<id:971367 Horizontal abc_1402_new_n143 Metal2 [65.705um 14um] [73um 14um] 0.29um rpD:0 bl:0 -----UCG--T-----------bt-- [65.495um:73.25um] [65.495um:73.25um] 7.755um ------->
        <event:00000982 4:1105.77:7.755um> &<id:971367 Horizontal abc_1402_new_n143 Metal2 [65.705um 13.5um] [73um 13.5um] 0.29um rpD:0 bl:0 -----UCG--T-----------bt-- [65.495um:73.25um] [65.495um:73.25um] 7.755um ------->
        <event:00000983 3:2316.09:7.5um> &<id:972343 Vertical outputs(4) Metal3 [66.5um 13.5um] [66.5um 20.5um] 0.29um rpD:1 bl:0 ------CG----W---------bb-- [13.25um:20.75um] [13.25um:20.75um] 7.5um ------->
        <event:00000984 3:1253.66:4um> &<id:972342 Vertical outputs(4) Metal3 [66.5um 10um] [66.5um 13.5um] 0.29um rpD:1 bl:0 ------CG----W---------bb-- [9.75um:13.75um] [9.75um:13.75um] 4um ------->
        <event:00000985 1:196:0.715um> &<id:971571 Horizontal abc_1402_new_n242 Metal2 [66.855um 13um] [67.36um 13um] 0.29um rpD:1 bl:0 ---a--C-----W---------t--- [66.75um:67.465um] [66.75um:67.465um] 0.715um ------t>
        <event:00000986 0:4.23077:0.42um> &<id:974604 Vertical abc_1402_new_n242 Metal2 [67.155um 13um] [67.155um 13.5um] 0.21um rpD:0 bl:0 -X---UC---TD---------P-b-- [12.58um:13.92um] [66.945um:67.365um] 0.42um P------>
        <event:00000987 4:196:0.715um> &<id:971571 Horizontal abc_1402_new_n242 Metal2 [66.855um 13um] [67.36um 13um] 0.29um rpD:1 bl:0 ---a--C-----W---------t--- [66.75um:67.465um] [66.75um:67.465um] 0.715um ------t>
        <event:00000988 3:4.23077:0.42um> &<id:974604 Vertical abc_1402_new_n242 Metal2 [67.155um 13um] [67.155um 13.5um] 0.21um rpD:0 bl:0 -X---UC---TD---------P-b-- [12.58um:13.92um] [66.945um:67.365um] 0.42um P------>
        <event:00000989 4:4.23077:0.42um> &<id:974604 Vertical abc_1402_new_n242 Metal2 [67.155um 13um] [67.155um 13.5um] 0.21um rpD:0 bl:0 -X---UC---TD---------P-b-- [12.58um:13.92um] [66.945um:67.365um] 0.42um P------>
        <event:00000990 0:157.766:0.995um> &<id:972849 Horizontal outputs(4) Metal2 [65.945um 13.5um] [66.73um 13.5um] 0.29um rpD:0 bl:0 ---a-UC---T-----------bt-- [65.84um:66.835um] [65.84um:66.835um] 0.995um ------->
        <event:00000991 0:1105.77:7.755um> &<id:971367 Horizontal abc_1402_new_n143 Metal2 [65.705um 13.5um] [73um 13.5um] 0.29um rpD:0 bl:0 -----UCG--T-----------bt-- [65.495um:73.25um] [65.495um:73.25um] 7.755um ------->
        <event:00000992 5:118.5:0.715um> &<id:971367 Horizontal abc_1402_new_n143 Metal2 [65.355um 13.5um] [65.86um 13.5um] 0.29um rpD:0 bl:0 ---a-UC---T----S------tb-- [65.25um:65.965um] [65.25um:65.965um] 0.715um --S---t>
        <event:00000993 3:254.982:1um> &<id:975352 Vertical abc_1402_new_n143 Metal3 [65.5um 13.5um] [65.5um 14um] 0.29um rpD:1 bl:0 ------C-----W-ASr-----bb-- [13.25um:14.25um] [13.25um:14.25um] 1um --S--st>
        <event:00000994 3:2467.86:8um> &<id:975353 Horizontal abc_1402_new_n143 Metal2 [65.5um 13.5um] [73um 13.5um] 0.29um rpD:2 bl:0 ------CG-----wA-------tt-- [65.25um:73.25um] [65.25um:73.25um] 8um -----s->
        <event:00000995 0:1402.12:7.985um> &<id:972487 Horizontal mem_inputs(4) Metal2 [69um 25um] [76.525um 25um] 0.29um rpD:0 bl:0 -----UCG--T-----------tb-- [68.75um:76.735um] [68.75um:76.735um] 7.985um ------->
        <event:00000996 0:895.462:8.185um> &<id:972008 Horizontal n(23) Metal2 [35um 44um] [42.725um 44um] 0.29um rpD:0 bl:0 -----UCG--T-----------tb-- [34.75um:42.935um] [34.75um:42.935um] 8.185um ------->
        <event:00000997 4:895.462:8.185um> &<id:972008 Horizontal n(23) Metal2 [35um 43um] [42.725um 43um] 0.29um rpD:0 bl:0 -----UCG--T-----------tb-- [34.75um:42.935um] [34.75um:42.935um] 8.185um ------->
        <event:00000998 3:2229.3:13.23um> &<id:972068 Horizontal abc_1402_auto_rtlil_cc_2739_MuxGate_1371 Metal2 [24.305um 43um] [37.115um 43um] 0.29um rpD:1 bl:0 ------CG----W------------- [24.095um:37.325um] [24.095um:37.325um] 13.23um ------->
        <event:00000999 0:4.23077:0.42um> &<id:973245 Vertical abc_1402_auto_rtlil_cc_2739_MuxGate_1371 Metal2 [24.305um 43.5um] [24.305um 43.5um] 0.21um rpD:0 bl:0 -X---UC---TD---------Pb--- [43.0801um:43.92um] [24.095um:24.515um] 0.42um P------>
        <event:00001000 0:4.23077:0.42um> &<id:973248 Vertical abc_1402_auto_rtlil_cc_2739_MuxGate_1371 Metal2 [37.115um 43.5um] [37.115um 43.5um] 0.21um rpD:0 bl:0 -X---UC---TD---------Pb--- [43.0801um:43.92um] [36.905um:37.325um] 0.42um P------>
        <event:00001001 0:904.615:8.27um> &<id:971693 Horizontal n(2) Metal2 [13.055um 14.5um] [20.905um 14.5um] 0.29um rpD:0 bl:0 -----UCG--T-----------bb-- [12.845um:21.115um] [12.845um:21.115um] 8.27um ------->
        <event:00001002 0:1188.51:8.345um> &<id:971339 Horizontal outputs(3) Metal2 [77.115um 20.5um] [85um 20.5um] 0.29um rpD:0 bl:0 -----UCG--T-----------bt-- [76.905um:85.25um] [76.905um:85.25um] 8.345um ------->
        <event:00001003 0:1192.71:8.375um> &<id:971528 Horizontal n(0) Metal2 [33.5um 14.5um] [41.415um 14.5um] 0.29um rpD:0 bl:0 -----UCG--T-----------tb-- [33.25um:41.625um] [33.25um:41.625um] 8.375um ------->
        <event:00001004 4:1192.71:8.375um> &<id:971528 Horizontal n(0) Metal2 [33.5um 14um] [41.415um 14um] 0.29um rpD:0 bl:0 -----UCG--T-----------tb-- [33.25um:41.625um] [33.25um:41.625um] 8.375um ------->
        <event:00001005 1:141:0.715um> &<id:970659 Horizontal init Metal2 [33.82um 13.5um] [34.325um 13.5um] 0.29um rpD:1 bl:0 ---a--C-----W----------t-- [33.715um:34.43um] [33.715um:34.43um] 0.715um ------t>
        <event:00001006 0:4.23077:0.42um> &<id:973743 Vertical init Metal2 [33.925um 13.5um] [33.925um 14um] 0.21um rpD:0 bl:0 -X---UC---TD---------P-b-- [13.08um:14.42um] [33.715um:34.135um] 0.42um P------>
        <event:00001007 4:4.23077:0.42um> &<id:973743 Vertical init Metal2 [33.925um 13.5um] [33.925um 14um] 0.21um rpD:0 bl:0 -X---UC---TD---------P-b-- [13.08um:14.42um] [33.715um:34.135um] 0.42um P------>
        <event:00001008 4:4.23077:0.42um> &<id:973743 Vertical init Metal2 [33.925um 13.5um] [33.925um 14um] 0.21um rpD:0 bl:0 -X---UC---TD---------P-b-- [13.08um:14.42um] [33.715um:34.135um] 0.42um P------>
        <event:00001009 3:141:0.715um> &<id:970659 Horizontal init Metal2 [33.82um 13.5um] [34.325um 13.5um] 0.29um rpD:1 bl:0 ---a--C-----W----------t-- [33.715um:34.43um] [33.715um:34.43um] 0.715um ------t>
        <event:00001010 3:2316.09:7.5um> &<id:971527 Vertical n(0) Metal3 [33.5um 8.5um] [33.5um 14um] 0.29um rpD:1 bl:0 ------CG----W---------bb-- [8.25um:14.25um] [8.25um:15.75um] 7.5um ------->
        <event:00001011 0:4.23077:0.42um> &<id:973743 Vertical init Metal2 [33.925um 14um] [33.925um 14um] 0.21um rpD:0 bl:0 -X---UC---TD---------P-b-- [13.5801um:14.42um] [33.715um:34.135um] 0.42um P------>
        <event:00001012 0:1192.71:8.375um> &<id:971528 Horizontal n(0) Metal2 [33.5um 14um] [41.415um 14um] 0.29um rpD:0 bl:0 -----UCG--T-----------tb-- [33.25um:41.625um] [33.25um:41.625um] 8.375um ------->
        <event:00001013 4:1192.71:8.375um> &<id:971528 Horizontal n(0) Metal2 [33.5um 14um] [41.415um 14um] 0.29um rpD:0 bl:0 -----UCG--T-----------tb-- [33.25um:41.625um] [33.25um:41.625um] 8.375um ------->
        <event:00001014 3:4.23077:0.42um> &<id:973743 Vertical init Metal2 [33.925um 14um] [33.925um 14um] 0.21um rpD:0 bl:0 -X---UC---TD---------P-b-- [13.5801um:14.42um] [33.715um:34.135um] 0.42um P------>
        <event:00001015 4:4.23077:0.42um> &<id:973743 Vertical init Metal2 [33.925um 14um] [33.925um 14um] 0.21um rpD:0 bl:0 -X---UC---TD---------P-b-- [13.5801um:14.42um] [33.715um:34.135um] 0.42um P------>
        <event:00001016 3:2316.09:7.5um> &<id:971527 Vertical n(0) Metal3 [33.5um 8.5um] [33.5um 14um] 0.29um rpD:1 bl:0 ------CG----W---------bb-- [8.25um:14.25um] [8.25um:15.75um] 7.5um ------->
        <event:00001017 5:2316.09:7.5um> &<id:971527 Vertical n(0) Metal3 [33.5um 8.5um] [33.5um 14um] 0.29um rpD:1 bl:0 ------CG----W---------bb-- [8.25um:14.25um] [8.25um:15.75um] 7.5um ------->
        <event:00001018 3:257.334:2.705um> &<id:973447 Horizontal n(0) Metal2 [32.255um 15.5um] [34.5um 15.5um] 0.29um rpD:0 bl:0 -----UC---T-----------bt-- [32.045um:34.75um] [32.045um:34.75um] 2.705um ------->
        <event:00001019 4:397.571:2.705um> &<id:973447 Horizontal n(0) Metal2 [32.255um 15um] [34.5um 15um] 0.29um rpD:0 bl:0 -----UC---T-----------bt-- [32.045um:34.75um] [32.045um:34.75um] 2.705um ------->
        <event:00001020 3:854.402:3.815um> &<id:973442 Horizontal n(0) Metal2 [35um 8.5um] [37.855um 8.5um] 0.29um rpD:0 bl:0 -----UC---T-----------tb-- [34.75um:38.065um] [34.25um:38.065um] 3.815um ------->
        <event:00001021 3:646.562:2um> &<id:975344 Vertical init Metal3 [34um 14um] [34um 15.5um] 0.29um rpD:2 bl:0 ------C------wAS------bt-- [13.75um:15.75um] [13.75um:15.75um] 2um --S--st>
        <event:00001022 0:716.154:6.52um> &<id:971264 Horizontal n(1) Metal2 [32.905um 15um] [39.005um 15um] 0.29um rpD:0 bl:0 -----UCG--T-----------bb-- [32.695um:39.215um] [32.695um:39.215um] 6.52um ------->
        <event:00001023 4:716.154:6.52um> &<id:971264 Horizontal n(1) Metal2 [32.905um 14um] [39.005um 14um] 0.29um rpD:0 bl:0 -----UCG--T-----------bb-- [32.695um:39.215um] [32.695um:39.215um] 6.52um ------->
        <event:00001024 1:141:0.715um> &<id:970659 Horizontal init Metal2 [33.82um 14um] [34.325um 14um] 0.29um rpD:1 bl:0 ---a--C-----W----------t-- [33.715um:34.43um] [33.715um:34.43um] 0.715um ------t>
        <event:00001025 0:4.23077:0.42um> &<id:973743 Vertical init Metal2 [33.925um 13.5um] [33.925um 14um] 0.21um rpD:0 bl:0 -X---UC---TD---------P-b-- [13.08um:14.42um] [33.715um:34.135um] 0.42um P------>
        <event:00001026 4:4.23077:0.42um> &<id:973743 Vertical init Metal2 [33.925um 13.5um] [33.925um 14um] 0.21um rpD:0 bl:0 -X---UC---TD---------P-b-- [13.08um:14.42um] [33.715um:34.135um] 0.42um P------>
        <event:00001027 0:716.154:6.52um> &<id:971264 Horizontal n(1) Metal2 [32.905um 14um] [39.005um 14um] 0.29um rpD:0 bl:0 -----UCG--T-----------bb-- [32.695um:39.215um] [32.695um:39.215um] 6.52um ------->
        <event:00001028 4:716.154:6.52um> &<id:971264 Horizontal n(1) Metal2 [32.905um 14um] [39.005um 14um] 0.29um rpD:0 bl:0 -----UCG--T-----------bb-- [32.695um:39.215um] [32.695um:39.215um] 6.52um ------->
        <event:00001029 1:141:0.715um> &<id:970659 Horizontal init Metal2 [33.82um 13.5um] [34.325um 13.5um] 0.29um rpD:1 bl:0 ---a--C-----W----------t-- [33.715um:34.43um] [33.715um:34.43um] 0.715um ------t>
        <event:00001030 0:4.23077:0.42um> &<id:973743 Vertical init Metal2 [33.925um 13.5um] [33.925um 14um] 0.21um rpD:0 bl:0 -X---UC---TD---------P-b-- [13.08um:14.42um] [33.715um:34.135um] 0.42um P------>
        <event:00001031 4:141:0.715um> &<id:970659 Horizontal init Metal2 [33.82um 13.5um] [34.325um 13.5um] 0.29um rpD:1 bl:0 ---a--C-----W----------t-- [33.715um:34.43um] [33.715um:34.43um] 0.715um ------t>
        <event:00001032 3:4.23077:0.42um> &<id:973743 Vertical init Metal2 [33.925um 13.5um] [33.925um 14um] 0.21um rpD:0 bl:0 -X---UC---TD---------P-b-- [13.08um:14.42um] [33.715um:34.135um] 0.42um P------>
        <event:00001033 4:4.23077:0.42um> &<id:973743 Vertical init Metal2 [33.925um 13.5um] [33.925um 14um] 0.21um rpD:0 bl:0 -X---UC---TD---------P-b-- [13.08um:14.42um] [33.715um:34.135um] 0.42um P------>
        <event:00001034 0:716.154:6.52um> &<id:971264 Horizontal n(1) Metal2 [32.905um 14um] [39.005um 14um] 0.29um rpD:0 bl:0 -----UCG--T-----------bb-- [32.695um:39.215um] [32.695um:39.215um] 6.52um ------->
        <event:00001035 4:716.154:6.52um> &<id:971264 Horizontal n(1) Metal2 [32.905um 14um] [39.005um 14um] 0.29um rpD:0 bl:0 -----UCG--T-----------bb-- [32.695um:39.215um] [32.695um:39.215um] 6.52um ------->
        <event:00001036 1:141:0.715um> &<id:970659 Horizontal init Metal2 [33.82um 13.5um] [34.325um 13.5um] 0.29um rpD:1 bl:0 ---a--C-----W----------t-- [33.715um:34.43um] [33.715um:34.43um] 0.715um ------t>
        <event:00001037 0:4.23077:0.42um> &<id:973743 Vertical init Metal2 [33.925um 13.5um] [33.925um 14um] 0.21um rpD:0 bl:0 -X---UC---TD---------P-b-- [13.08um:14.42um] [33.715um:34.135um] 0.42um P------>
        <event:00001038 4:4.23077:0.42um> &<id:973743 Vertical init Metal2 [33.925um 13.5um] [33.925um 14um] 0.21um rpD:0 bl:0 -X---UC---TD---------P-b-- [13.08um:14.42um] [33.715um:34.135um] 0.42um P------>
        <event:00001039 0:716.154:6.52um> &<id:971264 Horizontal n(1) Metal2 [32.905um 14um] [39.005um 14um] 0.29um rpD:0 bl:0 -----UCG--T-----------bb-- [32.695um:39.215um] [32.695um:39.215um] 6.52um ------->
        <event:00001040 4:716.154:6.52um> &<id:971264 Horizontal n(1) Metal2 [32.905um 14um] [39.005um 14um] 0.29um rpD:0 bl:0 -----UCG--T-----------bb-- [32.695um:39.215um] [32.695um:39.215um] 6.52um ------->
        <event:00001041 1:141:0.715um> &<id:970659 Horizontal init Metal2 [33.82um 13.5um] [34.325um 13.5um] 0.29um rpD:1 bl:0 ---a--C-----W----------t-- [33.715um:34.43um] [33.715um:34.43um] 0.715um ------t>
        <event:00001042 0:4.23077:0.42um> &<id:973743 Vertical init Metal2 [33.925um 13.5um] [33.925um 14um] 0.21um rpD:0 bl:0 -X---UC---TD---------P-b-- [13.08um:14.42um] [33.715um:34.135um] 0.42um P------>
        <event:00001043 4:4.23077:0.42um> &<id:973743 Vertical init Metal2 [33.925um 13.5um] [33.925um 14um] 0.21um rpD:0 bl:0 -X---UC---TD---------P-b-- [13.08um:14.42um] [33.715um:34.135um] 0.42um P------>
        <event:00001044 0:716.154:6.52um> &<id:971264 Horizontal n(1) Metal2 [32.905um 14um] [39.005um 14um] 0.29um rpD:0 bl:0 -----UCG--T-----------bb-- [32.695um:39.215um] [32.695um:39.215um] 6.52um ------->
        <event:00001045 4:716.154:6.52um> &<id:971264 Horizontal n(1) Metal2 [32.905um 14um] [39.005um 14um] 0.29um rpD:0 bl:0 -----UCG--T-----------bb-- [32.695um:39.215um] [32.695um:39.215um] 6.52um ------->
        <event:00001046 1:141:0.715um> &<id:970659 Horizontal init Metal2 [33.82um 13.5um] [34.325um 13.5um] 0.29um rpD:1 bl:0 ---a--C-----W----------t-- [33.715um:34.43um] [33.715um:34.43um] 0.715um ------t>
        <event:00001047 5:141:0.715um> &<id:970659 Horizontal init Metal2 [33.82um 13.5um] [34.325um 13.5um] 0.29um rpD:1 bl:0 ---a--C-----W----------t-- [33.715um:34.43um] [33.715um:34.43um] 0.715um ------t>
        <event:00001048 3:798.337:2.5um> &<id:975344 Vertical init Metal3 [34um 13.5um] [34um 15.5um] 0.29um rpD:2 bl:0 ------C------wAS------bt-- [13.25um:15.75um] [13.25um:15.75um] 2.5um --S--st>
        <event:00001049 0:4.23077:0.42um> &<id:973743 Vertical init Metal2 [33.925um 13.5um] [33.925um 14um] 0.21um rpD:0 bl:0 -X---UC---TD---------P-b-- [13.08um:14.42um] [33.715um:34.135um] 0.42um P------>
        <event:00001050 0:4.23077:0.42um> &<id:973743 Vertical init Metal2 [33.925um 13.5um] [33.925um 14um] 0.21um rpD:0 bl:0 -X---UC---TD---------P-b-- [13.08um:14.42um] [33.715um:34.135um] 0.42um P------>
        <event:00001051 1:343.012:1um> &<id:973743 Vertical init Metal3 [33.5um 13.5um] [33.5um 14um] 0.29um rpD:1 bl:0 -X---UC-----W---------bb-- [13.25um:14.25um] [13.25um:14.25um] 1um ------t>
        <event:00001052 0:109.308:0.715um> &<id:975355 Horizontal init Metal2 [33.64um 14um] [34.145um 14um] 0.29um rpD:0 bl:0 ---a-UC---T---AS------bt-- [33.535um:34.25um] [33.535um:34.25um] 0.715um --S--st>
        <event:00001053 4:91:0.715um> &<id:975355 Horizontal init Metal2 [33.64um 14.5um] [34.145um 14.5um] 0.29um rpD:0 bl:0 ---a-UC---T---AS------bt-- [33.535um:34.25um] [33.535um:34.25um] 0.715um --S--st>
        <event:00001054 3:1708.99:5.5um> &<id:971713 Vertical n(31) Metal3 [33um 15.5um] [33um 19.5um] 0.29um rpD:1 bl:0 ------CG----W---------bb-- [15.25um:19.75um] [14.25um:19.75um] 5.5um ------->
        <event:00001055 0:126.538:0.715um> &<id:974989 Horizontal n(31) Metal2 [33.14um 14.5um] [33.645um 14.5um] 0.29um rpD:0 bl:0 ---a-UC---T-----------bt-- [33.035um:33.75um] [33.035um:33.75um] 0.715um ------->
        <event:00001056 4:91:0.715um> &<id:974989 Horizontal n(31) Metal2 [33.14um 14.5um] [33.645um 14.5um] 0.29um rpD:0 bl:0 ---a-UC---T-----------bt-- [33.035um:33.75um] [33.035um:33.75um] 0.715um ------->
        <event:00001057 3:494.787:1.5um> &<id:973743 Vertical init Metal3 [34um 13.5um] [34um 14.5um] 0.29um rpD:1 bl:0 -X---UC-----W---------bb-- [13.25um:14.75um] [13.25um:14.75um] 1.5um ------t>
        <event:00001058 0:91:0.715um> &<id:975355 Horizontal init Metal2 [33.64um 14.5um] [34.145um 14.5um] 0.29um rpD:0 bl:0 ---a-UC---T---AS------bt-- [33.535um:34.25um] [33.535um:34.25um] 0.715um --S--st>
        <event:00001059 4:91:0.715um> &<id:975355 Horizontal init Metal2 [33.64um 14.5um] [34.145um 14.5um] 0.29um rpD:0 bl:0 ---a-UC---T---AS------bt-- [33.535um:34.25um] [33.535um:34.25um] 0.715um --S--st>
        <event:00001060 3:1708.99:5.5um> &<id:971713 Vertical n(31) Metal3 [33.5um 15.5um] [33.5um 19.5um] 0.29um rpD:1 bl:0 ------CG----W---------bb-- [15.25um:19.75um] [14.25um:19.75um] 5.5um ------->
        <event:00001061 0:91:0.715um> &<id:974989 Horizontal n(31) Metal2 [33.14um 14.5um] [33.645um 14.5um] 0.29um rpD:0 bl:0 ---a-UC---T-----------bt-- [33.035um:33.75um] [33.035um:33.75um] 0.715um ------->
        <event:00001062 4:91:0.715um> &<id:974989 Horizontal n(31) Metal2 [33.14um 14.5um] [33.645um 14.5um] 0.29um rpD:0 bl:0 ---a-UC---T-----------bt-- [33.035um:33.75um] [33.035um:33.75um] 0.715um ------->
        <event:00001063 3:494.787:1.5um> &<id:973743 Vertical init Metal3 [34um 13.5um] [34um 14.5um] 0.29um rpD:1 bl:0 -X---UC-----W---------bb-- [13.25um:14.75um] [13.25um:14.75um] 1.5um ------t>
        <event:00001064 0:91:0.715um> &<id:975355 Horizontal init Metal2 [33.64um 14.5um] [34.145um 14.5um] 0.29um rpD:0 bl:0 ---a-UC---T---AS------bt-- [33.535um:34.25um] [33.535um:34.25um] 0.715um --S--st>
        <event:00001065 4:91:0.715um> &<id:975355 Horizontal init Metal2 [33.64um 14.5um] [34.145um 14.5um] 0.29um rpD:0 bl:0 ---a-UC---T---AS------bt-- [33.535um:34.25um] [33.535um:34.25um] 0.715um --S--st>
        <event:00001066 3:1708.99:5.5um> &<id:971713 Vertical n(31) Metal3 [33.5um 15.5um] [33.5um 19.5um] 0.29um rpD:1 bl:0 ------CG----W---------bb-- [15.25um:19.75um] [14.25um:19.75um] 5.5um ------->
        <event:00001067 0:91:0.715um> &<id:974989 Horizontal n(31) Metal2 [33.14um 14.5um] [33.645um 14.5um] 0.29um rpD:0 bl:0 ---a-UC---T-----------bt-- [33.035um:33.75um] [33.035um:33.75um] 0.715um ------->
        <event:00001068 4:91:0.715um> &<id:974989 Horizontal n(31) Metal2 [33.14um 14.5um] [33.645um 14.5um] 0.29um rpD:0 bl:0 ---a-UC---T-----------bt-- [33.035um:33.75um] [33.035um:33.75um] 0.715um ------->
        <event:00001069 3:494.787:1.5um> &<id:973743 Vertical init Metal3 [34um 13.5um] [34um 14.5um] 0.29um rpD:1 bl:0 -X---UC-----W---------bb-- [13.25um:14.75um] [13.25um:14.75um] 1.5um ------t>
        <event:00001070 0:91:0.715um> &<id:975355 Horizontal init Metal2 [33.64um 14.5um] [34.145um 14.5um] 0.29um rpD:0 bl:0 ---a-UC---T---AS------bt-- [33.535um:34.25um] [33.535um:34.25um] 0.715um --S--st>
        <event:00001071 4:91:0.715um> &<id:975355 Horizontal init Metal2 [33.64um 14.5um] [34.145um 14.5um] 0.29um rpD:0 bl:0 ---a-UC---T---AS------bt-- [33.535um:34.25um] [33.535um:34.25um] 0.715um --S--st>
        <event:00001072 3:1708.99:5.5um> &<id:971713 Vertical n(31) Metal3 [33.5um 15.5um] [33.5um 19.5um] 0.29um rpD:1 bl:0 ------CG----W---------bb-- [15.25um:19.75um] [14.25um:19.75um] 5.5um ------->
        <event:00001073 5:1708.99:5.5um> &<id:971713 Vertical n(31) Metal3 [33.5um 15.5um] [33.5um 19.5um] 0.29um rpD:1 bl:0 ------CG----W---------bb-- [15.25um:19.75um] [14.25um:19.75um] 5.5um ------->
        <event:00001074 0:91:1.045um> &<id:974989 Horizontal n(31) Metal2 [32.725um 14.5um] [33.56um 14.5um] 0.29um rpD:0 bl:0 ---a-UC---T-----------tb-- [32.62um:33.665um] [32.62um:33.665um] 1.045um ------->
        <event:00001075 4:126.538:1.045um> &<id:974989 Horizontal n(31) Metal2 [32.725um 14.5um] [33.56um 14.5um] 0.29um rpD:0 bl:0 ---a-UC---T-----------tb-- [32.62um:33.665um] [32.62um:33.665um] 1.045um ------->
        <event:00001076 3:494.787:1.5um> &<id:973743 Vertical init Metal3 [34um 13.5um] [34um 14.5um] 0.29um rpD:1 bl:0 -X---UC-----W---------bb-- [13.25um:14.75um] [13.25um:14.75um] 1.5um ------t>
        <event:00001077 0:91:0.715um> &<id:975355 Horizontal init Metal2 [33.64um 14.5um] [34.145um 14.5um] 0.29um rpD:0 bl:0 ---a-UC---T---AS------bt-- [33.535um:34.25um] [33.535um:34.25um] 0.715um --S--st>
        <event:00001078 4:91:0.715um> &<id:975355 Horizontal init Metal2 [33.64um 15um] [34.145um 15um] 0.29um rpD:0 bl:0 ---a-UC---T---AS------bt-- [33.535um:34.25um] [33.535um:34.25um] 0.715um --S--st>
        <event:00001079 3:2164.31:7um> &<id:971527 Vertical n(0) Metal3 [34.5um 8.5um] [34.5um 14um] 0.29um rpD:1 bl:0 ------CG----W---------bb-- [8.25um:14.25um] [8.25um:15.25um] 7um ------->
        <event:00001080 0:397.571:1.705um> &<id:973447 Horizontal n(0) Metal2 [32.255um 15um] [33.5um 15um] 0.29um rpD:0 bl:0 -----UC---T-----------bt-- [32.045um:33.75um] [32.045um:33.75um] 1.705um ------->
        <event:00001081 0:1192.71:8.375um> &<id:971528 Horizontal n(0) Metal2 [33.5um 14um] [41.415um 14um] 0.29um rpD:0 bl:0 -----UCG--T-----------tb-- [33.25um:41.625um] [33.25um:41.625um] 8.375um ------->
        <event:00001082 4:1192.71:8.375um> &<id:971528 Horizontal n(0) Metal2 [33.5um 13.5um] [41.415um 13.5um] 0.29um rpD:0 bl:0 -----UCG--T-----------tb-- [33.25um:41.625um] [33.25um:41.625um] 8.375um ------->
        <event:00001083 3:1405.44:4.5um> &<id:972227 Vertical abc_1402_auto_rtlil_cc_2739_MuxGate_1325 Metal3 [35um 9.5um] [35um 13.5um] 0.29um rpD:1 bl:0 ------CG----W---------bb-- [9.25um:13.75um] [9.25um:13.75um] 4.5um ------->
        <event:00001084 3:1253.66:4um> &<id:971363 Vertical abc_1402_new_n143 Metal3 [41um 10um] [41um 13.5um] 0.29um rpD:1 bl:0 -----UCG----W---------bb-- [9.75um:13.75um] [9.75um:13.75um] 4um ------->
        <event:00001085 3:3378.51:11um> &<id:970660 Vertical init Metal3 [42um 11um] [42um 15.5um] 0.29um rpD:2 bl:0 ------CG-----w--------bt-- [10.75um:15.75um] [9.25um:20.25um] 11um ------->
        <event:00001086 0:126.914:0.775um> &<id:974177 Horizontal abc_1402_new_n143 Metal2 [40.65um 13.5um] [41.215um 13.5um] 0.29um rpD:0 bl:0 ---a-UC---T-----------bt-- [40.545um:41.32um] [40.545um:41.32um] 0.775um ------->
        <event:00001087 4:126.914:0.775um> &<id:974177 Horizontal abc_1402_new_n143 Metal2 [40.65um 14.5um] [41.215um 14.5um] 0.29um rpD:0 bl:0 ---a-UC---T-----------bt-- [40.545um:41.32um] [40.545um:41.32um] 0.775um ------->
        <event:00001088 3:1708.99:5.5um> &<id:971394 Vertical abc_1402_new_n144 Metal3 [40um 9.5um] [40um 12um] 0.29um rpD:1 bl:0 ------CG----W---------bb-- [9.25um:12.25um] [9.25um:14.75um] 5.5um ------->
        <event:00001089 0:126.914:0.775um> &<id:973735 Horizontal init Metal2 [41.66um 13.5um] [42.225um 13.5um] 0.29um rpD:0 bl:0 ---a-UC---T-----------bt-- [41.555um:42.33um] [41.555um:42.33um] 0.775um ------->
        <event:00001090 0:184.012:0.925um> &<id:974144 Horizontal abc_1402_new_n144 Metal2 [40um 14.5um] [40.715um 14.5um] 0.29um rpD:0 bl:0 ---a-UC---T-----------bt-- [39.895um:40.82um] [39.895um:40.82um] 0.925um ------->
        <event:00001091 0:379.34:2.575um> &<id:973222 Horizontal abc_1402_auto_rtlil_cc_2739_MuxGate_1325 Metal2 [35um 13.5um] [37.115um 13.5um] 0.29um rpD:0 bl:0 -----UC---T-----------tb-- [34.75um:37.325um] [34.75um:37.325um] 2.575um ------->
        <event:00001092 0:1471.23:8.385um> &<id:971969 Horizontal n(3) Metal2 [3um 21.5um] [10.925um 21.5um] 0.29um rpD:0 bl:0 -----UCG--T-----------tb-- [2.75um:11.135um] [2.75um:11.135um] 8.385um ------->
        <event:00001093 0:1212.35:8.515um> &<id:972267 Horizontal n(24) Metal2 [29um 32.5um] [37.055um 32.5um] 0.29um rpD:0 bl:0 -----UCG--T-----------tb-- [28.75um:37.265um] [28.75um:37.265um] 8.515um ------->
        <event:00001094 0:1510.97:8.615um> &<id:971209 Horizontal abc_1402_new_n145 Metal2 [54.5um 10um] [62.655um 10um] 0.29um rpD:0 bl:0 -----UCG--T-----------tb-- [54.25um:62.865um] [54.25um:62.865um] 8.615um ------->
        <event:00001095 0:943.385:8.63um> &<id:971837 Horizontal abc_1402_new_n170 Metal2 [63.455um 49um] [71.665um 49um] 0.29um rpD:0 bl:0 ------CG--T-----------bb-- [63.245um:71.875um] [63.245um:71.875um] 8.63um ------->
        <event:00001096 4:943.385:8.63um> &<id:971837 Horizontal abc_1402_new_n170 Metal2 [63.455um 48.5um] [71.665um 48.5um] 0.29um rpD:0 bl:0 ------CG--T-----------bb-- [63.245um:71.875um] [63.245um:71.875um] 8.63um ------->
        <event:00001097 3:1860.76:6um> &<id:970761 Vertical n(6) Metal3 [67um 43.5um] [67um 46.5um] 0.29um rpD:1 bl:0 ------CG----W---------bb-- [43.25um:46.75um] [43.25um:49.25um] 6um ------->
        <event:00001098 1:1896.41:11.235um> &<id:971779 Horizontal n(10) Metal2 [70.725um 48um] [81.5um 48um] 0.29um rpD:1 bl:0 ------CG----W----------t-- [70.515um:81.75um] [70.515um:81.75um] 11.235um ------->
        <event:00001099 4:1896.41:11.235um> &<id:971779 Horizontal n(10) Metal2 [70.725um 49.5um] [81.5um 49.5um] 0.29um rpD:1 bl:0 ------CG----W----------t-- [70.515um:81.75um] [70.515um:81.75um] 11.235um ------->
        <event:00001100 3:1708.99:5.5um> &<id:971496 Vertical n(12) Metal3 [82um 44.5um] [82um 49.5um] 0.29um rpD:1 bl:0 ------CG----W---------bb-- [44.25um:49.75um] [44.25um:49.75um] 5.5um ------->
        <event:00001101 3:1708.99:5.5um> &<id:971499 Vertical n(12) Metal3 [77um 49.5um] [77um 54.5um] 0.29um rpD:2 bl:0 ------CG-----w--------bb-- [49.25um:54.75um] [49.25um:54.75um] 5.5um ------->
        <event:00001102 0:4.23077:0.42um> &<id:975310 Vertical n(10) Metal2 [70.725um 49.5um] [70.725um 49.5um] 0.21um rpD:0 bl:0 -X---UC---TD---------P-b-- [49.08um:49.92um] [70.515um:70.935um] 0.42um P------>
        <event:00001103 0:320.385:2.845um> &<id:973536 Horizontal n(6) Metal2 [64.615um 48.5um] [67um 48.5um] 0.29um rpD:0 bl:0 -----UC---T-----------bt-- [64.405um:67.25um] [64.405um:67.25um] 2.845um ------->
        <event:00001104 4:320.385:2.845um> &<id:973536 Horizontal n(6) Metal2 [64.615um 49um] [67um 49um] 0.29um rpD:0 bl:0 -----UC---T-----------bt-- [64.405um:67.25um] [64.405um:67.25um] 2.845um ------->
        <event:00001105 3:2012.54:6.5um> &<id:971873 Vertical n(9) Metal3 [67um 43um] [67um 49um] 0.29um rpD:1 bl:0 ------CG----W---------bb-- [42.75um:49.25um] [42.75um:49.25um] 6.5um ------->
        <event:00001106 3:1708.99:5.5um> &<id:970847 Vertical abc_1402_new_n160 Metal3 [64um 44um] [64um 48um] 0.29um rpD:1 bl:0 ------CG----W---------bb-- [43.75um:48.25um] [43.75um:49.25um] 5.5um ------->
        <event:00001107 1:577.349:3.33um> &<id:973497 Horizontal n(9) Metal2 [67.305um 49um] [70.215um 49um] 0.29um rpD:1 bl:0 -----UC-----W------------- [67.095um:70.425um] [67.095um:70.425um] 3.33um ------->
        <event:00001108 0:4.23077:0.42um> &<id:973493 Vertical n(9) Metal2 [67.305um 49.5um] [67.305um 50um] 0.21um rpD:0 bl:0 -X---UC---TD---------Pb--- [49.08um:50.42um] [67.095um:67.515um] 0.42um P------>
        <event:00001109 4:4.23077:0.42um> &<id:973493 Vertical n(9) Metal2 [67.305um 49.5um] [67.305um 50um] 0.21um rpD:0 bl:0 -X---UC---TD---------Pb--- [49.08um:50.42um] [67.095um:67.515um] 0.42um P------>
        <event:00001110 0:4.23077:0.42um> &<id:973496 Vertical n(9) Metal2 [70.215um 49.5um] [70.215um 50um] 0.21um rpD:0 bl:0 -X---UC---TD---------Pb--- [49.08um:50.42um] [70.005um:70.425um] 0.42um P------>
        <event:00001111 0:91:0.715um> &<id:974050 Horizontal abc_1402_new_n160 Metal2 [63.855um 49um] [64.36um 49um] 0.29um rpD:0 bl:0 ---a-UC---T-----------tb-- [63.75um:64.465um] [63.75um:64.465um] 0.715um ------->
        <event:00001112 4:91:0.715um> &<id:974050 Horizontal abc_1402_new_n160 Metal2 [63.855um 49um] [64.36um 49um] 0.29um rpD:0 bl:0 ---a-UC---T-----------tb-- [63.75um:64.465um] [63.75um:64.465um] 0.715um ------->
        <event:00001113 3:1860.76:6um> &<id:970761 Vertical n(6) Metal3 [67um 43.5um] [67um 46.5um] 0.29um rpD:1 bl:0 ------CG----W---------bb-- [43.25um:46.75um] [43.25um:49.25um] 6um ------->
        <event:00001114 0:117.923:0.855um> &<id:973500 Horizontal n(9) Metal2 [67.06um 49um] [67.705um 49um] 0.29um rpD:0 bl:0 ---a-UC---T-----------bt-- [66.955um:67.81um] [66.955um:67.81um] 0.855um ------->
        <event:00001115 0:320.385:0.715um> &<id:973536 Horizontal n(6) Metal2 [64.355um 49um] [64.86um 49um] 0.29um rpD:0 bl:0 ---a-UC---T-----------tb-- [64.25um:64.965um] [64.25um:64.965um] 0.715um ------->
        <event:00001116 4:91:0.715um> &<id:973536 Horizontal n(6) Metal2 [64.355um 49.5um] [64.86um 49.5um] 0.29um rpD:0 bl:0 ---a-UC---T-----------tb-- [64.25um:64.965um] [64.25um:64.965um] 0.715um ------->
        <event:00001117 0:387.692:3.47um> &<id:973512 Horizontal n(8) Metal2 [66.655um 49.5um] [69.705um 49.5um] 0.29um rpD:0 bl:0 -----UC---T-----------bb-- [66.445um:69.915um] [66.445um:69.915um] 3.47um ------->
        <event:00001118 4:387.692:3.47um> &<id:973512 Horizontal n(8) Metal2 [66.655um 49um] [69.705um 49um] 0.29um rpD:0 bl:0 -----UC---T-----------bb-- [66.445um:69.915um] [66.445um:69.915um] 3.47um ------->
        <event:00001119 3:1557.21:5um> &<id:970996 Vertical n(7) Metal3 [68.5um 44.5um] [68.5um 46.5um] 0.29um rpD:1 bl:0 ------CG----W---------bb-- [44.25um:46.75um] [44.25um:49.25um] 5um ------->
        <event:00001120 0:160.571:1.015um> &<id:973607 Horizontal n(7) Metal2 [68.5um 49um] [69.055um 49um] 0.29um rpD:0 bl:0 -----UC---T-----------tb-- [68.25um:69.265um] [68.25um:69.265um] 1.015um ------->
        <event:00001121 0:735.541:5.115um> &<id:971938 Horizontal n(8) Metal2 [62um 49.5um] [66.655um 49.5um] 0.29um rpD:0 bl:0 -----UCG--T-----------tb-- [61.75um:66.865um] [61.75um:66.865um] 5.115um ------->
        <event:00001122 4:735.541:5.115um> &<id:971938 Horizontal n(8) Metal2 [62um 50um] [66.655um 50um] 0.29um rpD:0 bl:0 -----UCG--T-----------tb-- [61.75um:66.865um] [61.75um:66.865um] 5.115um ------->
        <event:00001123 3:3682.07:12um> &<id:972386 Vertical abc_1402_new_n171 Metal3 [61um 50um] [61um 61.5um] 0.29um rpD:1 bl:0 ------CG----W---------bb-- [49.75um:61.75um] [49.75um:61.75um] 12um ------->
        <event:00001124 0:888.959:5.015um> &<id:972387 Horizontal abc_1402_new_n171 Metal2 [61um 50um] [65.555um 50um] 0.29um rpD:0 bl:0 -----UCG--T-----------tb-- [60.75um:65.765um] [60.75um:65.765um] 5.015um ------->
        <event:00001125 0:814.074:0.925um> &<id:975277 Horizontal n(12) Metal2 [81.855um 49.5um] [82.36um 49.5um] 0.29um rpD:0 bl:0 ---a-UC---T-----------tb-- [81.75um:82.465um] [81.54um:82.465um] 0.925um ------->
        <event:00001126 0:1502.93:8.72um> &<id:971265 Horizontal n(1) Metal2 [39.005um 14.5um] [47.305um 14.5um] 0.29um rpD:0 bl:0 -----UCG--T-----------b--- [38.795um:47.515um] [38.795um:47.515um] 8.72um ------->
        <event:00001127 0:4.23077:0.42um> &<id:973435 Vertical n(1) Metal2 [47.305um 15um] [47.305um 15um] 0.21um rpD:0 bl:0 -X---UC---TD---------P-b-- [14.5801um:15.42um] [47.095um:47.515um] 0.42um P------>
        <event:00001128 0:1290.18:9.07um> &<id:970924 Horizontal abc_1402_new_n95 Metal2 [49.565um 20.5um] [58.215um 20.5um] 0.29um rpD:0 bl:0 ------CG--T-----------bb-- [49.355um:58.425um] [49.355um:58.425um] 9.07um ------->
        <event:00001129 4:1290.18:9.07um> &<id:970924 Horizontal abc_1402_new_n95 Metal2 [49.565um 21um] [58.215um 21um] 0.29um rpD:0 bl:0 ------CG--T-----------bb-- [49.355um:58.425um] [49.355um:58.425um] 9.07um ------->
        <event:00001130 3:1405.44:4.5um> &<id:971008 Vertical abc_1402_new_n139 Metal3 [54um 21um] [54um 25um] 0.29um rpD:1 bl:0 -----UCG----W---------bb-- [20.75um:25.25um] [20.75um:25.25um] 4.5um ------->
        <event:00001131 0:460.678:3.155um> &<id:974749 Horizontal abc_1402_new_n139 Metal2 [51.305um 21um] [54um 21um] 0.29um rpD:0 bl:0 -----UC---T-----------bt-- [51.095um:54.25um] [51.095um:54.25um] 3.155um ------->
        <event:00001132 0:1303.5:9.165um> &<id:971364 Horizontal abc_1402_new_n143 Metal2 [41um 13.5um] [49.705um 13.5um] 0.29um rpD:0 bl:0 -----UCG--T-----------tb-- [40.75um:49.915um] [40.75um:49.915um] 9.165um ------->
        <event:00001133 4:1303.5:9.165um> &<id:971364 Horizontal abc_1402_new_n143 Metal2 [41um 14.5um] [49.705um 14.5um] 0.29um rpD:0 bl:0 -----UCG--T-----------tb-- [40.75um:49.915um] [40.75um:49.915um] 9.165um ------->
        <event:00001134 3:2316.09:7.5um> &<id:971400 Vertical abc_1402_new_n144 Metal3 [48um 15um] [48um 19um] 0.29um rpD:1 bl:0 -----UCG----W---------bb-- [14.75um:19.25um] [11.75um:19.25um] 7.5um ------->
        <event:00001135 3:3378.51:11um> &<id:970660 Vertical init Metal3 [42um 11um] [42um 15.5um] 0.29um rpD:2 bl:0 ------CG-----w--------bt-- [10.75um:15.75um] [9.25um:20.25um] 11um ------->
        <event:00001136 0:126.914:0.775um> &<id:973735 Horizontal init Metal2 [41.66um 14.5um] [42.225um 14.5um] 0.29um rpD:0 bl:0 ---a-UC---T-----------bt-- [41.555um:42.33um] [41.555um:42.33um] 0.775um ------->
        <event:00001137 4:126.914:0.775um> &<id:973735 Horizontal init Metal2 [41.66um 14um] [42.225um 14um] 0.29um rpD:0 bl:0 ---a-UC---T-----------bt-- [41.555um:42.33um] [41.555um:42.33um] 0.775um ------->
        <event:00001138 0:284.225:1.515um> &<id:974149 Horizontal abc_1402_new_n144 Metal2 [48um 14.5um] [49.055um 14.5um] 0.29um rpD:0 bl:0 -----UC---T-----------tb-- [47.75um:49.265um] [47.75um:49.265um] 1.515um ------->
        <event:00001139 0:278.923:2.46um> &<id:973452 Horizontal n(0) Metal2 [41.415um 14um] [43.455um 14um] 0.29um rpD:0 bl:0 -----UC---T-----------bb-- [41.205um:43.665um] [41.205um:43.665um] 2.46um ------->
        <event:00001140 4:278.923:2.46um> &<id:973452 Horizontal n(0) Metal2 [41.415um 14um] [43.455um 14um] 0.29um rpD:0 bl:0 -----UC---T-----------bb-- [41.205um:43.665um] [41.205um:43.665um] 2.46um ------->
        <event:00001141 3:3378.51:11um> &<id:970660 Vertical init Metal3 [42um 11um] [42um 15.5um] 0.29um rpD:2 bl:0 ------CG-----w--------bt-- [10.75um:15.75um] [9.25um:20.25um] 11um ------->
        <event:00001142 0:126.914:0.775um> &<id:973735 Horizontal init Metal2 [41.66um 14um] [42.225um 14um] 0.29um rpD:0 bl:0 ---a-UC---T-----------bt-- [41.555um:42.33um] [41.555um:42.33um] 0.775um ------->
        <event:00001143 4:126.914:0.775um> &<id:973735 Horizontal init Metal2 [41.66um 14.5um] [42.225um 14.5um] 0.29um rpD:0 bl:0 ---a-UC---T-----------bt-- [41.555um:42.33um] [41.555um:42.33um] 0.775um ------->
        <event:00001144 3:1557.21:5um> &<id:971363 Vertical abc_1402_new_n143 Metal3 [41um 10um] [41um 14.5um] 0.29um rpD:1 bl:0 -----UCG----W---------bb-- [9.75um:14.75um] [9.75um:14.75um] 5um ------->
        <event:00001145 0:1303.5:9.165um> &<id:971364 Horizontal abc_1402_new_n143 Metal2 [41um 14.5um] [49.705um 14.5um] 0.29um rpD:0 bl:0 -----UCG--T-----------tb-- [40.75um:49.915um] [40.75um:49.915um] 9.165um ------->
        <event:00001146 4:1303.5:9.165um> &<id:971364 Horizontal abc_1402_new_n143 Metal2 [41um 15um] [49.705um 15um] 0.29um rpD:0 bl:0 -----UCG--T-----------tb-- [40.75um:49.915um] [40.75um:49.915um] 9.165um ------->
        <event:00001147 3:4.23077:0.42um> &<id:973435 Vertical n(1) Metal2 [47.305um 15um] [47.305um 15um] 0.21um rpD:0 bl:0 -X---UC---TD---------P-b-- [14.5801um:15.42um] [47.095um:47.515um] 0.42um P------>
        <event:00001148 4:4.23077:0.42um> &<id:973435 Vertical n(1) Metal2 [47.305um 15um] [47.305um 15um] 0.21um rpD:0 bl:0 -X---UC---TD---------P-b-- [14.5801um:15.42um] [47.095um:47.515um] 0.42um P------>
        <event:00001149 3:2316.09:7.5um> &<id:971400 Vertical abc_1402_new_n144 Metal3 [48um 15um] [48um 19um] 0.29um rpD:1 bl:0 -----UCG----W---------bb-- [14.75um:19.25um] [11.75um:19.25um] 7.5um ------->
        <event:00001150 0:284.225:1.905um> &<id:974149 Horizontal abc_1402_new_n144 Metal2 [49.055um 15um] [50.5um 15um] 0.29um rpD:0 bl:0 -----UC---T-----------bt-- [48.845um:50.75um] [48.845um:50.75um] 1.905um ------->
        <event:00001151 0:975.349:3.015um> &<id:971396 Horizontal abc_1402_new_n144 Metal2 [50.5um 15um] [53.055um 15um] 0.29um rpD:0 bl:0 -----UCG--T-----------tb-- [50.25um:53.265um] [50.25um:53.265um] 3.015um ------->
        <event:00001152 0:608.462:5.52um> &<id:973430 Horizontal n(1) Metal2 [39.005um 15um] [44.105um 15um] 0.29um rpD:0 bl:0 -----UC---T-----------bb-- [38.795um:44.315um] [38.795um:44.315um] 5.52um ------->
        <event:00001153 0:1502.93:8.72um> &<id:971265 Horizontal n(1) Metal2 [39.005um 15um] [47.305um 15um] 0.29um rpD:0 bl:0 -----UCG--T-----------b--- [38.795um:47.515um] [38.795um:47.515um] 8.72um ------->
        <event:00001154 0:1303.5:9.165um> &<id:971364 Horizontal abc_1402_new_n143 Metal2 [41um 15um] [49.705um 15um] 0.29um rpD:0 bl:0 -----UCG--T-----------tb-- [40.75um:49.915um] [40.75um:49.915um] 9.165um ------->
        <event:00001155 4:1303.5:9.165um> &<id:971364 Horizontal abc_1402_new_n143 Metal2 [41um 15um] [49.705um 15um] 0.29um rpD:0 bl:0 -----UCG--T-----------tb-- [40.75um:49.915um] [40.75um:49.915um] 9.165um ------->
        <event:00001156 3:4.23077:0.42um> &<id:973435 Vertical n(1) Metal2 [47.305um 15um] [47.305um 15um] 0.21um rpD:0 bl:0 -X---UC---TD---------P-b-- [14.5801um:15.42um] [47.095um:47.515um] 0.42um P------>
        <event:00001157 4:4.23077:0.42um> &<id:973435 Vertical n(1) Metal2 [47.305um 15um] [47.305um 15um] 0.21um rpD:0 bl:0 -X---UC---TD---------P-b-- [14.5801um:15.42um] [47.095um:47.515um] 0.42um P------>
        <event:00001158 3:2316.09:7.5um> &<id:971400 Vertical abc_1402_new_n144 Metal3 [50.5um 15um] [50.5um 19um] 0.29um rpD:1 bl:0 -----UCG----W---------bb-- [14.75um:19.25um] [11.75um:19.25um] 7.5um ------->
        <event:00001159 0:351.609:1.905um> &<id:974149 Horizontal abc_1402_new_n144 Metal2 [49.055um 15um] [50.5um 15um] 0.29um rpD:0 bl:0 -----UC---T-----------bt-- [48.845um:50.75um] [48.845um:50.75um] 1.905um ------->
        <event:00001160 0:608.462:5.52um> &<id:973430 Horizontal n(1) Metal2 [39.005um 15um] [44.105um 15um] 0.29um rpD:0 bl:0 -----UC---T-----------bb-- [38.795um:44.315um] [38.795um:44.315um] 5.52um ------->
        <event:00001161 0:1502.93:8.72um> &<id:971265 Horizontal n(1) Metal2 [39.005um 15um] [47.305um 15um] 0.29um rpD:0 bl:0 -----UCG--T-----------b--- [38.795um:47.515um] [38.795um:47.515um] 8.72um ------->
        <event:00001162 0:1303.5:9.165um> &<id:971364 Horizontal abc_1402_new_n143 Metal2 [41um 15um] [49.705um 15um] 0.29um rpD:0 bl:0 -----UCG--T-----------tb-- [40.75um:49.915um] [40.75um:49.915um] 9.165um ------->
        <event:00001163 4:1303.5:9.165um> &<id:971364 Horizontal abc_1402_new_n143 Metal2 [41um 14.5um] [49.705um 14.5um] 0.29um rpD:0 bl:0 -----UCG--T-----------tb-- [40.75um:49.915um] [40.75um:49.915um] 9.165um ------->
        <event:00001164 3:3378.51:11um> &<id:970660 Vertical init Metal3 [42um 11um] [42um 15.5um] 0.29um rpD:2 bl:0 ------CG-----w--------bt-- [10.75um:15.75um] [9.25um:20.25um] 11um ------->
        <event:00001165 0:126.914:0.775um> &<id:973735 Horizontal init Metal2 [41.66um 14.5um] [42.225um 14.5um] 0.29um rpD:0 bl:0 ---a-UC---T-----------bt-- [41.555um:42.33um] [41.555um:42.33um] 0.775um ------->
        <event:00001166 4:126.914:0.775um> &<id:973735 Horizontal init Metal2 [41.66um 14um] [42.225um 14um] 0.29um rpD:0 bl:0 ---a-UC---T-----------bt-- [41.555um:42.33um] [41.555um:42.33um] 0.775um ------->
        <event:00001167 0:278.923:2.46um> &<id:973452 Horizontal n(0) Metal2 [41.415um 14um] [43.455um 14um] 0.29um rpD:0 bl:0 -----UC---T-----------bb-- [41.205um:43.665um] [41.205um:43.665um] 2.46um ------->
        <event:00001168 4:278.923:2.46um> &<id:973452 Horizontal n(0) Metal2 [41.415um 14um] [43.455um 14um] 0.29um rpD:0 bl:0 -----UC---T-----------bb-- [41.205um:43.665um] [41.205um:43.665um] 2.46um ------->
        <event:00001169 3:3378.51:11um> &<id:970660 Vertical init Metal3 [42um 11um] [42um 15.5um] 0.29um rpD:2 bl:0 ------CG-----w--------bt-- [10.75um:15.75um] [9.25um:20.25um] 11um ------->
        <event:00001170 0:126.914:0.775um> &<id:973735 Horizontal init Metal2 [41.66um 14um] [42.225um 14um] 0.29um rpD:0 bl:0 ---a-UC---T-----------bt-- [41.555um:42.33um] [41.555um:42.33um] 0.775um ------->
        <event:00001171 4:126.914:0.775um> &<id:973735 Horizontal init Metal2 [41.66um 15um] [42.225um 15um] 0.29um rpD:0 bl:0 ---a-UC---T-----------bt-- [41.555um:42.33um] [41.555um:42.33um] 0.775um ------->
        <event:00001172 0:608.462:5.52um> &<id:973430 Horizontal n(1) Metal2 [39.005um 15um] [44.105um 15um] 0.29um rpD:0 bl:0 -----UC---T-----------bb-- [38.795um:44.315um] [38.795um:44.315um] 5.52um ------->
        <event:00001173 4:608.462:5.52um> &<id:973430 Horizontal n(1) Metal2 [39.005um 15um] [44.105um 15um] 0.29um rpD:0 bl:0 -----UC---T-----------bb-- [38.795um:44.315um] [38.795um:44.315um] 5.52um ------->
        <event:00001174 3:3378.51:11um> &<id:970660 Vertical init Metal3 [42um 11um] [42um 15.5um] 0.29um rpD:2 bl:0 ------CG-----w--------bt-- [10.75um:15.75um] [9.25um:20.25um] 11um ------->
        <event:00001175 0:126.914:0.775um> &<id:973735 Horizontal init Metal2 [41.66um 15um] [42.225um 15um] 0.29um rpD:0 bl:0 ---a-UC---T-----------bt-- [41.555um:42.33um] [41.555um:42.33um] 0.775um ------->
        <event:00001176 4:126.914:0.775um> &<id:973735 Horizontal init Metal2 [41.66um 13.5um] [42.225um 13.5um] 0.29um rpD:0 bl:0 ---a-UC---T-----------bt-- [41.555um:42.33um] [41.555um:42.33um] 0.775um ------->
        <event:00001177 0:1192.71:8.375um> &<id:971528 Horizontal n(0) Metal2 [33.5um 13.5um] [41.415um 13.5um] 0.29um rpD:0 bl:0 -----UCG--T-----------tb-- [33.25um:41.625um] [33.25um:41.625um] 8.375um ------->
        <event:00001178 4:1192.71:8.375um> &<id:971528 Horizontal n(0) Metal2 [33.5um 13.5um] [41.415um 13.5um] 0.29um rpD:0 bl:0 -----UCG--T-----------tb-- [33.25um:41.625um] [33.25um:41.625um] 8.375um ------->
        <event:00001179 3:3378.51:11um> &<id:970660 Vertical init Metal3 [42um 11um] [42um 15.5um] 0.29um rpD:2 bl:0 ------CG-----w--------bt-- [10.75um:15.75um] [9.25um:20.25um] 11um ------->
        <event:00001180 0:126.914:0.775um> &<id:973735 Horizontal init Metal2 [41.66um 13.5um] [42.225um 13.5um] 0.29um rpD:0 bl:0 ---a-UC---T-----------bt-- [41.555um:42.33um] [41.555um:42.33um] 0.775um ------->
        <event:00001181 4:126.914:0.775um> &<id:973735 Horizontal init Metal2 [41.66um 14.5um] [42.225um 14.5um] 0.29um rpD:0 bl:0 ---a-UC---T-----------bt-- [41.555um:42.33um] [41.555um:42.33um] 0.775um ------->
        <event:00001182 3:1557.21:5um> &<id:971363 Vertical abc_1402_new_n143 Metal3 [41um 10um] [41um 14.5um] 0.29um rpD:1 bl:0 -----UCG----W---------bb-- [9.75um:14.75um] [9.75um:14.75um] 5um ------->
        <event:00001183 0:1502.93:8.72um> &<id:971265 Horizontal n(1) Metal2 [39.005um 15um] [47.305um 15um] 0.29um rpD:0 bl:0 -----UCG--T-----------b--- [38.795um:47.515um] [38.795um:47.515um] 8.72um ------->
        <event:00001184 0:1303.5:9.165um> &<id:971364 Horizontal abc_1402_new_n143 Metal2 [41um 14.5um] [49.705um 14.5um] 0.29um rpD:0 bl:0 -----UCG--T-----------tb-- [40.75um:49.915um] [40.75um:49.915um] 9.165um ------->
        <event:00001185 4:1303.5:9.165um> &<id:971364 Horizontal abc_1402_new_n143 Metal2 [41um 14um] [49.705um 14um] 0.29um rpD:0 bl:0 -----UCG--T-----------tb-- [40.75um:49.915um] [40.75um:49.915um] 9.165um ------->
        <event:00001186 3:4.23077:0.42um> &<id:973457 Vertical n(0) Metal2 [46.655um 14um] [46.655um 14um] 0.21um rpD:0 bl:0 -X---UC---TD---------Pb--- [13.5801um:14.42um] [46.445um:46.865um] 0.42um P------>
        <event:00001187 4:4.23077:0.42um> &<id:973457 Vertical n(0) Metal2 [46.655um 14um] [46.655um 14um] 0.21um rpD:0 bl:0 -X---UC---TD---------Pb--- [13.5801um:14.42um] [46.445um:46.865um] 0.42um P------>
        <event:00001188 3:1557.21:5um> &<id:972548 Vertical outputs(6) Metal3 [50um 10um] [50um 14.5um] 0.29um rpD:1 bl:0 ------CG----W---------bb-- [9.75um:14.75um] [9.75um:14.75um] 5um ------->
        <event:00001189 0:136.731:1.175um> &<id:972822 Horizontal outputs(6) Metal2 [49.5um 14um] [50.215um 14um] 0.29um rpD:0 bl:0 -----UC---T-----------tb-- [49.25um:50.425um] [49.25um:50.425um] 1.175um ------->
        <event:00001190 0:278.923:2.46um> &<id:973452 Horizontal n(0) Metal2 [41.415um 14um] [43.455um 14um] 0.29um rpD:0 bl:0 -----UC---T-----------bb-- [41.205um:43.665um] [41.205um:43.665um] 2.46um ------->
        <event:00001191 0:525.888:3.62um> &<id:971529 Horizontal n(0) Metal2 [43.455um 14um] [46.655um 14um] 0.29um rpD:0 bl:0 -----UCG--T-----------b--- [43.245um:46.865um] [43.245um:46.865um] 3.62um ------->
        <event:00001192 0:1303.5:9.165um> &<id:971364 Horizontal abc_1402_new_n143 Metal2 [41um 14um] [49.705um 14um] 0.29um rpD:0 bl:0 -----UCG--T-----------tb-- [40.75um:49.915um] [40.75um:49.915um] 9.165um ------->
        <event:00001193 4:1303.5:9.165um> &<id:971364 Horizontal abc_1402_new_n143 Metal2 [41um 15um] [49.705um 15um] 0.29um rpD:0 bl:0 -----UCG--T-----------tb-- [40.75um:49.915um] [40.75um:49.915um] 9.165um ------->
        <event:00001194 3:4.23077:0.42um> &<id:973435 Vertical n(1) Metal2 [47.305um 15um] [47.305um 15um] 0.21um rpD:0 bl:0 -X---UC---TD---------P-b-- [14.5801um:15.42um] [47.095um:47.515um] 0.42um P------>
        <event:00001195 4:4.23077:0.42um> &<id:973435 Vertical n(1) Metal2 [47.305um 15um] [47.305um 15um] 0.21um rpD:0 bl:0 -X---UC---TD---------P-b-- [14.5801um:15.42um] [47.095um:47.515um] 0.42um P------>
        <event:00001196 3:2316.09:7.5um> &<id:971400 Vertical abc_1402_new_n144 Metal3 [50.5um 15um] [50.5um 19um] 0.29um rpD:1 bl:0 -----UCG----W---------bb-- [14.75um:19.25um] [11.75um:19.25um] 7.5um ------->
        <event:00001197 0:351.609:1.905um> &<id:974149 Horizontal abc_1402_new_n144 Metal2 [49.055um 15um] [50.5um 15um] 0.29um rpD:0 bl:0 -----UC---T-----------bt-- [48.845um:50.75um] [48.845um:50.75um] 1.905um ------->
        <event:00001198 0:608.462:5.52um> &<id:973430 Horizontal n(1) Metal2 [39.005um 15um] [44.105um 15um] 0.29um rpD:0 bl:0 -----UC---T-----------bb-- [38.795um:44.315um] [38.795um:44.315um] 5.52um ------->
        <event:00001199 0:1502.93:8.72um> &<id:971265 Horizontal n(1) Metal2 [39.005um 15um] [47.305um 15um] 0.29um rpD:0 bl:0 -----UCG--T-----------b--- [38.795um:47.515um] [38.795um:47.515um] 8.72um ------->
        <event:00001200 0:1303.5:9.165um> &<id:971364 Horizontal abc_1402_new_n143 Metal2 [41um 15um] [49.705um 15um] 0.29um rpD:0 bl:0 -----UCG--T-----------tb-- [40.75um:49.915um] [40.75um:49.915um] 9.165um ------->
        <event:00001201 4:1303.5:9.165um> &<id:971364 Horizontal abc_1402_new_n143 Metal2 [41um 13.5um] [49.705um 13.5um] 0.29um rpD:0 bl:0 -----UCG--T-----------tb-- [40.75um:49.915um] [40.75um:49.915um] 9.165um ------->
        <event:00001202 3:1405.44:4.5um> &<id:970661 Vertical init Metal3 [48um 11um] [48um 13.5um] 0.29um rpD:1 bl:0 ------CG----W---------bb-- [10.75um:13.75um] [9.25um:13.75um] 4.5um ------->
        <event:00001203 0:464.885:2.185um> &<id:973727 Horizontal init Metal2 [49um 13.5um] [50.725um 13.5um] 0.29um rpD:0 bl:0 -----UC---T-----------tb-- [48.75um:50.935um] [48.75um:50.935um] 2.185um ------->
        <event:00001204 4:324.648:2.185um> &<id:973727 Horizontal init Metal2 [49um 14um] [50.725um 14um] 0.29um rpD:0 bl:0 -----UC---T-----------tb-- [48.75um:50.935um] [48.75um:50.935um] 2.185um ------->
        <event:00001205 3:1557.21:5um> &<id:972548 Vertical outputs(6) Metal3 [49.5um 10um] [49.5um 14.5um] 0.29um rpD:1 bl:0 ------CG----W---------bb-- [9.75um:14.75um] [9.75um:14.75um] 5um ------->
        <event:00001206 0:183.009:1.175um> &<id:972822 Horizontal outputs(6) Metal2 [49.5um 14um] [50.215um 14um] 0.29um rpD:0 bl:0 -----UC---T-----------tb-- [49.25um:50.425um] [49.25um:50.425um] 1.175um ------->
        <event:00001207 4:183.009:1.175um> &<id:972822 Horizontal outputs(6) Metal2 [49.5um 14um] [50.215um 14um] 0.29um rpD:0 bl:0 -----UC---T-----------tb-- [49.25um:50.425um] [49.25um:50.425um] 1.175um ------->
        <event:00001208 3:1557.21:5um> &<id:970661 Vertical init Metal3 [49um 11um] [49um 14um] 0.29um rpD:1 bl:0 ------CG----W---------bb-- [10.75um:14.25um] [9.25um:14.25um] 5um ------->
        <event:00001209 0:324.648:2.185um> &<id:973727 Horizontal init Metal2 [49um 14um] [50.725um 14um] 0.29um rpD:0 bl:0 -----UC---T-----------tb-- [48.75um:50.935um] [48.75um:50.935um] 2.185um ------->
        <event:00001210 4:324.648:2.185um> &<id:973727 Horizontal init Metal2 [49um 14um] [50.725um 14um] 0.29um rpD:0 bl:0 -----UC---T-----------tb-- [48.75um:50.935um] [48.75um:50.935um] 2.185um ------->
        <event:00001211 3:1557.21:5um> &<id:972548 Vertical outputs(6) Metal3 [49.5um 10um] [49.5um 14.5um] 0.29um rpD:1 bl:0 ------CG----W---------bb-- [9.75um:14.75um] [9.75um:14.75um] 5um ------->
        <event:00001212 0:183.009:1.175um> &<id:972822 Horizontal outputs(6) Metal2 [49.5um 14um] [50.215um 14um] 0.29um rpD:0 bl:0 -----UC---T-----------tb-- [49.25um:50.425um] [49.25um:50.425um] 1.175um ------->
        <event:00001213 4:183.009:1.175um> &<id:972822 Horizontal outputs(6) Metal2 [49.5um 14um] [50.215um 14um] 0.29um rpD:0 bl:0 -----UC---T-----------tb-- [49.25um:50.425um] [49.25um:50.425um] 1.175um ------->
        <event:00001214 3:1557.21:5um> &<id:970661 Vertical init Metal3 [49um 11um] [49um 14um] 0.29um rpD:1 bl:0 ------CG----W---------bb-- [10.75um:14.25um] [9.25um:14.25um] 5um ------->
        <event:00001215 0:324.648:2.185um> &<id:973727 Horizontal init Metal2 [49um 14um] [50.725um 14um] 0.29um rpD:0 bl:0 -----UC---T-----------tb-- [48.75um:50.935um] [48.75um:50.935um] 2.185um ------->
        <event:00001216 4:324.648:2.185um> &<id:973727 Horizontal init Metal2 [49um 14.5um] [50.725um 14.5um] 0.29um rpD:0 bl:0 -----UC---T-----------tb-- [48.75um:50.935um] [48.75um:50.935um] 2.185um ------->
        <event:00001217 0:614.938:4.255um> &<id:971365 Horizontal abc_1402_new_n143 Metal2 [49.705um 14.5um] [53.5um 14.5um] 0.29um rpD:0 bl:0 -----UCG--T-----------bt-- [49.495um:53.75um] [49.495um:53.75um] 4.255um ------->
        <event:00001218 0:1192.71:8.375um> &<id:971528 Horizontal n(0) Metal2 [33.5um 13.5um] [41.415um 13.5um] 0.29um rpD:0 bl:0 -----UCG--T-----------tb-- [33.25um:41.625um] [33.25um:41.625um] 8.375um ------->
        <event:00001219 4:1192.71:8.375um> &<id:971528 Horizontal n(0) Metal2 [33.5um 15um] [41.415um 15um] 0.29um rpD:0 bl:0 -----UCG--T-----------tb-- [33.25um:41.625um] [33.25um:41.625um] 8.375um ------->
        <event:00001220 3:646.562:2um> &<id:973743 Vertical init Metal3 [34um 13.5um] [34um 15um] 0.29um rpD:1 bl:0 -X---UC-----W---------bb-- [13.25um:15.25um] [13.25um:15.25um] 2um ------t>
        <event:00001221 0:91:0.715um> &<id:975355 Horizontal init Metal2 [33.64um 15um] [34.145um 15um] 0.29um rpD:0 bl:0 ---a-UC---T---AS------bt-- [33.535um:34.25um] [33.535um:34.25um] 0.715um --S--st>
        <event:00001222 4:91:0.715um> &<id:975355 Horizontal init Metal2 [33.64um 14um] [34.145um 14um] 0.29um rpD:0 bl:0 ---a-UC---T---AS------bt-- [33.535um:34.25um] [33.535um:34.25um] 0.715um --S--st>
        <event:00001223 0:608.462:5.52um> &<id:973430 Horizontal n(1) Metal2 [39.005um 15um] [44.105um 15um] 0.29um rpD:0 bl:0 -----UC---T-----------bb-- [38.795um:44.315um] [38.795um:44.315um] 5.52um ------->
        <event:00001224 4:608.462:5.52um> &<id:973430 Horizontal n(1) Metal2 [39.005um 14um] [44.105um 14um] 0.29um rpD:0 bl:0 -----UC---T-----------bb-- [38.795um:44.315um] [38.795um:44.315um] 5.52um ------->
        <event:00001225 0:278.923:2.46um> &<id:973452 Horizontal n(0) Metal2 [41.415um 14um] [43.455um 14um] 0.29um rpD:0 bl:0 -----UC---T-----------bb-- [41.205um:43.665um] [41.205um:43.665um] 2.46um ------->
        <event:00001226 0:525.888:3.62um> &<id:971529 Horizontal n(0) Metal2 [43.455um 14um] [46.655um 14um] 0.29um rpD:0 bl:0 -----UCG--T-----------b--- [43.245um:46.865um] [43.245um:46.865um] 3.62um ------->
        <event:00001227 0:4.23077:0.42um> &<id:973457 Vertical n(0) Metal2 [46.655um 15um] [46.655um 15um] 0.21um rpD:0 bl:0 -X---UC---TD---------Pb--- [14.5801um:15.42um] [46.445um:46.865um] 0.42um P------>
        <event:00001228 0:716.154:6.52um> &<id:971264 Horizontal n(1) Metal2 [32.905um 14um] [39.005um 14um] 0.29um rpD:0 bl:0 -----UCG--T-----------bb-- [32.695um:39.215um] [32.695um:39.215um] 6.52um ------->
        <event:00001229 5:91:0.715um> &<id:971264 Horizontal n(1) Metal2 [32.8um 14um] [33.305um 14um] 0.29um rpD:0 bl:0 ---a-UC---T----S------bt-- [32.695um:33.41um] [32.695um:33.41um] 0.715um --S---t>
        <event:00001230 3:146:0.715um> &<id:975363 Horizontal n(1) Metal2 [38.73um 14um] [39.235um 14um] 0.29um rpD:0 bl:0 ---a-UC---T---AS------tb-- [38.625um:39.34um] [38.625um:39.34um] 0.715um --S--s->
        <event:00001231 3:254.982:0.71um> &<id:975358 Vertical n(1) Metal3 [33um 13.75um] [33um 14.25um] 0.29um rpD:1 bl:0 ---a--C-----W-ASr-----bb-- [13.645um:14.355um] [13.645um:14.355um] 0.71um --S--st>
        <event:00001232 3:254.982:0.71um> &<id:975362 Vertical n(1) Metal3 [39um 13.75um] [39um 14.25um] 0.29um rpD:1 bl:0 ---a--C-----W-ASr-----bb-- [13.645um:14.355um] [13.645um:14.355um] 0.71um --S--st>
        <event:00001233 3:2012.54:7um> &<id:975359 Horizontal n(1) Metal2 [32.5um 14um] [39um 14um] 0.29um rpD:2 bl:0 ------CG-----w--------tt-- [32.25um:39.25um] [32.25um:39.25um] 7um -----st>
        <event:00001234 0:1502.93:8.72um> &<id:971265 Horizontal n(1) Metal2 [39.005um 15um] [47.305um 15um] 0.29um rpD:0 bl:0 -----UCG--T-----------b--- [38.795um:47.515um] [38.795um:47.515um] 8.72um ------->
        <event:00001235 0:4.23077:0.42um> &<id:973435 Vertical n(1) Metal2 [47.305um 14um] [47.305um 14um] 0.21um rpD:0 bl:0 -X---UC---TD---------P-b-- [13.5801um:14.42um] [47.095um:47.515um] 0.42um P------>
        <event:00001236 0:1002.08:9.675um> &<id:971714 Horizontal n(31) Metal2 [33um 19.5um] [42.215um 19.5um] 0.29um rpD:0 bl:0 -----UCG--T-----------tb-- [32.75um:42.425um] [32.75um:42.425um] 9.675um ------->
        <event:00001237 0:1609.46:9.185um> &<id:971869 Horizontal n(9) Metal2 [67um 38.5um] [75.725um 38.5um] 0.29um rpD:0 bl:0 -----UCG--T-----------tb-- [66.75um:75.935um] [66.75um:75.935um] 9.185um ------->
        <event:00001238 0:1314.72:9.245um> &<id:970923 Horizontal abc_1402_new_n95 Metal2 [58.215um 19.5um] [67um 19.5um] 0.29um rpD:0 bl:0 -----UCG--T-----------bt-- [58.005um:67.25um] [58.005um:67.25um] 9.245um ------->
        <event:00001239 4:1314.72:9.245um> &<id:970923 Horizontal abc_1402_new_n95 Metal2 [58.215um 21.5um] [67um 21.5um] 0.29um rpD:0 bl:0 -----UCG--T-----------bt-- [58.005um:67.25um] [58.005um:67.25um] 9.245um ------->
        <event:00001240 3:3074.96:10um> &<id:971878 Vertical abc_1402_auto_rtlil_cc_2739_MuxGate_1397 Metal3 [65um 21.5um] [65um 31um] 0.29um rpD:1 bl:0 ------CG----W---------bb-- [21.25um:31.25um] [21.25um:31.25um] 10um ------->
        <event:00001241 3:1253.66:4um> &<id:971086 Vertical abc_1402_new_n246 Metal3 [61.5um 21.5um] [61.5um 25um] 0.29um rpD:1 bl:0 -----UCG----W---------bb-- [21.25um:25.25um] [21.25um:25.25um] 4um ------->
        <event:00001242 0:152.911:0.755um> &<id:973316 Horizontal abc_1402_auto_rtlil_cc_2739_MuxGate_1397 Metal2 [64.73um 21.5um] [65.275um 21.5um] 0.29um rpD:0 bl:0 ---a-UC---T-----------tb-- [64.625um:65.38um] [64.625um:65.38um] 0.755um ------->
        <event:00001243 0:136.731:0.845um> &<id:974620 Horizontal abc_1402_new_n246 Metal2 [61.265um 21.5um] [61.9um 21.5um] 0.29um rpD:0 bl:0 ---a-UC---T-----------tb-- [61.16um:62.005um] [61.16um:62.005um] 0.845um ------->
        <event:00001244 0:1637.1:9.345um> &<id:970893 Horizontal clk_root_0 Metal2 [3um 30.5um] [11.885um 30.5um] 0.29um rpD:0 bl:0 -----UCG--T-----------tb-- [2.75um:12.095um] [2.75um:12.095um] 9.345um ------->
        <event:00001245 0:1583.54:9.36um> &<id:971121 Horizontal abc_1402_new_n179 Metal2 [46.505um 54.5um] [55.445um 54.5um] 0.29um rpD:0 bl:0 -----UCG--T------------b-- [46.295um:55.655um] [46.295um:55.655um] 9.36um ------->
        <event:00001246 4:1583.54:9.36um> &<id:971121 Horizontal abc_1402_new_n179 Metal2 [46.505um 56um] [55.445um 56um] 0.29um rpD:0 bl:0 -----UCG--T------------b-- [46.295um:55.655um] [46.295um:55.655um] 9.36um ------->
        <event:00001247 3:2329.96:9.915um> &<id:972080 Horizontal abc_1402_new_n181 Metal2 [42.5um 56um] [51.955um 56um] 0.29um rpD:1 bl:0 ------CG----W---------t--- [42.25um:52.165um] [42.25um:52.165um] 9.915um ------->
        <event:00001248 0:4.23077:0.42um> &<id:974687 Vertical abc_1402_new_n179 Metal2 [46.505um 55.5um] [46.505um 56um] 0.21um rpD:0 bl:0 -X---UC---TD---------Pb--- [55.0801um:56.42um] [46.295um:46.715um] 0.42um P------>
        <event:00001249 4:4.23077:0.42um> &<id:974687 Vertical abc_1402_new_n179 Metal2 [46.505um 55.5um] [46.505um 56um] 0.21um rpD:0 bl:0 -X---UC---TD---------Pb--- [55.0801um:56.42um] [46.295um:46.715um] 0.42um P------>
        <event:00001250 3:1405.44:4.5um> &<id:971101 Vertical abc_1402_new_n206 Metal3 [46um 55.5um] [46um 59.5um] 0.29um rpD:1 bl:0 -----UCG----W---------bb-- [55.25um:59.75um] [55.25um:59.75um] 4.5um ------->
        <event:00001251 0:4.23077:0.42um> &<id:973884 Vertical abc_1402_new_n181 Metal2 [51.955um 56um] [51.955um 56.5um] 0.21um rpD:0 bl:0 -X---UC---TD---------Pb--- [55.5801um:56.92um] [51.745um:52.165um] 0.42um P------>
        <event:00001252 4:4.23077:0.42um> &<id:973884 Vertical abc_1402_new_n181 Metal2 [51.955um 56um] [51.955um 56.5um] 0.21um rpD:0 bl:0 -X---UC---TD---------Pb--- [55.5801um:56.92um] [51.745um:52.165um] 0.42um P------>
        <event:00001253 0:91:0.715um> &<id:974467 Horizontal abc_1402_new_n206 Metal2 [45.75um 55.5um] [46.255um 55.5um] 0.29um rpD:0 bl:0 ---a-UC---T-----------bt-- [45.645um:46.36um] [45.645um:46.36um] 0.715um ------->
        <event:00001254 0:1583.54:9.36um> &<id:971121 Horizontal abc_1402_new_n179 Metal2 [46.505um 56um] [55.445um 56um] 0.29um rpD:0 bl:0 -----UCG--T------------b-- [46.295um:55.655um] [46.295um:55.655um] 9.36um ------->
        <event:00001255 4:1583.54:9.36um> &<id:971121 Horizontal abc_1402_new_n179 Metal2 [46.505um 56um] [55.445um 56um] 0.29um rpD:0 bl:0 -----UCG--T------------b-- [46.295um:55.655um] [46.295um:55.655um] 9.36um ------->
        <event:00001256 3:2329.96:9.915um> &<id:972080 Horizontal abc_1402_new_n181 Metal2 [42.5um 56.5um] [51.955um 56.5um] 0.29um rpD:1 bl:0 ------CG----W---------t--- [42.25um:52.165um] [42.25um:52.165um] 9.915um ------->
        <event:00001257 0:4.23077:0.42um> &<id:973884 Vertical abc_1402_new_n181 Metal2 [51.955um 56um] [51.955um 56.5um] 0.21um rpD:0 bl:0 -X---UC---TD---------Pb--- [55.5801um:56.92um] [51.745um:52.165um] 0.42um P------>
        <event:00001258 4:4.23077:0.42um> &<id:973884 Vertical abc_1402_new_n181 Metal2 [51.955um 56um] [51.955um 56.5um] 0.21um rpD:0 bl:0 -X---UC---TD---------Pb--- [55.5801um:56.92um] [51.745um:52.165um] 0.42um P------>
        <event:00001259 0:1583.54:9.36um> &<id:971121 Horizontal abc_1402_new_n179 Metal2 [46.505um 56um] [55.445um 56um] 0.29um rpD:0 bl:0 -----UCG--T------------b-- [46.295um:55.655um] [46.295um:55.655um] 9.36um ------->
        <event:00001260 4:1583.54:9.36um> &<id:971121 Horizontal abc_1402_new_n179 Metal2 [46.505um 53.5um] [55.445um 53.5um] 0.29um rpD:0 bl:0 -----UCG--T------------b-- [46.295um:55.655um] [46.295um:55.655um] 9.36um ------->
        <event:00001261 3:1557.21:5um> &<id:971914 Vertical abc_1402_new_n207 Metal3 [48um 49um] [48um 53.5um] 0.29um rpD:1 bl:0 ------CG----W---------bb-- [48.75um:53.75um] [48.75um:53.75um] 5um ------->
        <event:00001262 0:4.23077:0.42um> &<id:974687 Vertical abc_1402_new_n179 Metal2 [46.505um 53.5um] [46.505um 54um] 0.21um rpD:0 bl:0 -X---UC---TD---------P-b-- [53.0801um:54.42um] [46.295um:46.715um] 0.42um P------>
        <event:00001263 0:147.728:0.725um> &<id:974482 Horizontal abc_1402_new_n207 Metal2 [47.7um 53.5um] [48.215um 53.5um] 0.29um rpD:0 bl:0 ---a-UC---T-----------bt-- [47.595um:48.32um] [47.595um:48.32um] 0.725um ------->
        <event:00001264 0:1027.92:9.415um> &<id:971836 Horizontal abc_1402_new_n170 Metal2 [54.5um 49.5um] [63.455um 49.5um] 0.29um rpD:0 bl:0 -----UCG--T-----------tb-- [54.25um:63.665um] [54.25um:63.665um] 9.415um ------->
        <event:00001265 0:1699.3:9.705um> &<id:971232 Horizontal n(27) Metal2 [20.255um 30.5um] [29.5um 30.5um] 0.29um rpD:0 bl:0 -----UCG--T-----------bt-- [20.045um:29.75um] [20.045um:29.75um] 9.705um ------->
        <event:00001266 0:1718.7:10.17um> &<id:971885 Horizontal n(25) Metal2 [37.705um 31.5um] [47.455um 31.5um] 0.29um rpD:0 bl:0 ------CG--T------------b-- [37.495um:47.665um] [37.495um:47.665um] 10.17um ------->
        <event:00001267 0:4.23077:0.42um> &<id:974886 Vertical n(25) Metal2 [37.705um 32um] [37.705um 32um] 0.21um rpD:0 bl:0 -X---UC---TD---------Pb--- [31.5801um:32.42um] [37.495um:37.915um] 0.42um P------>
        <event:00001268 0:1471.78:10.365um> &<id:970755 Horizontal n(6) Metal2 [47um 44um] [56.905um 44um] 0.29um rpD:0 bl:0 -----UCG--T-----------tb-- [46.75um:57.115um] [46.75um:57.115um] 10.365um ------->
        <event:00001269 0:1142.08:10.475um> &<id:972030 Horizontal n(14) Metal2 [37um 55.5um] [47.015um 55.5um] 0.29um rpD:0 bl:0 ------CG--T-----------tb-- [36.75um:47.225um] [36.75um:47.225um] 10.475um ------->
        <event:00001270 4:1142.08:10.475um> &<id:972030 Horizontal n(14) Metal2 [37um 55.5um] [47.015um 55.5um] 0.29um rpD:0 bl:0 ------CG--T-----------tb-- [36.75um:47.225um] [36.75um:47.225um] 10.475um ------->
        <event:00001271 1:800.751:5.58um> &<id:972188 Horizontal n(20) Metal2 [35.5um 55.5um] [40.615um 55.5um] 0.29um rpD:1 bl:0 -----UCG----W---------t--- [35.25um:40.825um] [35.245um:40.825um] 5.58um ------->
        <event:00001272 4:800.751:5.58um> &<id:972188 Horizontal n(20) Metal2 [35.5um 53.5um] [40.615um 53.5um] 0.29um rpD:1 bl:0 -----UCG----W---------t--- [35.25um:40.825um] [35.245um:40.825um] 5.58um ------->
        <event:00001273 3:1253.66:4um> &<id:971462 Vertical abc_1402_new_n203 Metal3 [35um 50um] [35um 53.5um] 0.29um rpD:1 bl:0 -----UCG----W---------bb-- [49.75um:53.75um] [49.75um:53.75um] 4um ------->
        <event:00001274 1:648.722:3.69um> &<id:971182 Horizontal n(21) Metal2 [38um 55.5um] [41.125um 55.5um] 0.29um rpD:1 bl:0 -----UCG----W---------t--- [37.75um:41.335um] [37.645um:41.335um] 3.69um ------->
        <event:00001275 0:4.23077:0.42um> &<id:975083 Vertical n(20) Metal2 [40.615um 53.5um] [40.615um 53.5um] 0.21um rpD:0 bl:0 -X---UC---TD---------P-b-- [53.0801um:53.92um] [40.405um:40.825um] 0.42um P------>
        <event:00001276 0:4.23077:0.42um> &<id:975051 Vertical n(21) Metal2 [41.125um 55.5um] [41.125um 56um] 0.21um rpD:0 bl:0 -X---UC---TD---------Pb--- [55.0801um:56.42um] [40.915um:41.335um] 0.42um P------>
        <event:00001277 4:4.23077:0.42um> &<id:975051 Vertical n(21) Metal2 [41.125um 55.5um] [41.125um 56um] 0.21um rpD:0 bl:0 -X---UC---TD---------Pb--- [55.0801um:56.42um] [40.915um:41.335um] 0.42um P------>
        <event:00001278 0:263.491:1.395um> &<id:974447 Horizontal abc_1402_new_n203 Metal2 [34.065um 53.5um] [35um 53.5um] 0.29um rpD:0 bl:0 -----UC---T-----------bt-- [33.855um:35.25um] [33.855um:35.25um] 1.395um ------->
        <event:00001279 0:1142.08:10.475um> &<id:972030 Horizontal n(14) Metal2 [37um 55.5um] [47.015um 55.5um] 0.29um rpD:0 bl:0 ------CG--T-----------tb-- [36.75um:47.225um] [36.75um:47.225um] 10.475um ------->
        <event:00001280 4:1142.08:10.475um> &<id:972030 Horizontal n(14) Metal2 [37um 55.5um] [47.015um 55.5um] 0.29um rpD:0 bl:0 ------CG--T-----------tb-- [36.75um:47.225um] [36.75um:47.225um] 10.475um ------->
        <event:00001281 1:648.722:3.69um> &<id:971182 Horizontal n(21) Metal2 [38um 56um] [41.125um 56um] 0.29um rpD:1 bl:0 -----UCG----W---------t--- [37.75um:41.335um] [37.645um:41.335um] 3.69um ------->
        <event:00001282 0:4.23077:0.42um> &<id:975051 Vertical n(21) Metal2 [41.125um 55.5um] [41.125um 56um] 0.21um rpD:0 bl:0 -X---UC---TD---------Pb--- [55.0801um:56.42um] [40.915um:41.335um] 0.42um P------>
        <event:00001283 4:4.23077:0.42um> &<id:975051 Vertical n(21) Metal2 [41.125um 55.5um] [41.125um 56um] 0.21um rpD:0 bl:0 -X---UC---TD---------Pb--- [55.0801um:56.42um] [40.915um:41.335um] 0.42um P------>
        <event:00001284 0:1142.08:10.475um> &<id:972030 Horizontal n(14) Metal2 [37um 55.5um] [47.015um 55.5um] 0.29um rpD:0 bl:0 ------CG--T-----------tb-- [36.75um:47.225um] [36.75um:47.225um] 10.475um ------->
        <event:00001285 5:3226.74:10.5um> &<id:972030 Horizontal n(14) Metal2 [37um 55.5um] [47um 55.5um] 0.29um rpD:2 bl:0 ------CG-----w-S------tt-- [36.75um:47.25um] [36.75um:47.25um] 10.5um --S---t>
        <event:00001286 3:91:0.715um> &<id:975367 Horizontal n(14) Metal2 [46.735um 55.5um] [47.24um 55.5um] 0.29um rpD:0 bl:0 ---a-UC---T---AS------tb-- [46.63um:47.345um] [46.63um:47.345um] 0.715um --S--s->
        <event:00001287 3:646.562:3um> &<id:975366 Vertical n(14) Metal3 [47um 54.5um] [47um 57um] 0.29um rpD:1 bl:0 ------C-----W-AS------bb-- [54.25um:57.25um] [54.25um:57.25um] 3um --S--st>
        <event:00001288 0:1878.99:10.745um> &<id:970813 Horizontal clk_root_2 Metal2 [24um 65um] [34.285um 65um] 0.29um rpD:0 bl:0 ------CG--T-----------tb-- [23.75um:34.495um] [23.75um:34.495um] 10.745um ------->
        <event:00001289 0:1533.49:10.805um> &<id:971934 Horizontal n(8) Metal2 [66.655um 48.5um] [77um 48.5um] 0.29um rpD:0 bl:0 ------CG--T-----------bt-- [66.445um:77.25um] [66.445um:77.25um] 10.805um ------->
        <event:00001290 4:1533.49:10.805um> &<id:971934 Horizontal n(8) Metal2 [66.655um 50um] [77um 50um] 0.29um rpD:0 bl:0 ------CG--T-----------bt-- [66.445um:77.25um] [66.445um:77.25um] 10.805um ------->
        <event:00001291 3:4.23077:0.42um> &<id:973493 Vertical n(9) Metal2 [67.305um 49.5um] [67.305um 50um] 0.21um rpD:0 bl:0 -X---UC---TD---------Pb--- [49.08um:50.42um] [67.095um:67.515um] 0.42um P------>
        <event:00001292 4:4.23077:0.42um> &<id:973493 Vertical n(9) Metal2 [67.305um 49.5um] [67.305um 50um] 0.21um rpD:0 bl:0 -X---UC---TD---------Pb--- [49.08um:50.42um] [67.095um:67.515um] 0.42um P------>
        <event:00001293 3:4.23077:0.42um> &<id:973496 Vertical n(9) Metal2 [70.215um 49.5um] [70.215um 50um] 0.21um rpD:0 bl:0 -X---UC---TD---------Pb--- [49.08um:50.42um] [70.005um:70.425um] 0.42um P------>
        <event:00001294 1:1142.37:4.795um> &<id:971846 Horizontal abc_1402_new_n173 Metal2 [75.665um 50um] [80um 50um] 0.29um rpD:1 bl:0 ------CG----W----------t-- [75.455um:80.25um] [75.455um:80.25um] 4.795um ------->
        <event:00001295 0:4.23077:0.42um> &<id:973904 Vertical abc_1402_new_n173 Metal2 [75.665um 50um] [75.665um 50.5um] 0.21um rpD:0 bl:0 -X---UC---TD---------Pb--- [49.58um:50.92um] [75.455um:75.875um] 0.42um P------>
        <event:00001296 0:1533.49:10.805um> &<id:971934 Horizontal n(8) Metal2 [66.655um 50um] [77um 50um] 0.29um rpD:0 bl:0 ------CG--T-----------bt-- [66.445um:77.25um] [66.445um:77.25um] 10.805um ------->
        <event:00001297 4:1533.49:10.805um> &<id:971934 Horizontal n(8) Metal2 [66.655um 50um] [77um 50um] 0.29um rpD:0 bl:0 ------CG--T-----------bt-- [66.445um:77.25um] [66.445um:77.25um] 10.805um ------->
        <event:00001298 1:1142.37:4.795um> &<id:971846 Horizontal abc_1402_new_n173 Metal2 [75.665um 50.5um] [80um 50.5um] 0.29um rpD:1 bl:0 ------CG----W----------t-- [75.455um:80.25um] [75.455um:80.25um] 4.795um ------->
        <event:00001299 1:577.349:3.33um> &<id:973497 Horizontal n(9) Metal2 [67.305um 50um] [70.215um 50um] 0.29um rpD:1 bl:0 -----UC-----W------------- [67.095um:70.425um] [67.095um:70.425um] 3.33um ------->
        <event:00001300 4:577.349:3.33um> &<id:973497 Horizontal n(9) Metal2 [67.305um 49.5um] [70.215um 49.5um] 0.29um rpD:1 bl:0 -----UC-----W------------- [67.095um:70.425um] [67.095um:70.425um] 3.33um ------->
        <event:00001301 3:1708.99:5.5um> &<id:970996 Vertical n(7) Metal3 [68.5um 44.5um] [68.5um 46.5um] 0.29um rpD:1 bl:0 ------CG----W---------bb-- [44.25um:46.75um] [44.25um:49.75um] 5.5um ------->
        <event:00001302 0:4.23077:0.42um> &<id:973493 Vertical n(9) Metal2 [67.305um 49.5um] [67.305um 49.5um] 0.21um rpD:0 bl:0 -X---UC---TD---------Pb--- [49.08um:49.92um] [67.095um:67.515um] 0.42um P------>
        <event:00001303 0:4.23077:0.42um> &<id:973496 Vertical n(9) Metal2 [70.215um 49.5um] [70.215um 49.5um] 0.21um rpD:0 bl:0 -X---UC---TD---------Pb--- [49.08um:49.92um] [70.005um:70.425um] 0.42um P------>
        <event:00001304 0:4.23077:0.42um> &<id:973904 Vertical abc_1402_new_n173 Metal2 [75.665um 50um] [75.665um 50.5um] 0.21um rpD:0 bl:0 -X---UC---TD---------Pb--- [49.58um:50.92um] [75.455um:75.875um] 0.42um P------>
        <event:00001305 4:4.23077:0.42um> &<id:973904 Vertical abc_1402_new_n173 Metal2 [75.665um 50um] [75.665um 50.5um] 0.21um rpD:0 bl:0 -X---UC---TD---------Pb--- [49.58um:50.92um] [75.455um:75.875um] 0.42um P------>
        <event:00001306 0:160.571:1.015um> &<id:973607 Horizontal n(7) Metal2 [68.5um 49.5um] [69.055um 49.5um] 0.29um rpD:0 bl:0 -----UC---T-----------tb-- [68.25um:69.265um] [68.25um:69.265um] 1.015um ------->
        <event:00001307 0:1533.49:10.805um> &<id:971934 Horizontal n(8) Metal2 [66.655um 50um] [77um 50um] 0.29um rpD:0 bl:0 ------CG--T-----------bt-- [66.445um:77.25um] [66.445um:77.25um] 10.805um ------->
        <event:00001308 5:118.5:0.715um> &<id:971934 Horizontal n(8) Metal2 [66.355um 50um] [66.86um 50um] 0.29um rpD:0 bl:0 ---a-UC---T----S------tb-- [66.25um:66.965um] [66.25um:66.965um] 0.715um --S---t>
        <event:00001309 3:254.982:0.71um> &<id:975370 Vertical n(8) Metal3 [66.5um 49.75um] [66.5um 50.25um] 0.29um rpD:1 bl:0 ---a--C-----W-ASr-----bb-- [49.645um:50.355um] [49.645um:50.355um] 0.71um --S--st>
        <event:00001310 3:3378.51:11um> &<id:975371 Horizontal n(8) Metal2 [66.5um 50um] [77um 50um] 0.29um rpD:2 bl:0 ------CG-----wA-------tt-- [66.25um:77.25um] [66.25um:77.25um] 11um -----s->
        <event:00001311 0:1535.59:10.82um> &<id:971749 Horizontal abc_1402_new_n94 Metal2 [33.705um 2.5um] [44.105um 2.5um] 0.29um rpD:0 bl:0 -----UCG--T-----------bb-- [33.495um:44.315um] [33.495um:44.315um] 10.82um ------->
        <event:00001312 0:1535.59:10.82um> &<id:970919 Horizontal abc_1402_new_n95 Metal2 [53.415um 9um] [63.815um 9um] 0.29um rpD:0 bl:0 -----UCG--T-----------bb-- [53.205um:64.025um] [53.205um:64.025um] 10.82um ------->
        <event:00001313 4:1535.59:10.82um> &<id:970919 Horizontal abc_1402_new_n95 Metal2 [53.415um 9.5um] [63.815um 9.5um] 0.29um rpD:0 bl:0 -----UCG--T-----------bb-- [53.205um:64.025um] [53.205um:64.025um] 10.82um ------->
        <event:00001314 3:1860.76:6um> &<id:971282 Vertical mem_inputs(6) Metal3 [55um 4um] [55um 7um] 0.29um rpD:1 bl:0 ------CG----W---------bb-- [3.75um:7.25um] [3.75um:9.75um] 6um ------->
        <event:00001315 0:376.535:0.715um> &<id:973799 Horizontal mem_inputs(6) Metal2 [52.8um 9.5um] [53.305um 9.5um] 0.29um rpD:0 bl:0 ---a-UC---T-----------bt-- [52.695um:53.41um] [52.695um:53.41um] 0.715um ------->
        <event:00001316 0:1547.51:10.905um> &<id:972262 Horizontal n(24) Metal2 [37.055um 32.5um] [47.5um 32.5um] 0.29um rpD:0 bl:0 ------CG--T-----------bt-- [36.845um:47.75um] [36.845um:47.75um] 10.905um ------->
        <event:00001317 0:1290.69:11.855um> &<id:971625 Horizontal n(18) Metal2 [20.105um 49.5um] [31.5um 49.5um] 0.29um rpD:0 bl:0 -----UCG--T-----------bt-- [19.895um:31.75um] [19.895um:31.75um] 11.855um ------->
        <event:00001318 4:1290.69:11.855um> &<id:971625 Horizontal n(18) Metal2 [20.105um 49.5um] [31.5um 49.5um] 0.29um rpD:0 bl:0 -----UCG--T-----------bt-- [19.895um:31.75um] [19.895um:31.75um] 11.855um ------->
        <event:00001319 3:2467.86:8um> &<id:971597 Vertical n(17) Metal3 [26um 49.5um] [26um 54.5um] 0.29um rpD:1 bl:0 ------CG----W---------bb-- [49.25um:54.75um] [49.25um:57.25um] 8um ------->
        <event:00001320 1:2049.92:12.155um> &<id:972461 Horizontal abc_1402_new_n195 Metal2 [23.305um 49.5um] [35um 49.5um] 0.29um rpD:1 bl:0 ------CG----W----------t-- [23.095um:35.25um] [23.095um:35.25um] 12.155um ------->
        <event:00001321 4:2049.92:12.155um> &<id:972461 Horizontal abc_1402_new_n195 Metal2 [23.305um 48um] [35um 48um] 0.29um rpD:1 bl:0 ------CG----W----------t-- [23.095um:35.25um] [23.095um:35.25um] 12.155um ------->
        <event:00001322 3:1860.76:6um> &<id:972003 Vertical n(23) Metal3 [35um 43um] [35um 48um] 0.29um rpD:1 bl:0 -----UCG----W---------bb-- [42.75um:48.25um] [42.25um:48.25um] 6um ------->
        <event:00001323 0:4.23077:0.42um> &<id:973821 Vertical abc_1402_new_n195 Metal2 [23.305um 48um] [23.305um 48.5um] 0.21um rpD:0 bl:0 -X---UC---TD---------P-b-- [47.58um:48.92um] [23.095um:23.515um] 0.42um P------>
        <event:00001324 0:146:0.715um> &<id:975013 Horizontal n(23) Metal2 [34.82um 48um] [35.325um 48um] 0.29um rpD:0 bl:0 ---a-UC---T-----------bt-- [34.715um:35.43um] [34.715um:35.43um] 0.715um ------->
        <event:00001325 0:103.923:0.835um> &<id:975159 Horizontal n(17) Metal2 [25.775um 49.5um] [26.4um 49.5um] 0.29um rpD:0 bl:0 ---a-UC---T-----------tb-- [25.67um:26.505um] [25.67um:26.505um] 0.835um ------->
        <event:00001326 4:103.923:0.835um> &<id:975159 Horizontal n(17) Metal2 [25.775um 49um] [26.4um 49um] 0.29um rpD:0 bl:0 ---a-UC---T-----------tb-- [25.67um:26.505um] [25.67um:26.505um] 0.835um ------->
        <event:00001327 3:3682.07:12um> &<id:971417 Vertical n(16) Metal3 [26.5um 49um] [26.5um 60.5um] 0.29um rpD:1 bl:0 ------CG----W---------bb-- [48.75um:60.75um] [48.75um:60.75um] 12um ------->
        <event:00001328 0:106.077:0.905um> &<id:975113 Horizontal n(16) Metal2 [26.495um 49um] [27.19um 49um] 0.29um rpD:0 bl:0 ---a-UC---T-----------bt-- [26.39um:27.295um] [26.39um:27.295um] 0.905um ------->
        <event:00001329 4:111.462:0.905um> &<id:975113 Horizontal n(16) Metal2 [26.495um 49um] [27.19um 49um] 0.29um rpD:0 bl:0 ---a-UC---T-----------bt-- [26.39um:27.295um] [26.39um:27.295um] 0.905um ------->
        <event:00001330 3:2619.64:8.5um> &<id:971597 Vertical n(17) Metal3 [26um 49um] [26um 54.5um] 0.29um rpD:1 bl:0 ------CG----W---------bb-- [48.75um:54.75um] [48.75um:57.25um] 8.5um ------->
        <event:00001331 0:103.923:0.835um> &<id:975159 Horizontal n(17) Metal2 [25.775um 49um] [26.4um 49um] 0.29um rpD:0 bl:0 ---a-UC---T-----------tb-- [25.67um:26.505um] [25.67um:26.505um] 0.835um ------->
        <event:00001332 4:103.923:0.835um> &<id:975159 Horizontal n(17) Metal2 [25.775um 49um] [26.4um 49um] 0.29um rpD:0 bl:0 ---a-UC---T-----------tb-- [25.67um:26.505um] [25.67um:26.505um] 0.835um ------->
        <event:00001333 3:3682.07:12um> &<id:971417 Vertical n(16) Metal3 [27um 49um] [27um 60.5um] 0.29um rpD:1 bl:0 ------CG----W---------bb-- [48.75um:60.75um] [48.75um:60.75um] 12um ------->
        <event:00001334 0:111.462:0.905um> &<id:975113 Horizontal n(16) Metal2 [26.495um 49um] [27.19um 49um] 0.29um rpD:0 bl:0 ---a-UC---T-----------bt-- [26.39um:27.295um] [26.39um:27.295um] 0.905um ------->
        <event:00001335 4:111.462:0.905um> &<id:975113 Horizontal n(16) Metal2 [26.495um 48.5um] [27.19um 48.5um] 0.29um rpD:0 bl:0 ---a-UC---T-----------bt-- [26.39um:27.295um] [26.39um:27.295um] 0.905um ------->
        <event:00001336 3:1253.66:4um> &<id:972027 Vertical n(14) Metal3 [29um 48.5um] [29um 52um] 0.29um rpD:1 bl:0 ------CG----W---------bb-- [48.25um:52.25um] [48.25um:52.25um] 4um ------->
        <event:00001337 0:418.385:1.255um> &<id:975201 Horizontal n(14) Metal2 [25.705um 48.5um] [26.5um 48.5um] 0.29um rpD:0 bl:0 -----UC---T-----------bt-- [25.495um:26.75um] [25.495um:26.75um] 1.255um ------->
        <event:00001338 4:149.154:1.255um> &<id:975201 Horizontal n(14) Metal2 [25.705um 48.5um] [26.5um 48.5um] 0.29um rpD:0 bl:0 -----UC---T-----------bt-- [25.495um:26.75um] [25.495um:26.75um] 1.255um ------->
        <event:00001339 3:3833.84:12.5um> &<id:971417 Vertical n(16) Metal3 [27um 48.5um] [27um 60.5um] 0.29um rpD:1 bl:0 ------CG----W---------bb-- [48.25um:60.75um] [48.25um:60.75um] 12.5um ------->
        <event:00001340 0:111.462:0.905um> &<id:975113 Horizontal n(16) Metal2 [26.495um 48.5um] [27.19um 48.5um] 0.29um rpD:0 bl:0 ---a-UC---T-----------bt-- [26.39um:27.295um] [26.39um:27.295um] 0.905um ------->
        <event:00001341 4:111.462:0.905um> &<id:975113 Horizontal n(16) Metal2 [26.495um 49.5um] [27.19um 49.5um] 0.29um rpD:0 bl:0 ---a-UC---T-----------bt-- [26.39um:27.295um] [26.39um:27.295um] 0.905um ------->
        <event:00001342 3:1708.99:5.5um> &<id:971624 Vertical n(18) Metal3 [31.5um 49.5um] [31.5um 54.5um] 0.29um rpD:1 bl:0 ------CG----W---------bb-- [49.25um:54.75um] [49.25um:54.75um] 5.5um ------->
        <event:00001343 0:1290.69:8.855um> &<id:971625 Horizontal n(18) Metal2 [20.105um 49.5um] [28.5um 49.5um] 0.29um rpD:0 bl:0 -----UCG--T-----------bt-- [19.895um:28.75um] [19.895um:28.75um] 8.855um ------->
        <event:00001344 4:967.615:8.855um> &<id:971625 Horizontal n(18) Metal2 [20.105um 48.5um] [28.5um 48.5um] 0.29um rpD:0 bl:0 -----UCG--T-----------bt-- [19.895um:28.75um] [19.895um:28.75um] 8.855um ------->
        <event:00001345 3:1253.66:4um> &<id:972027 Vertical n(14) Metal3 [26.5um 48.5um] [26.5um 52um] 0.29um rpD:1 bl:0 ------CG----W---------bb-- [48.25um:52.25um] [48.25um:52.25um] 4um ------->
        <event:00001346 1:2049.92:12.155um> &<id:972461 Horizontal abc_1402_new_n195 Metal2 [23.305um 48um] [35um 48um] 0.29um rpD:1 bl:0 ------CG----W----------t-- [23.095um:35.25um] [23.095um:35.25um] 12.155um ------->
        <event:00001347 0:4.23077:0.42um> &<id:973821 Vertical abc_1402_new_n195 Metal2 [23.305um 48um] [23.305um 48.5um] 0.21um rpD:0 bl:0 -X---UC---TD---------P-b-- [47.58um:48.92um] [23.095um:23.515um] 0.42um P------>
        <event:00001348 4:4.23077:0.42um> &<id:973821 Vertical abc_1402_new_n195 Metal2 [23.305um 48um] [23.305um 48.5um] 0.21um rpD:0 bl:0 -X---UC---TD---------P-b-- [47.58um:48.92um] [23.095um:23.515um] 0.42um P------>
        <event:00001349 0:149.154:1.255um> &<id:975201 Horizontal n(14) Metal2 [25.705um 48.5um] [26.5um 48.5um] 0.29um rpD:0 bl:0 -----UC---T-----------bt-- [25.495um:26.75um] [25.495um:26.75um] 1.255um ------->
        <event:00001350 0:967.615:8.855um> &<id:971625 Horizontal n(18) Metal2 [20.105um 48.5um] [28.5um 48.5um] 0.29um rpD:0 bl:0 -----UCG--T-----------bt-- [19.895um:28.75um] [19.895um:28.75um] 8.855um ------->
        <event:00001351 4:967.615:8.855um> &<id:971625 Horizontal n(18) Metal2 [20.105um 49.5um] [28.5um 49.5um] 0.29um rpD:0 bl:0 -----UCG--T-----------bt-- [19.895um:28.75um] [19.895um:28.75um] 8.855um ------->
        <event:00001352 3:3530.29:11.5um> &<id:971417 Vertical n(16) Metal3 [27um 49.5um] [27um 60.5um] 0.29um rpD:1 bl:0 ------CG----W---------bb-- [49.25um:60.75um] [49.25um:60.75um] 11.5um ------->
        <event:00001353 0:111.462:0.905um> &<id:975113 Horizontal n(16) Metal2 [26.495um 49.5um] [27.19um 49.5um] 0.29um rpD:0 bl:0 ---a-UC---T-----------bt-- [26.39um:27.295um] [26.39um:27.295um] 0.905um ------->
        <event:00001354 4:111.462:0.905um> &<id:975113 Horizontal n(16) Metal2 [26.495um 49.5um] [27.19um 49.5um] 0.29um rpD:0 bl:0 ---a-UC---T-----------bt-- [26.39um:27.295um] [26.39um:27.295um] 0.905um ------->
        <event:00001355 3:1708.99:5.5um> &<id:971624 Vertical n(18) Metal3 [28.5um 49.5um] [28.5um 54.5um] 0.29um rpD:1 bl:0 ------CG----W---------bb-- [49.25um:54.75um] [49.25um:54.75um] 5.5um ------->
        <event:00001356 0:967.615:8.355um> &<id:971625 Horizontal n(18) Metal2 [20.105um 49.5um] [28um 49.5um] 0.29um rpD:0 bl:0 -----UCG--T-----------bt-- [19.895um:28.25um] [19.895um:28.25um] 8.355um ------->
        <event:00001357 4:913.769:8.355um> &<id:971625 Horizontal n(18) Metal2 [20.105um 48.5um] [28um 48.5um] 0.29um rpD:0 bl:0 -----UCG--T-----------bt-- [19.895um:28.25um] [19.895um:28.25um] 8.355um ------->
        <event:00001358 3:1253.66:4um> &<id:972027 Vertical n(14) Metal3 [26.5um 48.5um] [26.5um 52um] 0.29um rpD:1 bl:0 ------CG----W---------bb-- [48.25um:52.25um] [48.25um:52.25um] 4um ------->
        <event:00001359 1:2049.92:12.155um> &<id:972461 Horizontal abc_1402_new_n195 Metal2 [23.305um 48um] [35um 48um] 0.29um rpD:1 bl:0 ------CG----W----------t-- [23.095um:35.25um] [23.095um:35.25um] 12.155um ------->
        <event:00001360 0:4.23077:0.42um> &<id:973821 Vertical abc_1402_new_n195 Metal2 [23.305um 48um] [23.305um 48.5um] 0.21um rpD:0 bl:0 -X---UC---TD---------P-b-- [47.58um:48.92um] [23.095um:23.515um] 0.42um P------>
        <event:00001361 4:4.23077:0.42um> &<id:973821 Vertical abc_1402_new_n195 Metal2 [23.305um 48um] [23.305um 48.5um] 0.21um rpD:0 bl:0 -X---UC---TD---------P-b-- [47.58um:48.92um] [23.095um:23.515um] 0.42um P------>
        <event:00001362 0:149.154:1.255um> &<id:975201 Horizontal n(14) Metal2 [25.705um 48.5um] [26.5um 48.5um] 0.29um rpD:0 bl:0 -----UC---T-----------bt-- [25.495um:26.75um] [25.495um:26.75um] 1.255um ------->
        <event:00001363 0:913.769:8.355um> &<id:971625 Horizontal n(18) Metal2 [20.105um 48.5um] [28um 48.5um] 0.29um rpD:0 bl:0 -----UCG--T-----------bt-- [19.895um:28.25um] [19.895um:28.25um] 8.355um ------->
        <event:00001364 4:913.769:8.355um> &<id:971625 Horizontal n(18) Metal2 [20.105um 49.5um] [28um 49.5um] 0.29um rpD:0 bl:0 -----UCG--T-----------bt-- [19.895um:28.25um] [19.895um:28.25um] 8.355um ------->
        <event:00001365 3:3530.29:11.5um> &<id:971417 Vertical n(16) Metal3 [27um 49.5um] [27um 60.5um] 0.29um rpD:1 bl:0 ------CG----W---------bb-- [49.25um:60.75um] [49.25um:60.75um] 11.5um ------->
        <event:00001366 0:111.462:0.905um> &<id:975113 Horizontal n(16) Metal2 [26.495um 49.5um] [27.19um 49.5um] 0.29um rpD:0 bl:0 ---a-UC---T-----------bt-- [26.39um:27.295um] [26.39um:27.295um] 0.905um ------->
        <event:00001367 4:111.462:0.905um> &<id:975113 Horizontal n(16) Metal2 [26.495um 49um] [27.19um 49um] 0.29um rpD:0 bl:0 ---a-UC---T-----------bt-- [26.39um:27.295um] [26.39um:27.295um] 0.905um ------->
        <event:00001368 3:2619.64:8.5um> &<id:971597 Vertical n(17) Metal3 [26um 49um] [26um 54.5um] 0.29um rpD:1 bl:0 ------CG----W---------bb-- [48.75um:54.75um] [48.75um:57.25um] 8.5um ------->
        <event:00001369 0:103.923:0.835um> &<id:975159 Horizontal n(17) Metal2 [25.775um 49um] [26.4um 49um] 0.29um rpD:0 bl:0 ---a-UC---T-----------tb-- [25.67um:26.505um] [25.67um:26.505um] 0.835um ------->
        <event:00001370 4:103.923:0.835um> &<id:975159 Horizontal n(17) Metal2 [25.775um 48.5um] [26.4um 48.5um] 0.29um rpD:0 bl:0 ---a-UC---T-----------tb-- [25.67um:26.505um] [25.67um:26.505um] 0.835um ------->
        <event:00001371 3:1253.66:4um> &<id:972027 Vertical n(14) Metal3 [26.5um 48.5um] [26.5um 52um] 0.29um rpD:1 bl:0 ------CG----W---------bb-- [48.25um:52.25um] [48.25um:52.25um] 4um ------->
        <event:00001372 0:149.154:1.255um> &<id:975201 Horizontal n(14) Metal2 [25.705um 48.5um] [26.5um 48.5um] 0.29um rpD:0 bl:0 -----UC---T-----------bt-- [25.495um:26.75um] [25.495um:26.75um] 1.255um ------->
        <event:00001373 4:149.154:1.255um> &<id:975201 Horizontal n(14) Metal2 [25.705um 49.5um] [26.5um 49.5um] 0.29um rpD:0 bl:0 -----UC---T-----------bt-- [25.495um:26.75um] [25.495um:26.75um] 1.255um ------->
        <event:00001374 3:1708.99:5.5um> &<id:971624 Vertical n(18) Metal3 [28um 49.5um] [28um 54.5um] 0.29um rpD:1 bl:0 ------CG----W---------bb-- [49.25um:54.75um] [49.25um:54.75um] 5.5um ------->
        <event:00001375 0:913.769:8.355um> &<id:971625 Horizontal n(18) Metal2 [20.105um 49.5um] [28um 49.5um] 0.29um rpD:0 bl:0 -----UCG--T-----------bt-- [19.895um:28.25um] [19.895um:28.25um] 8.355um ------->
        <event:00001376 4:913.769:8.355um> &<id:971625 Horizontal n(18) Metal2 [20.105um 49.5um] [28um 49.5um] 0.29um rpD:0 bl:0 -----UCG--T-----------bt-- [19.895um:28.25um] [19.895um:28.25um] 8.355um ------->
        <event:00001377 3:950.112:3um> &<id:972027 Vertical n(14) Metal3 [26.5um 49.5um] [26.5um 52um] 0.29um rpD:1 bl:0 ------CG----W---------bb-- [49.25um:52.25um] [49.25um:52.25um] 3um ------->
        <event:00001378 0:149.154:1.255um> &<id:975201 Horizontal n(14) Metal2 [25.705um 49.5um] [26.5um 49.5um] 0.29um rpD:0 bl:0 -----UC---T-----------bt-- [25.495um:26.75um] [25.495um:26.75um] 1.255um ------->
        <event:00001379 4:149.154:1.255um> &<id:975201 Horizontal n(14) Metal2 [25.705um 48.5um] [26.5um 48.5um] 0.29um rpD:0 bl:0 -----UC---T-----------bt-- [25.495um:26.75um] [25.495um:26.75um] 1.255um ------->
        <event:00001380 3:2771.41:9um> &<id:971597 Vertical n(17) Metal3 [26um 48.5um] [26um 54.5um] 0.29um rpD:1 bl:0 ------CG----W---------bb-- [48.25um:54.75um] [48.25um:57.25um] 9um ------->
        <event:00001381 0:103.923:0.835um> &<id:975159 Horizontal n(17) Metal2 [25.775um 48.5um] [26.4um 48.5um] 0.29um rpD:0 bl:0 ---a-UC---T-----------tb-- [25.67um:26.505um] [25.67um:26.505um] 0.835um ------->
        <event:00001382 4:103.923:0.835um> &<id:975159 Horizontal n(17) Metal2 [25.775um 49.5um] [26.4um 49.5um] 0.29um rpD:0 bl:0 ---a-UC---T-----------tb-- [25.67um:26.505um] [25.67um:26.505um] 0.835um ------->
        <event:00001383 3:1708.99:5.5um> &<id:971624 Vertical n(18) Metal3 [28um 49.5um] [28um 54.5um] 0.29um rpD:1 bl:0 ------CG----W---------bb-- [49.25um:54.75um] [49.25um:54.75um] 5.5um ------->
        <event:00001384 0:913.769:8.355um> &<id:971625 Horizontal n(18) Metal2 [20.105um 49.5um] [28um 49.5um] 0.29um rpD:0 bl:0 -----UCG--T-----------bt-- [19.895um:28.25um] [19.895um:28.25um] 8.355um ------->
        <event:00001385 4:913.769:8.355um> &<id:971625 Horizontal n(18) Metal2 [20.105um 49.5um] [28um 49.5um] 0.29um rpD:0 bl:0 -----UCG--T-----------bt-- [19.895um:28.25um] [19.895um:28.25um] 8.355um ------->
        <event:00001386 3:2467.86:8um> &<id:971597 Vertical n(17) Metal3 [26um 49.5um] [26um 54.5um] 0.29um rpD:1 bl:0 ------CG----W---------bb-- [49.25um:54.75um] [49.25um:57.25um] 8um ------->
        <event:00001387 0:103.923:0.835um> &<id:975159 Horizontal n(17) Metal2 [25.775um 49.5um] [26.4um 49.5um] 0.29um rpD:0 bl:0 ---a-UC---T-----------tb-- [25.67um:26.505um] [25.67um:26.505um] 0.835um ------->
        <event:00001388 4:103.923:0.835um> &<id:975159 Horizontal n(17) Metal2 [25.775um 49.5um] [26.4um 49.5um] 0.29um rpD:0 bl:0 ---a-UC---T-----------tb-- [25.67um:26.505um] [25.67um:26.505um] 0.835um ------->
        <event:00001389 3:1708.99:5.5um> &<id:971624 Vertical n(18) Metal3 [28um 49.5um] [28um 54.5um] 0.29um rpD:1 bl:0 ------CG----W---------bb-- [49.25um:54.75um] [49.25um:54.75um] 5.5um ------->
        <event:00001390 0:913.769:8.355um> &<id:971625 Horizontal n(18) Metal2 [20.105um 49.5um] [28um 49.5um] 0.29um rpD:0 bl:0 -----UCG--T-----------bt-- [19.895um:28.25um] [19.895um:28.25um] 8.355um ------->
        <event:00001391 5:91:0.715um> &<id:971625 Horizontal n(18) Metal2 [19.855um 49.5um] [20.36um 49.5um] 0.29um rpD:0 bl:0 ---a-UC---T----S------tb-- [19.75um:20.465um] [19.75um:20.465um] 0.715um --S---t>
        <event:00001392 3:254.982:0.71um> &<id:975374 Vertical n(18) Metal3 [20um 49.25um] [20um 49.75um] 0.29um rpD:1 bl:0 ---a--C-----W-ASr-----bb-- [49.145um:49.855um] [49.145um:49.855um] 0.71um --S--st>
        <event:00001393 3:2619.64:8.5um> &<id:975375 Horizontal n(18) Metal2 [20um 49.5um] [28um 49.5um] 0.29um rpD:2 bl:0 ------CG-----wA-------tt-- [19.75um:28.25um] [19.75um:28.25um] 8.5um -----s->
        <event:00001394 0:2101.88:10.035um> &<id:971966 Horizontal n(3) Metal2 [10.925um 19um] [20.5um 19um] 0.29um rpD:0 bl:0 ------CG--T-----------bt-- [10.715um:20.75um] [10.715um:20.75um] 10.035um ------->
        <event:00001395 0:1340.23:12.315um> &<id:972498 Horizontal abc_1402_new_n178 Metal2 [38um 54um] [49.855um 54um] 0.29um rpD:0 bl:0 ------CG--T-----------tb-- [37.75um:50.065um] [37.75um:50.065um] 12.315um ------->
        <event:00001396 4:1340.23:12.315um> &<id:972498 Horizontal abc_1402_new_n178 Metal2 [38um 55.5um] [49.855um 55.5um] 0.29um rpD:0 bl:0 ------CG--T-----------tb-- [37.75um:50.065um] [37.75um:50.065um] 12.315um ------->
        <event:00001397 1:648.722:3.69um> &<id:971182 Horizontal n(21) Metal2 [38um 56um] [41.125um 56um] 0.29um rpD:1 bl:0 -----UCG----W---------t--- [37.75um:41.335um] [37.645um:41.335um] 3.69um ------->
        <event:00001398 0:4.23077:0.42um> &<id:975051 Vertical n(21) Metal2 [41.125um 55.5um] [41.125um 56um] 0.21um rpD:0 bl:0 -X---UC---TD---------Pb--- [55.0801um:56.42um] [40.915um:41.335um] 0.42um P------>
        <event:00001399 4:4.23077:0.42um> &<id:975051 Vertical n(21) Metal2 [41.125um 55.5um] [41.125um 56um] 0.21um rpD:0 bl:0 -X---UC---TD---------Pb--- [55.0801um:56.42um] [40.915um:41.335um] 0.42um P------>
        <event:00001400 4:4.23077:0.42um> &<id:975051 Vertical n(21) Metal2 [41.125um 55.5um] [41.125um 56um] 0.21um rpD:0 bl:0 -X---UC---TD---------Pb--- [55.0801um:56.42um] [40.915um:41.335um] 0.42um P------>
        <event:00001401 3:648.722:3.69um> &<id:971182 Horizontal n(21) Metal2 [38um 56um] [41.125um 56um] 0.29um rpD:1 bl:0 -----UCG----W---------t--- [37.75um:41.335um] [37.645um:41.335um] 3.69um ------->
        <event:00001402 0:1340.23:12.315um> &<id:972498 Horizontal abc_1402_new_n178 Metal2 [38um 55.5um] [49.855um 55.5um] 0.29um rpD:0 bl:0 ------CG--T-----------tb-- [37.75um:50.065um] [37.75um:50.065um] 12.315um ------->
        <event:00001403 4:1340.23:12.315um> &<id:972498 Horizontal abc_1402_new_n178 Metal2 [38um 55.5um] [49.855um 55.5um] 0.29um rpD:0 bl:0 ------CG--T-----------tb-- [37.75um:50.065um] [37.75um:50.065um] 12.315um ------->
        <event:00001404 1:648.722:3.69um> &<id:971182 Horizontal n(21) Metal2 [38um 56um] [41.125um 56um] 0.29um rpD:1 bl:0 -----UCG----W---------t--- [37.75um:41.335um] [37.645um:41.335um] 3.69um ------->
        <event:00001405 0:4.23077:0.42um> &<id:975051 Vertical n(21) Metal2 [41.125um 55.5um] [41.125um 56um] 0.21um rpD:0 bl:0 -X---UC---TD---------Pb--- [55.0801um:56.42um] [40.915um:41.335um] 0.42um P------>
        <event:00001406 4:4.23077:0.42um> &<id:975051 Vertical n(21) Metal2 [41.125um 55.5um] [41.125um 56um] 0.21um rpD:0 bl:0 -X---UC---TD---------Pb--- [55.0801um:56.42um] [40.915um:41.335um] 0.42um P------>
        <event:00001407 0:1340.23:12.315um> &<id:972498 Horizontal abc_1402_new_n178 Metal2 [38um 55.5um] [49.855um 55.5um] 0.29um rpD:0 bl:0 ------CG--T-----------tb-- [37.75um:50.065um] [37.75um:50.065um] 12.315um ------->
        <event:00001408 5:3833.84:12.5um> &<id:972498 Horizontal abc_1402_new_n178 Metal2 [38um 55.5um] [50um 55.5um] 0.29um rpD:2 bl:0 ------CG-----w-S------tt-- [37.75um:50.25um] [37.75um:50.25um] 12.5um --S---t>
        <event:00001409 3:91:0.715um> &<id:975379 Horizontal abc_1402_new_n178 Metal2 [49.695um 55.5um] [50.2um 55.5um] 0.29um rpD:0 bl:0 ---a-UC---T---AS------bt-- [49.59um:50.305um] [49.59um:50.305um] 0.715um --S--s->
        <event:00001410 3:1101.89:3um> &<id:975378 Vertical abc_1402_new_n178 Metal3 [50um 52.5um] [50um 55um] 0.29um rpD:1 bl:0 ------C-----W-AS------bb-- [52.25um:55.25um] [52.25um:55.25um] 3um --S--st>
        <event:00001411 0:2168.4:12.42um> &<id:971399 Horizontal abc_1402_new_n144 Metal2 [53.055um 14.5um] [65.055um 14.5um] 0.29um rpD:0 bl:0 ------CG--T-----------bb-- [52.845um:65.265um] [52.845um:65.265um] 12.42um ------->
        <event:00001412 4:2168.4:12.42um> &<id:971399 Horizontal abc_1402_new_n144 Metal2 [53.055um 15.5um] [65.055um 15.5um] 0.29um rpD:0 bl:0 ------CG--T-----------bb-- [52.845um:65.265um] [52.845um:65.265um] 12.42um ------->
        <event:00001413 3:1708.99:5.5um> &<id:972551 Vertical outputs(6) Metal3 [58um 14.5um] [58um 19.5um] 0.29um rpD:1 bl:0 ------CG----W---------bb-- [14.25um:19.75um] [14.25um:19.75um] 5.5um ------->
        <event:00001414 0:952.888:5.385um> &<id:972827 Horizontal outputs(6) Metal2 [58um 15.5um] [62.925um 15.5um] 0.29um rpD:0 bl:0 -----UC---T-----------tb-- [57.75um:63.135um] [57.75um:63.135um] 5.385um ------->
        <event:00001415 0:1369.31:12.585um> &<id:971541 Horizontal outputs(0) Metal2 [66um 2.5um] [78.125um 2.5um] 0.29um rpD:0 bl:0 ------CG--T-----------tb-- [65.75um:78.335um] [65.75um:78.335um] 12.585um ------->
        <event:00001416 0:1376.85:12.655um> &<id:972215 Horizontal abc_1402_new_n210 Metal2 [19.305um 42.5um] [31.5um 42.5um] 0.29um rpD:0 bl:0 -----UCG--T-----------bt-- [19.095um:31.75um] [19.095um:31.75um] 12.655um ------->
        <event:00001417 0:1794.33:12.665um> &<id:971368 Horizontal abc_1402_new_n143 Metal2 [53.5um 15um] [65.705um 15um] 0.29um rpD:0 bl:0 ------CG--T-----------tb-- [53.25um:65.915um] [53.25um:65.915um] 12.665um ------->
        <event:00001418 4:1794.33:12.665um> &<id:971368 Horizontal abc_1402_new_n143 Metal2 [53.5um 14um] [65.705um 14um] 0.29um rpD:0 bl:0 ------CG--T-----------tb-- [53.25um:65.915um] [53.25um:65.915um] 12.665um ------->
        <event:00001419 3:1405.44:4.5um> &<id:971275 Vertical abc_1402_new_n239 Metal3 [55um 10um] [55um 14um] 0.29um rpD:1 bl:0 -----UCG----W---------bb-- [9.75um:14.25um] [9.75um:14.25um] 4.5um ------->
        <event:00001420 0:163.278:0.815um> &<id:974835 Horizontal abc_1402_new_n239 Metal2 [54.755um 14um] [55.36um 14um] 0.29um rpD:0 bl:0 ---a-UC---T-----------tb-- [54.65um:55.465um] [54.65um:55.465um] 0.815um ------->
        <event:00001421 0:2302.79:13.43um> &<id:972384 Horizontal abc_1402_new_n171 Metal2 [65.555um 49um] [78.565um 49um] 0.29um rpD:0 bl:0 ------CG--T-----------b--- [65.345um:78.775um] [65.345um:78.775um] 13.43um ------->
        <event:00001422 4:2302.79:13.43um> &<id:972384 Horizontal abc_1402_new_n171 Metal2 [65.555um 50um] [78.565um 50um] 0.29um rpD:0 bl:0 ------CG--T-----------b--- [65.345um:78.775um] [65.345um:78.775um] 13.43um ------->
        <event:00001423 3:1860.76:6um> &<id:970996 Vertical n(7) Metal3 [68.5um 44.5um] [68.5um 46.5um] 0.29um rpD:1 bl:0 ------CG----W---------bb-- [44.25um:46.75um] [44.25um:50.25um] 6um ------->
        <event:00001424 3:1405.44:4.5um> &<id:971076 Vertical abc_1402_auto_rtlil_cc_2739_MuxGate_1343 Metal3 [79um 50um] [79um 54um] 0.29um rpD:1 bl:0 -----UCG----W---------bb-- [49.75um:54.25um] [49.75um:54.25um] 4.5um ------->
        <event:00001425 3:494.787:1.5um> &<id:975370 Vertical n(8) Metal3 [66.5um 50um] [66.5um 51um] 0.29um rpD:1 bl:0 ------C-----W-AS------bb-- [49.75um:51.25um] [49.75um:51.25um] 1.5um --S--st>
        <event:00001426 1:1142.37:4.795um> &<id:971846 Horizontal abc_1402_new_n173 Metal2 [75.665um 50.5um] [80um 50.5um] 0.29um rpD:1 bl:0 ------CG----W----------t-- [75.455um:80.25um] [75.455um:80.25um] 4.795um ------->
        <event:00001427 0:4.23077:0.42um> &<id:973904 Vertical abc_1402_new_n173 Metal2 [75.665um 50um] [75.665um 50.5um] 0.21um rpD:0 bl:0 -X---UC---TD---------Pb--- [49.58um:50.92um] [75.455um:75.875um] 0.42um P------>
        <event:00001428 4:4.23077:0.42um> &<id:973904 Vertical abc_1402_new_n173 Metal2 [75.665um 50um] [75.665um 50.5um] 0.21um rpD:0 bl:0 -X---UC---TD---------Pb--- [49.58um:50.92um] [75.455um:75.875um] 0.42um P------>
        <event:00001429 0:4.23077:0.42um> &<id:973918 Vertical abc_1402_new_n171 Metal2 [78.565um 50um] [78.565um 50um] 0.21um rpD:0 bl:0 -X---UC---TD---------P-b-- [49.58um:50.42um] [78.355um:78.775um] 0.42um P------>
        <event:00001430 0:146:0.715um> &<id:973176 Horizontal abc_1402_auto_rtlil_cc_2739_MuxGate_1343 Metal2 [78.665um 50um] [79.17um 50um] 0.29um rpD:0 bl:0 ---a-UC---T-----------bt-- [78.56um:79.275um] [78.56um:79.275um] 0.715um ------->
        <event:00001431 0:118.5:0.715um> &<id:971934 Horizontal n(8) Metal2 [66.355um 50um] [66.86um 50um] 0.29um rpD:0 bl:0 ---a-UC---T----S------tb-- [66.25um:66.965um] [66.25um:66.965um] 0.715um --S---t>
        <event:00001432 0:160.571:1.015um> &<id:973607 Horizontal n(7) Metal2 [68.5um 50um] [69.055um 50um] 0.29um rpD:0 bl:0 -----UC---T-----------tb-- [68.25um:69.265um] [68.25um:69.265um] 1.015um ------->
        <event:00001433 0:735.541:5.115um> &<id:971938 Horizontal n(8) Metal2 [62um 50um] [66.655um 50um] 0.29um rpD:0 bl:0 -----UCG--T-----------tb-- [61.75um:66.865um] [61.75um:66.865um] 5.115um ------->
        <event:00001434 0:2302.79:13.43um> &<id:972384 Horizontal abc_1402_new_n171 Metal2 [65.555um 50um] [78.565um 50um] 0.29um rpD:0 bl:0 ------CG--T-----------b--- [65.345um:78.775um] [65.345um:78.775um] 13.43um ------->
        <event:00001435 4:2302.79:13.43um> &<id:972384 Horizontal abc_1402_new_n171 Metal2 [65.555um 48um] [78.565um 48um] 0.29um rpD:0 bl:0 ------CG--T-----------b--- [65.345um:78.775um] [65.345um:78.775um] 13.43um ------->
        <event:00001436 3:1253.66:4um> &<id:971247 Vertical abc_1402_new_n167 Metal3 [67.5um 44.5um] [67.5um 48um] 0.29um rpD:1 bl:0 -----UCG----W---------bb-- [44.25um:48.25um] [44.25um:48.25um] 4um ------->
        <event:00001437 3:1253.66:4um> &<id:972112 Vertical abc_1402_new_n168 Metal3 [77.5um 44.5um] [77.5um 48um] 0.29um rpD:1 bl:0 ------CG----W---------bb-- [44.25um:48.25um] [44.25um:48.25um] 4um ------->
        <event:00001438 1:1717.86:10.165um> &<id:970848 Horizontal abc_1402_new_n160 Metal2 [64um 48um] [73.705um 48um] 0.29um rpD:1 bl:0 ------CG----W---------t--- [63.75um:73.915um] [63.75um:73.915um] 10.165um ------->
        <event:00001439 4:1717.86:10.165um> &<id:970848 Horizontal abc_1402_new_n160 Metal2 [64um 50um] [73.705um 50um] 0.29um rpD:1 bl:0 ------CG----W---------t--- [63.75um:73.915um] [63.75um:73.915um] 10.165um ------->
        <event:00001440 3:2316.09:7.5um> &<id:971937 Vertical n(8) Metal3 [62um 44um] [62um 50um] 0.29um rpD:1 bl:0 ------CG----W---------bb-- [43.75um:50.25um] [42.75um:50.25um] 7.5um ------->
        <event:00001441 3:1860.76:6um> &<id:970996 Vertical n(7) Metal3 [68.5um 44.5um] [68.5um 46.5um] 0.29um rpD:1 bl:0 ------CG----W---------bb-- [44.25um:46.75um] [44.25um:50.25um] 6um ------->
        <event:00001442 0:4.23077:0.42um> &<id:974055 Vertical abc_1402_new_n160 Metal2 [73.705um 49.5um] [73.705um 50um] 0.21um rpD:0 bl:0 -X---UC---TD---------Pb--- [49.08um:50.42um] [73.495um:73.915um] 0.42um P------>
        <event:00001443 4:4.23077:0.42um> &<id:974055 Vertical abc_1402_new_n160 Metal2 [73.705um 49.5um] [73.705um 50um] 0.21um rpD:0 bl:0 -X---UC---TD---------Pb--- [49.08um:50.42um] [73.495um:73.915um] 0.42um P------>
        <event:00001444 0:4.23077:0.42um> &<id:973918 Vertical abc_1402_new_n171 Metal2 [78.565um 48um] [78.565um 48.5um] 0.21um rpD:0 bl:0 -X---UC---TD---------P-b-- [47.58um:48.92um] [78.355um:78.775um] 0.42um P------>
        <event:00001445 4:4.23077:0.42um> &<id:973918 Vertical abc_1402_new_n171 Metal2 [78.565um 48um] [78.565um 48.5um] 0.21um rpD:0 bl:0 -X---UC---TD---------P-b-- [47.58um:48.92um] [78.355um:78.775um] 0.42um P------>
        <event:00001446 3:1557.21:5um> &<id:971920 Vertical abc_1402_new_n114 Metal3 [80um 44um] [80um 48.5um] 0.29um rpD:1 bl:0 -----UCG----W---------bb-- [43.75um:48.75um] [43.75um:48.75um] 5um ------->
        <event:00001447 0:129.719:0.795um> &<id:974714 Horizontal abc_1402_new_n168 Metal2 [77.29um 48um] [77.875um 48um] 0.29um rpD:0 bl:0 ---a-UC---T-----------tb-- [77.185um:77.98um] [77.185um:77.98um] 0.795um ------->
        <event:00001448 0:160.571:1.015um> &<id:973607 Horizontal n(7) Metal2 [68.5um 50um] [69.055um 50um] 0.29um rpD:0 bl:0 -----UC---T-----------tb-- [68.25um:69.265um] [68.25um:69.265um] 1.015um ------->
        <event:00001449 4:160.571:1.015um> &<id:973607 Horizontal n(7) Metal2 [68.5um 49.5um] [69.055um 49.5um] 0.29um rpD:0 bl:0 -----UC---T-----------tb-- [68.25um:69.265um] [68.25um:69.265um] 1.015um ------->
        <event:00001450 0:230.663:1.705um> &<id:973968 Horizontal abc_1402_new_n167 Metal2 [67um 48um] [68.245um 48um] 0.29um rpD:0 bl:0 -----UC---T-----------tb-- [66.75um:68.455um] [66.75um:68.455um] 1.705um ------->
        <event:00001451 4:317.053:1.705um> &<id:973968 Horizontal abc_1402_new_n167 Metal2 [67um 49.5um] [68.245um 49.5um] 0.29um rpD:0 bl:0 -----UC---T-----------tb-- [66.75um:68.455um] [66.75um:68.455um] 1.705um ------->
        <event:00001452 3:2164.31:7um> &<id:971873 Vertical n(9) Metal3 [67.5um 43um] [67.5um 49.5um] 0.29um rpD:1 bl:0 ------CG----W---------bb-- [42.75um:49.75um] [42.75um:49.75um] 7um ------->
        <event:00001453 3:1708.99:5.5um> &<id:970996 Vertical n(7) Metal3 [68.5um 44.5um] [68.5um 46.5um] 0.29um rpD:1 bl:0 ------CG----W---------bb-- [44.25um:46.75um] [44.25um:49.75um] 5.5um ------->
        <event:00001454 1:577.349:3.33um> &<id:973497 Horizontal n(9) Metal2 [67.305um 49.5um] [70.215um 49.5um] 0.29um rpD:1 bl:0 -----UC-----W------------- [67.095um:70.425um] [67.095um:70.425um] 3.33um ------->
        <event:00001455 4:577.349:3.33um> &<id:973497 Horizontal n(9) Metal2 [67.305um 49.5um] [70.215um 49.5um] 0.29um rpD:1 bl:0 -----UC-----W------------- [67.095um:70.425um] [67.095um:70.425um] 3.33um ------->
        <event:00001456 3:1708.99:5.5um> &<id:971247 Vertical abc_1402_new_n167 Metal3 [67um 44.5um] [67um 49.5um] 0.29um rpD:1 bl:0 -----UCG----W---------bb-- [44.25um:49.75um] [44.25um:49.75um] 5.5um ------->
        <event:00001457 0:4.23077:0.42um> &<id:973493 Vertical n(9) Metal2 [67.305um 49.5um] [67.305um 49.5um] 0.21um rpD:0 bl:0 -X---UC---TD---------Pb--- [49.08um:49.92um] [67.095um:67.515um] 0.42um P------>
        <event:00001458 0:106.077:0.855um> &<id:973500 Horizontal n(9) Metal2 [67.06um 49.5um] [67.705um 49.5um] 0.29um rpD:0 bl:0 ---a-UC---T-----------bt-- [66.955um:67.81um] [66.955um:67.81um] 0.855um ------->
        <event:00001459 0:160.571:1.015um> &<id:973607 Horizontal n(7) Metal2 [68.5um 49.5um] [69.055um 49.5um] 0.29um rpD:0 bl:0 -----UC---T-----------tb-- [68.25um:69.265um] [68.25um:69.265um] 1.015um ------->
        <event:00001460 4:160.571:1.015um> &<id:973607 Horizontal n(7) Metal2 [68.5um 49.5um] [69.055um 49.5um] 0.29um rpD:0 bl:0 -----UC---T-----------tb-- [68.25um:69.265um] [68.25um:69.265um] 1.015um ------->
        <event:00001461 0:317.053:1.705um> &<id:973968 Horizontal abc_1402_new_n167 Metal2 [67um 49.5um] [68.245um 49.5um] 0.29um rpD:0 bl:0 -----UC---T-----------tb-- [66.75um:68.455um] [66.75um:68.455um] 1.705um ------->
        <event:00001462 4:317.053:1.705um> &<id:973968 Horizontal abc_1402_new_n167 Metal2 [67um 49um] [68.245um 49um] 0.29um rpD:0 bl:0 -----UC---T-----------tb-- [66.75um:68.455um] [66.75um:68.455um] 1.705um ------->
        <event:00001463 3:798.337:2.5um> &<id:975370 Vertical n(8) Metal3 [66.5um 49um] [66.5um 51um] 0.29um rpD:1 bl:0 ------C-----W-AS------bb-- [48.75um:51.25um] [48.75um:51.25um] 2.5um --S--st>
        <event:00001464 0:118.5:0.715um> &<id:971934 Horizontal n(8) Metal2 [66.355um 49um] [66.86um 49um] 0.29um rpD:0 bl:0 ---a-UC---T----S------tb-- [66.25um:66.965um] [66.25um:66.965um] 0.715um --S---t>
        <event:00001465 4:118.5:0.715um> &<id:971934 Horizontal n(8) Metal2 [66.355um 49.5um] [66.86um 49.5um] 0.29um rpD:0 bl:0 ---a-UC---T----S------tb-- [66.25um:66.965um] [66.25um:66.965um] 0.715um --S---t>
        <event:00001466 3:2164.31:7um> &<id:971873 Vertical n(9) Metal3 [67.5um 43um] [67.5um 49.5um] 0.29um rpD:1 bl:0 ------CG----W---------bb-- [42.75um:49.75um] [42.75um:49.75um] 7um ------->
        <event:00001467 0:106.077:0.855um> &<id:973500 Horizontal n(9) Metal2 [67.06um 49.5um] [67.705um 49.5um] 0.29um rpD:0 bl:0 ---a-UC---T-----------bt-- [66.955um:67.81um] [66.955um:67.81um] 0.855um ------->
        <event:00001468 4:106.077:0.855um> &<id:973500 Horizontal n(9) Metal2 [67.06um 49.5um] [67.705um 49.5um] 0.29um rpD:0 bl:0 ---a-UC---T-----------bt-- [66.955um:67.81um] [66.955um:67.81um] 0.855um ------->
        <event:00001469 3:646.562:2um> &<id:975370 Vertical n(8) Metal3 [66.5um 49.5um] [66.5um 51um] 0.29um rpD:1 bl:0 ------C-----W-AS------bb-- [49.25um:51.25um] [49.25um:51.25um] 2um --S--st>
        <event:00001470 0:118.5:0.715um> &<id:971934 Horizontal n(8) Metal2 [66.355um 49.5um] [66.86um 49.5um] 0.29um rpD:0 bl:0 ---a-UC---T----S------tb-- [66.25um:66.965um] [66.25um:66.965um] 0.715um --S---t>
        <event:00001471 4:118.5:0.715um> &<id:971934 Horizontal n(8) Metal2 [66.355um 49.5um] [66.86um 49.5um] 0.29um rpD:0 bl:0 ---a-UC---T----S------tb-- [66.25um:66.965um] [66.25um:66.965um] 0.715um --S---t>
        <event:00001472 3:2164.31:7um> &<id:971873 Vertical n(9) Metal3 [67.5um 43um] [67.5um 49.5um] 0.29um rpD:1 bl:0 ------CG----W---------bb-- [42.75um:49.75um] [42.75um:49.75um] 7um ------->
        <event:00001473 0:106.077:0.855um> &<id:973500 Horizontal n(9) Metal2 [67.06um 49.5um] [67.705um 49.5um] 0.29um rpD:0 bl:0 ---a-UC---T-----------bt-- [66.955um:67.81um] [66.955um:67.81um] 0.855um ------->
        <event:00001474 4:106.077:0.855um> &<id:973500 Horizontal n(9) Metal2 [67.06um 48.5um] [67.705um 48.5um] 0.29um rpD:0 bl:0 ---a-UC---T-----------bt-- [66.955um:67.81um] [66.955um:67.81um] 0.855um ------->
        <event:00001475 0:495.737:1.405um> &<id:974411 Horizontal abc_1402_new_n114 Metal2 [77.055um 48.5um] [78um 48.5um] 0.29um rpD:0 bl:0 -----UC---T-----------bt-- [76.845um:78.25um] [76.845um:78.25um] 1.405um ------->
        <event:00001476 0:387.692:3.47um> &<id:973512 Horizontal n(8) Metal2 [66.655um 49um] [69.705um 49um] 0.29um rpD:0 bl:0 -----UC---T-----------bb-- [66.445um:69.915um] [66.445um:69.915um] 3.47um ------->
        <event:00001477 4:387.692:3.47um> &<id:973512 Horizontal n(8) Metal2 [66.655um 48.5um] [69.705um 48.5um] 0.29um rpD:0 bl:0 -----UC---T-----------bb-- [66.445um:69.915um] [66.445um:69.915um] 3.47um ------->
        <event:00001478 3:1860.76:6um> &<id:971873 Vertical n(9) Metal3 [67.5um 43um] [67.5um 48.5um] 0.29um rpD:1 bl:0 ------CG----W---------bb-- [42.75um:48.75um] [42.75um:48.75um] 6um ------->
        <event:00001479 0:106.077:0.855um> &<id:973500 Horizontal n(9) Metal2 [67.06um 48.5um] [67.705um 48.5um] 0.29um rpD:0 bl:0 ---a-UC---T-----------bt-- [66.955um:67.81um] [66.955um:67.81um] 0.855um ------->
        <event:00001480 4:106.077:0.855um> &<id:973500 Horizontal n(9) Metal2 [67.06um 49.5um] [67.705um 49.5um] 0.29um rpD:0 bl:0 ---a-UC---T-----------bt-- [66.955um:67.81um] [66.955um:67.81um] 0.855um ------->
        <event:00001481 3:646.562:2um> &<id:975370 Vertical n(8) Metal3 [66.5um 49.5um] [66.5um 51um] 0.29um rpD:1 bl:0 ------C-----W-AS------bb-- [49.25um:51.25um] [49.25um:51.25um] 2um --S--st>
        <event:00001482 0:118.5:0.715um> &<id:971934 Horizontal n(8) Metal2 [66.355um 49.5um] [66.86um 49.5um] 0.29um rpD:0 bl:0 ---a-UC---T----S------tb-- [66.25um:66.965um] [66.25um:66.965um] 0.715um --S---t>
        <event:00001483 0:735.541:5.115um> &<id:971938 Horizontal n(8) Metal2 [62um 50um] [66.655um 50um] 0.29um rpD:0 bl:0 -----UCG--T-----------tb-- [61.75um:66.865um] [61.75um:66.865um] 5.115um ------->
        <event:00001484 0:943.385:8.63um> &<id:971837 Horizontal abc_1402_new_n170 Metal2 [63.455um 48.5um] [71.665um 48.5um] 0.29um rpD:0 bl:0 ------CG--T-----------bb-- [63.245um:71.875um] [63.245um:71.875um] 8.63um ------->
        <event:00001485 4:943.385:8.63um> &<id:971837 Horizontal abc_1402_new_n170 Metal2 [63.455um 49um] [71.665um 49um] 0.29um rpD:0 bl:0 ------CG--T-----------bb-- [63.245um:71.875um] [63.245um:71.875um] 8.63um ------->
        <event:00001486 3:2012.54:6.5um> &<id:970847 Vertical abc_1402_new_n160 Metal3 [64um 44um] [64um 50um] 0.29um rpD:1 bl:0 ------CG----W---------bb-- [43.75um:50.25um] [43.75um:50.25um] 6.5um ------->
        <event:00001487 3:1557.21:5um> &<id:971247 Vertical abc_1402_new_n167 Metal3 [67um 44.5um] [67um 49um] 0.29um rpD:1 bl:0 -----UCG----W---------bb-- [44.25um:49.25um] [44.25um:49.25um] 5um ------->
        <event:00001488 0:91:0.715um> &<id:974050 Horizontal abc_1402_new_n160 Metal2 [63.855um 49um] [64.36um 49um] 0.29um rpD:0 bl:0 ---a-UC---T-----------tb-- [63.75um:64.465um] [63.75um:64.465um] 0.715um ------->
        <event:00001489 4:91:0.715um> &<id:974050 Horizontal abc_1402_new_n160 Metal2 [63.855um 48.5um] [64.36um 48.5um] 0.29um rpD:0 bl:0 ---a-UC---T-----------tb-- [63.75um:64.465um] [63.75um:64.465um] 0.715um ------->
        <event:00001490 3:1860.76:6um> &<id:971937 Vertical n(8) Metal3 [62um 44um] [62um 48.5um] 0.29um rpD:1 bl:0 ------CG----W---------bb-- [43.75um:48.75um] [42.75um:48.75um] 6um ------->
        <event:00001491 0:317.053:1.705um> &<id:973968 Horizontal abc_1402_new_n167 Metal2 [67um 49um] [68.245um 49um] 0.29um rpD:0 bl:0 -----UC---T-----------tb-- [66.75um:68.455um] [66.75um:68.455um] 1.705um ------->
        <event:00001492 4:317.053:1.705um> &<id:973968 Horizontal abc_1402_new_n167 Metal2 [67um 50um] [68.245um 50um] 0.29um rpD:0 bl:0 -----UC---T-----------tb-- [66.75um:68.455um] [66.75um:68.455um] 1.705um ------->
        <event:00001493 3:2012.54:6.5um> &<id:970847 Vertical abc_1402_new_n160 Metal3 [64um 44um] [64um 50um] 0.29um rpD:1 bl:0 ------CG----W---------bb-- [43.75um:50.25um] [43.75um:50.25um] 6.5um ------->
        <event:00001494 0:735.541:5.115um> &<id:971938 Horizontal n(8) Metal2 [62um 48.5um] [66.655um 48.5um] 0.29um rpD:0 bl:0 -----UCG--T-----------tb-- [61.75um:66.865um] [61.75um:66.865um] 5.115um ------->
        <event:00001495 4:735.541:5.115um> &<id:971938 Horizontal n(8) Metal2 [62um 50um] [66.655um 50um] 0.29um rpD:0 bl:0 -----UCG--T-----------tb-- [61.75um:66.865um] [61.75um:66.865um] 5.115um ------->
        <event:00001496 3:1860.76:6um> &<id:971247 Vertical abc_1402_new_n167 Metal3 [67um 44.5um] [67um 50um] 0.29um rpD:1 bl:0 -----UCG----W---------bb-- [44.25um:50.25um] [44.25um:50.25um] 6um ------->
        <event:00001497 0:317.053:1.705um> &<id:973968 Horizontal abc_1402_new_n167 Metal2 [67um 50um] [68.245um 50um] 0.29um rpD:0 bl:0 -----UC---T-----------tb-- [66.75um:68.455um] [66.75um:68.455um] 1.705um ------->
        <event:00001498 4:317.053:1.705um> &<id:973968 Horizontal abc_1402_new_n167 Metal2 [67um 50um] [68.245um 50um] 0.29um rpD:0 bl:0 -----UC---T-----------tb-- [66.75um:68.455um] [66.75um:68.455um] 1.705um ------->
        <event:00001499 0:735.541:5.115um> &<id:971938 Horizontal n(8) Metal2 [62um 50um] [66.655um 50um] 0.29um rpD:0 bl:0 -----UCG--T-----------tb-- [61.75um:66.865um] [61.75um:66.865um] 5.115um ------->
        <event:00001500 4:735.541:5.115um> &<id:971938 Horizontal n(8) Metal2 [62um 50um] [66.655um 50um] 0.29um rpD:0 bl:0 -----UCG--T-----------tb-- [61.75um:66.865um] [61.75um:66.865um] 5.115um ------->
        <event:00001501 3:1860.76:6um> &<id:971247 Vertical abc_1402_new_n167 Metal3 [67um 44.5um] [67um 50um] 0.29um rpD:1 bl:0 -----UCG----W---------bb-- [44.25um:50.25um] [44.25um:50.25um] 6um ------->
        <event:00001502 4:1860.76:6um> &<id:971247 Vertical abc_1402_new_n167 Metal3 [67.5um 44.5um] [67.5um 50um] 0.29um rpD:1 bl:0 -----UCG----W---------bb-- [44.25um:50.25um] [44.25um:50.25um] 6um ------->
        <event:00001503 3:106.077:0.855um> &<id:973500 Horizontal n(9) Metal2 [67.06um 49.5um] [67.705um 49.5um] 0.29um rpD:0 bl:0 ---a-UC---T-----------bt-- [66.955um:67.81um] [66.955um:67.81um] 0.855um ------->
        <event:00001504 3:2026.99:10.035um> &<id:971866 Horizontal n(9) Metal2 [57.925um 43um] [67um 43um] 0.29um rpD:1 bl:0 ------CG----W----------t-- [57.715um:67.25um] [57.715um:67.75um] 10.035um ------->
        <event:00001505 0:4.23077:0.42um> &<id:973480 Vertical n(9) Metal2 [57.925um 41.5um] [57.925um 42um] 0.21um rpD:0 bl:0 -X---UC---TD---------P-b-- [41.0801um:42.42um] [57.715um:58.135um] 0.42um P------>
        <event:00001506 4:4.23077:0.42um> &<id:973480 Vertical n(9) Metal2 [57.925um 41.5um] [57.925um 42um] 0.21um rpD:0 bl:0 -X---UC---TD---------P-b-- [41.0801um:42.42um] [57.715um:58.135um] 0.42um P------>
        <event:00001507 3:2316.09:7.5um> &<id:970995 Vertical n(7) Metal3 [61um 42um] [61um 46.5um] 0.29um rpD:1 bl:0 ------CG----W---------bb-- [41.75um:46.75um] [41.75um:49.25um] 7.5um ------->
        <event:00001508 0:230.663:1.205um> &<id:973968 Horizontal abc_1402_new_n167 Metal2 [67.5um 50um] [68.245um 50um] 0.29um rpD:0 bl:0 -----UC---T-----------tb-- [67.25um:68.455um] [67.25um:68.455um] 1.205um ------->
        <event:00001509 0:921.787:2.205um> &<id:970994 Horizontal n(7) Metal2 [56.255um 42um] [58um 42um] 0.29um rpD:0 bl:0 -----UCG--T-----------bt-- [56.045um:58.25um] [56.045um:58.25um] 2.205um ------->
        <event:00001510 0:2373.15:13.605um> &<id:970768 Horizontal n(6) Metal2 [45.855um 65um] [59um 65um] 0.29um rpD:0 bl:0 ------CG--T-----------bt-- [45.645um:59.25um] [45.645um:59.25um] 13.605um ------->
        <event:00001511 0:2416.34:13.355um> &<id:972549 Horizontal outputs(6) Metal2 [36.605um 10um] [49.5um 10um] 0.29um rpD:0 bl:0 ------CG--T-----------bt-- [36.395um:49.75um] [36.395um:49.75um] 13.355um ------->
        <event:00001512 4:2329.95:13.355um> &<id:972549 Horizontal outputs(6) Metal2 [36.605um 10um] [49.5um 10um] 0.29um rpD:0 bl:0 ------CG--T-----------bt-- [36.395um:49.75um] [36.395um:49.75um] 13.355um ------->
        <event:00001513 3:1557.21:5um> &<id:971363 Vertical abc_1402_new_n143 Metal3 [41um 10um] [41um 13.5um] 0.29um rpD:1 bl:0 -----UCG----W---------bb-- [9.75um:13.75um] [9.75um:14.75um] 5um ------->
        <event:00001514 1:1036.92:5.07um> &<id:971013 Horizontal abc_1402_new_n234 Metal2 [49.705um 10.5um] [54.355um 10.5um] 0.29um rpD:1 bl:0 -----UCG----W------------- [49.495um:54.565um] [49.495um:54.565um] 5.07um ------->
        <event:00001515 0:4.23077:0.42um> &<id:974578 Vertical abc_1402_new_n234 Metal2 [49.705um 10um] [49.705um 10.5um] 0.21um rpD:0 bl:0 -X---UC---TD---------Pb--- [9.58um:10.92um] [49.495um:49.915um] 0.42um P------>
        <event:00001516 4:4.23077:0.42um> &<id:974578 Vertical abc_1402_new_n234 Metal2 [49.705um 10um] [49.705um 10.5um] 0.21um rpD:0 bl:0 -X---UC---TD---------Pb--- [9.58um:10.92um] [49.495um:49.915um] 0.42um P------>
        <event:00001517 3:1557.21:5um> &<id:972548 Vertical outputs(6) Metal3 [49.5um 10um] [49.5um 14.5um] 0.29um rpD:1 bl:0 ------CG----W---------bb-- [9.75um:14.75um] [9.75um:14.75um] 5um ------->
        <event:00001518 0:126.914:0.775um> &<id:974174 Horizontal abc_1402_new_n143 Metal2 [40.65um 10um] [41.215um 10um] 0.29um rpD:0 bl:0 ---a-UC---T-----------bt-- [40.545um:41.32um] [40.545um:41.32um] 0.775um ------->
        <event:00001519 0:2329.95:13.355um> &<id:972549 Horizontal outputs(6) Metal2 [36.605um 10um] [49.5um 10um] 0.29um rpD:0 bl:0 ------CG--T-----------bt-- [36.395um:49.75um] [36.395um:49.75um] 13.355um ------->
        <event:00001520 4:2329.95:13.355um> &<id:972549 Horizontal outputs(6) Metal2 [36.605um 7.5um] [49.5um 7.5um] 0.29um rpD:0 bl:0 ------CG--T-----------bt-- [36.395um:49.75um] [36.395um:49.75um] 13.355um ------->
        <event:00001521 3:1405.44:4.5um> &<id:972159 Vertical abc_1402_auto_rtlil_cc_2739_MuxGate_1387 Metal3 [45um 3.5um] [45um 7.5um] 0.29um rpD:1 bl:0 ------CG----W---------bb-- [3.25um:7.75um] [3.25um:7.75um] 4.5um ------->
        <event:00001522 3:1253.66:4um> &<id:972432 Vertical abc_1402_new_n235 Metal3 [48um 4um] [48um 7.5um] 0.29um rpD:1 bl:0 ------CG----W---------bb-- [3.75um:7.75um] [3.75um:7.75um] 4um ------->
        <event:00001523 0:146:0.715um> &<id:973295 Horizontal abc_1402_auto_rtlil_cc_2739_MuxGate_1387 Metal2 [44.715um 7.5um] [45.22um 7.5um] 0.29um rpD:0 bl:0 ---a-UC---T-----------tb-- [44.61um:45.325um] [44.61um:45.325um] 0.715um ------->
        <event:00001524 0:284.225:1.515um> &<id:974588 Horizontal abc_1402_new_n235 Metal2 [48um 7.5um] [49.055um 7.5um] 0.29um rpD:0 bl:0 -----UC---T-----------tb-- [47.75um:49.265um] [47.75um:49.265um] 1.515um ------->
        <event:00001525 0:2476.82:14.205um> &<id:972057 Horizontal n(22) Metal2 [52.255um 42um] [66um 42um] 0.29um rpD:0 bl:0 ------CG--T-----------bt-- [52.045um:66.25um] [52.045um:66.25um] 14.205um ------->
        <event:00001526 4:2476.82:14.205um> &<id:972057 Horizontal n(22) Metal2 [52.255um 44.5um] [66um 44.5um] 0.29um rpD:0 bl:0 ------CG--T-----------bt-- [52.045um:66.25um] [52.045um:66.25um] 14.205um ------->
        <event:00001527 3:3682.07:12um> &<id:971678 Vertical abc_1402_new_n132 Metal3 [58um 33um] [58um 44.5um] 0.29um rpD:1 bl:0 ------CG----W---------bb-- [32.75um:44.75um] [32.75um:44.75um] 12um ------->
        <event:00001528 3:1405.44:4.5um> &<id:971472 Vertical abc_1402_new_n119 Metal3 [54.5um 44.5um] [54.5um 48.5um] 0.29um rpD:1 bl:0 -----UCG----W---------bb-- [44.25um:48.75um] [44.25um:48.75um] 4.5um ------->
        <event:00001529 0:161.55:0.805um> &<id:974789 Horizontal abc_1402_new_n119 Metal2 [54.115um 44.5um] [54.71um 44.5um] 0.29um rpD:0 bl:0 ---a-UC---T-----------bt-- [54.01um:54.815um] [54.01um:54.815um] 0.805um ------->
        <event:00001530 0:189.195:0.755um> &<id:974290 Horizontal abc_1402_new_n132 Metal2 [58.135um 44.5um] [58.68um 44.5um] 0.29um rpD:0 bl:0 ---a-UC---T-----------bt-- [58.03um:58.785um] [58.03um:58.785um] 0.755um ------->
        <event:00001531 0:1549.15:14.255um> &<id:972221 Horizontal abc_1402_new_n210 Metal2 [33.705um 32.5um] [47.5um 32.5um] 0.29um rpD:0 bl:0 ------CG--T-----------bt-- [33.495um:47.75um] [33.495um:47.75um] 14.255um ------->
        <event:00001532 4:1549.15:14.255um> &<id:972221 Horizontal abc_1402_new_n210 Metal2 [33.705um 32.5um] [47.5um 32.5um] 0.29um rpD:0 bl:0 ------CG--T-----------bt-- [33.495um:47.75um] [33.495um:47.75um] 14.255um ------->
        <event:00001533 3:3226.74:10.5um> &<id:972002 Vertical n(23) Metal3 [34um 32.5um] [34um 42.5um] 0.29um rpD:1 bl:0 ------CG----W---------bb-- [32.25um:42.75um] [32.25um:42.75um] 10.5um ------->
        <event:00001534 0:113.615:1.245um> &<id:975005 Horizontal n(23) Metal2 [34.215um 32.5um] [35um 32.5um] 0.29um rpD:0 bl:0 -----UC---T-----------bt-- [34.005um:35.25um] [34.005um:35.25um] 1.245um ------->
        <event:00001535 0:1550.23:14.265um> &<id:972303 Horizontal abc_1402_new_n149 Metal2 [9.5um 20um] [23.305um 20um] 0.29um rpD:0 bl:0 ------CG--T-----------tb-- [9.25um:23.515um] [9.25um:23.515um] 14.265um ------->
        <event:00001536 0:2558.02:14.675um> &<id:970812 Horizontal clk_root_2 Metal2 [34.285um 65um] [48.5um 65um] 0.29um rpD:0 bl:0 ------CG--T-----------bt-- [34.075um:48.75um] [34.075um:48.75um] 14.675um ------->
        <event:00001537 4:2558.02:14.675um> &<id:970812 Horizontal clk_root_2 Metal2 [34.285um 67um] [48.5um 67um] 0.29um rpD:0 bl:0 ------CG--T-----------bt-- [34.075um:48.75um] [34.075um:48.75um] 14.675um ------->
        <event:00001538 1:432.178:2.46um> &<id:970767 Horizontal n(6) Metal2 [43.815um 67.5um] [45.855um 67.5um] 0.29um rpD:0 bl:0 -----UCG--T------------b-- [43.605um:46.065um] [43.605um:46.065um] 2.46um ------->
        <event:00001539 0:4.23077:0.42um> &<id:973583 Vertical n(6) Metal2 [43.815um 67um] [43.815um 67.5um] 0.21um rpD:0 bl:0 -X---UC---TD---------Pb--- [66.5801um:67.92um] [43.605um:44.025um] 0.42um P------>
        <event:00001540 4:4.23077:0.42um> &<id:973583 Vertical n(6) Metal2 [43.815um 67um] [43.815um 67.5um] 0.21um rpD:0 bl:0 -X---UC---TD---------Pb--- [66.5801um:67.92um] [43.605um:44.025um] 0.42um P------>
        <event:00001541 0:2558.02:14.675um> &<id:970812 Horizontal clk_root_2 Metal2 [34.285um 67um] [48.5um 67um] 0.29um rpD:0 bl:0 ------CG--T-----------bt-- [34.075um:48.75um] [34.075um:48.75um] 14.675um ------->
        <event:00001542 4:2558.02:14.675um> &<id:970812 Horizontal clk_root_2 Metal2 [34.285um 67um] [48.5um 67um] 0.29um rpD:0 bl:0 ------CG--T-----------bt-- [34.075um:48.75um] [34.075um:48.75um] 14.675um ------->
        <event:00001543 1:432.178:2.46um> &<id:970767 Horizontal n(6) Metal2 [43.815um 67.5um] [45.855um 67.5um] 0.29um rpD:0 bl:0 -----UCG--T------------b-- [43.605um:46.065um] [43.605um:46.065um] 2.46um ------->
        <event:00001544 0:4.23077:0.42um> &<id:973583 Vertical n(6) Metal2 [43.815um 67um] [43.815um 67.5um] 0.21um rpD:0 bl:0 -X---UC---TD---------Pb--- [66.5801um:67.92um] [43.605um:44.025um] 0.42um P------>
        <event:00001545 4:4.23077:0.42um> &<id:973583 Vertical n(6) Metal2 [43.815um 67um] [43.815um 67.5um] 0.21um rpD:0 bl:0 -X---UC---TD---------Pb--- [66.5801um:67.92um] [43.605um:44.025um] 0.42um P------>
        <event:00001546 0:2558.02:14.675um> &<id:970812 Horizontal clk_root_2 Metal2 [34.285um 67um] [48.5um 67um] 0.29um rpD:0 bl:0 ------CG--T-----------bt-- [34.075um:48.75um] [34.075um:48.75um] 14.675um ------->
        <event:00001547 5:151.183:0.745um> &<id:970812 Horizontal clk_root_2 Metal2 [34um 67um] [34.285um 67um] 0.29um rpD:0 bl:0 -----UC---T----S------tb-- [33.75um:34.495um] [33.75um:34.495um] 0.745um --S---t>
        <event:00001548 3:254.982:1um> &<id:975382 Vertical clk_root_2 Metal3 [34um 66.5um] [34um 67um] 0.29um rpD:1 bl:0 ------C-----W-ASr-----bb-- [66.25um:67.25um] [66.25um:67.25um] 1um --S--st>
        <event:00001549 3:4592.72:15um> &<id:975383 Horizontal clk_root_2 Metal2 [34um 67um] [48.5um 67um] 0.29um rpD:2 bl:0 ------CG-----wA-------tt-- [33.75um:48.75um] [33.75um:48.75um] 15um -----s->
        <event:00001550 0:2076.91:14.68um> &<id:971763 Horizontal abc_1402_new_n136 Metal2 [35.155um 25.5um] [49.415um 25.5um] 0.29um rpD:0 bl:0 ------CG--T------------b-- [34.945um:49.625um] [34.945um:49.625um] 14.68um ------->
        <event:00001551 4:2076.91:14.68um> &<id:971763 Horizontal abc_1402_new_n136 Metal2 [35.155um 25um] [49.415um 25um] 0.29um rpD:0 bl:0 ------CG--T------------b-- [34.945um:49.625um] [34.945um:49.625um] 14.68um ------->
        <event:00001552 1:1147.01:4.815um> &<id:971142 Horizontal n(30) Metal2 [41.5um 24.5um] [45.855um 24.5um] 0.29um rpD:1 bl:0 ------CG----W---------t--- [41.25um:46.065um] [41.25um:46.065um] 4.815um ------->
        <event:00001553 0:4.23077:0.42um> &<id:974242 Vertical abc_1402_new_n136 Metal2 [35.155um 25um] [35.155um 25um] 0.21um rpD:0 bl:0 -X---UC---TD---------Pb--- [24.5801um:25.42um] [34.945um:35.365um] 0.42um P------>
        <event:00001554 0:4.23077:0.42um> &<id:974983 Vertical n(30) Metal2 [45.855um 26um] [45.855um 26um] 0.21um rpD:0 bl:0 -X---UC---TD---------P-b-- [25.5801um:26.42um] [45.645um:46.065um] 0.42um P------>
        <event:00001555 0:2651.33:15.215um> &<id:972173 Horizontal n(29) Metal2 [9.5um 27um] [24.255um 27um] 0.29um rpD:0 bl:0 ------CG--T-----------tb-- [9.25um:24.465um] [9.25um:24.465um] 15.215um ------->
        <event:00001556 0:1698.85:15.645um> &<id:972010 Horizontal n(23) Metal2 [19.815um 42.5um] [35um 42.5um] 0.29um rpD:0 bl:0 ------CG--T-----------bt-- [19.605um:35.25um] [19.605um:35.25um] 15.645um ------->
        <event:00001557 4:1698.85:15.645um> &<id:972010 Horizontal n(23) Metal2 [19.815um 42.5um] [35um 42.5um] 0.29um rpD:0 bl:0 ------CG--T-----------bt-- [19.605um:35.25um] [19.605um:35.25um] 15.645um ------->
        <event:00001558 3:1557.21:5um> &<id:971790 Vertical abc_1402_new_n212 Metal3 [31um 38um] [31um 42.5um] 0.29um rpD:1 bl:0 -----UCG----W---------bb-- [37.75um:42.75um] [37.75um:42.75um] 5um ------->
        <event:00001559 0:1084.2:6.145um> &<id:971791 Horizontal abc_1402_new_n212 Metal2 [31um 42.5um] [36.685um 42.5um] 0.29um rpD:0 bl:0 -----UCG--T-----------tb-- [30.75um:36.895um] [30.75um:36.895um] 6.145um ------->
        <event:00001560 4:1084.2:6.145um> &<id:971791 Horizontal abc_1402_new_n212 Metal2 [31um 43.5um] [36.685um 43.5um] 0.29um rpD:0 bl:0 -----UCG--T-----------tb-- [30.75um:36.895um] [30.75um:36.895um] 6.145um ------->
        <event:00001561 0:2426.8:17.175um> &<id:972186 Horizontal n(20) Metal2 [9.5um 54um] [26.215um 54um] 0.29um rpD:0 bl:0 ------CG--T-----------tb-- [9.25um:26.425um] [9.25um:26.425um] 17.175um ------->
        <event:00001562 4:2426.8:17.175um> &<id:972186 Horizontal n(20) Metal2 [9.5um 55.5um] [26.215um 55.5um] 0.29um rpD:0 bl:0 ------CG--T-----------tb-- [9.25um:26.425um] [9.25um:26.425um] 17.175um ------->
        <event:00001563 3:1708.99:5.5um> &<id:971424 Vertical n(16) Metal3 [22.5um 55.5um] [22.5um 60.5um] 0.29um rpD:1 bl:0 ------CG----W---------bb-- [55.25um:60.75um] [55.25um:60.75um] 5.5um ------->
        <event:00001564 0:119:0.975um> &<id:975124 Horizontal n(16) Metal2 [22.5um 55.5um] [23.015um 55.5um] 0.29um rpD:0 bl:0 -----UC---T-----------tb-- [22.25um:23.225um] [22.25um:23.225um] 0.975um ------->
        <event:00001565 0:1864.69:17.185um> &<id:972587 Horizontal abc_1402_new_n129 Metal2 [38um 32.5um] [54.725um 32.5um] 0.29um rpD:0 bl:0 ------CG--T-----------tb-- [37.75um:54.935um] [37.75um:54.935um] 17.185um ------->
        <event:00001566 4:1864.69:17.185um> &<id:972587 Horizontal abc_1402_new_n129 Metal2 [38um 32um] [54.725um 32um] 0.29um rpD:0 bl:0 ------CG--T-----------tb-- [37.75um:54.935um] [37.75um:54.935um] 17.185um ------->
        <event:00001567 3:3682.07:12um> &<id:972053 Vertical n(22) Metal3 [48um 32um] [48um 42.5um] 0.29um rpD:1 bl:0 ------CG----W---------bb-- [31.75um:42.75um] [31.75um:43.75um] 12um ------->
        <event:00001568 0:4.23077:0.42um> &<id:974886 Vertical n(25) Metal2 [37.705um 32um] [37.705um 32um] 0.21um rpD:0 bl:0 -X---UC---TD---------Pb--- [31.5801um:32.42um] [37.495um:37.915um] 0.42um P------>
        <event:00001569 4:4.23077:0.42um> &<id:974886 Vertical n(25) Metal2 [37.705um 32um] [37.705um 32um] 0.21um rpD:0 bl:0 -X---UC---TD---------Pb--- [31.5801um:32.42um] [37.495um:37.915um] 0.42um P------>
        <event:00001570 3:8538.87:28um> &<id:972586 Vertical abc_1402_new_n129 Metal3 [38um 32um] [38um 59.5um] 0.29um rpD:1 bl:0 ------CG----W---------bb-- [31.75um:59.75um] [31.75um:59.75um] 28um ------->
        <event:00001571 0:284.225:1.515um> &<id:975032 Horizontal n(22) Metal2 [48um 32um] [49.055um 32um] 0.29um rpD:0 bl:0 -----UC---T-----------tb-- [47.75um:49.265um] [47.75um:49.265um] 1.515um ------->
        <event:00001572 0:1718.7:10.17um> &<id:971885 Horizontal n(25) Metal2 [37.705um 32um] [47.455um 32um] 0.29um rpD:0 bl:0 ------CG--T------------b-- [37.495um:47.665um] [37.495um:47.665um] 10.17um ------->
        <event:00001573 0:1864.69:17.185um> &<id:972587 Horizontal abc_1402_new_n129 Metal2 [38um 32um] [54.725um 32um] 0.29um rpD:0 bl:0 ------CG--T-----------tb-- [37.75um:54.935um] [37.75um:54.935um] 17.185um ------->
        <event:00001574 4:1864.69:17.185um> &<id:972587 Horizontal abc_1402_new_n129 Metal2 [38um 32um] [54.725um 32um] 0.29um rpD:0 bl:0 ------CG--T-----------tb-- [37.75um:54.935um] [37.75um:54.935um] 17.185um ------->
        <event:00001575 3:3682.07:12um> &<id:972053 Vertical n(22) Metal3 [48um 32um] [48um 42.5um] 0.29um rpD:1 bl:0 ------CG----W---------bb-- [31.75um:42.75um] [31.75um:43.75um] 12um ------->
        <event:00001576 0:4.23077:0.42um> &<id:974886 Vertical n(25) Metal2 [37.705um 32um] [37.705um 32um] 0.21um rpD:0 bl:0 -X---UC---TD---------Pb--- [31.5801um:32.42um] [37.495um:37.915um] 0.42um P------>
        <event:00001577 4:4.23077:0.42um> &<id:974886 Vertical n(25) Metal2 [37.705um 32um] [37.705um 32um] 0.21um rpD:0 bl:0 -X---UC---TD---------Pb--- [31.5801um:32.42um] [37.495um:37.915um] 0.42um P------>
        <event:00001578 3:8538.87:28um> &<id:972586 Vertical abc_1402_new_n129 Metal3 [38um 32um] [38um 59.5um] 0.29um rpD:1 bl:0 ------CG----W---------bb-- [31.75um:59.75um] [31.75um:59.75um] 28um ------->
        <event:00001579 0:284.225:1.515um> &<id:975032 Horizontal n(22) Metal2 [48um 32um] [49.055um 32um] 0.29um rpD:0 bl:0 -----UC---T-----------tb-- [47.75um:49.265um] [47.75um:49.265um] 1.515um ------->
        <event:00001580 0:1718.7:10.17um> &<id:971885 Horizontal n(25) Metal2 [37.705um 32um] [47.455um 32um] 0.29um rpD:0 bl:0 ------CG--T------------b-- [37.495um:47.665um] [37.495um:47.665um] 10.17um ------->
        <event:00001581 0:1864.69:17.185um> &<id:972587 Horizontal abc_1402_new_n129 Metal2 [38um 32um] [54.725um 32um] 0.29um rpD:0 bl:0 ------CG--T-----------tb-- [37.75um:54.935um] [37.75um:54.935um] 17.185um ------->
        <event:00001582 5:5351.59:17.5um> &<id:972587 Horizontal abc_1402_new_n129 Metal2 [38um 32um] [55um 32um] 0.29um rpD:2 bl:0 ------CG-----w-S------tt-- [37.75um:55.25um] [37.75um:55.25um] 17.5um --S---t>
        <event:00001583 3:93.1538:0.735um> &<id:975387 Horizontal abc_1402_new_n129 Metal2 [54.725um 32um] [55um 32um] 0.29um rpD:0 bl:0 -----UC---T---AS------bt-- [54.515um:55.25um] [54.515um:55.25um] 0.735um --S--s->
        <event:00001584 3:646.562:2um> &<id:975386 Vertical abc_1402_new_n129 Metal3 [55um 32um] [55um 33.5um] 0.29um rpD:1 bl:0 ------C-----W-AS------bb-- [31.75um:33.75um] [31.75um:33.75um] 2um --S--st>
        <event:00001585 0:2948.48:20.895um> &<id:971753 Horizontal abc_1402_new_n94 Metal2 [46.565um 4um] [67um 4um] 0.29um rpD:0 bl:0 ------CG--T-----------bt-- [46.355um:67.25um] [46.355um:67.25um] 20.895um ------->
        <event:00001586 4:2948.48:20.895um> &<id:971753 Horizontal abc_1402_new_n94 Metal2 [46.565um 3um] [67um 3um] 0.29um rpD:0 bl:0 ------CG--T-----------bt-- [46.355um:67.25um] [46.355um:67.25um] 20.895um ------->
        <event:00001587 3:1708.99:5.5um> &<id:971810 Vertical mem_inputs(7) Metal3 [46.5um 3um] [46.5um 8um] 0.29um rpD:1 bl:0 -----UCG----W---------bb-- [2.75um:8.25um] [2.75um:8.25um] 5.5um ------->
        <event:00001588 1:4560.19:19.53um> &<id:972409 Horizontal abc_1402_new_n146 Metal2 [27.885um 3um] [46.995um 3um] 0.29um rpD:1 bl:0 ------CG----W------------- [27.675um:47.205um] [27.675um:47.205um] 19.53um ------->
        <event:00001589 0:4.23077:0.42um> &<id:974095 Vertical abc_1402_new_n146 Metal2 [27.885um 4um] [27.885um 4.5um] 0.21um rpD:0 bl:0 -X---UC---TD---------Pb--- [3.5801um:4.92um] [27.675um:28.095um] 0.42um P------>
        <event:00001590 0:4.23077:0.42um> &<id:974098 Vertical abc_1402_new_n146 Metal2 [46.995um 4um] [46.995um 4.5um] 0.21um rpD:0 bl:0 -X---UC---TD---------Pb--- [3.5801um:4.92um] [46.785um:47.205um] 0.42um P------>
        <event:00001591 0:996.083:5.135um> &<id:971811 Horizontal mem_inputs(7) Metal2 [41.325um 3um] [46um 3um] 0.29um rpD:0 bl:0 -----UCG--T-----------bt-- [41.115um:46.25um] [41.115um:46.25um] 5.135um ------->
        <event:00001592 0:2466.69:22.775um> &<id:972244 Horizontal n(26) Metal2 [9.5um 38um] [31.815um 38um] 0.29um rpD:0 bl:0 ------CG--T-----------tb-- [9.25um:32.025um] [9.25um:32.025um] 22.775um ------->
        <event:00001593 4:2466.69:22.775um> &<id:972244 Horizontal n(26) Metal2 [9.5um 38um] [31.815um 38um] 0.29um rpD:0 bl:0 ------CG--T-----------tb-- [9.25um:32.025um] [9.25um:32.025um] 22.775um ------->
        <event:00001594 3:1860.76:6um> &<id:971790 Vertical abc_1402_new_n212 Metal3 [31um 38um] [31um 43.5um] 0.29um rpD:1 bl:0 -----UCG----W---------bb-- [37.75um:43.75um] [37.75um:43.75um] 6um ------->
        <event:00001595 1:3749.87:18.675um> &<id:972475 Horizontal abc_1402_auto_rtlil_cc_2739_MuxGate_1375 Metal2 [4.5um 38um] [22.715um 38um] 0.29um rpD:1 bl:0 ------CG----W---------t--- [4.25um:22.925um] [4.25um:22.925um] 18.675um ------->
        <event:00001596 0:4.23077:0.42um> &<id:973258 Vertical abc_1402_auto_rtlil_cc_2739_MuxGate_1375 Metal2 [22.715um 36um] [22.715um 36.5um] 0.21um rpD:0 bl:0 -X---UC---TD---------P-b-- [35.58um:36.92um] [22.505um:22.925um] 0.42um P------>
        <event:00001597 0:111.462:0.905um> &<id:974502 Horizontal abc_1402_new_n212 Metal2 [30.785um 38um] [31.48um 38um] 0.29um rpD:0 bl:0 ---a-UC---T-----------tb-- [30.68um:31.585um] [30.68um:31.585um] 0.905um ------->
        <event:00001598 0:3249.99:23.045um> &<id:972565 Horizontal abc_1402_new_n130 Metal2 [57.415um 33um] [80um 33um] 0.29um rpD:0 bl:0 ------CG--T-----------bt-- [57.205um:80.25um] [57.205um:80.25um] 23.045um ------->
        <event:00001599 4:3249.99:23.045um> &<id:972565 Horizontal abc_1402_new_n130 Metal2 [57.415um 32.5um] [80um 32.5um] 0.29um rpD:0 bl:0 ------CG--T-----------bt-- [57.205um:80.25um] [57.205um:80.25um] 23.045um ------->
        <event:00001600 3:3226.74:10.5um> &<id:971821 Vertical abc_1402_auto_rtlil_cc_2739_MuxGate_1339 Metal3 [75.5um 32.5um] [75.5um 42.5um] 0.29um rpD:1 bl:0 ------CG----W---------bb-- [32.25um:42.75um] [32.25um:42.75um] 10.5um ------->
        <event:00001601 0:91:0.715um> &<id:973090 Horizontal abc_1402_auto_rtlil_cc_2739_MuxGate_1339 Metal2 [75.215um 32.5um] [75.72um 32.5um] 0.29um rpD:0 bl:0 ---a-UC---T-----------tb-- [75.11um:75.825um] [75.11um:75.825um] 0.715um ------->
        <event:00001602 0:3468.75:24.605um> &<id:972502 Horizontal abc_1402_new_n178 Metal2 [53.855um 55.5um] [78um 55.5um] 0.29um rpD:0 bl:0 ------CG--T-----------bt-- [53.645um:78.25um] [53.645um:78.25um] 24.605um ------->
        <event:00001603 4:3468.75:24.605um> &<id:972502 Horizontal abc_1402_new_n178 Metal2 [53.855um 55um] [78um 55um] 0.29um rpD:0 bl:0 ------CG--T-----------bt-- [53.645um:78.25um] [53.645um:78.25um] 24.605um ------->
        <event:00001604 3:3985.62:13um> &<id:970760 Vertical n(6) Metal3 [59um 55um] [59um 67.5um] 0.29um rpD:1 bl:0 ------CG----W---------bb-- [54.75um:67.75um] [54.75um:67.75um] 13um ------->
        <event:00001605 3:2771.41:9um> &<id:970759 Vertical n(6) Metal3 [61um 46.5um] [61um 55um] 0.29um rpD:1 bl:0 ------CG----W---------bb-- [46.25um:55.25um] [46.25um:55.25um] 9um ------->
        <event:00001606 0:363.462:1.245um> &<id:973571 Horizontal n(6) Metal2 [58.215um 55um] [59um 55um] 0.29um rpD:0 bl:0 -----UC---T-----------bt-- [58.005um:59.25um] [58.005um:59.25um] 1.245um ------->
        <event:00001607 0:2924.92:27.03um> &<id:972370 Horizontal abc_1402_new_n184 Metal2 [18.655um 66um] [45.265um 66um] 0.29um rpD:0 bl:0 ------CG--T-----------b--- [18.445um:45.475um] [18.445um:45.475um] 27.03um ------->
        <event:00001608 4:2924.92:27.03um> &<id:972370 Horizontal abc_1402_new_n184 Metal2 [18.655um 66.5um] [45.265um 66.5um] 0.29um rpD:0 bl:0 ------CG--T-----------b--- [18.445um:45.475um] [18.445um:45.475um] 27.03um ------->
        <event:00001609 3:1708.99:5.5um> &<id:970814 Vertical clk_root_2 Metal3 [24um 61.5um] [24um 66.5um] 0.29um rpD:1 bl:0 ------CG----W---------bb-- [61.25um:66.75um] [61.25um:66.75um] 5.5um ------->
        <event:00001610 3:646.562:2um> &<id:975382 Vertical clk_root_2 Metal3 [34um 66.5um] [34um 68um] 0.29um rpD:1 bl:0 ------C-----W-AS------bb-- [66.25um:68.25um] [66.25um:68.25um] 2um --S--st>
        <event:00001611 0:4.23077:0.42um> &<id:973865 Vertical abc_1402_new_n184 Metal2 [45.265um 66.5um] [45.265um 66.5um] 0.21um rpD:0 bl:0 -X---UC---TD---------Pb--- [66.0801um:66.92um] [45.055um:45.475um] 0.42um P------>
        <event:00001612 0:151.183:0.745um> &<id:970812 Horizontal clk_root_2 Metal2 [34um 66.5um] [34.285um 66.5um] 0.29um rpD:0 bl:0 -----UC---T----S------tb-- [33.75um:34.495um] [33.75um:34.495um] 0.745um --S---t>
        <event:00001613 0:1878.99:10.745um> &<id:970813 Horizontal clk_root_2 Metal2 [24um 66.5um] [34.285um 66.5um] 0.29um rpD:0 bl:0 ------CG--T-----------tb-- [23.75um:34.495um] [23.75um:34.495um] 10.745um ------->
        <event:00001614 0:4530.35:32.175um> &<id:972604 Horizontal outputs(7) Metal2 [3um 10um] [34.715um 10um] 0.29um rpD:0 bl:0 ------CG--T-----------tb-- [2.75um:34.925um] [2.75um:34.925um] 32.175um ------->
        <event:00001615 4:4530.35:32.175um> &<id:972604 Horizontal outputs(7) Metal2 [3um 9um] [34.715um 9um] 0.29um rpD:0 bl:0 ------CG--T-----------tb-- [2.75um:34.925um] [2.75um:34.925um] 32.175um ------->
        <event:00001616 3:1482.59:8.755um> &<id:972228 Horizontal abc_1402_auto_rtlil_cc_2739_MuxGate_1325 Metal2 [26.705um 9.5um] [35um 9.5um] 0.29um rpD:1 bl:0 ------CG----W----------t-- [26.495um:35.25um] [26.495um:35.25um] 8.755um ------->
        <event:00001617 0:4.23077:0.42um> &<id:973218 Vertical abc_1402_auto_rtlil_cc_2739_MuxGate_1325 Metal2 [26.705um 9um] [26.705um 9.5um] 0.21um rpD:0 bl:0 -X---UC---TD---------Pb--- [8.5801um:9.92um] [26.495um:26.915um] 0.42um P------>
        <event:00001618 4:4.23077:0.42um> &<id:973218 Vertical abc_1402_auto_rtlil_cc_2739_MuxGate_1325 Metal2 [26.705um 9um] [26.705um 9.5um] 0.21um rpD:0 bl:0 -X---UC---TD---------Pb--- [8.5801um:9.92um] [26.495um:26.915um] 0.42um P------>
        <event:00001619 0:4530.35:32.175um> &<id:972604 Horizontal outputs(7) Metal2 [3um 9um] [34.715um 9um] 0.29um rpD:0 bl:0 ------CG--T-----------tb-- [2.75um:34.925um] [2.75um:34.925um] 32.175um ------->
        <event:00001620 4:4530.35:32.175um> &<id:972604 Horizontal outputs(7) Metal2 [3um 9um] [34.715um 9um] 0.29um rpD:0 bl:0 ------CG--T-----------tb-- [2.75um:34.925um] [2.75um:34.925um] 32.175um ------->
        <event:00001621 3:1482.59:8.755um> &<id:972228 Horizontal abc_1402_auto_rtlil_cc_2739_MuxGate_1325 Metal2 [26.705um 9.5um] [35um 9.5um] 0.29um rpD:1 bl:0 ------CG----W----------t-- [26.495um:35.25um] [26.495um:35.25um] 8.755um ------->
        <event:00001622 0:4.23077:0.42um> &<id:973218 Vertical abc_1402_auto_rtlil_cc_2739_MuxGate_1325 Metal2 [26.705um 9um] [26.705um 9.5um] 0.21um rpD:0 bl:0 -X---UC---TD---------Pb--- [8.5801um:9.92um] [26.495um:26.915um] 0.42um P------>
        <event:00001623 4:4.23077:0.42um> &<id:973218 Vertical abc_1402_auto_rtlil_cc_2739_MuxGate_1325 Metal2 [26.705um 9um] [26.705um 9.5um] 0.21um rpD:0 bl:0 -X---UC---TD---------Pb--- [8.5801um:9.92um] [26.495um:26.915um] 0.42um P------>
        <event:00001624 0:4530.35:32.175um> &<id:972604 Horizontal outputs(7) Metal2 [3um 9um] [34.715um 9um] 0.29um rpD:0 bl:0 ------CG--T-----------tb-- [2.75um:34.925um] [2.75um:34.925um] 32.175um ------->
        <event:00001625 5:9904.85:32.5um> &<id:972604 Horizontal outputs(7) Metal2 [3um 9um] [35um 9um] 0.29um rpD:2 bl:0 ------CG-----w-S------tt-- [2.75um:35.25um] [2.75um:35.25um] 32.5um --S---t>
        <event:00001626 3:122.707:0.745um> &<id:975391 Horizontal outputs(7) Metal2 [34.715um 9um] [35um 9um] 0.29um rpD:0 bl:0 -----UC---T---AS------bt-- [34.505um:35.25um] [34.505um:35.25um] 0.745um --S--s->
        <event:00001627 3:646.562:2um> &<id:975390 Vertical outputs(7) Metal3 [35um 9um] [35um 10.5um] 0.29um rpD:1 bl:0 ------C-----W-AS------bb-- [8.75um:10.75um] [8.75um:10.75um] 2um --S--st>
        <event:00001628 0:5908.25:34.065um> &<id:972546 Horizontal outputs(6) Metal2 [3um 10um] [36.605um 10um] 0.29um rpD:0 bl:0 ------CG--T-----------tb-- [2.75um:36.815um] [2.75um:36.815um] 34.065um ------->
        <event:00001629 4:5908.25:34.065um> &<id:972546 Horizontal outputs(6) Metal2 [3um 7.5um] [36.605um 7.5um] 0.29um rpD:0 bl:0 ------CG--T-----------tb-- [2.75um:36.815um] [2.75um:36.815um] 34.065um ------->
        <event:00001630 3:2012.54:6.5um> &<id:971807 Vertical mem_inputs(7) Metal3 [35um 1.5um] [35um 7.5um] 0.29um rpD:1 bl:0 -----UCG----W---------bb-- [1.25um:7.75um] [1.25um:7.75um] 6.5um ------->
        <event:00001631 0:225.479:1.175um> &<id:973786 Horizontal mem_inputs(7) Metal2 [34.285um 7.5um] [35um 7.5um] 0.29um rpD:0 bl:0 -----UC---T-----------bt-- [34.075um:35.25um] [34.075um:35.25um] 1.175um ------->
        <event:00001632 4:225.479:1.175um> &<id:973786 Horizontal mem_inputs(7) Metal2 [34.285um 8um] [35um 8um] 0.29um rpD:0 bl:0 -----UC---T-----------bt-- [34.075um:35.25um] [34.075um:35.25um] 1.175um ------->
        <event:00001633 3:1405.44:4.5um> &<id:972152 Vertical abc_1402_new_n124 Metal3 [35um 4um] [35um 8um] 0.29um rpD:1 bl:0 ------CG----W---------bb-- [3.75um:8.25um] [3.75um:8.25um] 4.5um ------->
        <event:00001634 0:683.349:3.325um> &<id:974323 Horizontal abc_1402_new_n124 Metal2 [35.5um 8um] [38.365um 8um] 0.29um rpD:0 bl:0 -----UC---T-----------tb-- [35.25um:38.575um] [35.25um:38.575um] 3.325um ------->
        <event:00001635 0:7264.96:51.675um> &<id:972613 Horizontal outputs(5) Metal2 [3um 13.5um] [54.215um 13.5um] 0.29um rpD:0 bl:0 ------CG--T-----------tb-- [2.75um:54.425um] [2.75um:54.425um] 51.675um ------->
        <event:00001636 4:7264.96:51.675um> &<id:972613 Horizontal outputs(5) Metal2 [3um 13.5um] [54.215um 13.5um] 0.29um rpD:0 bl:0 ------CG--T-----------tb-- [2.75um:54.425um] [2.75um:54.425um] 51.675um ------->
        <event:00001637 3:2012.54:6.5um> &<id:971369 Vertical abc_1402_new_n143 Metal3 [53.5um 14um] [53.5um 19.5um] 0.29um rpD:1 bl:0 -----UCG----W---------bb-- [13.75um:19.75um] [13.25um:19.75um] 6.5um ------->
        <event:00001638 3:1557.21:5um> &<id:971363 Vertical abc_1402_new_n143 Metal3 [41um 10um] [41um 13.5um] 0.29um rpD:1 bl:0 -----UCG----W---------bb-- [9.75um:13.75um] [9.75um:14.75um] 5um ------->
        <event:00001639 0:614.938:4.255um> &<id:971365 Horizontal abc_1402_new_n143 Metal2 [49.705um 13.5um] [53.5um 13.5um] 0.29um rpD:0 bl:0 -----UCG--T-----------bt-- [49.495um:53.75um] [49.495um:53.75um] 4.255um ------->
        <event:00001640 4:614.938:4.255um> &<id:971365 Horizontal abc_1402_new_n143 Metal2 [49.705um 13.5um] [53.5um 13.5um] 0.29um rpD:0 bl:0 -----UCG--T-----------bt-- [49.495um:53.75um] [49.495um:53.75um] 4.255um ------->
        <event:00001641 0:1303.5:9.165um> &<id:971364 Horizontal abc_1402_new_n143 Metal2 [41um 13.5um] [49.705um 13.5um] 0.29um rpD:0 bl:0 -----UCG--T-----------tb-- [40.75um:49.915um] [40.75um:49.915um] 9.165um ------->
        <event:00001642 0:7264.96:51.675um> &<id:972613 Horizontal outputs(5) Metal2 [3um 13.5um] [54.215um 13.5um] 0.29um rpD:0 bl:0 ------CG--T-----------tb-- [2.75um:54.425um] [2.75um:54.425um] 51.675um ------->
        <event:00001643 4:7264.96:51.675um> &<id:972613 Horizontal outputs(5) Metal2 [3um 13.5um] [54.215um 13.5um] 0.29um rpD:0 bl:0 ------CG--T-----------tb-- [2.75um:54.425um] [2.75um:54.425um] 51.675um ------->
        <event:00001644 3:2012.54:6.5um> &<id:971369 Vertical abc_1402_new_n143 Metal3 [53.5um 14um] [53.5um 19.5um] 0.29um rpD:1 bl:0 -----UCG----W---------bb-- [13.75um:19.75um] [13.25um:19.75um] 6.5um ------->
        <event:00001645 3:1557.21:5um> &<id:971363 Vertical abc_1402_new_n143 Metal3 [41um 10um] [41um 13.5um] 0.29um rpD:1 bl:0 -----UCG----W---------bb-- [9.75um:13.75um] [9.75um:14.75um] 5um ------->
        <event:00001646 0:614.938:4.255um> &<id:971365 Horizontal abc_1402_new_n143 Metal2 [49.705um 13.5um] [53.5um 13.5um] 0.29um rpD:0 bl:0 -----UCG--T-----------bt-- [49.495um:53.75um] [49.495um:53.75um] 4.255um ------->
        <event:00001647 4:614.938:4.255um> &<id:971365 Horizontal abc_1402_new_n143 Metal2 [49.705um 14um] [53.5um 14um] 0.29um rpD:0 bl:0 -----UCG--T-----------bt-- [49.495um:53.75um] [49.495um:53.75um] 4.255um ------->
        <event:00001648 3:2316.09:7.5um> &<id:972548 Vertical outputs(6) Metal3 [49.5um 7.5um] [49.5um 14.5um] 0.29um rpD:1 bl:0 ------CG----W---------bb-- [7.25um:14.75um] [7.25um:14.75um] 7.5um ------->
        <event:00001649 0:183.009:1.175um> &<id:972822 Horizontal outputs(6) Metal2 [49.5um 14um] [50.215um 14um] 0.29um rpD:0 bl:0 -----UC---T-----------tb-- [49.25um:50.425um] [49.25um:50.425um] 1.175um ------->
        <event:00001650 4:183.009:1.175um> &<id:972822 Horizontal outputs(6) Metal2 [49.5um 14um] [50.215um 14um] 0.29um rpD:0 bl:0 -----UC---T-----------tb-- [49.25um:50.425um] [49.25um:50.425um] 1.175um ------->
        <event:00001651 0:614.938:4.255um> &<id:971365 Horizontal abc_1402_new_n143 Metal2 [49.705um 14um] [53.5um 14um] 0.29um rpD:0 bl:0 -----UCG--T-----------bt-- [49.495um:53.75um] [49.495um:53.75um] 4.255um ------->
        <event:00001652 4:614.938:4.255um> &<id:971365 Horizontal abc_1402_new_n143 Metal2 [49.705um 14.5um] [53.5um 14.5um] 0.29um rpD:0 bl:0 -----UCG--T-----------bt-- [49.495um:53.75um] [49.495um:53.75um] 4.255um ------->
        <event:00001653 3:1708.99:5.5um> &<id:970661 Vertical init Metal3 [49um 11um] [49um 14.5um] 0.29um rpD:1 bl:0 ------CG----W---------bb-- [10.75um:14.75um] [9.25um:14.75um] 5.5um ------->
        <event:00001654 0:324.648:2.185um> &<id:973727 Horizontal init Metal2 [49um 14.5um] [50.725um 14.5um] 0.29um rpD:0 bl:0 -----UC---T-----------tb-- [48.75um:50.935um] [48.75um:50.935um] 2.185um ------->
        <event:00001655 4:324.648:2.185um> &<id:973727 Horizontal init Metal2 [49um 13.5um] [50.725um 13.5um] 0.29um rpD:0 bl:0 -----UC---T-----------tb-- [48.75um:50.935um] [48.75um:50.935um] 2.185um ------->
        <event:00001656 0:1303.5:9.165um> &<id:971364 Horizontal abc_1402_new_n143 Metal2 [41um 13.5um] [49.705um 13.5um] 0.29um rpD:0 bl:0 -----UCG--T-----------tb-- [40.75um:49.915um] [40.75um:49.915um] 9.165um ------->
        <event:00001657 5:2923.19:9.5um> &<id:971364 Horizontal abc_1402_new_n143 Metal2 [41um 13.5um] [50um 13.5um] 0.29um rpD:2 bl:0 -----UCG-----w-S------tt-- [40.75um:50.25um] [40.75um:50.25um] 9.5um --S---t>
        <event:00001658 3:124.109:0.755um> &<id:975395 Horizontal abc_1402_new_n143 Metal2 [49.705um 13.5um] [50um 13.5um] 0.29um rpD:0 bl:0 -----UC---T---AS------bt-- [49.495um:50.25um] [49.495um:50.25um] 0.755um --S--s->
        <event:00001659 3:494.787:2.5um> &<id:975394 Vertical abc_1402_new_n143 Metal3 [50um 12.5um] [50um 14.5um] 0.29um rpD:1 bl:0 ------C-----W-AS------bb-- [12.25um:14.75um] [12.25um:14.75um] 2.5um --S--st>
        <event:00001660 0:7264.96:51.675um> &<id:972613 Horizontal outputs(5) Metal2 [3um 13.5um] [54.215um 13.5um] 0.29um rpD:0 bl:0 ------CG--T-----------tb-- [2.75um:54.425um] [2.75um:54.425um] 51.675um ------->
        <event:00001661 5:15824.1:52um> &<id:972613 Horizontal outputs(5) Metal2 [3um 13.5um] [54.5um 13.5um] 0.29um rpD:2 bl:0 ------CG-----w-S------tt-- [2.75um:54.75um] [2.75um:54.75um] 52um --S---t>
        <event:00001662 3:122.707:0.745um> &<id:975399 Horizontal outputs(5) Metal2 [54.215um 13.5um] [54.5um 13.5um] 0.29um rpD:0 bl:0 -----UC---T---AS------bt-- [54.005um:54.75um] [54.005um:54.75um] 0.745um --S--s->
        <event:00001663 3:646.562:2um> &<id:975398 Vertical outputs(5) Metal3 [54.5um 12um] [54.5um 13.5um] 0.29um rpD:1 bl:0 ------C-----W-AS------bb-- [11.75um:13.75um] [11.75um:13.75um] 2um --S--st>
        <event:00001664 0:16.0385:1.955um> &<id:972740 Vertical inputs(5) Metal3 [16.5um 0um] [16.5um 1.5um] 0.29um rpD:0 bl:0 -----UC---T------------b-- [-0.205um:1.75um] [-0.205um:1.75um] 1.955um ------->
        <event:00001665 0:16.0385:1.955um> &<id:972754 Vertical inputs(7) Metal3 [49.5um 0um] [49.5um 1.5um] 0.29um rpD:0 bl:0 -----UC---T------------b-- [-0.205um:1.75um] [-0.205um:1.75um] 1.955um ------->
        <event:00001666 0:23.7308:2.955um> &<id:972798 Vertical outputs(0) Metal3 [66um 0um] [66um 2.5um] 0.29um rpD:0 bl:0 -----UC---T------------b-- [-0.205um:2.75um] [-0.205um:2.75um] 2.955um ------->
        <event:00001667 0:27.5769:3.455um> &<id:972748 Vertical inputs(6) Metal3 [33um 0um] [33um 3um] 0.29um rpD:0 bl:0 -----UC---T------------b-- [-0.205um:3.25um] [-0.205um:3.25um] 3.455um ------->
        <event:00001668 0:27.5769:3.455um> &<id:972789 Vertical outputs(1) Metal3 [82.5um 0um] [82.5um 3um] 0.29um rpD:0 bl:0 -----UC---T------------b-- [-0.205um:3.25um] [-0.205um:3.25um] 3.455um ------->
        <event:00001669 0:9891.65:49.475um> &<id:972672 Horizontal inputs(0) Metal2 [18.5um 4um] [67.515um 4um] 0.29um rpD:1 bl:0 ------CG----W---------t--- [18.25um:67.725um] [18.25um:67.725um] 49.475um ------->
        <event:00001670 0:4.23077:0.42um> &<id:972675 Vertical inputs(0) Metal2 [67.515um 2um] [67.515um 2.5um] 0.21um rpD:0 bl:0 -X---UC---TD---------P-b-- [1.5801um:2.92um] [67.305um:67.725um] 0.42um P------>
        <event:00001671 4:4.23077:0.42um> &<id:972675 Vertical inputs(0) Metal2 [67.515um 2um] [67.515um 2.5um] 0.21um rpD:0 bl:0 -X---UC---TD---------P-b-- [1.5801um:2.92um] [67.305um:67.725um] 0.42um P------>
        <event:00001672 0:1369.31:12.585um> &<id:971541 Horizontal outputs(0) Metal2 [66um 2.5um] [78.125um 2.5um] 0.29um rpD:0 bl:0 ------CG--T-----------tb-- [65.75um:78.335um] [65.75um:78.335um] 12.585um ------->
        <event:00001673 0:8877.99:38.145um> &<id:972651 Horizontal clk Metal2 [3um 33um] [40.685um 33um] 0.29um rpD:1 bl:0 ------CG----W---------t--- [2.75um:40.895um] [2.75um:40.895um] 38.145um ------->
        <event:00001674 0:4.23077:0.42um> &<id:973417 Vertical clk Metal2 [40.685um 30um] [40.685um 30.5um] 0.21um rpD:0 bl:0 -X---UC---TD---------P-b-- [29.5801um:30.92um] [40.475um:40.895um] 0.42um P------>
        <event:00001675 4:4.23077:0.42um> &<id:973417 Vertical clk Metal2 [40.685um 30um] [40.685um 30.5um] 0.21um rpD:0 bl:0 -X---UC---TD---------P-b-- [29.5801um:30.92um] [40.475um:40.895um] 0.42um P------>
        <event:00001676 0:1547.51:10.905um> &<id:972262 Horizontal n(24) Metal2 [37.055um 30.5um] [47.5um 30.5um] 0.29um rpD:0 bl:0 ------CG--T-----------bt-- [36.845um:47.75um] [36.845um:47.75um] 10.905um ------->
        <event:00001677 4:1547.51:10.905um> &<id:972262 Horizontal n(24) Metal2 [37.055um 30.5um] [47.5um 30.5um] 0.29um rpD:0 bl:0 ------CG--T-----------bt-- [36.845um:47.75um] [36.845um:47.75um] 10.905um ------->
        <event:00001678 1:8877.99:38.145um> &<id:972651 Horizontal clk Metal2 [3um 30um] [40.685um 30um] 0.29um rpD:1 bl:0 ------CG----W---------t--- [2.75um:40.895um] [2.75um:40.895um] 38.145um ------->
        <event:00001679 0:4.23077:0.42um> &<id:973417 Vertical clk Metal2 [40.685um 30um] [40.685um 30.5um] 0.21um rpD:0 bl:0 -X---UC---TD---------P-b-- [29.5801um:30.92um] [40.475um:40.895um] 0.42um P------>
        <event:00001680 4:4.23077:0.42um> &<id:973417 Vertical clk Metal2 [40.685um 30um] [40.685um 30.5um] 0.21um rpD:0 bl:0 -X---UC---TD---------P-b-- [29.5801um:30.92um] [40.475um:40.895um] 0.42um P------>
        <event:00001681 0:1547.51:10.905um> &<id:972262 Horizontal n(24) Metal2 [37.055um 30.5um] [47.5um 30.5um] 0.29um rpD:0 bl:0 ------CG--T-----------bt-- [36.845um:47.75um] [36.845um:47.75um] 10.905um ------->
        <event:00001682 5:118.5:0.715um> &<id:972262 Horizontal n(24) Metal2 [36.855um 30.5um] [37.36um 30.5um] 0.29um rpD:0 bl:0 ---a-UC---T----S------tb-- [36.75um:37.465um] [36.75um:37.465um] 0.715um --S---t>
        <event:00001683 3:254.982:0.71um> &<id:975402 Vertical n(24) Metal3 [37um 30.25um] [37um 30.75um] 0.29um rpD:1 bl:0 ---a--C-----W-ASr-----bb-- [30.145um:30.855um] [30.145um:30.855um] 0.71um --S--st>
        <event:00001684 3:3378.51:11um> &<id:975403 Horizontal n(24) Metal2 [37um 30.5um] [47.5um 30.5um] 0.29um rpD:2 bl:0 ------CG-----wA-------tt-- [36.75um:47.75um] [36.75um:47.75um] 11um -----s->
        <event:00001685 0:8479.03:36.425um> &<id:972637 Horizontal abc_1402_new_n101 Metal2 [12um 33um] [47.965um 33um] 0.29um rpD:1 bl:0 ------CG----W---------t--- [11.75um:48.175um] [11.75um:48.175um] 36.425um ------->
        <event:00001686 4:8479.03:36.425um> &<id:972637 Horizontal abc_1402_new_n101 Metal2 [12um 33.5um] [47.965um 33.5um] 0.29um rpD:1 bl:0 ------CG----W---------t--- [11.75um:48.175um] [11.75um:48.175um] 36.425um ------->
        <event:00001687 3:4.23077:0.42um> &<id:974546 Vertical abc_1402_new_n223 Metal2 [22.285um 33um] [22.285um 33.5um] 0.21um rpD:0 bl:0 -X---UC---TD---------Pb--- [32.58um:33.92um] [22.075um:22.495um] 0.42um P------>
        <event:00001688 4:4.23077:0.42um> &<id:974546 Vertical abc_1402_new_n223 Metal2 [22.285um 33um] [22.285um 33.5um] 0.21um rpD:0 bl:0 -X---UC---TD---------Pb--- [32.58um:33.92um] [22.075um:22.495um] 0.42um P------>
        <event:00001689 3:4.23077:0.42um> &<id:974549 Vertical abc_1402_new_n223 Metal2 [28.755um 33um] [28.755um 33.5um] 0.21um rpD:0 bl:0 -X---UC---TD---------Pb--- [32.58um:33.92um] [28.545um:28.965um] 0.42um P------>
        <event:00001690 3:1628.31:6.89um> &<id:971218 Horizontal abc_1402_new_n223 Metal2 [22.285um 33.5um] [28.755um 33.5um] 0.29um rpD:1 bl:0 -----UCG----W------------- [22.075um:28.965um] [22.075um:28.965um] 6.89um ------->
        <event:00001691 3:8083.54:26.5um> &<id:972586 Vertical abc_1402_new_n129 Metal3 [38um 33.5um] [38um 59.5um] 0.29um rpD:1 bl:0 ------CG----W---------bb-- [33.25um:59.75um] [33.25um:59.75um] 26.5um ------->
        <event:00001692 0:4.23077:0.42um> &<id:974339 Vertical abc_1402_new_n101 Metal2 [47.965um 33um] [47.965um 33.5um] 0.21um rpD:0 bl:0 -X---UC---TD---------Pb--- [32.58um:33.92um] [47.755um:48.175um] 0.42um P------>
        <event:00001693 0:8479.03:36.425um> &<id:972637 Horizontal abc_1402_new_n101 Metal2 [12um 33.5um] [47.965um 33.5um] 0.29um rpD:1 bl:0 ------CG----W---------t--- [11.75um:48.175um] [11.75um:48.175um] 36.425um ------->
        <event:00001694 4:8479.03:36.425um> &<id:972637 Horizontal abc_1402_new_n101 Metal2 [12um 33.5um] [47.965um 33.5um] 0.29um rpD:1 bl:0 ------CG----W---------t--- [11.75um:48.175um] [11.75um:48.175um] 36.425um ------->
        <event:00001695 3:4.23077:0.42um> &<id:974546 Vertical abc_1402_new_n223 Metal2 [22.285um 33um] [22.285um 33.5um] 0.21um rpD:0 bl:0 -X---UC---TD---------Pb--- [32.58um:33.92um] [22.075um:22.495um] 0.42um P------>
        <event:00001696 4:4.23077:0.42um> &<id:974546 Vertical abc_1402_new_n223 Metal2 [22.285um 33um] [22.285um 33.5um] 0.21um rpD:0 bl:0 -X---UC---TD---------Pb--- [32.58um:33.92um] [22.075um:22.495um] 0.42um P------>
        <event:00001697 3:4.23077:0.42um> &<id:974549 Vertical abc_1402_new_n223 Metal2 [28.755um 33um] [28.755um 33.5um] 0.21um rpD:0 bl:0 -X---UC---TD---------Pb--- [32.58um:33.92um] [28.545um:28.965um] 0.42um P------>
        <event:00001698 3:1628.31:6.89um> &<id:971218 Horizontal abc_1402_new_n223 Metal2 [22.285um 33.5um] [28.755um 33.5um] 0.29um rpD:1 bl:0 -----UCG----W------------- [22.075um:28.965um] [22.075um:28.965um] 6.89um ------->
        <event:00001699 0:8479.03:36.425um> &<id:972637 Horizontal abc_1402_new_n101 Metal2 [12um 33.5um] [47.965um 33.5um] 0.29um rpD:1 bl:0 ------CG----W---------t--- [11.75um:48.175um] [11.75um:48.175um] 36.425um ------->
        <event:00001700 5:11119:36.5um> &<id:972637 Horizontal abc_1402_new_n101 Metal4 [12um 33.5um] [48um 33.5um] 0.29um rpD:2 bl:0 ------CG-----w--------bb-- [11.75um:48.25um] [11.75um:48.25um] 36.5um ------t>
        <event:00001701 3:196:0.715um> &<id:975407 Horizontal abc_1402_new_n101 Metal2 [47.75um 33.5um] [48.255um 33.5um] 0.29um rpD:1 bl:0 ---a--C-----W----------t-- [47.645um:48.36um] [47.645um:48.36um] 0.715um -----s->
        <event:00001702 3:254.982:1um> &<id:975406 Vertical abc_1402_new_n101 Metal3 [48um 33um] [48um 33.5um] 0.29um rpD:2 bl:0 ------C------wAS------tb-- [32.75um:33.75um] [32.75um:33.75um] 1um --S--st>
        <event:00001703 0:4.23077:0.42um> &<id:974339 Vertical abc_1402_new_n101 Metal2 [47.965um 33um] [47.965um 33.5um] 0.21um rpD:0 bl:0 -X---UC---TD---------Pb--- [32.58um:33.92um] [47.755um:48.175um] 0.42um P------>
        <event:00001704 0:6421.61:27.555um> &<id:972594 Horizontal abc_1402_new_n106 Metal2 [5.405um 56um] [32.5um 56um] 0.29um rpD:1 bl:0 ------CG----W----------t-- [5.195um:32.75um] [5.195um:32.75um] 27.555um ------->
        <event:00001705 0:4.23077:0.42um> &<id:974371 Vertical abc_1402_new_n106 Metal2 [5.405um 56um] [5.405um 56.5um] 0.21um rpD:0 bl:0 -X---UC---TD---------Pb--- [55.5801um:56.92um] [5.195um:5.615um] 0.42um P------>
        <event:00001706 0:6294.04:27.005um> &<id:972447 Horizontal abc_1402_new_n131 Metal2 [27.955um 27um] [54.5um 27um] 0.29um rpD:1 bl:0 ------CG----W----------t-- [27.745um:54.75um] [27.745um:54.75um] 27.005um ------->
        <event:00001707 0:4.23077:0.42um> &<id:974293 Vertical abc_1402_new_n131 Metal2 [27.955um 27um] [27.955um 27.5um] 0.21um rpD:0 bl:0 -X---UC---TD---------Pb--- [26.58um:27.92um] [27.745um:28.165um] 0.42um P------>
        <event:00001708 0:6156.44:36.765um> &<id:972623 Horizontal abc_1402_auto_rtlil_cc_2739_MuxGate_1373 Metal2 [16um 38um] [52.305um 38um] 0.29um rpD:1 bl:0 ------CG----W---------t--- [15.75um:52.515um] [15.75um:52.515um] 36.765um ------->
        <event:00001709 4:6156.44:36.765um> &<id:972623 Horizontal abc_1402_auto_rtlil_cc_2739_MuxGate_1373 Metal2 [16um 38um] [52.305um 38um] 0.29um rpD:1 bl:0 ------CG----W---------t--- [15.75um:52.515um] [15.75um:52.515um] 36.765um ------->
        <event:00001710 3:2164.31:7um> &<id:972241 Vertical n(26) Metal3 [34.5um 31.5um] [34.5um 38um] 0.29um rpD:1 bl:0 ------CG----W---------bb-- [31.25um:38.25um] [31.25um:38.25um] 7um ------->
        <event:00001711 0:352.692:3.145um> &<id:972240 Horizontal n(26) Metal2 [31.815um 38um] [34.5um 38um] 0.29um rpD:0 bl:0 -----UCG--T-----------bt-- [31.605um:34.75um] [31.605um:34.75um] 3.145um ------->
        <event:00001712 4:352.692:3.145um> &<id:972240 Horizontal n(26) Metal2 [31.815um 38um] [34.5um 38um] 0.29um rpD:0 bl:0 -----UCG--T-----------bt-- [31.605um:34.75um] [31.605um:34.75um] 3.145um ------->
        <event:00001713 0:2466.69:22.775um> &<id:972244 Horizontal n(26) Metal2 [9.5um 38um] [31.815um 38um] 0.29um rpD:0 bl:0 ------CG--T-----------tb-- [9.25um:32.025um] [9.25um:32.025um] 22.775um ------->
        <event:00001714 0:6156.44:36.765um> &<id:972623 Horizontal abc_1402_auto_rtlil_cc_2739_MuxGate_1373 Metal2 [16um 38um] [52.305um 38um] 0.29um rpD:1 bl:0 ------CG----W---------t--- [15.75um:52.515um] [15.75um:52.515um] 36.765um ------->
        <event:00001715 4:6156.44:36.765um> &<id:972623 Horizontal abc_1402_auto_rtlil_cc_2739_MuxGate_1373 Metal2 [16um 38um] [52.305um 38um] 0.29um rpD:1 bl:0 ------CG----W---------t--- [15.75um:52.515um] [15.75um:52.515um] 36.765um ------->
        <event:00001716 3:2164.31:7um> &<id:972241 Vertical n(26) Metal3 [34.5um 31.5um] [34.5um 38um] 0.29um rpD:1 bl:0 ------CG----W---------bb-- [31.25um:38.25um] [31.25um:38.25um] 7um ------->
        <event:00001717 0:352.692:3.145um> &<id:972240 Horizontal n(26) Metal2 [31.815um 38um] [34.5um 38um] 0.29um rpD:0 bl:0 -----UCG--T-----------bt-- [31.605um:34.75um] [31.605um:34.75um] 3.145um ------->
        <event:00001718 4:352.692:3.145um> &<id:972240 Horizontal n(26) Metal2 [31.815um 38um] [34.5um 38um] 0.29um rpD:0 bl:0 -----UCG--T-----------bt-- [31.605um:34.75um] [31.605um:34.75um] 3.145um ------->
        <event:00001719 0:2466.69:22.775um> &<id:972244 Horizontal n(26) Metal2 [9.5um 38um] [31.815um 38um] 0.29um rpD:0 bl:0 ------CG--T-----------tb-- [9.25um:32.025um] [9.25um:32.025um] 22.775um ------->
        <event:00001720 0:6156.44:36.765um> &<id:972623 Horizontal abc_1402_auto_rtlil_cc_2739_MuxGate_1373 Metal2 [16um 38um] [52.305um 38um] 0.29um rpD:1 bl:0 ------CG----W---------t--- [15.75um:52.515um] [15.75um:52.515um] 36.765um ------->
        <event:00001721 5:11270.8:37um> &<id:972623 Horizontal abc_1402_auto_rtlil_cc_2739_MuxGate_1373 Metal4 [16um 38um] [52.5um 38um] 0.29um rpD:2 bl:0 ------CG-----w--------bb-- [15.75um:52.75um] [15.75um:52.75um] 37um ------t>
        <event:00001722 3:141:0.715um> &<id:975411 Horizontal abc_1402_auto_rtlil_cc_2739_MuxGate_1373 Metal2 [52.17um 38um] [52.675um 38um] 0.29um rpD:1 bl:0 ---a--C-----W----------t-- [52.065um:52.78um] [52.065um:52.78um] 0.715um -----s->
        <event:00001723 3:254.982:0.71um> &<id:975410 Vertical abc_1402_auto_rtlil_cc_2739_MuxGate_1373 Metal3 [52.5um 37.75um] [52.5um 38.25um] 0.29um rpD:2 bl:0 ---a--C------wAS------tb-- [37.645um:38.355um] [37.645um:38.355um] 0.71um --S--st>
        <event:00001724 0:4.23077:0.42um> &<id:973251 Vertical abc_1402_auto_rtlil_cc_2739_MuxGate_1373 Metal2 [52.305um 38um] [52.305um 38um] 0.21um rpD:0 bl:0 -X---UC---TD---------Pb--- [37.58um:38.42um] [52.095um:52.515um] 0.42um P------>
        <event:00001725 0:5231.69:22.425um> &<id:972572 Horizontal abc_1402_new_n238 Metal2 [32.535um 4um] [54.5um 4um] 0.29um rpD:1 bl:0 ------CG----W----------t-- [32.325um:54.75um] [32.325um:54.75um] 22.425um ------->
        <event:00001726 0:4.23077:0.42um> &<id:974825 Vertical abc_1402_new_n238 Metal2 [32.535um 1um] [32.535um 1.5um] 0.21um rpD:0 bl:0 -X---UC---TD---------P-b-- [0.5801um:1.92um] [32.325um:32.745um] 0.42um P------>
        <event:00001727 0:5134.27:22.005um> &<id:972526 Horizontal abc_1402_new_n188 Metal2 [23.955um 56um] [45.5um 56um] 0.29um rpD:1 bl:0 ------CG----W----------t-- [23.745um:45.75um] [23.745um:45.75um] 22.005um ------->
        <event:00001728 0:4.23077:0.42um> &<id:974680 Vertical abc_1402_new_n188 Metal2 [23.955um 53um] [23.955um 53.5um] 0.21um rpD:0 bl:0 -X---UC---TD---------P-b-- [52.5801um:53.92um] [23.745um:24.165um] 0.42um P------>
        <event:00001729 0:4389.7:18.795um> &<id:970802 Horizontal clk_root_2 Metal2 [23um 38.5um] [41.335um 38.5um] 0.29um rpD:1 bl:0 ------CG----W---------t--- [22.75um:41.545um] [22.75um:41.545um] 18.795um ------->
        <event:00001730 0:4.23077:0.42um> &<id:972869 Vertical clk_root_2 Metal2 [41.335um 38.5um] [41.335um 39um] 0.21um rpD:0 bl:0 -X---UC---TD---------Pb--- [38.08um:39.42um] [41.125um:41.545um] 0.42um P------>
        <event:00001731 0:4343.31:18.595um> &<id:972468 Horizontal abc_1402_new_n158 Metal2 [22.865um 15.5um] [41um 15.5um] 0.29um rpD:1 bl:0 ------CG----W----------t-- [22.655um:41.25um] [22.655um:41.25um] 18.595um ------->
        <event:00001732 0:4.23077:0.42um> &<id:974717 Vertical abc_1402_new_n158 Metal2 [22.865um 13um] [22.865um 13.5um] 0.21um rpD:0 bl:0 -X---UC---TD---------P-b-- [12.58um:13.92um] [22.655um:23.075um] 0.42um P------>
        <event:00001733 0:4185.59:17.915um> &<id:972665 Horizontal inputs(1) Metal2 [38um 27um] [55.455um 27um] 0.29um rpD:1 bl:0 ------CG----W---------t--- [37.75um:55.665um] [37.75um:55.665um] 17.915um ------->
        <event:00001734 0:4.23077:0.42um> &<id:972688 Vertical inputs(1) Metal2 [55.455um 24.5um] [55.455um 25um] 0.21um rpD:0 bl:0 -X---UC---TD---------P-b-- [24.08um:25.42um] [55.245um:55.665um] 0.42um P------>
        <event:00001735 0:4102.08:17.555um> &<id:972454 Horizontal abc_1402_new_n109 Metal2 [5.405um 62um] [22.5um 62um] 0.29um rpD:1 bl:0 ------CG----W----------t-- [5.195um:22.75um] [5.195um:22.75um] 17.555um ------->
        <event:00001736 0:4.23077:0.42um> &<id:974779 Vertical abc_1402_new_n109 Metal2 [5.405um 59um] [5.405um 59.5um] 0.21um rpD:0 bl:0 -X---UC---TD---------P-b-- [58.5801um:59.92um] [5.195um:5.615um] 0.42um P------>
        <event:00001737 0:3907.24:16.715um> &<id:972289 Horizontal abc_1402_new_n182 Metal2 [28.5um 56um] [44.755um 56um] 0.29um rpD:1 bl:0 ------CG----W---------t--- [28.25um:44.965um] [28.25um:44.965um] 16.715um ------->
        <event:00001738 4:3907.24:16.715um> &<id:972289 Horizontal abc_1402_new_n182 Metal2 [28.5um 56.5um] [44.755um 56.5um] 0.29um rpD:1 bl:0 ------CG----W---------t--- [28.25um:44.965um] [28.25um:44.965um] 16.715um ------->
        <event:00001739 3:3378.51:11um> &<id:972081 Vertical abc_1402_new_n181 Metal3 [42.5um 56.5um] [42.5um 65um] 0.29um rpD:1 bl:0 ------CG----W---------bb-- [56.25um:65.25um] [54.25um:65.25um] 11um ------->
        <event:00001740 3:2771.41:9um> &<id:972593 Vertical abc_1402_new_n106 Metal3 [32.5um 56.5um] [32.5um 65um] 0.29um rpD:1 bl:0 ------CG----W---------bb-- [56.25um:65.25um] [56.25um:65.25um] 9um ------->
        <event:00001741 0:4.23077:0.42um> &<id:973881 Vertical abc_1402_new_n182 Metal2 [44.755um 56um] [44.755um 56.5um] 0.21um rpD:0 bl:0 -X---UC---TD---------Pb--- [55.5801um:56.92um] [44.545um:44.965um] 0.42um P------>
        <event:00001742 0:6421.61:27.555um> &<id:972594 Horizontal abc_1402_new_n106 Metal2 [5.405um 56.5um] [32.5um 56.5um] 0.29um rpD:1 bl:0 ------CG----W----------t-- [5.195um:32.75um] [5.195um:32.75um] 27.555um ------->
        <event:00001743 4:6421.61:27.555um> &<id:972594 Horizontal abc_1402_new_n106 Metal2 [5.405um 56.5um] [32.5um 56.5um] 0.29um rpD:1 bl:0 ------CG----W----------t-- [5.195um:32.75um] [5.195um:32.75um] 27.555um ------->
        <event:00001744 3:1708.99:5.5um> &<id:972290 Vertical abc_1402_new_n182 Metal3 [28.5um 56.5um] [28.5um 59.5um] 0.29um rpD:1 bl:0 ------CG----W---------bb-- [56.25um:59.75um] [54.25um:59.75um] 5.5um ------->
        <event:00001745 0:3907.24:16.715um> &<id:972289 Horizontal abc_1402_new_n182 Metal2 [28.5um 56.5um] [44.755um 56.5um] 0.29um rpD:1 bl:0 ------CG----W---------t--- [28.25um:44.965um] [28.25um:44.965um] 16.715um ------->
        <event:00001746 4:3907.24:16.715um> &<id:972289 Horizontal abc_1402_new_n182 Metal2 [28.5um 56.5um] [44.755um 56.5um] 0.29um rpD:1 bl:0 ------CG----W---------t--- [28.25um:44.965um] [28.25um:44.965um] 16.715um ------->
        <event:00001747 3:2771.41:9um> &<id:972593 Vertical abc_1402_new_n106 Metal3 [32.5um 56.5um] [32.5um 65um] 0.29um rpD:1 bl:0 ------CG----W---------bb-- [56.25um:65.25um] [56.25um:65.25um] 9um ------->
        <event:00001748 0:6421.61:27.555um> &<id:972594 Horizontal abc_1402_new_n106 Metal2 [5.405um 56.5um] [32.5um 56.5um] 0.29um rpD:1 bl:0 ------CG----W----------t-- [5.195um:32.75um] [5.195um:32.75um] 27.555um ------->
        <event:00001749 5:196:0.715um> &<id:972594 Horizontal abc_1402_new_n106 Metal2 [5.3um 56.5um] [5.805um 56.5um] 0.29um rpD:1 bl:0 ---a--C-----W----------t-- [5.195um:5.91um] [5.195um:5.91um] 0.715um ------t>
        <event:00001750 3:254.982:1um> &<id:975414 Vertical abc_1402_new_n106 Metal3 [5.5um 56um] [5.5um 56.5um] 0.29um rpD:2 bl:0 ------C------wAS------bt-- [55.75um:56.75um] [55.75um:56.75um] 1um --S--st>
        <event:00001751 3:8387.09:27.5um> &<id:975415 Horizontal abc_1402_new_n106 Metal4 [5.5um 56.5um] [32.5um 56.5um] 0.29um rpD:2 bl:0 ------CG-----w--------bb-- [5.25um:32.75um] [5.25um:32.75um] 27.5um -----s->
        <event:00001752 0:4.23077:0.42um> &<id:974371 Vertical abc_1402_new_n106 Metal2 [5.405um 56um] [5.405um 56um] 0.21um rpD:0 bl:0 -X---UC---TD---------Pb--- [55.5801um:56.42um] [5.195um:5.615um] 0.42um P------>
        <event:00001753 0:3605.7:15.415um> &<id:972315 Horizontal inputs(5) Metal2 [16.5um 1.5um] [31.455um 1.5um] 0.29um rpD:1 bl:0 ------CG----W---------t--- [16.25um:31.665um] [16.25um:31.665um] 15.415um ------->
        <event:00001754 0:4.23077:0.42um> &<id:972743 Vertical inputs(5) Metal2 [31.455um 1um] [31.455um 1.5um] 0.21um rpD:0 bl:0 -X---UC---TD---------P-b-- [0.5801um:1.92um] [31.245um:31.665um] 0.42um P------>
        <event:00001755 0:3568.59:15.255um> &<id:972426 Horizontal abc_1402_auto_rtlil_cc_2739_MuxGate_1385 Metal2 [25um 18.5um] [39.795um 18.5um] 0.29um rpD:1 bl:0 ------CG----W---------t--- [24.75um:40.005um] [24.75um:40.005um] 15.255um ------->
        <event:00001756 0:4.23077:0.42um> &<id:973288 Vertical abc_1402_auto_rtlil_cc_2739_MuxGate_1385 Metal2 [39.795um 21.5um] [39.795um 22um] 0.21um rpD:0 bl:0 -X---UC---TD---------Pb--- [21.0801um:22.42um] [39.585um:40.005um] 0.42um P------>
        <event:00001757 4:4.23077:0.42um> &<id:973288 Vertical abc_1402_auto_rtlil_cc_2739_MuxGate_1385 Metal2 [39.795um 21.5um] [39.795um 22um] 0.21um rpD:0 bl:0 -X---UC---TD---------Pb--- [21.0801um:22.42um] [39.585um:40.005um] 0.42um P------>
        <event:00001758 3:1557.21:5um> &<id:971141 Vertical n(30) Metal3 [41.5um 21.5um] [41.5um 26um] 0.29um rpD:2 bl:0 ------CG-----w--------bb-- [21.25um:26.25um] [21.25um:26.25um] 5um ------->
        <event:00001759 0:502.749:1.455um> &<id:974973 Horizontal n(30) Metal2 [38.505um 21.5um] [39.5um 21.5um] 0.29um rpD:0 bl:0 -----UC---T-----------bt-- [38.295um:39.75um] [38.295um:39.75um] 1.455um ------->
        <event:00001760 0:3524.54:17.545um> &<id:972558 Horizontal abc_1402_auto_rtlil_cc_2739_MuxGate_1361 Metal2 [17.915um 56um] [35um 56um] 0.29um rpD:1 bl:0 ------CG----W----------t-- [17.705um:35.25um] [17.705um:35.25um] 17.545um ------->
        <event:00001761 4:3524.54:17.545um> &<id:972558 Horizontal abc_1402_auto_rtlil_cc_2739_MuxGate_1361 Metal2 [17.915um 56.5um] [35um 56.5um] 0.29um rpD:1 bl:0 ------CG----W----------t-- [17.705um:35.25um] [17.705um:35.25um] 17.545um ------->
        <event:00001762 3:1708.99:5.5um> &<id:972290 Vertical abc_1402_new_n182 Metal3 [28.5um 56.5um] [28.5um 59.5um] 0.29um rpD:1 bl:0 ------CG----W---------bb-- [56.25um:59.75um] [54.25um:59.75um] 5.5um ------->
        <event:00001763 0:4.23077:0.42um> &<id:973130 Vertical abc_1402_auto_rtlil_cc_2739_MuxGate_1361 Metal2 [17.915um 56um] [17.915um 56.5um] 0.21um rpD:0 bl:0 -X---UC---TD---------Pb--- [55.5801um:56.92um] [17.705um:18.125um] 0.42um P------>
        <event:00001764 0:3907.24:16.715um> &<id:972289 Horizontal abc_1402_new_n182 Metal2 [28.5um 56.5um] [44.755um 56.5um] 0.29um rpD:1 bl:0 ------CG----W---------t--- [28.25um:44.965um] [28.25um:44.965um] 16.715um ------->
        <event:00001765 5:5048.04:16.5um> &<id:972289 Horizontal abc_1402_new_n182 Metal4 [28.5um 56.5um] [44.5um 56.5um] 0.29um rpD:2 bl:0 ------CG-----w--------bb-- [28.25um:44.75um] [28.25um:44.75um] 16.5um ------t>
        <event:00001766 3:196:0.715um> &<id:975419 Horizontal abc_1402_new_n182 Metal2 [44.5um 56.5um] [44.755um 56.5um] 0.29um rpD:1 bl:0 ------C-----W---------t--- [44.25um:44.965um] [44.25um:44.965um] 0.715um -----s->
        <event:00001767 3:254.982:1um> &<id:975418 Vertical abc_1402_new_n182 Metal3 [44.5um 56um] [44.5um 56.5um] 0.29um rpD:2 bl:0 ------C------wAS------tb-- [55.75um:56.75um] [55.75um:56.75um] 1um --S--st>
        <event:00001768 0:4.23077:0.42um> &<id:973881 Vertical abc_1402_new_n182 Metal2 [44.755um 56um] [44.755um 56.5um] 0.21um rpD:0 bl:0 -X---UC---TD---------Pb--- [55.5801um:56.92um] [44.545um:44.965um] 0.42um P------>
        <event:00001769 0:3515.24:15.025um> &<id:972440 Horizontal abc_1402_new_n103 Metal2 [35um 38.5um] [49.565um 38.5um] 0.29um rpD:1 bl:0 ------CG----W---------t--- [34.75um:49.775um] [34.75um:49.775um] 15.025um ------->
        <event:00001770 0:4.23077:0.42um> &<id:974352 Vertical abc_1402_new_n103 Metal2 [49.565um 38um] [49.565um 38um] 0.21um rpD:0 bl:0 -X---UC---TD---------Pb--- [37.58um:38.42um] [49.355um:49.775um] 0.42um P------>
        <event:00001771 0:3429.42:14.655um> &<id:971555 Horizontal n(19) Metal2 [19.805um 54.5um] [34um 54.5um] 0.29um rpD:1 bl:0 ------CG----W----------t-- [19.595um:34.25um] [19.595um:34.25um] 14.655um ------->
        <event:00001772 4:3429.42:14.655um> &<id:971555 Horizontal n(19) Metal2 [19.805um 56.5um] [34um 56.5um] 0.29um rpD:1 bl:0 ------CG----W----------t-- [19.595um:34.25um] [19.595um:34.25um] 14.655um ------->
        <event:00001773 3:2923.19:9.5um> &<id:972557 Vertical abc_1402_auto_rtlil_cc_2739_MuxGate_1361 Metal3 [35um 56.5um] [35um 65.5um] 0.29um rpD:1 bl:0 ------CG----W---------bb-- [56.25um:65.75um] [56.25um:65.75um] 9.5um ------->
        <event:00001774 0:4.23077:0.42um> &<id:974841 Vertical n(19) Metal2 [19.805um 56um] [19.805um 56.5um] 0.21um rpD:0 bl:0 -X---UC---TD---------Pb--- [55.5801um:56.92um] [19.595um:20.015um] 0.42um P------>
        <event:00001775 0:3524.54:17.545um> &<id:972558 Horizontal abc_1402_auto_rtlil_cc_2739_MuxGate_1361 Metal2 [17.915um 56.5um] [35um 56.5um] 0.29um rpD:1 bl:0 ------CG----W----------t-- [17.705um:35.25um] [17.705um:35.25um] 17.545um ------->
        <event:00001776 4:3524.54:17.545um> &<id:972558 Horizontal abc_1402_auto_rtlil_cc_2739_MuxGate_1361 Metal2 [17.915um 56.5um] [35um 56.5um] 0.29um rpD:1 bl:0 ------CG----W----------t-- [17.705um:35.25um] [17.705um:35.25um] 17.545um ------->
        <event:00001777 3:4.23077:0.42um> &<id:974841 Vertical n(19) Metal2 [19.805um 56um] [19.805um 56.5um] 0.21um rpD:0 bl:0 -X---UC---TD---------Pb--- [55.5801um:56.92um] [19.595um:20.015um] 0.42um P------>
        <event:00001778 4:4.23077:0.42um> &<id:974841 Vertical n(19) Metal2 [19.805um 56um] [19.805um 56.5um] 0.21um rpD:0 bl:0 -X---UC---TD---------Pb--- [55.5801um:56.92um] [19.595um:20.015um] 0.42um P------>
        <event:00001779 3:2164.31:7um> &<id:971557 Vertical n(19) Metal3 [34um 57um] [34um 61um] 0.29um rpD:1 bl:0 ------CG----W---------bb-- [56.75um:61.25um] [54.25um:61.25um] 7um ------->
        <event:00001780 0:3524.54:17.545um> &<id:972558 Horizontal abc_1402_auto_rtlil_cc_2739_MuxGate_1361 Metal2 [17.915um 56.5um] [35um 56.5um] 0.29um rpD:1 bl:0 ------CG----W----------t-- [17.705um:35.25um] [17.705um:35.25um] 17.545um ------->
        <event:00001781 5:168.5:0.715um> &<id:972558 Horizontal abc_1402_auto_rtlil_cc_2739_MuxGate_1361 Metal2 [17.81um 56.5um] [18.315um 56.5um] 0.29um rpD:1 bl:0 ---a--C-----W----------t-- [17.705um:18.42um] [17.705um:18.42um] 0.715um ------t>
        <event:00001782 3:254.982:1um> &<id:975422 Vertical abc_1402_auto_rtlil_cc_2739_MuxGate_1361 Metal3 [18um 56um] [18um 56.5um] 0.29um rpD:2 bl:0 ------C------wAS------bt-- [55.75um:56.75um] [55.75um:56.75um] 1um --S--st>
        <event:00001783 3:5351.59:17.5um> &<id:975423 Horizontal abc_1402_auto_rtlil_cc_2739_MuxGate_1361 Metal4 [18um 56.5um] [35um 56.5um] 0.29um rpD:2 bl:0 ------CG-----w--------bb-- [17.75um:35.25um] [17.75um:35.25um] 17.5um -----s->
        <event:00001784 0:4.23077:0.42um> &<id:973130 Vertical abc_1402_auto_rtlil_cc_2739_MuxGate_1361 Metal2 [17.915um 56um] [17.915um 56um] 0.21um rpD:0 bl:0 -X---UC---TD---------Pb--- [55.5801um:56.42um] [17.705um:18.125um] 0.42um P------>
        <event:00001785 0:3429.42:14.655um> &<id:971555 Horizontal n(19) Metal2 [19.805um 56.5um] [34um 56.5um] 0.29um rpD:1 bl:0 ------CG----W----------t-- [19.595um:34.25um] [19.595um:34.25um] 14.655um ------->
        <event:00001786 0:3388.94:16.865um> &<id:972533 Horizontal abc_1402_new_n254 Metal2 [56.5um 15um] [72.905um 15um] 0.29um rpD:1 bl:0 ------CG----W---------t--- [56.25um:73.115um] [56.25um:73.115um] 16.865um ------->
        <event:00001787 4:3388.94:16.865um> &<id:972533 Horizontal abc_1402_new_n254 Metal2 [56.5um 13um] [72.905um 13um] 0.29um rpD:1 bl:0 ------CG----W---------t--- [56.25um:73.115um] [56.25um:73.115um] 16.865um ------->
        <event:00001788 3:4.23077:0.42um> &<id:974604 Vertical abc_1402_new_n242 Metal2 [67.155um 13um] [67.155um 13.5um] 0.21um rpD:0 bl:0 -X---UC---TD---------P-b-- [12.58um:13.92um] [66.945um:67.365um] 0.42um P------>
        <event:00001789 4:4.23077:0.42um> &<id:974604 Vertical abc_1402_new_n242 Metal2 [67.155um 13um] [67.155um 13.5um] 0.21um rpD:0 bl:0 -X---UC---TD---------P-b-- [12.58um:13.92um] [66.945um:67.365um] 0.42um P------>
        <event:00001790 3:343.012:1um> &<id:975348 Vertical abc_1402_new_n242 Metal3 [67um 13um] [67um 13.5um] 0.29um rpD:2 bl:0 ------C------wAS------bt-- [12.75um:13.75um] [12.75um:13.75um] 1um --S--st>
        <event:00001791 0:4.23077:0.42um> &<id:974651 Vertical abc_1402_new_n254 Metal2 [72.905um 13um] [72.905um 13.5um] 0.21um rpD:0 bl:0 -X---UC---TD---------P-b-- [12.58um:13.92um] [72.695um:73.115um] 0.42um P------>
        <event:00001792 0:3388.94:16.865um> &<id:972533 Horizontal abc_1402_new_n254 Metal2 [56.5um 13um] [72.905um 13um] 0.29um rpD:1 bl:0 ------CG----W---------t--- [56.25um:73.115um] [56.25um:73.115um] 16.865um ------->
        <event:00001793 4:3388.94:16.865um> &<id:972533 Horizontal abc_1402_new_n254 Metal2 [56.5um 13um] [72.905um 13um] 0.29um rpD:1 bl:0 ------CG----W---------t--- [56.25um:73.115um] [56.25um:73.115um] 16.865um ------->
        <event:00001794 1:196:0.715um> &<id:971571 Horizontal abc_1402_new_n242 Metal2 [66.855um 13um] [67.36um 13um] 0.29um rpD:1 bl:0 ---a--C-----W---------t--- [66.75um:67.465um] [66.75um:67.465um] 0.715um ------t>
        <event:00001795 4:196:0.715um> &<id:971571 Horizontal abc_1402_new_n242 Metal2 [66.855um 13.5um] [67.36um 13.5um] 0.29um rpD:1 bl:0 ---a--C-----W---------t--- [66.75um:67.465um] [66.75um:67.465um] 0.715um ------t>
        <event:00001796 3:196:0.715um> &<id:971571 Horizontal abc_1402_new_n242 Metal2 [66.855um 13um] [67.36um 13um] 0.29um rpD:1 bl:0 ---a--C-----W---------t--- [66.75um:67.465um] [66.75um:67.465um] 0.715um ------t>
        <event:00001797 3:2316.09:7.5um> &<id:972343 Vertical outputs(4) Metal3 [66.5um 13.5um] [66.5um 20.5um] 0.29um rpD:1 bl:0 ------CG----W---------bb-- [13.25um:20.75um] [13.25um:20.75um] 7.5um ------->
        <event:00001798 3:1253.66:4um> &<id:972342 Vertical outputs(4) Metal3 [66.5um 10um] [66.5um 13.5um] 0.29um rpD:1 bl:0 ------CG----W---------bb-- [9.75um:13.75um] [9.75um:13.75um] 4um ------->
        <event:00001799 0:4.23077:0.42um> &<id:974604 Vertical abc_1402_new_n242 Metal2 [67.155um 13um] [67.155um 13.5um] 0.21um rpD:0 bl:0 -X---UC---TD---------P-b-- [12.58um:13.92um] [66.945um:67.365um] 0.42um P------>
        <event:00001800 0:4.23077:0.42um> &<id:974651 Vertical abc_1402_new_n254 Metal2 [72.905um 13um] [72.905um 13.5um] 0.21um rpD:0 bl:0 -X---UC---TD---------P-b-- [12.58um:13.92um] [72.695um:73.115um] 0.42um P------>
        <event:00001801 0:157.766:0.995um> &<id:972849 Horizontal outputs(4) Metal2 [65.945um 13.5um] [66.73um 13.5um] 0.29um rpD:0 bl:0 ---a-UC---T-----------bt-- [65.84um:66.835um] [65.84um:66.835um] 0.995um ------->
        <event:00001802 0:3388.94:16.865um> &<id:972533 Horizontal abc_1402_new_n254 Metal2 [56.5um 13um] [72.905um 13um] 0.29um rpD:1 bl:0 ------CG----W---------t--- [56.25um:73.115um] [56.25um:73.115um] 16.865um ------->
        <event:00001803 5:5199.82:17um> &<id:972533 Horizontal abc_1402_new_n254 Metal4 [56.5um 13um] [73um 13um] 0.29um rpD:2 bl:0 ------CG-----w--------bb-- [56.25um:73.25um] [56.25um:73.25um] 17um ------t>
        <event:00001804 3:168.5:0.715um> &<id:975427 Horizontal abc_1402_new_n254 Metal2 [72.72um 13um] [73.225um 13um] 0.29um rpD:1 bl:0 ---a--C-----W----------t-- [72.615um:73.33um] [72.615um:73.33um] 0.715um -----s->
        <event:00001805 3:254.982:2.5um> &<id:975426 Vertical abc_1402_new_n254 Metal3 [73um 13um] [73um 15um] 0.29um rpD:2 bl:0 ------C------wAS------bt-- [12.75um:15.25um] [12.75um:15.25um] 2.5um --S--st>
        <event:00001806 0:4.23077:0.42um> &<id:974651 Vertical abc_1402_new_n254 Metal2 [72.905um 13um] [72.905um 13.5um] 0.21um rpD:0 bl:0 -X---UC---TD---------P-b-- [12.58um:13.92um] [72.695um:73.115um] 0.42um P------>
        <event:00001807 0:3352.88:14.325um> &<id:972433 Horizontal abc_1402_new_n235 Metal2 [34.135um 4um] [48um 4um] 0.29um rpD:1 bl:0 ------CG----W----------t-- [33.925um:48.25um] [33.925um:48.25um] 14.325um ------->
        <event:00001808 4:3352.88:14.325um> &<id:972433 Horizontal abc_1402_new_n235 Metal2 [34.135um 1um] [48um 1um] 0.29um rpD:1 bl:0 ------CG----W----------t-- [33.925um:48.25um] [33.925um:48.25um] 14.325um ------->
        <event:00001809 0:4.23077:0.42um> &<id:974584 Vertical abc_1402_new_n235 Metal2 [34.135um 1um] [34.135um 1.5um] 0.21um rpD:0 bl:0 -X---UC---TD---------P-b-- [0.5801um:1.92um] [33.925um:34.345um] 0.42um P------>
        <event:00001810 0:5231.69:22.425um> &<id:972572 Horizontal abc_1402_new_n238 Metal2 [32.535um 1um] [54.5um 1um] 0.29um rpD:1 bl:0 ------CG----W----------t-- [32.325um:54.75um] [32.325um:54.75um] 22.425um ------->
        <event:00001811 4:5231.69:22.425um> &<id:972572 Horizontal abc_1402_new_n238 Metal2 [32.535um 1um] [54.5um 1um] 0.29um rpD:1 bl:0 ------CG----W----------t-- [32.325um:54.75um] [32.325um:54.75um] 22.425um ------->
        <event:00001812 3:4.23077:0.42um> &<id:974584 Vertical abc_1402_new_n235 Metal2 [34.135um 1um] [34.135um 1.5um] 0.21um rpD:0 bl:0 -X---UC---TD---------P-b-- [0.5801um:1.92um] [33.925um:34.345um] 0.42um P------>
        <event:00001813 4:4.23077:0.42um> &<id:974584 Vertical abc_1402_new_n235 Metal2 [34.135um 1um] [34.135um 1.5um] 0.21um rpD:0 bl:0 -X---UC---TD---------P-b-- [0.5801um:1.92um] [33.925um:34.345um] 0.42um P------>
        <event:00001814 3:2316.09:7.5um> &<id:972432 Vertical abc_1402_new_n235 Metal3 [48um 1um] [48um 8um] 0.29um rpD:1 bl:0 ------CG----W---------bb-- [0.75um:8.25um] [0.75um:8.25um] 7.5um ------->
        <event:00001815 0:5231.69:22.425um> &<id:972572 Horizontal abc_1402_new_n238 Metal2 [32.535um 1um] [54.5um 1um] 0.29um rpD:1 bl:0 ------CG----W----------t-- [32.325um:54.75um] [32.325um:54.75um] 22.425um ------->
        <event:00001816 5:196:0.715um> &<id:972572 Horizontal abc_1402_new_n238 Metal2 [32.355um 1um] [32.86um 1um] 0.29um rpD:1 bl:0 ---a--C-----W---------t--- [32.25um:32.965um] [32.25um:32.965um] 0.715um ------t>
        <event:00001817 3:254.982:0.71um> &<id:975430 Vertical abc_1402_new_n238 Metal3 [32.5um 0.75um] [32.5um 1.25um] 0.29um rpD:2 bl:0 ---a--C------wAS------bt-- [0.645um:1.355um] [0.645um:1.355um] 0.71um --S--st>
        <event:00001818 3:6869.34:22.5um> &<id:975431 Horizontal abc_1402_new_n238 Metal4 [32.5um 1um] [54.5um 1um] 0.29um rpD:2 bl:0 ------CG-----w--------bb-- [32.25um:54.75um] [32.25um:54.75um] 22.5um -----s->
        <event:00001819 0:4.23077:0.42um> &<id:974825 Vertical abc_1402_new_n238 Metal2 [32.535um 1um] [32.535um 1.5um] 0.21um rpD:0 bl:0 -X---UC---TD---------P-b-- [0.5801um:1.92um] [32.325um:32.745um] 0.42um P------>
        <event:00001820 0:3352.88:14.325um> &<id:972433 Horizontal abc_1402_new_n235 Metal2 [34.135um 1um] [48um 1um] 0.29um rpD:1 bl:0 ------CG----W----------t-- [33.925um:48.25um] [33.925um:48.25um] 14.325um ------->
        <event:00001821 0:3301.85:14.105um> &<id:972399 Horizontal abc_1402_new_n208 Metal2 [29um 50um] [42.645um 50um] 0.29um rpD:1 bl:0 ------CG----W---------t--- [28.75um:42.855um] [28.75um:42.855um] 14.105um ------->
        <event:00001822 0:4.23077:0.42um> &<id:974795 Vertical abc_1402_new_n208 Metal2 [42.645um 50um] [42.645um 50.5um] 0.21um rpD:0 bl:0 -X---UC---TD---------Pb--- [49.58um:50.92um] [42.435um:42.855um] 0.42um P------>
        <event:00001823 0:3297.23:19.63um> &<id:972392 Horizontal abc_1402_auto_rtlil_cc_2739_MuxGate_1381 Metal2 [3.505um 31.5um] [22.715um 31.5um] 0.29um rpD:1 bl:0 ------CG----W------------- [3.295um:22.925um] [3.295um:22.925um] 19.63um ------->
        <event:00001824 4:3297.23:19.63um> &<id:972392 Horizontal abc_1402_auto_rtlil_cc_2739_MuxGate_1381 Metal2 [3.505um 30.5um] [22.715um 30.5um] 0.29um rpD:1 bl:0 ------CG----W------------- [3.295um:22.925um] [3.295um:22.925um] 19.63um ------->
        <event:00001825 3:1405.44:4.5um> &<id:972172 Vertical n(29) Metal3 [9.5um 26.5um] [9.5um 30.5um] 0.29um rpD:1 bl:0 -----UCG----W---------bb-- [26.25um:30.75um] [26.25um:30.75um] 4.5um ------->
        <event:00001826 0:4.23077:0.42um> &<id:973271 Vertical abc_1402_auto_rtlil_cc_2739_MuxGate_1381 Metal2 [3.505um 30.5um] [3.505um 31um] 0.21um rpD:0 bl:0 -X---UC---TD---------P-b-- [30.08um:31.42um] [3.295um:3.715um] 0.42um P------>
        <event:00001827 4:4.23077:0.42um> &<id:973271 Vertical abc_1402_auto_rtlil_cc_2739_MuxGate_1381 Metal2 [3.505um 30.5um] [3.505um 31um] 0.21um rpD:0 bl:0 -X---UC---TD---------P-b-- [30.08um:31.42um] [3.295um:3.715um] 0.42um P------>
        <event:00001828 3:1708.99:5.5um> &<id:970892 Vertical clk_root_0 Metal3 [3um 26.5um] [3um 31um] 0.29um rpD:1 bl:0 ------CG----W---------bb-- [26.25um:31.25um] [26.25um:31.75um] 5.5um ------->
        <event:00001829 0:4.23077:0.42um> &<id:973274 Vertical abc_1402_auto_rtlil_cc_2739_MuxGate_1381 Metal2 [22.715um 30.5um] [22.715um 31um] 0.21um rpD:0 bl:0 -X---UC---TD---------P-b-- [30.08um:31.42um] [22.505um:22.925um] 0.42um P------>
        <event:00001830 0:270.402:1.435um> &<id:974949 Horizontal n(29) Metal2 [8.525um 30.5um] [9.5um 30.5um] 0.29um rpD:0 bl:0 -----UC---T-----------bt-- [8.315um:9.75um] [8.315um:9.75um] 1.435um ------->
        <event:00001831 0:1637.1:8.345um> &<id:970893 Horizontal clk_root_0 Metal2 [4um 31um] [11.885um 31um] 0.29um rpD:0 bl:0 -----UCG--T-----------tb-- [3.75um:12.095um] [3.75um:12.095um] 8.345um ------->
        <event:00001832 0:3212.54:13.72um> &<id:972106 Horizontal abc_1402_new_n247 Metal2 [61.055um 20um] [74.355um 20um] 0.29um rpD:1 bl:0 ------CG----W------------- [60.845um:74.565um] [60.845um:74.565um] 13.72um ------->
        <event:00001833 0:4.23077:0.42um> &<id:974626 Vertical abc_1402_new_n247 Metal2 [61.055um 21.5um] [61.055um 22um] 0.21um rpD:0 bl:0 -X---UC---TD---------Pb--- [21.0801um:22.42um] [60.845um:61.265um] 0.42um P------>
        <event:00001834 4:4.23077:0.42um> &<id:974626 Vertical abc_1402_new_n247 Metal2 [61.055um 21.5um] [61.055um 22um] 0.21um rpD:0 bl:0 -X---UC---TD---------Pb--- [21.0801um:22.42um] [60.845um:61.265um] 0.42um P------>
        <event:00001835 0:4.23077:0.42um> &<id:974629 Vertical abc_1402_new_n247 Metal2 [74.355um 21.5um] [74.355um 22um] 0.21um rpD:0 bl:0 -X---UC---TD---------Pb--- [21.0801um:22.42um] [74.145um:74.565um] 0.42um P------>
        <event:00001836 0:1314.72:9.245um> &<id:970923 Horizontal abc_1402_new_n95 Metal2 [58.215um 21.5um] [67um 21.5um] 0.29um rpD:0 bl:0 -----UCG--T-----------bt-- [58.005um:67.25um] [58.005um:67.25um] 9.245um ------->
        <event:00001837 4:1314.72:9.245um> &<id:970923 Horizontal abc_1402_new_n95 Metal2 [58.215um 21.5um] [67um 21.5um] 0.29um rpD:0 bl:0 -----UCG--T-----------bt-- [58.005um:67.25um] [58.005um:67.25um] 9.245um ------->
        <event:00001838 1:3212.54:13.72um> &<id:972106 Horizontal abc_1402_new_n247 Metal2 [61.055um 22um] [74.355um 22um] 0.29um rpD:1 bl:0 ------CG----W------------- [60.845um:74.565um] [60.845um:74.565um] 13.72um ------->
        <event:00001839 0:4.23077:0.42um> &<id:974626 Vertical abc_1402_new_n247 Metal2 [61.055um 21.5um] [61.055um 22um] 0.21um rpD:0 bl:0 -X---UC---TD---------Pb--- [21.0801um:22.42um] [60.845um:61.265um] 0.42um P------>
        <event:00001840 4:4.23077:0.42um> &<id:974626 Vertical abc_1402_new_n247 Metal2 [61.055um 21.5um] [61.055um 22um] 0.21um rpD:0 bl:0 -X---UC---TD---------Pb--- [21.0801um:22.42um] [60.845um:61.265um] 0.42um P------>
        <event:00001841 0:1314.72:9.245um> &<id:970923 Horizontal abc_1402_new_n95 Metal2 [58.215um 21.5um] [67um 21.5um] 0.29um rpD:0 bl:0 -----UCG--T-----------bt-- [58.005um:67.25um] [58.005um:67.25um] 9.245um ------->
        <event:00001842 4:1314.72:9.245um> &<id:970923 Horizontal abc_1402_new_n95 Metal2 [58.215um 20um] [67um 20um] 0.29um rpD:0 bl:0 -----UCG--T-----------bt-- [58.005um:67.25um] [58.005um:67.25um] 9.245um ------->
        <event:00001843 0:545.521:3.76um> &<id:974838 Horizontal abc_1402_new_n249 Metal2 [64.615um 20um] [67.955um 20um] 0.29um rpD:0 bl:0 -----UC---T-----------bb-- [64.405um:68.165um] [64.405um:68.165um] 3.76um ------->
        <event:00001844 4:545.521:3.76um> &<id:974838 Horizontal abc_1402_new_n249 Metal2 [64.615um 21.5um] [67.955um 21.5um] 0.29um rpD:0 bl:0 -----UC---T-----------bb-- [64.405um:68.165um] [64.405um:68.165um] 3.76um ------->
        <event:00001845 3:2467.86:8um> &<id:970922 Vertical abc_1402_new_n95 Metal3 [67um 14um] [67um 20um] 0.29um rpD:1 bl:0 ------CG----W---------bb-- [13.75um:20.25um] [13.75um:21.75um] 8um ------->
        <event:00001846 0:118.5:2.945um> &<id:973371 Horizontal abc_1402_new_n95 Metal2 [67.015um 21.5um] [69.5um 21.5um] 0.29um rpD:0 bl:0 -----UC---T-----------bt-- [66.805um:69.75um] [66.805um:69.75um] 2.945um ------->
        <event:00001847 0:2994.51:12.78um> &<id:972073 Horizontal abc_1402_new_n198 Metal2 [3.085um 54.5um] [15.445um 54.5um] 0.29um rpD:1 bl:0 ------CG----W------------- [2.875um:15.655um] [2.875um:15.655um] 12.78um ------->
        <event:00001848 0:4.23077:0.42um> &<id:974667 Vertical abc_1402_new_n198 Metal2 [3.085um 56um] [3.085um 56.5um] 0.21um rpD:0 bl:0 -X---UC---TD---------Pb--- [55.5801um:56.92um] [2.875um:3.295um] 0.42um P------>
        <event:00001849 0:4.23077:0.42um> &<id:974670 Vertical abc_1402_new_n198 Metal2 [15.445um 56um] [15.445um 56.5um] 0.21um rpD:0 bl:0 -X---UC---TD---------Pb--- [55.5801um:56.92um] [15.235um:15.655um] 0.42um P------>
        <event:00001850 0:2948.12:12.58um> &<id:972015 Horizontal abc_1402_new_n115 Metal2 [63.005um 60.5um] [75.165um 60.5um] 0.29um rpD:1 bl:0 ------CG----W------------- [62.795um:75.375um] [62.795um:75.375um] 12.58um ------->
        <event:00001851 0:4.23077:0.42um> &<id:974414 Vertical abc_1402_new_n115 Metal2 [63.005um 61.5um] [63.005um 61.5um] 0.21um rpD:0 bl:0 -X---UC---TD---------P-b-- [61.0801um:61.92um] [62.795um:63.215um] 0.42um P------>
        <event:00001852 0:4.23077:0.42um> &<id:974417 Vertical abc_1402_new_n115 Metal2 [75.165um 61.5um] [75.165um 61.5um] 0.21um rpD:0 bl:0 -X---UC---TD---------P-b-- [61.0801um:61.92um] [74.955um:75.375um] 0.42um P------>
        <event:00001853 0:2896.76:17.23um> &<id:972279 Horizontal abc_1402_auto_rtlil_cc_2739_MuxGate_1379 Metal2 [10.705um 37.5um] [27.515um 37.5um] 0.29um rpD:1 bl:0 ------CG----W------------- [10.495um:27.725um] [10.495um:27.725um] 17.23um ------->
        <event:00001854 4:2896.76:17.23um> &<id:972279 Horizontal abc_1402_auto_rtlil_cc_2739_MuxGate_1379 Metal2 [10.705um 37um] [27.515um 37um] 0.29um rpD:1 bl:0 ------CG----W------------- [10.495um:27.725um] [10.495um:27.725um] 17.23um ------->
        <event:00001855 3:1557.21:5um> &<id:971729 Vertical abc_1402_auto_rtlil_cc_2739_MuxGate_1377 Metal3 [16um 32.5um] [16um 37um] 0.29um rpD:1 bl:0 -----UCG----W---------bb-- [32.25um:37.25um] [32.25um:37.25um] 5um ------->
        <event:00001856 0:4.23077:0.42um> &<id:973106 Vertical abc_1402_auto_rtlil_cc_2739_MuxGate_1379 Metal2 [10.705um 37um] [10.705um 37um] 0.21um rpD:0 bl:0 -X---UC---TD---------P-b-- [36.5801um:37.42um] [10.495um:10.915um] 0.42um P------>
        <event:00001857 0:4.23077:0.42um> &<id:973109 Vertical abc_1402_auto_rtlil_cc_2739_MuxGate_1379 Metal2 [27.515um 37um] [27.515um 37um] 0.21um rpD:0 bl:0 -X---UC---TD---------P-b-- [36.5801um:37.42um] [27.305um:27.725um] 0.42um P------>
        <event:00001858 0:463.482:3.175um> &<id:973268 Horizontal abc_1402_auto_rtlil_cc_2739_MuxGate_1377 Metal2 [16um 37um] [18.715um 37um] 0.29um rpD:0 bl:0 -----UC---T-----------tb-- [15.75um:18.925um] [15.75um:18.925um] 3.175um ------->
        <event:00001859 0:2891.29:12.335um> &<id:971181 Horizontal n(21) Metal2 [26.125um 59um] [38um 59um] 0.29um rpD:1 bl:0 ------CG----W----------t-- [25.915um:38.25um] [25.915um:38.25um] 12.335um ------->
        <event:00001860 0:2886.65:12.315um> &<id:972322 Horizontal abc_1402_new_n156 Metal2 [18.5um 21.5um] [30.355um 21.5um] 0.29um rpD:1 bl:0 ------CG----W---------t--- [18.25um:30.565um] [18.25um:30.565um] 12.315um ------->
        <event:00001861 0:4.23077:0.42um> &<id:974058 Vertical abc_1402_new_n156 Metal2 [30.355um 18.5um] [30.355um 19um] 0.21um rpD:0 bl:0 -X---UC---TD---------P-b-- [18.08um:19.42um] [30.145um:30.565um] 0.42um P------>
        <event:00001862 0:2731.24:11.645um> &<id:970889 Horizontal clk_root_0 Metal2 [37.5um 4um] [48.685um 4um] 0.29um rpD:1 bl:0 ------CG----W---------t--- [37.25um:48.895um] [37.25um:48.895um] 11.645um ------->
        <event:00001863 4:2731.24:11.645um> &<id:970889 Horizontal clk_root_0 Metal2 [37.5um 1um] [48.685um 1um] 0.29um rpD:1 bl:0 ------CG----W---------t--- [37.25um:48.895um] [37.25um:48.895um] 11.645um ------->
        <event:00001864 3:2316.09:7.5um> &<id:972432 Vertical abc_1402_new_n235 Metal3 [48um 1um] [48um 8um] 0.29um rpD:1 bl:0 ------CG----W---------bb-- [0.75um:8.25um] [0.75um:8.25um] 7.5um ------->
        <event:00001865 0:4.23077:0.42um> &<id:973063 Vertical clk_root_0 Metal2 [48.685um 1um] [48.685um 1.5um] 0.21um rpD:0 bl:0 -X---UC---TD---------P-b-- [0.5801um:1.92um] [48.475um:48.895um] 0.42um P------>
        <event:00001866 0:3352.88:14.325um> &<id:972433 Horizontal abc_1402_new_n235 Metal2 [34.135um 1um] [48um 1um] 0.29um rpD:1 bl:0 ------CG----W----------t-- [33.925um:48.25um] [33.925um:48.25um] 14.325um ------->
        <event:00001867 5:196:0.715um> &<id:972433 Horizontal abc_1402_new_n235 Metal2 [33.855um 1um] [34.36um 1um] 0.29um rpD:1 bl:0 ---a--C-----W---------t--- [33.75um:34.465um] [33.75um:34.465um] 0.715um ------t>
        <event:00001868 3:254.982:3.5um> &<id:975434 Vertical abc_1402_new_n235 Metal3 [34um 1um] [34um 4um] 0.29um rpD:2 bl:0 ------C------wAS------tb-- [0.75um:4.25um] [0.75um:4.25um] 3.5um --S--st>
        <event:00001869 3:4440.94:14.5um> &<id:975435 Horizontal abc_1402_new_n235 Metal4 [34um 1um] [48um 1um] 0.29um rpD:2 bl:0 ------CG-----w--------bb-- [33.75um:48.25um] [33.75um:48.25um] 14.5um -----s->
        <event:00001870 0:4.23077:0.42um> &<id:974584 Vertical abc_1402_new_n235 Metal2 [34.135um 4um] [34.135um 4um] 0.21um rpD:0 bl:0 -X---UC---TD---------P-b-- [3.5801um:4.42um] [33.925um:34.345um] 0.42um P------>
        <event:00001871 0:2653.13:13.175um> &<id:972357 Horizontal abc_1402_auto_rtlil_cc_2739_MuxGate_1347 Metal2 [70um 59um] [82.715um 59um] 0.29um rpD:1 bl:0 ------CG----W---------t--- [69.75um:82.925um] [69.75um:82.925um] 13.175um ------->
        <event:00001872 0:2636.14:11.235um> &<id:971948 Horizontal n(5) Metal2 [11.725um 24.5um] [22.5um 24.5um] 0.29um rpD:1 bl:0 ------CG----W----------t-- [11.515um:22.75um] [11.515um:22.75um] 11.235um ------->
        <event:00001873 0:4.23077:0.42um> &<id:973653 Vertical n(5) Metal2 [11.725um 27um] [11.725um 27.5um] 0.21um rpD:0 bl:0 -X---UC---TD---------Pb--- [26.58um:27.92um] [11.515um:11.935um] 0.42um P------>
        <event:00001874 0:2576.99:10.98um> &<id:971769 Horizontal abc_1402_new_n100 Metal2 [24.605um 37.5um] [35.165um 37.5um] 0.29um rpD:1 bl:0 ------CG----W------------- [24.395um:35.375um] [24.395um:35.375um] 10.98um ------->
        <event:00001875 0:4.23077:0.42um> &<id:974346 Vertical abc_1402_new_n100 Metal2 [24.605um 36um] [24.605um 36.5um] 0.21um rpD:0 bl:0 -X---UC---TD---------P-b-- [35.58um:36.92um] [24.395um:24.815um] 0.42um P------>
        <event:00001876 0:4.23077:0.42um> &<id:974349 Vertical abc_1402_new_n100 Metal2 [35.165um 36um] [35.165um 36.5um] 0.21um rpD:0 bl:0 -X---UC---TD---------P-b-- [35.58um:36.92um] [34.955um:35.375um] 0.42um P------>
        <event:00001877 0:2487.62:12.345um> &<id:972329 Horizontal abc_1402_auto_rtlil_cc_2739_MuxGate_1367 Metal2 [49.115um 42.5um] [61um 42.5um] 0.29um rpD:1 bl:0 ------CG----W----------t-- [48.905um:61.25um] [48.905um:61.25um] 12.345um ------->
        <event:00001878 0:4.23077:0.42um> &<id:973242 Vertical abc_1402_auto_rtlil_cc_2739_MuxGate_1367 Metal2 [49.115um 44.5um] [49.115um 45um] 0.21um rpD:0 bl:0 -X---UC---TD---------Pb--- [44.0801um:45.42um] [48.905um:49.325um] 0.42um P------>
        <event:00001879 0:2433.71:14.455um> &<id:972288 Horizontal abc_1402_new_n182 Metal2 [14.505um 54.5um] [28.5um 54.5um] 0.29um rpD:1 bl:0 ------CG----W----------t-- [14.295um:28.75um] [14.295um:28.75um] 14.455um ------->
        <event:00001880 4:2433.71:14.455um> &<id:972288 Horizontal abc_1402_new_n182 Metal2 [14.505um 55um] [28.5um 55um] 0.29um rpD:1 bl:0 ------CG----W----------t-- [14.295um:28.75um] [14.295um:28.75um] 14.455um ------->
        <event:00001881 3:1860.76:6um> &<id:971424 Vertical n(16) Metal3 [22.5um 55um] [22.5um 60.5um] 0.29um rpD:1 bl:0 ------CG----W---------bb-- [54.75um:60.75um] [54.75um:60.75um] 6um ------->
        <event:00001882 0:4.23077:0.42um> &<id:973868 Vertical abc_1402_new_n182 Metal2 [14.505um 55um] [14.505um 55um] 0.21um rpD:0 bl:0 -X---UC---TD---------Pb--- [54.58um:55.42um] [14.295um:14.715um] 0.42um P------>
        <event:00001883 0:119:0.975um> &<id:975124 Horizontal n(16) Metal2 [22.5um 55um] [23.015um 55um] 0.29um rpD:0 bl:0 -----UC---T-----------tb-- [22.25um:23.225um] [22.25um:23.225um] 0.975um ------->
        <event:00001884 4:119:0.975um> &<id:975124 Horizontal n(16) Metal2 [22.5um 54.5um] [23.015um 54.5um] 0.29um rpD:0 bl:0 -----UC---T-----------tb-- [22.25um:23.225um] [22.25um:23.225um] 0.975um ------->
        <event:00001885 3:3682.07:12um> &<id:971604 Vertical n(17) Metal3 [22.5um 54.5um] [22.5um 66um] 0.29um rpD:1 bl:0 ------CG----W---------bb-- [54.25um:66.25um] [54.25um:66.25um] 12um ------->
        <event:00001886 0:91:0.965um> &<id:975165 Horizontal n(17) Metal2 [22um 54.5um] [22.505um 54.5um] 0.29um rpD:0 bl:0 -----UC---T-----------tb-- [21.75um:22.715um] [21.75um:22.715um] 0.965um ------->
        <event:00001887 4:117.923:0.965um> &<id:975165 Horizontal n(17) Metal2 [22um 54.5um] [22.505um 54.5um] 0.29um rpD:0 bl:0 -----UC---T-----------tb-- [21.75um:22.715um] [21.75um:22.715um] 0.965um ------->
        <event:00001888 3:2012.54:6.5um> &<id:971424 Vertical n(16) Metal3 [22.5um 54.5um] [22.5um 60.5um] 0.29um rpD:1 bl:0 ------CG----W---------bb-- [54.25um:60.75um] [54.25um:60.75um] 6.5um ------->
        <event:00001889 0:93.6923:0.74um> &<id:975124 Horizontal n(16) Metal2 [22.615um 54.5um] [23.12um 54.5um] 0.29um rpD:0 bl:0 ---a-UC---T------i----tb-- [22.51um:23.25um] [22.51um:23.25um] 0.74um ------->
        <event:00001890 4:93.6923:0.74um> &<id:975124 Horizontal n(16) Metal2 [22.615um 54.5um] [23.12um 54.5um] 0.29um rpD:0 bl:0 ---a-UC---T-----------tb-- [22.51um:23.25um] [22.51um:23.25um] 0.74um ------->
        <event:00001891 3:3682.07:12um> &<id:971604 Vertical n(17) Metal3 [22um 54.5um] [22um 66um] 0.29um rpD:1 bl:0 ------CG----W---------bb-- [54.25um:66.25um] [54.25um:66.25um] 12um ------->
        <event:00001892 0:94.7692:0.75um> &<id:975165 Horizontal n(17) Metal2 [22.105um 54.5um] [22.61um 54.5um] 0.29um rpD:0 bl:0 ---a-UC---T------i----tb-- [22um:22.75um] [22um:22.75um] 0.75um ------->
        <event:00001893 4:94.7692:0.75um> &<id:975165 Horizontal n(17) Metal2 [22.105um 54um] [22.61um 54um] 0.29um rpD:0 bl:0 ---a-UC---T-----------tb-- [22um:22.75um] [22um:22.75um] 0.75um ------->
        <event:00001894 3:4289.17:14um> &<id:971643 Vertical n(15) Metal3 [25um 54um] [25um 67.5um] 0.29um rpD:1 bl:0 ------CG----W---------bb-- [53.75um:67.75um] [53.75um:67.75um] 14um ------->
        <event:00001895 3:1405.44:4.5um> &<id:971641 Vertical n(15) Metal3 [22um 50um] [22um 54um] 0.29um rpD:1 bl:0 -----UCG----W---------bb-- [49.75um:54.25um] [49.75um:54.25um] 4.5um ------->
        <event:00001896 0:402.231:0.815um> &<id:975235 Horizontal n(15) Metal2 [21.5um 54um] [21.855um 54um] 0.29um rpD:0 bl:0 -----UC---T-----------tb-- [21.25um:22.065um] [21.25um:22.065um] 0.815um ------->
        <event:00001897 0:2427.8:12.045um> &<id:972264 Horizontal n(24) Metal2 [17.415um 42.5um] [29um 42.5um] 0.29um rpD:1 bl:0 ------CG----W----------t-- [17.205um:29.25um] [17.205um:29.25um] 12.045um ------->
        <event:00001898 0:4.23077:0.42um> &<id:974883 Vertical n(24) Metal2 [17.415um 44.5um] [17.415um 45um] 0.21um rpD:0 bl:0 -X---UC---TD---------Pb--- [44.0801um:45.42um] [17.205um:17.625um] 0.42um P------>
        <event:00001899 4:4.23077:0.42um> &<id:974883 Vertical n(24) Metal2 [17.415um 44.5um] [17.415um 45um] 0.21um rpD:0 bl:0 -X---UC---TD---------Pb--- [44.0801um:45.42um] [17.205um:17.625um] 0.42um P------>
        <event:00001900 0:769.899:5.36um> &<id:974511 Horizontal abc_1402_new_n214 Metal2 [12.905um 44.5um] [17.845um 44.5um] 0.29um rpD:0 bl:0 -----UC---T-----------bb-- [12.695um:18.055um] [12.695um:18.055um] 5.36um ------->
        <event:00001901 0:2380.99:10.135um> &<id:971525 Horizontal n(0) Metal2 [25.325um 4um] [35um 4um] 0.29um rpD:1 bl:0 ------CG----W----------t-- [25.115um:35.25um] [25.115um:35.25um] 10.135um ------->
        <event:00001902 0:4.23077:0.42um> &<id:973438 Vertical n(0) Metal2 [25.325um 3.5um] [25.325um 3.5um] 0.21um rpD:0 bl:0 -X---UC---TD---------Pb--- [3.0801um:3.92um] [25.115um:25.535um] 0.42um P------>
        <event:00001903 0:2350.84:10.005um> &<id:972658 Horizontal inputs(4) Metal2 [67.455um 27um] [77um 27um] 0.29um rpD:1 bl:0 ------CG----W----------t-- [67.245um:77.25um] [67.245um:77.25um] 10.005um ------->
        <event:00001904 0:4.23077:0.42um> &<id:972727 Vertical inputs(4) Metal2 [67.455um 27um] [67.455um 27.5um] 0.21um rpD:0 bl:0 -X---UC---TD---------Pb--- [26.58um:27.92um] [67.245um:67.665um] 0.42um P------>
        <event:00001905 0:2334.07:11.575um> &<id:972274 Horizontal abc_1402_auto_rtlil_cc_2739_MuxGate_1351 Metal2 [50um 56um] [61.115um 56um] 0.29um rpD:1 bl:0 ------CG----W---------t--- [49.75um:61.325um] [49.75um:61.325um] 11.575um ------->
        <event:00001906 4:2334.07:11.575um> &<id:972274 Horizontal abc_1402_auto_rtlil_cc_2739_MuxGate_1351 Metal2 [50um 54um] [61.115um 54um] 0.29um rpD:1 bl:0 ------CG----W---------t--- [49.75um:61.325um] [49.75um:61.325um] 11.575um ------->
        <event:00001907 3:3378.51:11um> &<id:970850 Vertical abc_1402_new_n160 Metal3 [60um 44um] [60um 54um] 0.29um rpD:1 bl:0 ------CG----W---------bb-- [43.75um:54.25um] [43.25um:54.25um] 11um ------->
        <event:00001908 3:1708.99:5.5um> &<id:971838 Vertical abc_1402_new_n170 Metal3 [50.5um 51.5um] [50.5um 54um] 0.29um rpD:1 bl:0 ------CG----W---------bb-- [51.25um:54.25um] [48.75um:54.25um] 5.5um ------->
        <event:00001909 3:1557.21:5um> &<id:971839 Vertical abc_1402_new_n170 Metal3 [54.5um 49.5um] [54.5um 54um] 0.29um rpD:1 bl:0 -----UCG----W---------bb-- [49.25um:54.25um] [49.25um:54.25um] 5um ------->
        <event:00001910 0:4.23077:0.42um> &<id:973156 Vertical abc_1402_auto_rtlil_cc_2739_MuxGate_1351 Metal2 [61.115um 54um] [61.115um 54um] 0.21um rpD:0 bl:0 -X---UC---TD---------P-b-- [53.5801um:54.42um] [60.905um:61.325um] 0.42um P------>
        <event:00001911 0:91:0.715um> &<id:973933 Horizontal abc_1402_new_n170 Metal2 [50.175um 54um] [50.68um 54um] 0.29um rpD:0 bl:0 ---a-UC---T-----------tb-- [50.07um:50.785um] [50.07um:50.785um] 0.715um ------->
        <event:00001912 0:91:0.715um> &<id:973939 Horizontal abc_1402_new_n170 Metal2 [54.205um 54um] [54.71um 54um] 0.29um rpD:0 bl:0 ---a-UC---T-----------tb-- [54.1um:54.815um] [54.1um:54.815um] 0.715um ------->
        <event:00001913 0:310.692:2.755um> &<id:974040 Horizontal abc_1402_new_n160 Metal2 [57.705um 54um] [60um 54um] 0.29um rpD:0 bl:0 -----UC---T-----------bt-- [57.495um:60.25um] [57.495um:60.25um] 2.755um ------->
        <event:00001914 4:310.692:2.755um> &<id:974040 Horizontal abc_1402_new_n160 Metal2 [57.705um 55.5um] [60um 55.5um] 0.29um rpD:0 bl:0 -----UC---T-----------bt-- [57.495um:60.25um] [57.495um:60.25um] 2.755um ------->
        <event:00001915 3:3833.84:12.5um> &<id:970760 Vertical n(6) Metal3 [59um 55.5um] [59um 67.5um] 0.29um rpD:1 bl:0 ------CG----W---------bb-- [55.25um:67.75um] [55.25um:67.75um] 12.5um ------->
        <event:00001916 3:2923.19:9.5um> &<id:970759 Vertical n(6) Metal3 [59um 46.5um] [59um 55.5um] 0.29um rpD:1 bl:0 ------CG----W---------bb-- [46.25um:55.75um] [46.25um:55.75um] 9.5um ------->
        <event:00001917 0:148.077:1.245um> &<id:973571 Horizontal n(6) Metal2 [58.215um 55.5um] [59um 55.5um] 0.29um rpD:0 bl:0 -----UC---T-----------bt-- [58.005um:59.25um] [58.005um:59.25um] 1.245um ------->
        <event:00001918 4:148.077:1.245um> &<id:973571 Horizontal n(6) Metal2 [58.215um 55.5um] [59um 55.5um] 0.29um rpD:0 bl:0 -----UC---T-----------bt-- [58.005um:59.25um] [58.005um:59.25um] 1.245um ------->
        <event:00001919 3:3833.84:12.5um> &<id:970850 Vertical abc_1402_new_n160 Metal3 [60um 44um] [60um 55.5um] 0.29um rpD:1 bl:0 ------CG----W---------bb-- [43.75um:55.75um] [43.25um:55.75um] 12.5um ------->
        <event:00001920 0:310.692:2.255um> &<id:974040 Horizontal abc_1402_new_n160 Metal2 [57.705um 55.5um] [59.5um 55.5um] 0.29um rpD:0 bl:0 -----UC---T-----------bt-- [57.495um:59.75um] [57.495um:59.75um] 2.255um ------->
        <event:00001921 4:256.846:2.255um> &<id:974040 Horizontal abc_1402_new_n160 Metal2 [57.705um 55.5um] [59.5um 55.5um] 0.29um rpD:0 bl:0 -----UC---T-----------bt-- [57.495um:59.75um] [57.495um:59.75um] 2.255um ------->
        <event:00001922 3:3833.84:12.5um> &<id:970760 Vertical n(6) Metal3 [59um 55.5um] [59um 67.5um] 0.29um rpD:1 bl:0 ------CG----W---------bb-- [55.25um:67.75um] [55.25um:67.75um] 12.5um ------->
        <event:00001923 3:2923.19:9.5um> &<id:970759 Vertical n(6) Metal3 [59um 46.5um] [59um 55.5um] 0.29um rpD:1 bl:0 ------CG----W---------bb-- [46.25um:55.75um] [46.25um:55.75um] 9.5um ------->
        <event:00001924 0:148.077:1.245um> &<id:973571 Horizontal n(6) Metal2 [58.215um 55.5um] [59um 55.5um] 0.29um rpD:0 bl:0 -----UC---T-----------bt-- [58.005um:59.25um] [58.005um:59.25um] 1.245um ------->
        <event:00001925 4:148.077:1.245um> &<id:973571 Horizontal n(6) Metal2 [58.215um 54.5um] [59um 54.5um] 0.29um rpD:0 bl:0 -----UC---T-----------bt-- [58.005um:59.25um] [58.005um:59.25um] 1.245um ------->
        <event:00001926 0:359.385:1.95um> &<id:973895 Horizontal abc_1402_new_n180 Metal2 [59.155um 54.5um] [60.685um 54.5um] 0.29um rpD:0 bl:0 -----UC---T-----------bb-- [58.945um:60.895um] [58.945um:60.895um] 1.95um ------->
        <event:00001927 0:2329.96:9.915um> &<id:972080 Horizontal abc_1402_new_n181 Metal2 [42.5um 56.5um] [51.955um 56.5um] 0.29um rpD:1 bl:0 ------CG----W---------t--- [42.25um:52.165um] [42.25um:52.165um] 9.915um ------->
        <event:00001928 4:2329.96:9.915um> &<id:972080 Horizontal abc_1402_new_n181 Metal2 [42.5um 53um] [51.955um 53um] 0.29um rpD:1 bl:0 ------CG----W---------t--- [42.25um:52.165um] [42.25um:52.165um] 9.915um ------->
        <event:00001929 3:2316.09:7.5um> &<id:972525 Vertical abc_1402_new_n188 Metal3 [45.5um 53um] [45.5um 60um] 0.29um rpD:1 bl:0 ------CG----W---------bb-- [52.75um:60.25um] [52.75um:60.25um] 7.5um ------->
        <event:00001930 0:4.23077:0.42um> &<id:973884 Vertical abc_1402_new_n181 Metal2 [51.955um 53um] [51.955um 53.5um] 0.21um rpD:0 bl:0 -X---UC---TD---------P-b-- [52.5801um:53.92um] [51.745um:52.165um] 0.42um P------>
        <event:00001931 4:4.23077:0.42um> &<id:973884 Vertical abc_1402_new_n181 Metal2 [51.955um 53um] [51.955um 53.5um] 0.21um rpD:0 bl:0 -X---UC---TD---------P-b-- [52.5801um:53.92um] [51.745um:52.165um] 0.42um P------>
        <event:00001932 4:4.23077:0.42um> &<id:973884 Vertical abc_1402_new_n181 Metal2 [51.955um 53um] [51.955um 53.5um] 0.21um rpD:0 bl:0 -X---UC---TD---------P-b-- [52.5801um:53.92um] [51.745um:52.165um] 0.42um P------>
        <event:00001933 3:2329.96:9.915um> &<id:972080 Horizontal abc_1402_new_n181 Metal2 [42.5um 53um] [51.955um 53um] 0.29um rpD:1 bl:0 ------CG----W---------t--- [42.25um:52.165um] [42.25um:52.165um] 9.915um ------->
        <event:00001934 5:3074.96:10um> &<id:972080 Horizontal abc_1402_new_n181 Metal4 [42.5um 53um] [52um 53um] 0.29um rpD:2 bl:0 ------CG-----w--------bb-- [42.25um:52.25um] [42.25um:52.25um] 10um ------t>
        <event:00001935 3:196:0.715um> &<id:975439 Horizontal abc_1402_new_n181 Metal2 [51.745um 53um] [52.25um 53um] 0.29um rpD:1 bl:0 ---a--C-----W----------t-- [51.64um:52.355um] [51.64um:52.355um] 0.715um -----s->
        <event:00001936 3:254.982:3um> &<id:975438 Vertical abc_1402_new_n181 Metal3 [52um 53um] [52um 55.5um] 0.29um rpD:2 bl:0 ------C------wAS------bt-- [52.75um:55.75um] [52.75um:55.75um] 3um --S--st>
        <event:00001937 0:4.23077:0.42um> &<id:973884 Vertical abc_1402_new_n181 Metal2 [51.955um 53um] [51.955um 53.5um] 0.21um rpD:0 bl:0 -X---UC---TD---------P-b-- [52.5801um:53.92um] [51.745um:52.165um] 0.42um P------>
        <event:00001938 0:1583.54:9.36um> &<id:971121 Horizontal abc_1402_new_n179 Metal2 [46.505um 53.5um] [55.445um 53.5um] 0.29um rpD:0 bl:0 -----UCG--T------------b-- [46.295um:55.655um] [46.295um:55.655um] 9.36um ------->
        <event:00001939 0:4.23077:0.42um> &<id:974687 Vertical abc_1402_new_n179 Metal2 [46.505um 55.5um] [46.505um 56um] 0.21um rpD:0 bl:0 -X---UC---TD---------Pb--- [55.0801um:56.42um] [46.295um:46.715um] 0.42um P------>
        <event:00001940 0:5134.27:22.005um> &<id:972526 Horizontal abc_1402_new_n188 Metal2 [23.955um 53um] [45.5um 53um] 0.29um rpD:1 bl:0 ------CG----W----------t-- [23.745um:45.75um] [23.745um:45.75um] 22.005um ------->
        <event:00001941 0:2285.22:11.33um> &<id:971816 Horizontal abc_1402_new_n105 Metal2 [27.455um 54.5um] [38.365um 54.5um] 0.29um rpD:1 bl:0 -----UCG----W------------- [27.245um:38.575um] [27.245um:38.575um] 11.33um ------->
        <event:00001942 4:2285.22:11.33um> &<id:971816 Horizontal abc_1402_new_n105 Metal2 [27.455um 56.5um] [38.365um 56.5um] 0.29um rpD:1 bl:0 -----UCG----W------------- [27.245um:38.575um] [27.245um:38.575um] 11.33um ------->
        <event:00001943 3:2164.31:7um> &<id:971557 Vertical n(19) Metal3 [34um 57um] [34um 61um] 0.29um rpD:1 bl:0 ------CG----W---------bb-- [56.75um:61.25um] [54.25um:61.25um] 7um ------->
        <event:00001944 0:4.23077:0.42um> &<id:974365 Vertical abc_1402_new_n105 Metal2 [27.455um 56um] [27.455um 56.5um] 0.21um rpD:0 bl:0 -X---UC---TD---------Pb--- [55.5801um:56.92um] [27.245um:27.665um] 0.42um P------>
        <event:00001945 0:4.23077:0.42um> &<id:974368 Vertical abc_1402_new_n105 Metal2 [38.365um 56um] [38.365um 56.5um] 0.21um rpD:0 bl:0 -X---UC---TD---------Pb--- [55.5801um:56.92um] [38.155um:38.575um] 0.42um P------>
        <event:00001946 4:4.23077:0.42um> &<id:974368 Vertical abc_1402_new_n105 Metal2 [38.365um 56um] [38.365um 56.5um] 0.21um rpD:0 bl:0 -X---UC---TD---------Pb--- [55.5801um:56.92um] [38.155um:38.575um] 0.42um P------>
        <event:00001947 3:1101.89:3.5um> &<id:971180 Vertical n(21) Metal3 [38um 56um] [38um 59um] 0.29um rpD:1 bl:0 ------CG----W---------bb-- [55.75um:59.25um] [55.75um:59.25um] 3.5um ------->
        <event:00001948 0:3429.42:14.655um> &<id:971555 Horizontal n(19) Metal2 [19.805um 56.5um] [34um 56.5um] 0.29um rpD:1 bl:0 ------CG----W----------t-- [19.595um:34.25um] [19.595um:34.25um] 14.655um ------->
        <event:00001949 5:196:0.715um> &<id:971555 Horizontal n(19) Metal2 [19.7um 56.5um] [20.205um 56.5um] 0.29um rpD:1 bl:0 ---a--C-----W----------t-- [19.595um:20.31um] [19.595um:20.31um] 0.715um ------t>
        <event:00001950 3:254.982:2.5um> &<id:975442 Vertical n(19) Metal3 [20um 54.5um] [20um 56.5um] 0.29um rpD:2 bl:0 ------C------wAS------bt-- [54.25um:56.75um] [54.25um:56.75um] 2.5um --S--st>
        <event:00001951 3:4440.94:14.5um> &<id:975443 Horizontal n(19) Metal4 [20um 56.5um] [34um 56.5um] 0.29um rpD:2 bl:0 ------CG-----w--------bb-- [19.75um:34.25um] [19.75um:34.25um] 14.5um -----s->
        <event:00001952 0:4.23077:0.42um> &<id:974841 Vertical n(19) Metal2 [19.805um 54.5um] [19.805um 54.5um] 0.21um rpD:0 bl:0 -X---UC---TD---------Pb--- [54.08um:54.92um] [19.595um:20.015um] 0.42um P------>
        <event:00001953 0:2229.3:13.23um> &<id:972063 Horizontal abc_1402_auto_rtlil_cc_2739_MuxGate_1333 Metal2 [6.705um 26um] [19.515um 26um] 0.29um rpD:1 bl:0 ------CG----W------------- [6.495um:19.725um] [6.495um:19.725um] 13.23um ------->
        <event:00001954 0:2229.3:13.23um> &<id:972068 Horizontal abc_1402_auto_rtlil_cc_2739_MuxGate_1371 Metal2 [24.305um 43.5um] [37.115um 43.5um] 0.29um rpD:1 bl:0 ------CG----W------------- [24.095um:37.325um] [24.095um:37.325um] 13.23um ------->
        <event:00001955 4:2229.3:13.23um> &<id:972068 Horizontal abc_1402_auto_rtlil_cc_2739_MuxGate_1371 Metal2 [24.305um 44.5um] [37.115um 44.5um] 0.29um rpD:1 bl:0 ------CG----W------------- [24.095um:37.325um] [24.095um:37.325um] 13.23um ------->
        <event:00001956 1:579.281:2.775um> &<id:971311 Horizontal abc_1402_auto_rtlil_cc_2739_MuxGate_1369 Metal2 [30um 44.5um] [32.315um 44.5um] 0.29um rpD:1 bl:0 ------CG----W---------t--- [29.75um:32.525um] [29.75um:32.525um] 2.775um ------->
        <event:00001957 0:4.23077:0.42um> &<id:973245 Vertical abc_1402_auto_rtlil_cc_2739_MuxGate_1371 Metal2 [24.305um 44um] [24.305um 44.5um] 0.21um rpD:0 bl:0 -X---UC---TD---------Pb--- [43.5801um:44.92um] [24.095um:24.515um] 0.42um P------>
        <event:00001958 4:4.23077:0.42um> &<id:973245 Vertical abc_1402_auto_rtlil_cc_2739_MuxGate_1371 Metal2 [24.305um 44um] [24.305um 44.5um] 0.21um rpD:0 bl:0 -X---UC---TD---------Pb--- [43.5801um:44.92um] [24.095um:24.515um] 0.42um P------>
        <event:00001959 0:4.23077:0.42um> &<id:973099 Vertical abc_1402_auto_rtlil_cc_2739_MuxGate_1369 Metal2 [32.315um 44.5um] [32.315um 45um] 0.21um rpD:0 bl:0 -X---UC---TD---------Pb--- [44.0801um:45.42um] [32.105um:32.525um] 0.42um P------>
        <event:00001960 4:4.23077:0.42um> &<id:973099 Vertical abc_1402_auto_rtlil_cc_2739_MuxGate_1369 Metal2 [32.315um 44.5um] [32.315um 45um] 0.21um rpD:0 bl:0 -X---UC---TD---------Pb--- [44.0801um:45.42um] [32.105um:32.525um] 0.42um P------>
        <event:00001961 0:4.23077:0.42um> &<id:973248 Vertical abc_1402_auto_rtlil_cc_2739_MuxGate_1371 Metal2 [37.115um 44.5um] [37.115um 44.5um] 0.21um rpD:0 bl:0 -X---UC---TD---------Pb--- [44.0801um:44.92um] [36.905um:37.325um] 0.42um P------>
        <event:00001962 0:1376.85:12.655um> &<id:972215 Horizontal abc_1402_new_n210 Metal2 [19.305um 44um] [31.5um 44um] 0.29um rpD:0 bl:0 -----UCG--T-----------bt-- [19.095um:31.75um] [19.095um:31.75um] 12.655um ------->
        <event:00001963 4:1376.85:12.655um> &<id:972215 Horizontal abc_1402_new_n210 Metal2 [19.305um 44um] [31.5um 44um] 0.29um rpD:0 bl:0 -----UCG--T-----------bt-- [19.095um:31.75um] [19.095um:31.75um] 12.655um ------->
        <event:00001964 1:2229.3:13.23um> &<id:972068 Horizontal abc_1402_auto_rtlil_cc_2739_MuxGate_1371 Metal2 [24.305um 44.5um] [37.115um 44.5um] 0.29um rpD:1 bl:0 ------CG----W------------- [24.095um:37.325um] [24.095um:37.325um] 13.23um ------->
        <event:00001965 5:141:0.715um> &<id:972068 Horizontal abc_1402_auto_rtlil_cc_2739_MuxGate_1371 Metal2 [24.2um 44.5um] [24.705um 44.5um] 0.29um rpD:1 bl:0 ---a--C-----W----------t-- [24.095um:24.81um] [24.095um:24.81um] 0.715um ------t>
        <event:00001966 3:168.5:0.715um> &<id:975451 Horizontal abc_1402_auto_rtlil_cc_2739_MuxGate_1371 Metal2 [36.785um 44.5um] [37.29um 44.5um] 0.29um rpD:1 bl:0 ---a--C-----W---------t--- [36.68um:37.395um] [36.68um:37.395um] 0.715um -----s->
        <event:00001967 3:254.982:2um> &<id:975446 Vertical abc_1402_auto_rtlil_cc_2739_MuxGate_1371 Metal3 [24.5um 43um] [24.5um 44.5um] 0.29um rpD:2 bl:0 ------C------wAS------bt-- [42.75um:44.75um] [42.75um:44.75um] 2um --S--st>
        <event:00001968 3:254.982:0.71um> &<id:975450 Vertical abc_1402_auto_rtlil_cc_2739_MuxGate_1371 Metal3 [37um 44.25um] [37um 44.75um] 0.29um rpD:2 bl:0 ---a--C------wAS------tb-- [44.145um:44.855um] [44.145um:44.855um] 0.71um --S--st>
        <event:00001969 3:3985.62:13um> &<id:975447 Horizontal abc_1402_auto_rtlil_cc_2739_MuxGate_1371 Metal4 [24.5um 44.5um] [37um 44.5um] 0.29um rpD:3 bl:0 ------CG--------------bb-- [24.25um:37.25um] [24.25um:37.25um] 13um -----st>
        <event:00001970 0:4.23077:0.42um> &<id:973245 Vertical abc_1402_auto_rtlil_cc_2739_MuxGate_1371 Metal2 [24.305um 43um] [24.305um 43um] 0.21um rpD:0 bl:0 -X---UC---TD---------Pb--- [42.58um:43.42um] [24.095um:24.515um] 0.42um P------>
        <event:00001971 0:4.23077:0.42um> &<id:973248 Vertical abc_1402_auto_rtlil_cc_2739_MuxGate_1371 Metal2 [37.115um 44.5um] [37.115um 44.5um] 0.21um rpD:0 bl:0 -X---UC---TD---------Pb--- [44.0801um:44.92um] [36.905um:37.325um] 0.42um P------>
        <event:00001972 0:2205.87:9.38um> &<id:971564 Horizontal abc_1402_new_n111 Metal2 [31.005um 60.5um] [39.965um 60.5um] 0.29um rpD:1 bl:0 ------CG----W------------- [30.795um:40.175um] [30.795um:40.175um] 9.38um ------->
        <event:00001973 0:4.23077:0.42um> &<id:974390 Vertical abc_1402_new_n111 Metal2 [31.005um 61.5um] [31.005um 62um] 0.21um rpD:0 bl:0 -X---UC---TD---------Pb--- [61.0801um:62.42um] [30.795um:31.215um] 0.42um P------>
        <event:00001974 0:4.23077:0.42um> &<id:974393 Vertical abc_1402_new_n111 Metal2 [39.965um 61.5um] [39.965um 62um] 0.21um rpD:0 bl:0 -X---UC---TD---------Pb--- [61.0801um:62.42um] [39.755um:40.175um] 0.42um P------>
        <event:00001975 4:4.23077:0.42um> &<id:974393 Vertical abc_1402_new_n111 Metal2 [39.965um 61.5um] [39.965um 62um] 0.21um rpD:0 bl:0 -X---UC---TD---------Pb--- [61.0801um:62.42um] [39.755um:40.175um] 0.42um P------>
        <event:00001976 3:1557.21:5um> &<id:971648 Vertical n(15) Metal3 [39.5um 61.5um] [39.5um 63.5um] 0.29um rpD:1 bl:0 ------CG----W---------bb-- [61.25um:63.75um] [61.25um:66.25um] 5um ------->
        <event:00001977 0:151.183:0.745um> &<id:975254 Horizontal n(15) Metal2 [39.19um 61.5um] [39.725um 61.5um] 0.29um rpD:0 bl:0 ---a-UC---T-----------bt-- [39.085um:39.83um] [39.085um:39.83um] 0.745um ------->
        <event:00001978 0:2181.51:9.275um> &<id:970807 Horizontal clk_root_2 Metal2 [0.685um 65um] [9.5um 65um] 0.29um rpD:1 bl:0 ------CG----W----------t-- [0.475um:9.75um] [0.475um:9.75um] 9.275um ------->
        <event:00001979 0:4.23077:0.42um> &<id:972922 Vertical clk_root_2 Metal2 [0.685um 67.5um] [0.685um 68um] 0.21um rpD:0 bl:0 -X---UC---TD---------Pb--- [67.0801um:68.42um] [0.475um:0.895um] 0.42um P------>
        <event:00001980 0:2152.52:9.15um> &<id:971513 Horizontal abc_1402_new_n163 Metal2 [66.355um 43um] [75.085um 43um] 0.29um rpD:1 bl:0 -----UCG----W------------- [66.145um:75.295um] [66.145um:75.295um] 9.15um ------->
        <event:00001981 0:4.23077:0.42um> &<id:973977 Vertical abc_1402_new_n163 Metal2 [66.355um 44.5um] [66.355um 45um] 0.21um rpD:0 bl:0 -X---UC---TD---------Pb--- [44.0801um:45.42um] [66.145um:66.565um] 0.42um P------>
        <event:00001982 4:4.23077:0.42um> &<id:973977 Vertical abc_1402_new_n163 Metal2 [66.355um 44.5um] [66.355um 45um] 0.21um rpD:0 bl:0 -X---UC---TD---------Pb--- [44.0801um:45.42um] [66.145um:66.565um] 0.42um P------>
        <event:00001983 3:2012.54:6.5um> &<id:972056 Vertical n(22) Metal3 [66um 38.5um] [66um 44.5um] 0.29um rpD:1 bl:0 -----UCG----W---------bb-- [38.25um:44.75um] [38.25um:44.75um] 6.5um ------->
        <event:00001984 0:4.23077:0.42um> &<id:973980 Vertical abc_1402_new_n163 Metal2 [75.085um 44.5um] [75.085um 45um] 0.21um rpD:0 bl:0 -X---UC---TD---------Pb--- [44.0801um:45.42um] [74.875um:75.295um] 0.42um P------>
        <event:00001985 0:2476.82:14.205um> &<id:972057 Horizontal n(22) Metal2 [52.255um 44.5um] [66um 44.5um] 0.29um rpD:0 bl:0 ------CG--T-----------bt-- [52.045um:66.25um] [52.045um:66.25um] 14.205um ------->
        <event:00001986 4:2476.82:14.205um> &<id:972057 Horizontal n(22) Metal2 [52.255um 44.5um] [66um 44.5um] 0.29um rpD:0 bl:0 ------CG--T-----------bt-- [52.045um:66.25um] [52.045um:66.25um] 14.205um ------->
        <event:00001987 1:2152.52:9.15um> &<id:971513 Horizontal abc_1402_new_n163 Metal2 [66.355um 45um] [75.085um 45um] 0.29um rpD:1 bl:0 -----UCG----W------------- [66.145um:75.295um] [66.145um:75.295um] 9.15um ------->
        <event:00001988 0:4.23077:0.42um> &<id:973977 Vertical abc_1402_new_n163 Metal2 [66.355um 44.5um] [66.355um 45um] 0.21um rpD:0 bl:0 -X---UC---TD---------Pb--- [44.0801um:45.42um] [66.145um:66.565um] 0.42um P------>
        <event:00001989 4:4.23077:0.42um> &<id:973977 Vertical abc_1402_new_n163 Metal2 [66.355um 44.5um] [66.355um 45um] 0.21um rpD:0 bl:0 -X---UC---TD---------Pb--- [44.0801um:45.42um] [66.145um:66.565um] 0.42um P------>
        <event:00001990 3:2012.54:6.5um> &<id:972056 Vertical n(22) Metal3 [66um 38.5um] [66um 44.5um] 0.29um rpD:1 bl:0 -----UCG----W---------bb-- [38.25um:44.75um] [38.25um:44.75um] 6.5um ------->
        <event:00001991 0:2476.82:14.205um> &<id:972057 Horizontal n(22) Metal2 [52.255um 44.5um] [66um 44.5um] 0.29um rpD:0 bl:0 ------CG--T-----------bt-- [52.045um:66.25um] [52.045um:66.25um] 14.205um ------->
        <event:00001992 5:146:0.715um> &<id:972057 Horizontal n(22) Metal2 [52um 44.5um] [52.255um 44.5um] 0.29um rpD:0 bl:0 -----UC---T----S------tb-- [51.75um:52.465um] [51.75um:52.465um] 0.715um --S---t>
        <event:00001993 3:494.787:1.5um> &<id:975454 Vertical n(22) Metal3 [52um 43.5um] [52um 44.5um] 0.29um rpD:1 bl:0 ------C-----W-AS------bb-- [43.25um:44.75um] [43.25um:44.75um] 1.5um --S--st>
        <event:00001994 3:4440.94:14.5um> &<id:975455 Horizontal n(22) Metal2 [52um 44.5um] [66um 44.5um] 0.29um rpD:2 bl:0 ------CG-----wA-------tt-- [51.75um:66.25um] [51.75um:66.25um] 14.5um -----s->
        <event:00001995 0:2140.65:10.605um> &<id:971723 Horizontal abc_1402_new_n197 Metal2 [13.855um 53.5um] [24um 53.5um] 0.29um rpD:1 bl:0 ------CG----W----------t-- [13.645um:24.25um] [13.645um:24.25um] 10.605um ------->
        <event:00001996 4:2140.65:10.605um> &<id:971723 Horizontal abc_1402_new_n197 Metal2 [13.855um 53um] [24um 53um] 0.29um rpD:1 bl:0 ------CG----W----------t-- [13.645um:24.25um] [13.645um:24.25um] 10.605um ------->
        <event:00001997 3:4.23077:0.42um> &<id:974680 Vertical abc_1402_new_n188 Metal2 [23.955um 53um] [23.955um 53.5um] 0.21um rpD:0 bl:0 -X---UC---TD---------P-b-- [52.5801um:53.92um] [23.745um:24.165um] 0.42um P------>
        <event:00001998 4:4.23077:0.42um> &<id:974680 Vertical abc_1402_new_n188 Metal2 [23.955um 53um] [23.955um 53.5um] 0.21um rpD:0 bl:0 -X---UC---TD---------P-b-- [52.5801um:53.92um] [23.745um:24.165um] 0.42um P------>
        <event:00001999 3:1557.21:5um> &<id:971724 Vertical abc_1402_new_n197 Metal3 [24um 50um] [24um 53um] 0.29um rpD:1 bl:0 ------CG----W---------bb-- [49.75um:53.25um] [49.75um:54.75um] 5um ------->
        <event:00002000 0:4.23077:0.42um> &<id:973815 Vertical abc_1402_new_n197 Metal2 [13.855um 53um] [13.855um 53.5um] 0.21um rpD:0 bl:0 -X---UC---TD---------P-b-- [52.5801um:53.92um] [13.645um:14.065um] 0.42um P------>
        <event:00002001 0:5134.27:22.005um> &<id:972526 Horizontal abc_1402_new_n188 Metal2 [23.955um 53um] [45.5um 53um] 0.29um rpD:1 bl:0 ------CG----W----------t-- [23.745um:45.75um] [23.745um:45.75um] 22.005um ------->
        <event:00002002 0:2140.65:10.105um> &<id:971723 Horizontal abc_1402_new_n197 Metal2 [13.855um 53um] [23.5um 53um] 0.29um rpD:1 bl:0 ------CG----W----------t-- [13.645um:23.75um] [13.645um:23.75um] 10.105um ------->
        <event:00002003 4:2040.94:10.105um> &<id:971723 Horizontal abc_1402_new_n197 Metal2 [13.855um 53um] [23.5um 53um] 0.29um rpD:1 bl:0 ------CG----W----------t-- [13.645um:23.75um] [13.645um:23.75um] 10.105um ------->
        <event:00002004 0:4.23077:0.42um> &<id:974680 Vertical abc_1402_new_n188 Metal2 [23.955um 53um] [23.955um 53.5um] 0.21um rpD:0 bl:0 -X---UC---TD---------P-b-- [52.5801um:53.92um] [23.745um:24.165um] 0.42um P------>
        <event:00002005 4:4.23077:0.42um> &<id:974680 Vertical abc_1402_new_n188 Metal2 [23.955um 53um] [23.955um 53.5um] 0.21um rpD:0 bl:0 -X---UC---TD---------P-b-- [52.5801um:53.92um] [23.745um:24.165um] 0.42um P------>
        <event:00002006 3:1557.21:5um> &<id:971724 Vertical abc_1402_new_n197 Metal3 [23.5um 50um] [23.5um 53um] 0.29um rpD:1 bl:0 ------CG----W---------bb-- [49.75um:53.25um] [49.75um:54.75um] 5um ------->
        <event:00002007 0:5134.27:22.005um> &<id:972526 Horizontal abc_1402_new_n188 Metal2 [23.955um 53um] [45.5um 53um] 0.29um rpD:1 bl:0 ------CG----W----------t-- [23.745um:45.75um] [23.745um:45.75um] 22.005um ------->
        <event:00002008 0:2137.44:6.585um> &<id:970655 Horizontal init Metal2 [76um 10um] [82.125um 10um] 0.29um rpD:1 bl:0 ------CG----W---------t--- [75.75um:82.335um] [75.75um:82.335um] 6.585um ------->
        <event:00002009 0:4.23077:0.42um> &<id:973761 Vertical init Metal2 [82.125um 10um] [82.125um 10.5um] 0.21um rpD:0 bl:0 -X---UC---TD---------Pb--- [9.58um:10.92um] [81.915um:82.335um] 0.42um P------>
        <event:00002010 0:2114.72:10.475um> &<id:971853 Horizontal outputs(1) Metal2 [82.5um 3um] [83.515um 3um] 0.29um rpD:1 bl:0 -----UCG----W---------t--- [82.25um:83.725um] [73.25um:83.725um] 10.475um ------->
        <event:00002011 0:4.23077:0.42um> &<id:972786 Vertical outputs(1) Metal2 [83.515um 1um] [83.515um 1.5um] 0.21um rpD:0 bl:0 -X---UC---TD---------P-b-- [0.5801um:1.92um] [83.305um:83.725um] 0.42um P------>
        <event:00002012 0:2063.27:12.235um> &<id:971833 Horizontal abc_1402_new_n170 Metal2 [38.725um 49um] [50.5um 49um] 0.29um rpD:1 bl:0 ------CG----W----------t-- [38.515um:50.75um] [38.515um:50.75um] 12.235um ------->
        <event:00002013 0:4.23077:0.42um> &<id:973927 Vertical abc_1402_new_n170 Metal2 [38.725um 48.5um] [38.725um 48.5um] 0.21um rpD:0 bl:0 -X---UC---TD---------P-b-- [48.0801um:48.92um] [38.515um:38.935um] 0.42um P------>
        <event:00002014 0:2049.3:8.705um> &<id:972251 Horizontal abc_1402_new_n154 Metal2 [16um 21.5um] [24.245um 21.5um] 0.29um rpD:1 bl:0 ------CG----W---------t--- [15.75um:24.455um] [15.75um:24.455um] 8.705um ------->
        <event:00002015 0:4.23077:0.42um> &<id:974065 Vertical abc_1402_new_n154 Metal2 [24.245um 21.5um] [24.245um 22um] 0.21um rpD:0 bl:0 -X---UC---TD---------Pb--- [21.0801um:22.42um] [24.035um:24.455um] 0.42um P------>
        <event:00002016 0:2040.94:10.105um> &<id:971723 Horizontal abc_1402_new_n197 Metal2 [13.855um 53um] [23.5um 53um] 0.29um rpD:1 bl:0 ------CG----W----------t-- [13.645um:23.75um] [13.645um:23.75um] 10.105um ------->
        <event:00002017 5:168.5:0.715um> &<id:971723 Horizontal abc_1402_new_n197 Metal2 [13.75um 53um] [14.255um 53um] 0.29um rpD:1 bl:0 ---a--C-----W----------t-- [13.645um:14.36um] [13.645um:14.36um] 0.715um ------t>
        <event:00002018 3:254.982:1um> &<id:975458 Vertical abc_1402_new_n197 Metal3 [14um 53um] [14um 53.5um] 0.29um rpD:2 bl:0 ------C------wAS------tb-- [52.75um:53.75um] [52.75um:53.75um] 1um --S--st>
        <event:00002019 3:3074.96:10um> &<id:975459 Horizontal abc_1402_new_n197 Metal4 [14um 53um] [23.5um 53um] 0.29um rpD:2 bl:0 ------CG-----w--------bb-- [13.75um:23.75um] [13.75um:23.75um] 10um -----s->
        <event:00002020 0:4.23077:0.42um> &<id:973815 Vertical abc_1402_new_n197 Metal2 [13.855um 53.5um] [13.855um 53.5um] 0.21um rpD:0 bl:0 -X---UC---TD---------P-b-- [53.0801um:53.92um] [13.645um:14.065um] 0.42um P------>
        <event:00002021 0:2034.22:8.64um> &<id:971467 Horizontal abc_1402_new_n165 Metal2 [62.865um 43um] [71.085um 43um] 0.29um rpD:1 bl:0 ------CG----W------------- [62.655um:71.295um] [62.655um:71.295um] 8.64um ------->
        <event:00002022 0:4.23077:0.42um> &<id:973971 Vertical abc_1402_new_n165 Metal2 [62.865um 42um] [62.865um 42um] 0.21um rpD:0 bl:0 -X---UC---TD---------Pb--- [41.5801um:42.42um] [62.655um:63.075um] 0.42um P------>
        <event:00002023 0:4.23077:0.42um> &<id:973974 Vertical abc_1402_new_n165 Metal2 [71.085um 42um] [71.085um 42um] 0.21um rpD:0 bl:0 -X---UC---TD---------Pb--- [41.5801um:42.42um] [70.875um:71.295um] 0.42um P------>
        <event:00002024 0:1979.72:8.405um> &<id:972113 Horizontal abc_1402_new_n168 Metal2 [69.555um 44.5um] [77.5um 44.5um] 0.29um rpD:1 bl:0 ------CG----W----------t-- [69.345um:77.75um] [69.345um:77.75um] 8.405um ------->
        <event:00002025 0:4.23077:0.42um> &<id:974710 Vertical abc_1402_new_n168 Metal2 [69.555um 41.5um] [69.555um 42um] 0.21um rpD:0 bl:0 -X---UC---TD---------P-b-- [41.0801um:42.42um] [69.345um:69.765um] 0.42um P------>
        <event:00002026 4:4.23077:0.42um> &<id:974710 Vertical abc_1402_new_n168 Metal2 [69.555um 41.5um] [69.555um 42um] 0.21um rpD:0 bl:0 -X---UC---TD---------P-b-- [41.0801um:42.42um] [69.345um:69.765um] 0.42um P------>
        <event:00002027 0:2034.22:8.64um> &<id:971467 Horizontal abc_1402_new_n165 Metal2 [62.865um 42um] [71.085um 42um] 0.29um rpD:1 bl:0 ------CG----W------------- [62.655um:71.295um] [62.655um:71.295um] 8.64um ------->
        <event:00002028 4:2034.22:8.64um> &<id:971467 Horizontal abc_1402_new_n165 Metal2 [62.865um 45um] [71.085um 45um] 0.29um rpD:1 bl:0 ------CG----W------------- [62.655um:71.295um] [62.655um:71.295um] 8.64um ------->
        <event:00002029 3:4.23077:0.42um> &<id:973977 Vertical abc_1402_new_n163 Metal2 [66.355um 44.5um] [66.355um 45um] 0.21um rpD:0 bl:0 -X---UC---TD---------Pb--- [44.0801um:45.42um] [66.145um:66.565um] 0.42um P------>
        <event:00002030 4:4.23077:0.42um> &<id:973977 Vertical abc_1402_new_n163 Metal2 [66.355um 44.5um] [66.355um 45um] 0.21um rpD:0 bl:0 -X---UC---TD---------Pb--- [44.0801um:45.42um] [66.145um:66.565um] 0.42um P------>
        <event:00002031 0:4.23077:0.42um> &<id:973971 Vertical abc_1402_new_n165 Metal2 [62.865um 44.5um] [62.865um 45um] 0.21um rpD:0 bl:0 -X---UC---TD---------Pb--- [44.0801um:45.42um] [62.655um:63.075um] 0.42um P------>
        <event:00002032 0:4.23077:0.42um> &<id:973974 Vertical abc_1402_new_n165 Metal2 [71.085um 44.5um] [71.085um 45um] 0.21um rpD:0 bl:0 -X---UC---TD---------Pb--- [44.0801um:45.42um] [70.875um:71.295um] 0.42um P------>
        <event:00002033 0:2152.52:9.15um> &<id:971513 Horizontal abc_1402_new_n163 Metal2 [66.355um 45um] [75.085um 45um] 0.29um rpD:1 bl:0 -----UCG----W------------- [66.145um:75.295um] [66.145um:75.295um] 9.15um ------->
        <event:00002034 4:2152.52:9.15um> &<id:971513 Horizontal abc_1402_new_n163 Metal2 [66.355um 45um] [75.085um 45um] 0.29um rpD:1 bl:0 -----UCG----W------------- [66.145um:75.295um] [66.145um:75.295um] 9.15um ------->
        <event:00002035 1:2034.22:8.64um> &<id:971467 Horizontal abc_1402_new_n165 Metal2 [62.865um 45um] [71.085um 45um] 0.29um rpD:1 bl:0 ------CG----W------------- [62.655um:71.295um] [62.655um:71.295um] 8.64um ------->
        <event:00002036 5:196:0.715um> &<id:971467 Horizontal abc_1402_new_n165 Metal2 [62.76um 45um] [63.265um 45um] 0.29um rpD:1 bl:0 ---a--C-----W----------t-- [62.655um:63.37um] [62.655um:63.37um] 0.715um ------t>
        <event:00002037 3:196:0.715um> &<id:975467 Horizontal abc_1402_new_n165 Metal2 [70.77um 45um] [71.275um 45um] 0.29um rpD:1 bl:0 ---a--C-----W---------t--- [70.665um:71.38um] [70.665um:71.38um] 0.715um -----s->
        <event:00002038 3:254.982:2.5um> &<id:975462 Vertical abc_1402_new_n165 Metal3 [63um 43um] [63um 45um] 0.29um rpD:2 bl:0 ------C------wAS------bt-- [42.75um:45.25um] [42.75um:45.25um] 2.5um --S--st>
        <event:00002039 3:254.982:1um> &<id:975466 Vertical abc_1402_new_n165 Metal3 [71um 44.5um] [71um 45um] 0.29um rpD:2 bl:0 ------C------wAS------bt-- [44.25um:45.25um] [44.25um:45.25um] 1um --S--st>
        <event:00002040 3:2619.64:8.5um> &<id:975463 Horizontal abc_1402_new_n165 Metal4 [63um 45um] [71um 45um] 0.29um rpD:3 bl:0 ------CG--------------bb-- [62.75um:71.25um] [62.75um:71.25um] 8.5um -----st>
        <event:00002041 0:4.23077:0.42um> &<id:973971 Vertical abc_1402_new_n165 Metal2 [62.865um 43um] [62.865um 43um] 0.21um rpD:0 bl:0 -X---UC---TD---------Pb--- [42.58um:43.42um] [62.655um:63.075um] 0.42um P------>
        <event:00002042 0:4.23077:0.42um> &<id:973974 Vertical abc_1402_new_n165 Metal2 [71.085um 44.5um] [71.085um 44.5um] 0.21um rpD:0 bl:0 -X---UC---TD---------Pb--- [44.0801um:44.92um] [70.875um:71.295um] 0.42um P------>
        <event:00002043 0:1896.41:11.235um> &<id:971779 Horizontal n(10) Metal2 [70.725um 49.5um] [81.5um 49.5um] 0.29um rpD:1 bl:0 ------CG----W----------t-- [70.515um:81.75um] [70.515um:81.75um] 11.235um ------->
        <event:00002044 4:1896.41:11.235um> &<id:971779 Horizontal n(10) Metal2 [70.725um 49.5um] [81.5um 49.5um] 0.29um rpD:1 bl:0 ------CG----W----------t-- [70.515um:81.75um] [70.515um:81.75um] 11.235um ------->
        <event:00002045 1:1467.57:8.665um> &<id:970848 Horizontal abc_1402_new_n160 Metal2 [65.5um 50um] [73.705um 50um] 0.29um rpD:1 bl:0 ------CG----W---------t--- [65.25um:73.915um] [65.25um:73.915um] 8.665um ------->
        <event:00002046 4:1467.57:8.665um> &<id:970848 Horizontal abc_1402_new_n160 Metal2 [65.5um 48um] [73.705um 48um] 0.29um rpD:1 bl:0 ------CG----W---------t--- [65.25um:73.915um] [65.25um:73.915um] 8.665um ------->
        <event:00002047 0:4.23077:0.42um> &<id:974055 Vertical abc_1402_new_n160 Metal2 [73.705um 48um] [73.705um 48.5um] 0.21um rpD:0 bl:0 -X---UC---TD---------P-b-- [47.58um:48.92um] [73.495um:73.915um] 0.42um P------>
        <event:00002048 0:888.959:5.015um> &<id:972387 Horizontal abc_1402_new_n171 Metal2 [61um 48um] [65.555um 48um] 0.29um rpD:0 bl:0 -----UCG--T-----------tb-- [60.75um:65.765um] [60.75um:65.765um] 5.015um ------->
        <event:00002049 4:888.959:5.015um> &<id:972387 Horizontal abc_1402_new_n171 Metal2 [61um 48um] [65.555um 48um] 0.29um rpD:0 bl:0 -----UCG--T-----------tb-- [60.75um:65.765um] [60.75um:65.765um] 5.015um ------->
        <event:00002050 3:1557.21:5um> &<id:970847 Vertical abc_1402_new_n160 Metal3 [65.5um 44um] [65.5um 48um] 0.29um rpD:1 bl:0 ------CG----W---------bb-- [43.75um:48.25um] [43.75um:48.75um] 5um ------->
        <event:00002051 0:2302.79:13.43um> &<id:972384 Horizontal abc_1402_new_n171 Metal2 [65.555um 48um] [78.565um 48um] 0.29um rpD:0 bl:0 ------CG--T-----------b--- [65.345um:78.775um] [65.345um:78.775um] 13.43um ------->
        <event:00002052 5:146:0.715um> &<id:972384 Horizontal abc_1402_new_n171 Metal2 [65.355um 48um] [65.86um 48um] 0.29um rpD:0 bl:0 ---a-UC---T----S------tb-- [65.25um:65.965um] [65.25um:65.965um] 0.715um --S---t>
        <event:00002053 3:204.393:0.895um> &<id:975475 Horizontal abc_1402_new_n171 Metal2 [78.565um 48um] [79um 48um] 0.29um rpD:1 bl:0 ------C-----W-AS-------t-- [78.355um:79.25um] [78.355um:79.25um] 0.895um --S--s->
        <event:00002054 3:254.982:0.71um> &<id:975470 Vertical abc_1402_new_n171 Metal3 [65.5um 47.75um] [65.5um 48.25um] 0.29um rpD:1 bl:0 ---a--C-----W-ASr-----bb-- [47.645um:48.355um] [47.645um:48.355um] 0.71um --S--st>
        <event:00002055 3:4289.17:14.5um> &<id:975471 Horizontal abc_1402_new_n171 Metal2 [65um 48um] [79um 48um] 0.29um rpD:2 bl:0 ------CG-----w--------tt-- [64.75um:79.25um] [64.75um:79.25um] 14.5um -----st>
        <event:00002056 3:494.787:1.5um> &<id:975474 Vertical abc_1402_new_n171 Metal3 [79um 47um] [79um 48um] 0.29um rpD:2 bl:0 ------C------wAS------bb-- [46.75um:48.25um] [46.75um:48.25um] 1.5um --S--st>
        <event:00002057 0:4.23077:0.42um> &<id:973918 Vertical abc_1402_new_n171 Metal2 [78.565um 48um] [78.565um 48.5um] 0.21um rpD:0 bl:0 -X---UC---TD---------P-b-- [47.58um:48.92um] [78.355um:78.775um] 0.42um P------>
        <event:00002058 0:1867.46:9.235um> &<id:970666 Horizontal init Metal2 [58.725um 19um] [67.5um 19um] 0.29um rpD:1 bl:0 ------CG----W----------t-- [58.515um:67.75um] [58.515um:67.75um] 9.235um ------->
        <event:00002059 4:1867.46:9.235um> &<id:970666 Horizontal init Metal2 [58.725um 19um] [67.5um 19um] 0.29um rpD:1 bl:0 ------CG----W----------t-- [58.515um:67.75um] [58.515um:67.75um] 9.235um ------->
        <event:00002060 3:1557.21:5um> &<id:971213 Vertical abc_1402_new_n145 Metal3 [66um 14.5um] [66um 19um] 0.29um rpD:1 bl:0 ------CG----W---------bb-- [14.25um:19.25um] [14.25um:19.25um] 5um ------->
        <event:00002061 3:1405.44:4.5um> &<id:971654 Vertical abc_1402_auto_rtlil_cc_2739_MuxGate_1395 Metal3 [61um 15um] [61um 19um] 0.29um rpD:1 bl:0 -----UCG----W---------bb-- [14.75um:19.25um] [14.75um:19.25um] 4.5um ------->
        <event:00002062 0:165.006:0.825um> &<id:974138 Horizontal abc_1402_new_n145 Metal2 [65.6um 19um] [66.215um 19um] 0.29um rpD:0 bl:0 ---a-UC---T-----------bt-- [65.495um:66.32um] [65.495um:66.32um] 0.825um ------->
        <event:00002063 0:386.166:2.105um> &<id:973313 Horizontal abc_1402_auto_rtlil_cc_2739_MuxGate_1395 Metal2 [61um 19um] [62.645um 19um] 0.29um rpD:0 bl:0 -----UC---T-----------tb-- [60.75um:62.855um] [60.75um:62.855um] 2.105um ------->
        <event:00002064 4:386.166:2.105um> &<id:973313 Horizontal abc_1402_auto_rtlil_cc_2739_MuxGate_1395 Metal2 [61um 21.5um] [62.645um 21.5um] 0.29um rpD:0 bl:0 -----UC---T-----------tb-- [60.75um:62.855um] [60.75um:62.855um] 2.105um ------->
        <event:00002065 1:3212.54:13.72um> &<id:972106 Horizontal abc_1402_new_n247 Metal2 [61.055um 22um] [74.355um 22um] 0.29um rpD:1 bl:0 ------CG----W------------- [60.845um:74.565um] [60.845um:74.565um] 13.72um ------->
        <event:00002066 0:4.23077:0.42um> &<id:974626 Vertical abc_1402_new_n247 Metal2 [61.055um 21.5um] [61.055um 22um] 0.21um rpD:0 bl:0 -X---UC---TD---------Pb--- [21.0801um:22.42um] [60.845um:61.265um] 0.42um P------>
        <event:00002067 4:4.23077:0.42um> &<id:974626 Vertical abc_1402_new_n247 Metal2 [61.055um 21.5um] [61.055um 22um] 0.21um rpD:0 bl:0 -X---UC---TD---------Pb--- [21.0801um:22.42um] [60.845um:61.265um] 0.42um P------>
        <event:00002068 4:4.23077:0.42um> &<id:974626 Vertical abc_1402_new_n247 Metal2 [61.055um 21.5um] [61.055um 22um] 0.21um rpD:0 bl:0 -X---UC---TD---------Pb--- [21.0801um:22.42um] [60.845um:61.265um] 0.42um P------>
        <event:00002069 3:3212.54:13.72um> &<id:972106 Horizontal abc_1402_new_n247 Metal2 [61.055um 22um] [74.355um 22um] 0.29um rpD:1 bl:0 ------CG----W------------- [60.845um:74.565um] [60.845um:74.565um] 13.72um ------->
        <event:00002070 3:2164.31:7um> &<id:971654 Vertical abc_1402_auto_rtlil_cc_2739_MuxGate_1395 Metal3 [61um 15um] [61um 21.5um] 0.29um rpD:1 bl:0 -----UCG----W---------bb-- [14.75um:21.75um] [14.75um:21.75um] 7um ------->
        <event:00002071 0:386.166:1.105um> &<id:973313 Horizontal abc_1402_auto_rtlil_cc_2739_MuxGate_1395 Metal2 [62um 21.5um] [62.645um 21.5um] 0.29um rpD:0 bl:0 -----UC---T-----------tb-- [61.75um:62.855um] [61.75um:62.855um] 1.105um ------->
        <event:00002072 0:1767.09:10.46um> &<id:971672 Horizontal abc_1402_new_n201 Metal2 [27.665um 49um] [37.705um 49um] 0.29um rpD:1 bl:0 -----UCG----W------------- [27.455um:37.915um] [27.455um:37.915um] 10.46um ------->
        <event:00002073 4:1767.09:10.46um> &<id:971672 Horizontal abc_1402_new_n201 Metal2 [27.665um 48um] [37.705um 48um] 0.29um rpD:1 bl:0 -----UCG----W------------- [27.455um:37.915um] [27.455um:37.915um] 10.46um ------->
        <event:00002074 3:3682.07:12um> &<id:972460 Vertical abc_1402_new_n195 Metal3 [35um 48um] [35um 59.5um] 0.29um rpD:1 bl:0 ------CG----W---------bb-- [47.75um:59.75um] [47.75um:59.75um] 12um ------->
        <event:00002075 0:4.23077:0.42um> &<id:973959 Vertical abc_1402_new_n201 Metal2 [27.665um 48um] [27.665um 48um] 0.21um rpD:0 bl:0 -X---UC---TD---------P-b-- [47.58um:48.42um] [27.455um:27.875um] 0.42um P------>
        <event:00002076 0:4.23077:0.42um> &<id:973962 Vertical abc_1402_new_n201 Metal2 [37.705um 48um] [37.705um 48.5um] 0.21um rpD:0 bl:0 -X---UC---TD---------P-b-- [47.58um:48.92um] [37.495um:37.915um] 0.42um P------>
        <event:00002077 0:2049.92:11.655um> &<id:972461 Horizontal abc_1402_new_n195 Metal2 [23.305um 48um] [34.5um 48um] 0.29um rpD:1 bl:0 ------CG----W----------t-- [23.095um:34.75um] [23.095um:34.75um] 11.655um ------->
        <event:00002078 5:141:0.715um> &<id:972461 Horizontal abc_1402_new_n195 Metal2 [23.2um 48um] [23.705um 48um] 0.29um rpD:1 bl:0 ---a--C-----W----------t-- [23.095um:23.81um] [23.095um:23.81um] 0.715um ------t>
        <event:00002079 3:254.982:2um> &<id:975478 Vertical abc_1402_new_n195 Metal3 [23.5um 48um] [23.5um 49.5um] 0.29um rpD:2 bl:0 ------C------wAS------tb-- [47.75um:49.75um] [47.75um:49.75um] 2um --S--st>
        <event:00002080 3:3530.29:11.5um> &<id:975479 Horizontal abc_1402_new_n195 Metal4 [23.5um 48um] [34.5um 48um] 0.29um rpD:2 bl:0 ------CG-----w--------bb-- [23.25um:34.75um] [23.25um:34.75um] 11.5um -----s->
        <event:00002081 0:4.23077:0.42um> &<id:973821 Vertical abc_1402_new_n195 Metal2 [23.305um 49.5um] [23.305um 49.5um] 0.21um rpD:0 bl:0 -X---UC---TD---------P-b-- [49.08um:49.92um] [23.095um:23.515um] 0.42um P------>
        <event:00002082 4:4.23077:0.42um> &<id:973821 Vertical abc_1402_new_n195 Metal2 [23.305um 49.5um] [23.305um 49.5um] 0.21um rpD:0 bl:0 -X---UC---TD---------P-b-- [49.08um:49.92um] [23.095um:23.515um] 0.42um P------>
        <event:00002083 3:141:0.715um> &<id:972461 Horizontal abc_1402_new_n195 Metal2 [23.2um 49.5um] [23.705um 49.5um] 0.29um rpD:1 bl:0 ---a--C-----W----------t-- [23.095um:23.81um] [23.095um:23.81um] 0.715um ------t>
        <event:00002084 0:1736.17:7.355um> &<id:972131 Horizontal abc_1402_auto_rtlil_cc_2739_MuxGate_1365 Metal2 [22.5um 56um] [29.395um 56um] 0.29um rpD:1 bl:0 ------CG----W---------t--- [22.25um:29.605um] [22.25um:29.605um] 7.355um ------->
        <event:00002085 4:1736.17:7.355um> &<id:972131 Horizontal abc_1402_auto_rtlil_cc_2739_MuxGate_1365 Metal2 [22.5um 56.5um] [29.395um 56.5um] 0.29um rpD:1 bl:0 ------CG----W---------t--- [22.25um:29.605um] [22.25um:29.605um] 7.355um ------->
        <event:00002086 3:4.23077:0.42um> &<id:974365 Vertical abc_1402_new_n105 Metal2 [27.455um 56um] [27.455um 56.5um] 0.21um rpD:0 bl:0 -X---UC---TD---------Pb--- [55.5801um:56.92um] [27.245um:27.665um] 0.42um P------>
        <event:00002087 4:4.23077:0.42um> &<id:974365 Vertical abc_1402_new_n105 Metal2 [27.455um 56um] [27.455um 56.5um] 0.21um rpD:0 bl:0 -X---UC---TD---------Pb--- [55.5801um:56.92um] [27.245um:27.665um] 0.42um P------>
        <event:00002088 0:4.23077:0.42um> &<id:973231 Vertical abc_1402_auto_rtlil_cc_2739_MuxGate_1365 Metal2 [29.395um 56um] [29.395um 56.5um] 0.21um rpD:0 bl:0 -X---UC---TD---------Pb--- [55.5801um:56.92um] [29.185um:29.605um] 0.42um P------>
        <event:00002089 0:2285.22:11.33um> &<id:971816 Horizontal abc_1402_new_n105 Metal2 [27.455um 56.5um] [38.365um 56.5um] 0.29um rpD:1 bl:0 -----UCG----W------------- [27.245um:38.575um] [27.245um:38.575um] 11.33um ------->
        <event:00002090 4:2285.22:11.33um> &<id:971816 Horizontal abc_1402_new_n105 Metal2 [27.455um 56.5um] [38.365um 56.5um] 0.29um rpD:1 bl:0 -----UCG----W------------- [27.245um:38.575um] [27.245um:38.575um] 11.33um ------->
        <event:00002091 1:1736.17:7.355um> &<id:972131 Horizontal abc_1402_auto_rtlil_cc_2739_MuxGate_1365 Metal2 [22.5um 56.5um] [29.395um 56.5um] 0.29um rpD:1 bl:0 ------CG----W---------t--- [22.25um:29.605um] [22.25um:29.605um] 7.355um ------->
        <event:00002092 4:1736.17:7.355um> &<id:972131 Horizontal abc_1402_auto_rtlil_cc_2739_MuxGate_1365 Metal2 [22.5um 56.5um] [29.395um 56.5um] 0.29um rpD:1 bl:0 ------CG----W---------t--- [22.25um:29.605um] [22.25um:29.605um] 7.355um ------->
        <event:00002093 3:4.23077:0.42um> &<id:974365 Vertical abc_1402_new_n105 Metal2 [27.455um 56um] [27.455um 56.5um] 0.21um rpD:0 bl:0 -X---UC---TD---------Pb--- [55.5801um:56.92um] [27.245um:27.665um] 0.42um P------>
        <event:00002094 4:4.23077:0.42um> &<id:974365 Vertical abc_1402_new_n105 Metal2 [27.455um 56um] [27.455um 56.5um] 0.21um rpD:0 bl:0 -X---UC---TD---------Pb--- [55.5801um:56.92um] [27.245um:27.665um] 0.42um P------>
        <event:00002095 0:4.23077:0.42um> &<id:973231 Vertical abc_1402_auto_rtlil_cc_2739_MuxGate_1365 Metal2 [29.395um 56um] [29.395um 56.5um] 0.21um rpD:0 bl:0 -X---UC---TD---------Pb--- [55.5801um:56.92um] [29.185um:29.605um] 0.42um P------>
        <event:00002096 0:2285.22:11.33um> &<id:971816 Horizontal abc_1402_new_n105 Metal2 [27.455um 56.5um] [38.365um 56.5um] 0.29um rpD:1 bl:0 -----UCG----W------------- [27.245um:38.575um] [27.245um:38.575um] 11.33um ------->
        <event:00002097 4:2285.22:11.33um> &<id:971816 Horizontal abc_1402_new_n105 Metal2 [27.455um 56.5um] [38.365um 56.5um] 0.29um rpD:1 bl:0 -----UCG----W------------- [27.245um:38.575um] [27.245um:38.575um] 11.33um ------->
        <event:00002098 1:1736.17:7.355um> &<id:972131 Horizontal abc_1402_auto_rtlil_cc_2739_MuxGate_1365 Metal2 [22.5um 56.5um] [29.395um 56.5um] 0.29um rpD:1 bl:0 ------CG----W---------t--- [22.25um:29.605um] [22.25um:29.605um] 7.355um ------->
        <event:00002099 5:2316.09:7.5um> &<id:972131 Horizontal abc_1402_auto_rtlil_cc_2739_MuxGate_1365 Metal4 [22.5um 56.5um] [29.5um 56.5um] 0.29um rpD:2 bl:0 ------CG-----w--------bb-- [22.25um:29.75um] [22.25um:29.75um] 7.5um ------t>
        <event:00002100 3:196:0.715um> &<id:975483 Horizontal abc_1402_auto_rtlil_cc_2739_MuxGate_1365 Metal2 [29.215um 56.5um] [29.72um 56.5um] 0.29um rpD:1 bl:0 ---a--C-----W----------t-- [29.11um:29.825um] [29.11um:29.825um] 0.715um -----s->
        <event:00002101 3:254.982:1um> &<id:975482 Vertical abc_1402_auto_rtlil_cc_2739_MuxGate_1365 Metal3 [29.5um 55.5um] [29.5um 56um] 0.29um rpD:2 bl:0 ------C------wAS------tb-- [55.25um:56.25um] [55.25um:56.25um] 1um --S--st>
        <event:00002102 0:4.23077:0.42um> &<id:973231 Vertical abc_1402_auto_rtlil_cc_2739_MuxGate_1365 Metal2 [29.395um 56um] [29.395um 56um] 0.21um rpD:0 bl:0 -X---UC---TD---------Pb--- [55.5801um:56.42um] [29.185um:29.605um] 0.42um P------>
        <event:00002103 0:1682.82:7.125um> &<id:972098 Horizontal abc_1402_new_n219 Metal2 [29um 31.5um] [35.665um 31.5um] 0.29um rpD:1 bl:0 ------CG----W---------t--- [28.75um:35.875um] [28.75um:35.875um] 7.125um ------->
        <event:00002104 4:1682.82:7.125um> &<id:972098 Horizontal abc_1402_new_n219 Metal2 [29um 30um] [35.665um 30um] 0.29um rpD:1 bl:0 ------CG----W---------t--- [28.75um:35.875um] [28.75um:35.875um] 7.125um ------->
        <event:00002105 0:4.23077:0.42um> &<id:974816 Vertical abc_1402_new_n219 Metal2 [35.665um 30um] [35.665um 30.5um] 0.21um rpD:0 bl:0 -X---UC---TD---------P-b-- [29.5801um:30.92um] [35.455um:35.875um] 0.42um P------>
        <event:00002106 4:4.23077:0.42um> &<id:974816 Vertical abc_1402_new_n219 Metal2 [35.665um 30um] [35.665um 30.5um] 0.21um rpD:0 bl:0 -X---UC---TD---------P-b-- [29.5801um:30.92um] [35.455um:35.875um] 0.42um P------>
        <event:00002107 0:1212.35:8.515um> &<id:972267 Horizontal n(24) Metal2 [29um 30.5um] [37.055um 30.5um] 0.29um rpD:0 bl:0 -----UCG--T-----------tb-- [28.75um:37.265um] [28.75um:37.265um] 8.515um ------->
        <event:00002108 4:1212.35:8.515um> &<id:972267 Horizontal n(24) Metal2 [29um 30.5um] [37.055um 30.5um] 0.29um rpD:0 bl:0 -----UCG--T-----------tb-- [28.75um:37.265um] [28.75um:37.265um] 8.515um ------->
        <event:00002109 3:1682.82:7.125um> &<id:972098 Horizontal abc_1402_new_n219 Metal2 [29um 30um] [35.665um 30um] 0.29um rpD:1 bl:0 ------CG----W---------t--- [28.75um:35.875um] [28.75um:35.875um] 7.125um ------->
        <event:00002110 0:4.23077:0.42um> &<id:974816 Vertical abc_1402_new_n219 Metal2 [35.665um 30um] [35.665um 30.5um] 0.21um rpD:0 bl:0 -X---UC---TD---------P-b-- [29.5801um:30.92um] [35.455um:35.875um] 0.42um P------>
        <event:00002111 4:4.23077:0.42um> &<id:974816 Vertical abc_1402_new_n219 Metal2 [35.665um 30um] [35.665um 30.5um] 0.21um rpD:0 bl:0 -X---UC---TD---------P-b-- [29.5801um:30.92um] [35.455um:35.875um] 0.42um P------>
        <event:00002112 0:1212.35:8.515um> &<id:972267 Horizontal n(24) Metal2 [29um 30.5um] [37.055um 30.5um] 0.29um rpD:0 bl:0 -----UCG--T-----------tb-- [28.75um:37.265um] [28.75um:37.265um] 8.515um ------->
        <event:00002113 4:1212.35:8.515um> &<id:972267 Horizontal n(24) Metal2 [29um 31um] [37.055um 31um] 0.29um rpD:0 bl:0 -----UCG--T-----------tb-- [28.75um:37.265um] [28.75um:37.265um] 8.515um ------->
        <event:00002114 3:1557.21:5um> &<id:972097 Vertical abc_1402_new_n219 Metal3 [29um 27um] [29um 31.5um] 0.29um rpD:1 bl:0 ------CG----W---------bb-- [26.75um:31.75um] [26.75um:31.75um] 5um ------->
        <event:00002115 0:316.077:2.805um> &<id:974805 Horizontal abc_1402_new_n219 Metal2 [26.655um 31um] [29um 31um] 0.29um rpD:0 bl:0 -----UC---T-----------bt-- [26.445um:29.25um] [26.445um:29.25um] 2.805um ------->
        <event:00002116 0:861.053:6.01um> &<id:972140 Horizontal abc_1402_new_n216 Metal2 [33.055um 31um] [38.645um 31um] 0.29um rpD:0 bl:0 -----UCG--T-----------b--- [32.845um:38.855um] [32.845um:38.855um] 6.01um ------->
        <event:00002117 4:861.053:6.01um> &<id:972140 Horizontal abc_1402_new_n216 Metal2 [33.055um 31.5um] [38.645um 31.5um] 0.29um rpD:0 bl:0 -----UCG--T-----------b--- [32.845um:38.855um] [32.845um:38.855um] 6.01um ------->
        <event:00002118 3:2164.31:7um> &<id:972241 Vertical n(26) Metal3 [34.5um 31.5um] [34.5um 38um] 0.29um rpD:1 bl:0 ------CG----W---------bb-- [31.25um:38.25um] [31.25um:38.25um] 7um ------->
        <event:00002119 3:1708.99:5.5um> &<id:972239 Vertical n(26) Metal3 [34.5um 26.5um] [34.5um 31.5um] 0.29um rpD:1 bl:0 -----UCG----W---------bb-- [26.25um:31.75um] [26.25um:31.75um] 5.5um ------->
        <event:00002120 0:4.23077:0.42um> &<id:974514 Vertical abc_1402_new_n216 Metal2 [38.645um 31.5um] [38.645um 31.5um] 0.21um rpD:0 bl:0 -X---UC---TD---------P-b-- [31.0801um:31.92um] [38.435um:38.855um] 0.42um P------>
        <event:00002121 0:106.077:0.855um> &<id:974901 Horizontal n(26) Metal2 [34.29um 31.5um] [34.895um 31.5um] 0.29um rpD:0 bl:0 ---a-UC---T-----------tb-- [34.185um:35um] [34.145um:35um] 0.855um ------->
        <event:00002122 4:106.077:0.855um> &<id:974901 Horizontal n(26) Metal2 [34.29um 32um] [34.895um 32um] 0.29um rpD:0 bl:0 ---a-UC---T-----------tb-- [34.185um:35um] [34.145um:35um] 0.855um ------->
        <event:00002123 3:3378.51:11um> &<id:972002 Vertical n(23) Metal3 [35um 32um] [35um 42.5um] 0.29um rpD:1 bl:0 ------CG----W---------bb-- [31.75um:42.75um] [31.75um:42.75um] 11um ------->
        <event:00002124 0:148.077:1.245um> &<id:975005 Horizontal n(23) Metal2 [34.215um 32um] [35um 32um] 0.29um rpD:0 bl:0 -----UC---T-----------bt-- [34.005um:35.25um] [34.005um:35.25um] 1.245um ------->
        <event:00002125 4:148.077:1.245um> &<id:975005 Horizontal n(23) Metal2 [34.215um 32um] [35um 32um] 0.29um rpD:0 bl:0 -----UC---T-----------bt-- [34.005um:35.25um] [34.005um:35.25um] 1.245um ------->
        <event:00002126 3:2012.54:6.5um> &<id:972241 Vertical n(26) Metal3 [34.5um 32um] [34.5um 38um] 0.29um rpD:1 bl:0 ------CG----W---------bb-- [31.75um:38.25um] [31.75um:38.25um] 6.5um ------->
        <event:00002127 3:1860.76:6um> &<id:972239 Vertical n(26) Metal3 [34.5um 26.5um] [34.5um 32um] 0.29um rpD:1 bl:0 -----UCG----W---------bb-- [26.25um:32.25um] [26.25um:32.25um] 6um ------->
        <event:00002128 0:106.077:0.855um> &<id:974901 Horizontal n(26) Metal2 [34.29um 32um] [34.895um 32um] 0.29um rpD:0 bl:0 ---a-UC---T-----------tb-- [34.185um:35um] [34.145um:35um] 0.855um ------->
        <event:00002129 4:106.077:0.855um> &<id:974901 Horizontal n(26) Metal2 [34.29um 32um] [34.895um 32um] 0.29um rpD:0 bl:0 ---a-UC---T-----------tb-- [34.185um:35um] [34.145um:35um] 0.855um ------->
        <event:00002130 3:3378.51:11um> &<id:972002 Vertical n(23) Metal3 [35um 32um] [35um 42.5um] 0.29um rpD:1 bl:0 ------CG----W---------bb-- [31.75um:42.75um] [31.75um:42.75um] 11um ------->
        <event:00002131 0:148.077:1.245um> &<id:975005 Horizontal n(23) Metal2 [34.215um 32um] [35um 32um] 0.29um rpD:0 bl:0 -----UC---T-----------bt-- [34.005um:35.25um] [34.005um:35.25um] 1.245um ------->
        <event:00002132 4:148.077:1.245um> &<id:975005 Horizontal n(23) Metal2 [34.215um 32um] [35um 32um] 0.29um rpD:0 bl:0 -----UC---T-----------bt-- [34.005um:35.25um] [34.005um:35.25um] 1.245um ------->
        <event:00002133 3:2012.54:6.5um> &<id:972241 Vertical n(26) Metal3 [34.5um 32um] [34.5um 38um] 0.29um rpD:1 bl:0 ------CG----W---------bb-- [31.75um:38.25um] [31.75um:38.25um] 6.5um ------->
        <event:00002134 3:1860.76:6um> &<id:972239 Vertical n(26) Metal3 [34.5um 26.5um] [34.5um 32um] 0.29um rpD:1 bl:0 -----UCG----W---------bb-- [26.25um:32.25um] [26.25um:32.25um] 6um ------->
        <event:00002135 0:106.077:0.855um> &<id:974901 Horizontal n(26) Metal2 [34.29um 32um] [34.895um 32um] 0.29um rpD:0 bl:0 ---a-UC---T-----------tb-- [34.185um:35um] [34.145um:35um] 0.855um ------->
        <event:00002136 4:106.077:0.855um> &<id:974901 Horizontal n(26) Metal2 [34.29um 31.5um] [34.895um 31.5um] 0.29um rpD:0 bl:0 ---a-UC---T-----------tb-- [34.185um:35um] [34.145um:35um] 0.855um ------->
        <event:00002137 0:861.053:6.01um> &<id:972140 Horizontal abc_1402_new_n216 Metal2 [33.055um 31.5um] [38.645um 31.5um] 0.29um rpD:0 bl:0 -----UCG--T-----------b--- [32.845um:38.855um] [32.845um:38.855um] 6.01um ------->
        <event:00002138 4:861.053:6.01um> &<id:972140 Horizontal abc_1402_new_n216 Metal2 [33.055um 32.5um] [38.645um 32.5um] 0.29um rpD:0 bl:0 -----UCG--T-----------b--- [32.845um:38.855um] [32.845um:38.855um] 6.01um ------->
        <event:00002139 0:4.23077:0.42um> &<id:974514 Vertical abc_1402_new_n216 Metal2 [38.645um 32.5um] [38.645um 32.5um] 0.21um rpD:0 bl:0 -X---UC---TD---------P-b-- [32.08um:32.92um] [38.435um:38.855um] 0.42um P------>
        <event:00002140 0:1549.15:14.255um> &<id:972221 Horizontal abc_1402_new_n210 Metal2 [33.705um 32.5um] [47.5um 32.5um] 0.29um rpD:0 bl:0 ------CG--T-----------bt-- [33.495um:47.75um] [33.495um:47.75um] 14.255um ------->
        <event:00002141 4:1549.15:14.255um> &<id:972221 Horizontal abc_1402_new_n210 Metal2 [33.705um 32.5um] [47.5um 32.5um] 0.29um rpD:0 bl:0 ------CG--T-----------bt-- [33.495um:47.75um] [33.495um:47.75um] 14.255um ------->
        <event:00002142 3:4.23077:0.42um> &<id:974514 Vertical abc_1402_new_n216 Metal2 [38.645um 32.5um] [38.645um 32.5um] 0.21um rpD:0 bl:0 -X---UC---TD---------P-b-- [32.08um:32.92um] [38.435um:38.855um] 0.42um P------>
        <event:00002143 4:4.23077:0.42um> &<id:974514 Vertical abc_1402_new_n216 Metal2 [38.645um 32.5um] [38.645um 32.5um] 0.21um rpD:0 bl:0 -X---UC---TD---------P-b-- [32.08um:32.92um] [38.435um:38.855um] 0.42um P------>
        <event:00002144 0:861.053:6.01um> &<id:972140 Horizontal abc_1402_new_n216 Metal2 [33.055um 32.5um] [38.645um 32.5um] 0.29um rpD:0 bl:0 -----UCG--T-----------b--- [32.845um:38.855um] [32.845um:38.855um] 6.01um ------->
        <event:00002145 0:1549.15:14.255um> &<id:972221 Horizontal abc_1402_new_n210 Metal2 [33.705um 32.5um] [47.5um 32.5um] 0.29um rpD:0 bl:0 ------CG--T-----------bt-- [33.495um:47.75um] [33.495um:47.75um] 14.255um ------->
        <event:00002146 5:91:0.715um> &<id:972221 Horizontal abc_1402_new_n210 Metal2 [33.355um 32.5um] [33.86um 32.5um] 0.29um rpD:0 bl:0 ---a-UC---T----S------tb-- [33.25um:33.965um] [33.25um:33.965um] 0.715um --S---t>
        <event:00002147 3:254.982:1um> &<id:975486 Vertical abc_1402_new_n210 Metal3 [33.5um 32um] [33.5um 32.5um] 0.29um rpD:1 bl:0 ------C-----W-ASr-----bb-- [31.75um:32.75um] [31.75um:32.75um] 1um --S--st>
        <event:00002148 3:4440.94:14.5um> &<id:975487 Horizontal abc_1402_new_n210 Metal2 [33.5um 32.5um] [47.5um 32.5um] 0.29um rpD:2 bl:0 ------CG-----wA-------tt-- [33.25um:47.75um] [33.25um:47.75um] 14.5um -----s->
        <event:00002149 0:8877.99:38.145um> &<id:972651 Horizontal clk Metal2 [3um 30um] [40.685um 30um] 0.29um rpD:1 bl:0 ------CG----W---------t--- [2.75um:40.895um] [2.75um:40.895um] 38.145um ------->
        <event:00002150 4:8877.99:38.145um> &<id:972651 Horizontal clk Metal2 [3um 33.5um] [40.685um 33.5um] 0.29um rpD:1 bl:0 ------CG----W---------t--- [2.75um:40.895um] [2.75um:40.895um] 38.145um ------->
        <event:00002151 3:4.23077:0.42um> &<id:974546 Vertical abc_1402_new_n223 Metal2 [22.285um 33um] [22.285um 33.5um] 0.21um rpD:0 bl:0 -X---UC---TD---------Pb--- [32.58um:33.92um] [22.075um:22.495um] 0.42um P------>
        <event:00002152 4:4.23077:0.42um> &<id:974546 Vertical abc_1402_new_n223 Metal2 [22.285um 33um] [22.285um 33.5um] 0.21um rpD:0 bl:0 -X---UC---TD---------Pb--- [32.58um:33.92um] [22.075um:22.495um] 0.42um P------>
        <event:00002153 3:4.23077:0.42um> &<id:974549 Vertical abc_1402_new_n223 Metal2 [28.755um 33um] [28.755um 33.5um] 0.21um rpD:0 bl:0 -X---UC---TD---------Pb--- [32.58um:33.92um] [28.545um:28.965um] 0.42um P------>
        <event:00002154 3:1628.31:6.89um> &<id:971218 Horizontal abc_1402_new_n223 Metal2 [22.285um 33.5um] [28.755um 33.5um] 0.29um rpD:1 bl:0 -----UCG----W------------- [22.075um:28.965um] [22.075um:28.965um] 6.89um ------->
        <event:00002155 0:4.23077:0.42um> &<id:973417 Vertical clk Metal2 [40.685um 33um] [40.685um 33.5um] 0.21um rpD:0 bl:0 -X---UC---TD---------Pb--- [32.58um:33.92um] [40.475um:40.895um] 0.42um P------>
        <event:00002156 0:8877.99:38.145um> &<id:972651 Horizontal clk Metal2 [3um 33.5um] [40.685um 33.5um] 0.29um rpD:1 bl:0 ------CG----W---------t--- [2.75um:40.895um] [2.75um:40.895um] 38.145um ------->
        <event:00002157 5:11574.4:38um> &<id:972651 Horizontal clk Metal4 [3um 33.5um] [40.5um 33.5um] 0.29um rpD:2 bl:0 ------CG-----w--------bb-- [2.75um:40.75um] [2.75um:40.75um] 38um ------t>
        <event:00002158 3:196:0.715um> &<id:975491 Horizontal clk Metal2 [40.32um 33.5um] [40.825um 33.5um] 0.29um rpD:1 bl:0 ---a--C-----W---------t--- [40.215um:40.93um] [40.215um:40.93um] 0.715um -----s->
        <event:00002159 3:254.982:1.5um> &<id:975490 Vertical clk Metal3 [40.5um 32.5um] [40.5um 33.5um] 0.29um rpD:2 bl:0 ------C------wAS------tb-- [32.25um:33.75um] [32.25um:33.75um] 1.5um --S--st>
        <event:00002160 0:4.23077:0.42um> &<id:973417 Vertical clk Metal2 [40.685um 33um] [40.685um 33.5um] 0.21um rpD:0 bl:0 -X---UC---TD---------Pb--- [32.58um:33.92um] [40.475um:40.895um] 0.42um P------>
        <event:00002161 4:4.23077:0.42um> &<id:973417 Vertical clk Metal2 [40.685um 33um] [40.685um 33.5um] 0.21um rpD:0 bl:0 -X---UC---TD---------Pb--- [32.58um:33.92um] [40.475um:40.895um] 0.42um P------>
        <event:00002162 3:196:0.715um> &<id:975491 Horizontal clk Metal2 [40.32um 33.5um] [40.825um 33.5um] 0.29um rpD:1 bl:0 ---a--C-----W---------t--- [40.215um:40.93um] [40.215um:40.93um] 0.715um -----s->
        <event:00002163 0:4.23077:0.42um> &<id:973417 Vertical clk Metal2 [40.685um 33um] [40.685um 33um] 0.21um rpD:0 bl:0 -X---UC---TD---------Pb--- [32.58um:33.42um] [40.475um:40.895um] 0.42um P------>
        <event:00002164 0:1657.3:7.015um> &<id:972644 Horizontal inputs(2) Metal2 [50.5um 27um] [57.055um 27um] 0.29um rpD:1 bl:0 ------CG----W---------t--- [50.25um:57.265um] [50.25um:57.265um] 7.015um ------->
        <event:00002165 4:1657.3:7.015um> &<id:972644 Horizontal inputs(2) Metal2 [50.5um 27.5um] [57.055um 27.5um] 0.29um rpD:1 bl:0 ------CG----W---------t--- [50.25um:57.265um] [50.25um:57.265um] 7.015um ------->
        <event:00002166 3:1253.66:4um> &<id:972446 Vertical abc_1402_new_n131 Metal3 [54.5um 27.5um] [54.5um 31um] 0.29um rpD:1 bl:0 ------CG----W---------bb-- [27.25um:31.25um] [27.25um:31.25um] 4um ------->
        <event:00002167 0:4.23077:0.42um> &<id:972701 Vertical inputs(2) Metal2 [57.055um 27um] [57.055um 27.5um] 0.21um rpD:0 bl:0 -X---UC---TD---------Pb--- [26.58um:27.92um] [56.845um:57.265um] 0.42um P------>
        <event:00002168 0:6294.04:27.005um> &<id:972447 Horizontal abc_1402_new_n131 Metal2 [27.955um 27.5um] [54.5um 27.5um] 0.29um rpD:1 bl:0 ------CG----W----------t-- [27.745um:54.75um] [27.745um:54.75um] 27.005um ------->
        <event:00002169 4:6294.04:27.005um> &<id:972447 Horizontal abc_1402_new_n131 Metal2 [27.955um 27.5um] [54.5um 27.5um] 0.29um rpD:1 bl:0 ------CG----W----------t-- [27.745um:54.75um] [27.745um:54.75um] 27.005um ------->
        <event:00002170 3:11877.9:39um> &<id:972643 Vertical inputs(2) Metal3 [50.5um 27.5um] [50.5um 66um] 0.29um rpD:2 bl:0 ------CG-----w--------bb-- [27.25um:66.25um] [27.25um:66.25um] 39um ------->
        <event:00002171 0:1657.3:6.515um> &<id:972644 Horizontal inputs(2) Metal2 [51um 27.5um] [57.055um 27.5um] 0.29um rpD:1 bl:0 ------CG----W---------t--- [50.75um:57.265um] [50.75um:57.265um] 6.515um ------->
        <event:00002172 0:4.23077:0.42um> &<id:972701 Vertical inputs(2) Metal2 [57.055um 27um] [57.055um 27um] 0.21um rpD:0 bl:0 -X---UC---TD---------Pb--- [26.58um:27.42um] [56.845um:57.265um] 0.42um P------>
        <event:00002173 0:1657.3:7.015um> &<id:971189 Horizontal n(11) Metal2 [74.5um 50um] [81.055um 50um] 0.29um rpD:1 bl:0 ------CG----W---------t--- [74.25um:81.265um] [74.25um:81.265um] 7.015um ------->
        <event:00002174 0:4.23077:0.42um> &<id:975313 Vertical n(11) Metal2 [81.055um 47.5um] [81.055um 48um] 0.21um rpD:0 bl:0 -X---UC---TD---------P-b-- [47.08um:48.42um] [80.845um:81.265um] 0.42um P------>
        <event:00002175 4:4.23077:0.42um> &<id:975313 Vertical n(11) Metal2 [81.055um 47.5um] [81.055um 48um] 0.21um rpD:0 bl:0 -X---UC---TD---------P-b-- [47.08um:48.42um] [80.845um:81.265um] 0.42um P------>
        <event:00002176 3:4896.27:16um> &<id:972564 Vertical abc_1402_new_n130 Metal3 [80um 32.5um] [80um 48um] 0.29um rpD:1 bl:0 ------CG----W---------bb-- [32.25um:48.25um] [32.25um:48.25um] 16um ------->
        <event:00002177 0:647.065:2.615um> &<id:974316 Horizontal abc_1402_new_n130 Metal2 [81um 48um] [83.155um 48um] 0.29um rpD:0 bl:0 -----UC---T-----------tb-- [80.75um:83.365um] [80.75um:83.365um] 2.615um ------->
        <event:00002178 0:1649.18:6.98um> &<id:971252 Horizontal abc_1402_new_n116 Metal2 [73.405um 43um] [79.965um 43um] 0.29um rpD:1 bl:0 -----UCG----W------------- [73.195um:80.175um] [73.195um:80.175um] 6.98um ------->
        <event:00002179 0:1636.43:6.925um> &<id:972203 Horizontal abc_1402_new_n102 Metal2 [41.5um 38.5um] [47.965um 38.5um] 0.29um rpD:1 bl:0 ------CG----W---------t--- [41.25um:48.175um] [41.25um:48.175um] 6.925um ------->
        <event:00002180 0:4.23077:0.42um> &<id:974332 Vertical abc_1402_new_n102 Metal2 [47.965um 37um] [47.965um 37um] 0.21um rpD:0 bl:0 -X---UC---TD---------Pb--- [36.5801um:37.42um] [47.755um:48.175um] 0.42um P------>
        <event:00002181 0:1606.27:6.795um> &<id:970886 Horizontal clk_root_0 Metal2 [35um 31.5um] [41.335um 31.5um] 0.29um rpD:1 bl:0 ------CG----W---------t--- [34.75um:41.545um] [34.75um:41.545um] 6.795um ------->
        <event:00002182 0:4.23077:0.42um> &<id:973066 Vertical clk_root_0 Metal2 [41.335um 33um] [41.335um 33.5um] 0.21um rpD:0 bl:0 -X---UC---TD---------Pb--- [32.58um:33.92um] [41.125um:41.545um] 0.42um P------>
        <event:00002183 0:1590.04:6.725um> &<id:971986 Horizontal abc_1402_new_n142 Metal2 [47.735um 15.5um] [54um 15.5um] 0.29um rpD:1 bl:0 ------CG----W----------t-- [47.525um:54.25um] [47.525um:54.25um] 6.725um ------->
        <event:00002184 0:4.23077:0.42um> &<id:974207 Vertical abc_1402_new_n142 Metal2 [47.735um 15.5um] [47.735um 16um] 0.21um rpD:0 bl:0 -X---UC---TD---------Pb--- [15.08um:16.42um] [47.525um:47.945um] 0.42um P------>
        <event:00002185 0:1574.96:6.66um> &<id:971172 Horizontal abc_1402_new_n107 Metal2 [11.965um 60.5um] [18.205um 60.5um] 0.29um rpD:1 bl:0 -----UCG----W------------- [11.755um:18.415um] [11.755um:18.415um] 6.66um ------->
        <event:00002186 0:4.23077:0.42um> &<id:974378 Vertical abc_1402_new_n107 Metal2 [11.965um 60um] [11.965um 60um] 0.21um rpD:0 bl:0 -X---UC---TD---------P-b-- [59.58um:60.42um] [11.755um:12.175um] 0.42um P------>
        <event:00002187 0:4.23077:0.42um> &<id:974381 Vertical abc_1402_new_n107 Metal2 [18.205um 60um] [18.205um 60um] 0.21um rpD:0 bl:0 -X---UC---TD---------P-b-- [59.58um:60.42um] [17.995um:18.415um] 0.42um P------>
        <event:00002188 0:1573.33:7.76um> &<id:971321 Horizontal abc_1402_new_n237 Metal2 [57.415um 8.5um] [64.755um 8.5um] 0.29um rpD:1 bl:0 ------CG----W------------- [57.205um:64.965um] [57.205um:64.965um] 7.76um ------->
        <event:00002189 0:4.23077:0.42um> &<id:974591 Vertical abc_1402_new_n237 Metal2 [57.415um 10um] [57.415um 10.5um] 0.21um rpD:0 bl:0 -X---UC---TD---------Pb--- [9.58um:10.92um] [57.205um:57.625um] 0.42um P------>
        <event:00002190 0:4.23077:0.42um> &<id:974594 Vertical abc_1402_new_n237 Metal2 [64.755um 10um] [64.755um 10.5um] 0.21um rpD:0 bl:0 -X---UC---TD---------Pb--- [9.58um:10.92um] [64.545um:64.965um] 0.42um P------>
        <event:00002191 4:4.23077:0.42um> &<id:974594 Vertical abc_1402_new_n237 Metal2 [64.755um 10um] [64.755um 10.5um] 0.21um rpD:0 bl:0 -X---UC---TD---------Pb--- [9.58um:10.92um] [64.545um:64.965um] 0.42um P------>
        <event:00002192 3:2012.54:6.5um> &<id:971211 Vertical abc_1402_new_n145 Metal3 [68um 10um] [68um 14.5um] 0.29um rpD:1 bl:0 -----UCG----W---------bb-- [9.75um:14.75um] [8.25um:14.75um] 6.5um ------->
        <event:00002193 0:1025.46:5.805um> &<id:971210 Horizontal abc_1402_new_n145 Metal2 [62.655um 10um] [68um 10um] 0.29um rpD:0 bl:0 -----UCG--T-----------bt-- [62.445um:68.25um] [62.445um:68.25um] 5.805um ------->
        <event:00002194 0:1571.48:6.645um> &<id:970806 Horizontal clk_root_2 Metal2 [22.5um 49um] [28.685um 49um] 0.29um rpD:1 bl:0 ------CG----W---------t--- [22.25um:28.895um] [22.25um:28.895um] 6.645um ------->
        <event:00002195 0:4.23077:0.42um> &<id:972904 Vertical clk_root_2 Metal2 [28.685um 47.5um] [28.685um 48um] 0.21um rpD:0 bl:0 -X---UC---TD---------P-b-- [47.08um:48.42um] [28.475um:28.895um] 0.42um P------>
        <event:00002196 4:4.23077:0.42um> &<id:972904 Vertical clk_root_2 Metal2 [28.685um 47.5um] [28.685um 48um] 0.21um rpD:0 bl:0 -X---UC---TD---------P-b-- [47.08um:48.42um] [28.475um:28.895um] 0.42um P------>
        <event:00002197 0:1767.09:10.46um> &<id:971672 Horizontal abc_1402_new_n201 Metal2 [27.665um 48um] [37.705um 48um] 0.29um rpD:1 bl:0 -----UCG----W------------- [27.455um:37.915um] [27.455um:37.915um] 10.46um ------->
        <event:00002198 0:4.23077:0.42um> &<id:973959 Vertical abc_1402_new_n201 Metal2 [27.665um 49um] [27.665um 49um] 0.21um rpD:0 bl:0 -X---UC---TD---------P-b-- [48.5801um:49.42um] [27.455um:27.875um] 0.42um P------>
        <event:00002199 0:4.23077:0.42um> &<id:973962 Vertical abc_1402_new_n201 Metal2 [37.705um 49um] [37.705um 49um] 0.21um rpD:0 bl:0 -X---UC---TD---------P-b-- [48.5801um:49.42um] [37.495um:37.915um] 0.42um P------>
        <event:00002200 0:1561.04:6.6um> &<id:971157 Horizontal abc_1402_new_n221 Metal2 [27.085um 37.5um] [33.265um 37.5um] 0.29um rpD:1 bl:0 -----UCG----W------------- [26.875um:33.475um] [26.875um:33.475um] 6.6um ------->
        <event:00002201 4:1561.04:6.6um> &<id:971157 Horizontal abc_1402_new_n221 Metal2 [27.085um 39um] [33.265um 39um] 0.29um rpD:1 bl:0 -----UCG----W------------- [26.875um:33.475um] [26.875um:33.475um] 6.6um ------->
        <event:00002202 0:4.23077:0.42um> &<id:974540 Vertical abc_1402_new_n221 Metal2 [27.085um 38.5um] [27.085um 39um] 0.21um rpD:0 bl:0 -X---UC---TD---------Pb--- [38.08um:39.42um] [26.875um:27.295um] 0.42um P------>
        <event:00002203 4:4.23077:0.42um> &<id:974540 Vertical abc_1402_new_n221 Metal2 [27.085um 38.5um] [27.085um 39um] 0.21um rpD:0 bl:0 -X---UC---TD---------Pb--- [38.08um:39.42um] [26.875um:27.295um] 0.42um P------>
        <event:00002204 3:2012.54:6.5um> &<id:972142 Vertical abc_1402_new_n216 Metal3 [30.5um 32.5um] [30.5um 38.5um] 0.29um rpD:1 bl:0 -----UCG----W---------bb-- [32.25um:38.75um] [32.25um:38.75um] 6.5um ------->
        <event:00002205 3:1405.44:4.5um> &<id:972146 Vertical abc_1402_new_n216 Metal3 [26um 38.5um] [26um 42.5um] 0.29um rpD:2 bl:0 ------CG-----w--------bb-- [38.25um:42.75um] [38.25um:42.75um] 4.5um ------->
        <event:00002206 0:4.23077:0.42um> &<id:974543 Vertical abc_1402_new_n221 Metal2 [33.265um 38.5um] [33.265um 39um] 0.21um rpD:0 bl:0 -X---UC---TD---------Pb--- [38.08um:39.42um] [33.055um:33.475um] 0.42um P------>
        <event:00002207 0:735.541:1.615um> &<id:974520 Horizontal abc_1402_new_n216 Metal2 [29.5um 38.5um] [30.655um 38.5um] 0.29um rpD:0 bl:0 -----UC---T-----------tb-- [29.25um:30.865um] [29.25um:30.865um] 1.615um ------->
        <event:00002208 0:4389.7:18.795um> &<id:970802 Horizontal clk_root_2 Metal2 [23um 39um] [41.335um 39um] 0.29um rpD:1 bl:0 ------CG----W---------t--- [22.75um:41.545um] [22.75um:41.545um] 18.795um ------->
        <event:00002209 4:4389.7:18.795um> &<id:970802 Horizontal clk_root_2 Metal2 [23um 39um] [41.335um 39um] 0.29um rpD:1 bl:0 ------CG----W---------t--- [22.75um:41.545um] [22.75um:41.545um] 18.795um ------->
        <event:00002210 3:4.23077:0.42um> &<id:974540 Vertical abc_1402_new_n221 Metal2 [27.085um 38.5um] [27.085um 39um] 0.21um rpD:0 bl:0 -X---UC---TD---------Pb--- [38.08um:39.42um] [26.875um:27.295um] 0.42um P------>
        <event:00002211 4:4.23077:0.42um> &<id:974540 Vertical abc_1402_new_n221 Metal2 [27.085um 38.5um] [27.085um 39um] 0.21um rpD:0 bl:0 -X---UC---TD---------Pb--- [38.08um:39.42um] [26.875um:27.295um] 0.42um P------>
        <event:00002212 3:4.23077:0.42um> &<id:974543 Vertical abc_1402_new_n221 Metal2 [33.265um 38.5um] [33.265um 39um] 0.21um rpD:0 bl:0 -X---UC---TD---------Pb--- [38.08um:39.42um] [33.055um:33.475um] 0.42um P------>
        <event:00002213 3:1561.04:6.6um> &<id:971157 Horizontal abc_1402_new_n221 Metal2 [27.085um 39um] [33.265um 39um] 0.29um rpD:1 bl:0 -----UCG----W------------- [26.875um:33.475um] [26.875um:33.475um] 6.6um ------->
        <event:00002214 0:4389.7:18.795um> &<id:970802 Horizontal clk_root_2 Metal2 [23um 39um] [41.335um 39um] 0.29um rpD:1 bl:0 ------CG----W---------t--- [22.75um:41.545um] [22.75um:41.545um] 18.795um ------->
        <event:00002215 5:5806.92:19um> &<id:970802 Horizontal clk_root_2 Metal4 [23um 39um] [41.5um 39um] 0.29um rpD:2 bl:0 ------CG-----w--------bb-- [22.75um:41.75um] [22.75um:41.75um] 19um ------t>
        <event:00002216 3:196:0.715um> &<id:975495 Horizontal clk_root_2 Metal2 [41.185um 39um] [41.69um 39um] 0.29um rpD:1 bl:0 ---a--C-----W----------t-- [41.08um:41.795um] [41.08um:41.795um] 0.715um -----s->
        <event:00002217 3:254.982:1um> &<id:975494 Vertical clk_root_2 Metal3 [41.5um 38.5um] [41.5um 39um] 0.29um rpD:2 bl:0 ------C------wAS------tb-- [38.25um:39.25um] [38.25um:39.25um] 1um --S--st>
        <event:00002218 0:4.23077:0.42um> &<id:972869 Vertical clk_root_2 Metal2 [41.335um 38.5um] [41.335um 39um] 0.21um rpD:0 bl:0 -X---UC---TD---------Pb--- [38.08um:39.42um] [41.125um:41.545um] 0.42um P------>
        <event:00002219 0:1549.33:9.155um> &<id:972160 Horizontal abc_1402_auto_rtlil_cc_2739_MuxGate_1387 Metal2 [36.305um 3.5um] [45um 3.5um] 0.29um rpD:1 bl:0 ------CG----W----------t-- [36.095um:45.25um] [36.095um:45.25um] 9.155um ------->
        <event:00002220 4:1549.33:9.155um> &<id:972160 Horizontal abc_1402_auto_rtlil_cc_2739_MuxGate_1387 Metal2 [36.305um 2um] [45um 2um] 0.29um rpD:1 bl:0 ------CG----W----------t-- [36.095um:45.25um] [36.095um:45.25um] 9.155um ------->
        <event:00002221 0:4.23077:0.42um> &<id:973291 Vertical abc_1402_auto_rtlil_cc_2739_MuxGate_1387 Metal2 [36.305um 2um] [36.305um 2.5um] 0.21um rpD:0 bl:0 -X---UC---TD---------P-b-- [1.5801um:2.92um] [36.095um:36.515um] 0.42um P------>
        <event:00002222 4:4.23077:0.42um> &<id:973291 Vertical abc_1402_auto_rtlil_cc_2739_MuxGate_1387 Metal2 [36.305um 2um] [36.305um 2.5um] 0.21um rpD:0 bl:0 -X---UC---TD---------P-b-- [1.5801um:2.92um] [36.095um:36.515um] 0.42um P------>
        <event:00002223 0:1535.59:10.82um> &<id:971749 Horizontal abc_1402_new_n94 Metal2 [33.705um 2.5um] [44.105um 2.5um] 0.29um rpD:0 bl:0 -----UCG--T-----------bb-- [33.495um:44.315um] [33.495um:44.315um] 10.82um ------->
        <event:00002224 4:1535.59:10.82um> &<id:971749 Horizontal abc_1402_new_n94 Metal2 [33.705um 3.5um] [44.105um 3.5um] 0.29um rpD:0 bl:0 -----UCG--T-----------bb-- [33.495um:44.315um] [33.495um:44.315um] 10.82um ------->
        <event:00002225 3:1708.99:5.5um> &<id:971526 Vertical n(0) Metal3 [35um 3.5um] [35um 8.5um] 0.29um rpD:1 bl:0 ------CG----W---------bb-- [3.25um:8.75um] [3.25um:8.75um] 5.5um ------->
        <event:00002226 0:9891.65:49.475um> &<id:972672 Horizontal inputs(0) Metal2 [18.5um 2um] [67.515um 2um] 0.29um rpD:1 bl:0 ------CG----W---------t--- [18.25um:67.725um] [18.25um:67.725um] 49.475um ------->
        <event:00002227 4:9891.65:49.475um> &<id:972672 Horizontal inputs(0) Metal2 [18.5um 4.5um] [67.515um 4.5um] 0.29um rpD:1 bl:0 ------CG----W---------t--- [18.25um:67.725um] [18.25um:67.725um] 49.475um ------->
        <event:00002228 3:4.23077:0.42um> &<id:974095 Vertical abc_1402_new_n146 Metal2 [27.885um 4um] [27.885um 4.5um] 0.21um rpD:0 bl:0 -X---UC---TD---------Pb--- [3.5801um:4.92um] [27.675um:28.095um] 0.42um P------>
        <event:00002229 4:4.23077:0.42um> &<id:974095 Vertical abc_1402_new_n146 Metal2 [27.885um 4um] [27.885um 4.5um] 0.21um rpD:0 bl:0 -X---UC---TD---------Pb--- [3.5801um:4.92um] [27.675um:28.095um] 0.42um P------>
        <event:00002230 3:4.23077:0.42um> &<id:974098 Vertical abc_1402_new_n146 Metal2 [46.995um 4um] [46.995um 4.5um] 0.21um rpD:0 bl:0 -X---UC---TD---------Pb--- [3.5801um:4.92um] [46.785um:47.205um] 0.42um P------>
        <event:00002231 0:4.23077:0.42um> &<id:972675 Vertical inputs(0) Metal2 [67.515um 4um] [67.515um 4.5um] 0.21um rpD:0 bl:0 -X---UC---TD---------Pb--- [3.5801um:4.92um] [67.305um:67.725um] 0.42um P------>
        <event:00002232 0:9891.65:49.475um> &<id:972672 Horizontal inputs(0) Metal2 [18.5um 4.5um] [67.515um 4.5um] 0.29um rpD:1 bl:0 ------CG----W---------t--- [18.25um:67.725um] [18.25um:67.725um] 49.475um ------->
        <event:00002233 5:15065.2:49.5um> &<id:972672 Horizontal inputs(0) Metal4 [18.5um 4.5um] [67.5um 4.5um] 0.29um rpD:3 bl:0 ------CG--------------bb-- [18.25um:67.75um] [18.25um:67.75um] 49.5um ------t>
        <event:00002234 3:168.5:0.715um> &<id:975499 Horizontal inputs(0) Metal2 [67.235um 4.5um] [67.74um 4.5um] 0.29um rpD:1 bl:0 ---a--C-----W---------t--- [67.13um:67.845um] [67.13um:67.845um] 0.715um -----s->
        <event:00002235 3:254.982:1um> &<id:975498 Vertical inputs(0) Metal3 [67.5um 4um] [67.5um 4.5um] 0.29um rpD:2 bl:0 ------C------wAS------tb-- [3.75um:4.75um] [3.75um:4.75um] 1um --S--st>
        <event:00002236 0:4.23077:0.42um> &<id:972675 Vertical inputs(0) Metal2 [67.515um 4um] [67.515um 4.5um] 0.21um rpD:0 bl:0 -X---UC---TD---------Pb--- [3.5801um:4.92um] [67.305um:67.725um] 0.42um P------>
        <event:00002237 0:4560.19:19.53um> &<id:972409 Horizontal abc_1402_new_n146 Metal2 [27.885um 4.5um] [46.995um 4.5um] 0.29um rpD:1 bl:0 ------CG----W------------- [27.675um:47.205um] [27.675um:47.205um] 19.53um ------->
        <event:00002238 0:2380.99:8.635um> &<id:971525 Horizontal n(0) Metal2 [25.325um 3.5um] [33.5um 3.5um] 0.29um rpD:1 bl:0 ------CG----W----------t-- [25.115um:33.75um] [25.115um:33.75um] 8.635um ------->
        <event:00002239 0:4.23077:0.42um> &<id:973438 Vertical n(0) Metal2 [25.325um 2um] [25.325um 2um] 0.21um rpD:0 bl:0 -X---UC---TD---------Pb--- [1.5801um:2.42um] [25.115um:25.535um] 0.42um P------>
        <event:00002240 0:1539.01:6.505um> &<id:971375 Horizontal inputs(7) Metal2 [43.455um 1.5um] [49.5um 1.5um] 0.29um rpD:1 bl:0 -----UCG----W----------t-- [43.245um:49.75um] [43.245um:49.75um] 6.505um ------->
        <event:00002241 4:1539.01:6.505um> &<id:971375 Horizontal inputs(7) Metal2 [43.455um 4.5um] [49.5um 4.5um] 0.29um rpD:1 bl:0 -----UCG----W----------t-- [43.245um:49.75um] [43.245um:49.75um] 6.505um ------->
        <event:00002242 3:4.23077:0.42um> &<id:974098 Vertical abc_1402_new_n146 Metal2 [46.995um 4um] [46.995um 4.5um] 0.21um rpD:0 bl:0 -X---UC---TD---------Pb--- [3.5801um:4.92um] [46.785um:47.205um] 0.42um P------>
        <event:00002243 4:4.23077:0.42um> &<id:974098 Vertical abc_1402_new_n146 Metal2 [46.995um 4um] [46.995um 4.5um] 0.21um rpD:0 bl:0 -X---UC---TD---------Pb--- [3.5801um:4.92um] [46.785um:47.205um] 0.42um P------>
        <event:00002244 0:4.23077:0.42um> &<id:972751 Vertical inputs(7) Metal2 [43.455um 4um] [43.455um 4.5um] 0.21um rpD:0 bl:0 -X---UC---TD---------Pb--- [3.5801um:4.92um] [43.245um:43.665um] 0.42um P------>
        <event:00002245 0:4560.19:19.53um> &<id:972409 Horizontal abc_1402_new_n146 Metal2 [27.885um 4.5um] [46.995um 4.5um] 0.29um rpD:1 bl:0 ------CG----W------------- [27.675um:47.205um] [27.675um:47.205um] 19.53um ------->
        <event:00002246 4:4560.19:19.53um> &<id:972409 Horizontal abc_1402_new_n146 Metal2 [27.885um 4.5um] [46.995um 4.5um] 0.29um rpD:1 bl:0 ------CG----W------------- [27.675um:47.205um] [27.675um:47.205um] 19.53um ------->
        <event:00002247 1:1539.01:6.505um> &<id:971375 Horizontal inputs(7) Metal2 [43.455um 4.5um] [49.5um 4.5um] 0.29um rpD:1 bl:0 -----UCG----W----------t-- [43.245um:49.75um] [43.245um:49.75um] 6.505um ------->
        <event:00002248 4:1539.01:6.505um> &<id:971375 Horizontal inputs(7) Metal2 [43.455um 4.5um] [49.5um 4.5um] 0.29um rpD:1 bl:0 -----UCG----W----------t-- [43.245um:49.75um] [43.245um:49.75um] 6.505um ------->
        <event:00002249 3:4.23077:0.42um> &<id:974098 Vertical abc_1402_new_n146 Metal2 [46.995um 4um] [46.995um 4.5um] 0.21um rpD:0 bl:0 -X---UC---TD---------Pb--- [3.5801um:4.92um] [46.785um:47.205um] 0.42um P------>
        <event:00002250 4:4.23077:0.42um> &<id:974098 Vertical abc_1402_new_n146 Metal2 [46.995um 4um] [46.995um 4.5um] 0.21um rpD:0 bl:0 -X---UC---TD---------Pb--- [3.5801um:4.92um] [46.785um:47.205um] 0.42um P------>
        <event:00002251 0:4.23077:0.42um> &<id:972751 Vertical inputs(7) Metal2 [43.455um 4um] [43.455um 4.5um] 0.21um rpD:0 bl:0 -X---UC---TD---------Pb--- [3.5801um:4.92um] [43.245um:43.665um] 0.42um P------>
        <event:00002252 0:4560.19:19.53um> &<id:972409 Horizontal abc_1402_new_n146 Metal2 [27.885um 4.5um] [46.995um 4.5um] 0.29um rpD:1 bl:0 ------CG----W------------- [27.675um:47.205um] [27.675um:47.205um] 19.53um ------->
        <event:00002253 5:196:0.715um> &<id:972409 Horizontal abc_1402_new_n146 Metal2 [27.78um 4.5um] [28.285um 4.5um] 0.29um rpD:1 bl:0 ---a--C-----W----------t-- [27.675um:28.39um] [27.675um:28.39um] 0.715um ------t>
        <event:00002254 3:196:0.715um> &<id:975507 Horizontal abc_1402_new_n146 Metal2 [46.765um 4.5um] [47.27um 4.5um] 0.29um rpD:1 bl:0 ---a--C-----W----------t-- [46.66um:47.375um] [46.66um:47.375um] 0.715um -----s->
        <event:00002255 3:254.982:1um> &<id:975502 Vertical abc_1402_new_n146 Metal3 [28um 4um] [28um 4.5um] 0.29um rpD:2 bl:0 ------C------wAS------bt-- [3.75um:4.75um] [3.75um:4.75um] 1um --S--st>
        <event:00002256 3:254.982:0.71um> &<id:975506 Vertical abc_1402_new_n146 Metal3 [47um 4.25um] [47um 4.75um] 0.29um rpD:2 bl:0 ---a--C------wAS------tb-- [4.145um:4.855um] [4.145um:4.855um] 0.71um --S--st>
        <event:00002257 3:5958.69:19.5um> &<id:975503 Horizontal abc_1402_new_n146 Metal4 [28um 4.5um] [47um 4.5um] 0.29um rpD:3 bl:0 ------CG--------------bb-- [27.75um:47.25um] [27.75um:47.25um] 19.5um -----st>
        <event:00002258 0:4.23077:0.42um> &<id:974095 Vertical abc_1402_new_n146 Metal2 [27.885um 4um] [27.885um 4um] 0.21um rpD:0 bl:0 -X---UC---TD---------Pb--- [3.5801um:4.42um] [27.675um:28.095um] 0.42um P------>
        <event:00002259 0:4.23077:0.42um> &<id:974098 Vertical abc_1402_new_n146 Metal2 [46.995um 4um] [46.995um 4.5um] 0.21um rpD:0 bl:0 -X---UC---TD---------Pb--- [3.5801um:4.92um] [46.785um:47.205um] 0.42um P------>
        <event:00002260 0:1539.01:6.505um> &<id:971375 Horizontal inputs(7) Metal2 [43.455um 4.5um] [49.5um 4.5um] 0.29um rpD:1 bl:0 -----UCG----W----------t-- [43.245um:49.75um] [43.245um:49.75um] 6.505um ------->
        <event:00002261 4:1539.01:6.505um> &<id:971375 Horizontal inputs(7) Metal2 [43.455um 4.5um] [49.5um 4.5um] 0.29um rpD:1 bl:0 -----UCG----W----------t-- [43.245um:49.75um] [43.245um:49.75um] 6.505um ------->
        <event:00002262 3:4.23077:0.42um> &<id:974098 Vertical abc_1402_new_n146 Metal2 [46.995um 4um] [46.995um 4.5um] 0.21um rpD:0 bl:0 -X---UC---TD---------Pb--- [3.5801um:4.92um] [46.785um:47.205um] 0.42um P------>
        <event:00002263 4:4.23077:0.42um> &<id:974098 Vertical abc_1402_new_n146 Metal2 [46.995um 4um] [46.995um 4.5um] 0.21um rpD:0 bl:0 -X---UC---TD---------Pb--- [3.5801um:4.92um] [46.785um:47.205um] 0.42um P------>
        <event:00002264 3:254.982:0.71um> &<id:975506 Vertical abc_1402_new_n146 Metal3 [47um 4.25um] [47um 4.75um] 0.29um rpD:2 bl:0 ---a--C------wAS------tb-- [4.145um:4.855um] [4.145um:4.855um] 0.71um --S--st>
        <event:00002265 0:1539.01:6.505um> &<id:971375 Horizontal inputs(7) Metal2 [43.455um 4.5um] [49.5um 4.5um] 0.29um rpD:1 bl:0 -----UCG----W----------t-- [43.245um:49.75um] [43.245um:49.75um] 6.505um ------->
        <event:00002266 4:1539.01:6.505um> &<id:971375 Horizontal inputs(7) Metal2 [43.455um 1um] [49.5um 1um] 0.29um rpD:1 bl:0 -----UCG----W----------t-- [43.245um:49.75um] [43.245um:49.75um] 6.505um ------->
        <event:00002267 3:4.23077:0.42um> &<id:973063 Vertical clk_root_0 Metal2 [48.685um 1um] [48.685um 1.5um] 0.21um rpD:0 bl:0 -X---UC---TD---------P-b-- [0.5801um:1.92um] [48.475um:48.895um] 0.42um P------>
        <event:00002268 4:4.23077:0.42um> &<id:973063 Vertical clk_root_0 Metal2 [48.685um 1um] [48.685um 1.5um] 0.21um rpD:0 bl:0 -X---UC---TD---------P-b-- [0.5801um:1.92um] [48.475um:48.895um] 0.42um P------>
        <event:00002269 0:4.23077:0.42um> &<id:972751 Vertical inputs(7) Metal2 [43.455um 1um] [43.455um 1.5um] 0.21um rpD:0 bl:0 -X---UC---TD---------P-b-- [0.5801um:1.92um] [43.245um:43.665um] 0.42um P------>
        <event:00002270 0:2731.24:11.645um> &<id:970889 Horizontal clk_root_0 Metal2 [37.5um 1um] [48.685um 1um] 0.29um rpD:1 bl:0 ------CG----W---------t--- [37.25um:48.895um] [37.25um:48.895um] 11.645um ------->
        <event:00002271 4:2731.24:11.645um> &<id:970889 Horizontal clk_root_0 Metal2 [37.5um 4.5um] [48.685um 4.5um] 0.29um rpD:1 bl:0 ------CG----W---------t--- [37.25um:48.895um] [37.25um:48.895um] 11.645um ------->
        <event:00002272 1:196:0.715um> &<id:975507 Horizontal abc_1402_new_n146 Metal2 [46.765um 4.5um] [47.27um 4.5um] 0.29um rpD:1 bl:0 ---a--C-----W----------t-- [46.66um:47.375um] [46.66um:47.375um] 0.715um -----s->
        <event:00002273 0:4.23077:0.42um> &<id:974098 Vertical abc_1402_new_n146 Metal2 [46.995um 4um] [46.995um 4um] 0.21um rpD:0 bl:0 -X---UC---TD---------Pb--- [3.5801um:4.42um] [46.785um:47.205um] 0.42um P------>
        <event:00002274 4:4.23077:0.42um> &<id:974098 Vertical abc_1402_new_n146 Metal2 [46.995um 4um] [46.995um 4um] 0.21um rpD:0 bl:0 -X---UC---TD---------Pb--- [3.5801um:4.42um] [46.785um:47.205um] 0.42um P------>
        <event:00002275 3:196:0.715um> &<id:975507 Horizontal abc_1402_new_n146 Metal2 [46.765um 4um] [47.27um 4um] 0.29um rpD:1 bl:0 ---a--C-----W----------t-- [46.66um:47.375um] [46.66um:47.375um] 0.715um -----s->
        <event:00002276 0:4.23077:0.42um> &<id:973063 Vertical clk_root_0 Metal2 [48.685um 4um] [48.685um 4.5um] 0.21um rpD:0 bl:0 -X---UC---TD---------Pb--- [3.5801um:4.92um] [48.475um:48.895um] 0.42um P------>
        <event:00002277 0:1539.01:6.505um> &<id:971375 Horizontal inputs(7) Metal2 [43.455um 1um] [49.5um 1um] 0.29um rpD:1 bl:0 -----UCG----W----------t-- [43.245um:49.75um] [43.245um:49.75um] 6.505um ------->
        <event:00002278 0:1520.45:6.425um> &<id:970708 Horizontal clk_root_1 Metal2 [44.535um 31.5um] [50.5um 31.5um] 0.29um rpD:1 bl:0 ------CG----W----------t-- [44.325um:50.75um] [44.325um:50.75um] 6.425um ------->
        <event:00002279 0:4.23077:0.42um> &<id:972955 Vertical clk_root_1 Metal2 [44.535um 30.5um] [44.535um 30.5um] 0.21um rpD:0 bl:0 -X---UC---TD---------Pb--- [30.08um:30.92um] [44.325um:44.745um] 0.42um P------>
        <event:00002280 0:1508.85:6.375um> &<id:971979 Horizontal abc_1402_new_n186 Metal2 [3.085um 59um] [9um 59um] 0.29um rpD:1 bl:0 ------CG----W----------t-- [2.875um:9.25um] [2.875um:9.25um] 6.375um ------->
        <event:00002281 0:4.23077:0.42um> &<id:973844 Vertical abc_1402_new_n186 Metal2 [3.085um 61.5um] [3.085um 62um] 0.21um rpD:0 bl:0 -X---UC---TD---------Pb--- [61.0801um:62.42um] [2.875um:3.295um] 0.42um P------>
        <event:00002282 0:1490.72:10.5um> &<id:970658 Horizontal init Metal2 [54.5um 8.5um] [64.5um 8.5um] 0.29um rpD:1 bl:0 ------CG----W---------tt-- [54.25um:64.75um] [54.25um:64.75um] 10.5um ------->
        <event:00002283 4:1490.72:10.5um> &<id:970658 Horizontal init Metal2 [54.5um 9um] [64.5um 9um] 0.29um rpD:1 bl:0 ------CG----W---------tt-- [54.25um:64.75um] [54.25um:64.75um] 10.5um ------->
        <event:00002284 3:1708.99:5.5um> &<id:972416 Vertical mem_inputs(5) Metal3 [63.5um 4um] [63.5um 8.5um] 0.29um rpD:1 bl:0 ------CG----W---------bb-- [3.75um:8.75um] [3.75um:9.25um] 5.5um ------->
        <event:00002285 0:125.512:0.765um> &<id:973777 Horizontal mem_inputs(5) Metal2 [63.145um 9um] [63.7um 9um] 0.29um rpD:0 bl:0 ---a-UC---T-----------bt-- [63.04um:63.805um] [63.04um:63.805um] 0.765um ------->
        <event:00002286 0:1469.42:6.205um> &<id:971438 Horizontal n(4) Metal2 [16.255um 15.5um] [22um 15.5um] 0.29um rpD:1 bl:0 ------CG----W----------t-- [16.045um:22.25um] [16.045um:22.25um] 6.205um ------->
        <event:00002287 0:4.23077:0.42um> &<id:973622 Vertical n(4) Metal2 [16.255um 15.5um] [16.255um 16um] 0.21um rpD:0 bl:0 -X---UC---TD---------Pb--- [15.08um:16.42um] [16.045um:16.465um] 0.42um P------>
        <event:00002288 0:1467.85:13.5um> &<id:971667 Horizontal n(28) Metal2 [16um 31.5um] [29um 31.5um] 0.29um rpD:1 bl:0 ------CG----W---------tt-- [15.75um:29.25um] [15.75um:29.25um] 13.5um ------->
        <event:00002289 4:1467.85:13.5um> &<id:971667 Horizontal n(28) Metal2 [16um 31.5um] [29um 31.5um] 0.29um rpD:1 bl:0 ------CG----W---------tt-- [15.75um:29.25um] [15.75um:29.25um] 13.5um ------->
        <event:00002290 3:4.23077:0.42um> &<id:974934 Vertical n(27) Metal2 [18.125um 31.5um] [18.125um 31.5um] 0.21um rpD:0 bl:0 -X---UC---TD---------Pb--- [31.0801um:31.92um] [17.915um:18.335um] 0.42um P------>
        <event:00002291 4:4.23077:0.42um> &<id:974934 Vertical n(27) Metal2 [18.125um 31.5um] [18.125um 31.5um] 0.21um rpD:0 bl:0 -X---UC---TD---------Pb--- [31.0801um:31.92um] [17.915um:18.335um] 0.42um P------>
        <event:00002292 3:1708.99:5.5um> &<id:971666 Vertical n(28) Metal3 [16um 31.5um] [16um 36.5um] 0.29um rpD:1 bl:0 ------CG----W---------bb-- [31.25um:36.75um] [31.25um:36.75um] 5.5um ------->
        <event:00002293 0:463.053:2.55um> &<id:971234 Horizontal n(27) Metal2 [18.125um 31.5um] [20.255um 31.5um] 0.29um rpD:0 bl:0 -----UCG--T------------b-- [17.915um:20.465um] [17.915um:20.465um] 2.55um ------->
        <event:00002294 0:4.23077:0.42um> &<id:974934 Vertical n(27) Metal2 [18.125um 32um] [18.125um 32um] 0.21um rpD:0 bl:0 -X---UC---TD---------Pb--- [31.5801um:32.42um] [17.915um:18.335um] 0.42um P------>
        <event:00002295 0:1467.85:11um> &<id:971667 Horizontal n(28) Metal2 [18.5um 31.5um] [29um 31.5um] 0.29um rpD:1 bl:0 ------CG----W---------tt-- [18.25um:29.25um] [18.25um:29.25um] 11um ------->
        <event:00002296 0:1467.57:8.665um> &<id:970848 Horizontal abc_1402_new_n160 Metal2 [65.5um 48um] [73.705um 48um] 0.29um rpD:1 bl:0 ------CG----W---------t--- [65.25um:73.915um] [65.25um:73.915um] 8.665um ------->
        <event:00002297 5:2619.64:8.5um> &<id:970848 Horizontal abc_1402_new_n160 Metal4 [65.5um 48um] [73.5um 48um] 0.29um rpD:2 bl:0 ------CG-----w--------bb-- [65.25um:73.75um] [65.25um:73.75um] 8.5um ------t>
        <event:00002298 3:141:0.715um> &<id:975511 Horizontal abc_1402_new_n160 Metal2 [73.33um 48um] [73.835um 48um] 0.29um rpD:1 bl:0 ---a--C-----W---------t--- [73.225um:73.94um] [73.225um:73.94um] 0.715um -----s->
        <event:00002299 3:254.982:0.71um> &<id:975510 Vertical abc_1402_new_n160 Metal3 [73.5um 47.75um] [73.5um 48.25um] 0.29um rpD:2 bl:0 ---a--C------wAS------tb-- [47.645um:48.355um] [47.645um:48.355um] 0.71um --S--st>
        <event:00002300 0:4.23077:0.42um> &<id:974055 Vertical abc_1402_new_n160 Metal2 [73.705um 48um] [73.705um 48.5um] 0.21um rpD:0 bl:0 -X---UC---TD---------P-b-- [47.58um:48.92um] [73.495um:73.915um] 0.42um P------>
        <event:00002301 0:1460.67:7.195um> &<id:971485 Horizontal abc_1402_new_n217 Metal2 [13.765um 41.5um] [20.5um 41.5um] 0.29um rpD:1 bl:0 ------CG----W----------t-- [13.555um:20.75um] [13.555um:20.75um] 7.195um ------->
        <event:00002302 0:1428.35:8.43um> &<id:971326 Horizontal abc_1402_auto_rtlil_cc_2739_MuxGate_1323 Metal2 [20.305um 3um] [28.315um 3um] 0.29um rpD:1 bl:0 -----UCG----W------------- [20.095um:28.525um] [20.095um:28.525um] 8.43um ------->
        <event:00002303 0:1428.35:8.43um> &<id:971331 Horizontal abc_1402_auto_rtlil_cc_2739_MuxGate_1327 Metal2 [1.905um 14.5um] [9.915um 14.5um] 0.29um rpD:1 bl:0 -----UCG----W------------- [1.695um:10.125um] [1.695um:10.125um] 8.43um ------->
        <event:00002304 0:1410.27:5.95um> &<id:971081 Horizontal abc_1402_new_n191 Metal2 [11.955um 54.5um] [17.485um 54.5um] 0.29um rpD:1 bl:0 -----UCG----W------------- [11.745um:17.695um] [11.745um:17.695um] 5.95um ------->
        <event:00002305 0:4.23077:0.42um> &<id:973834 Vertical abc_1402_new_n191 Metal2 [11.955um 53um] [11.955um 53.5um] 0.21um rpD:0 bl:0 -X---UC---TD---------P-b-- [52.5801um:53.92um] [11.745um:12.165um] 0.42um P------>
        <event:00002306 0:4.23077:0.42um> &<id:973837 Vertical abc_1402_new_n191 Metal2 [17.485um 53um] [17.485um 53.5um] 0.21um rpD:0 bl:0 -X---UC---TD---------P-b-- [52.5801um:53.92um] [17.275um:17.695um] 0.42um P------>
        <event:00002307 0:1384.89:6.815um> &<id:971299 Horizontal abc_1402_new_n225 Metal2 [31.5um 21.5um] [37.855um 21.5um] 0.29um rpD:1 bl:0 ------CG----W---------t--- [31.25um:38.065um] [31.25um:38.065um] 6.815um ------->
        <event:00002308 0:4.23077:0.42um> &<id:974552 Vertical abc_1402_new_n225 Metal2 [37.855um 21um] [37.855um 21um] 0.21um rpD:0 bl:0 -X---UC---TD---------P-b-- [20.58um:21.42um] [37.645um:38.065um] 0.42um P------>
        <event:00002309 0:1374.32:5.795um> &<id:971291 Horizontal abc_1402_new_n204 Metal2 [39.665um 47.5um] [45um 47.5um] 0.29um rpD:1 bl:0 ------CG----W----------t-- [39.455um:45.25um] [39.455um:45.25um] 5.795um ------->
        <event:00002310 0:1353.44:3.705um> &<id:971140 Horizontal n(30) Metal2 [36.255um 21.5um] [39.5um 21.5um] 0.29um rpD:1 bl:0 ------CG----W----------t-- [36.045um:39.75um] [36.045um:39.75um] 3.705um ------->
        <event:00002311 0:4.23077:0.42um> &<id:974970 Vertical n(30) Metal2 [36.255um 18.5um] [36.255um 19um] 0.21um rpD:0 bl:0 -X---UC---TD---------P-b-- [18.08um:19.42um] [36.045um:36.465um] 0.42um P------>
        <event:00002312 0:1350.99:6.645um> &<id:971895 Horizontal abc_1402_auto_rtlil_cc_2739_MuxGate_1383 Metal2 [32.315um 21.5um] [38.5um 21.5um] 0.29um rpD:1 bl:0 ------CG----W----------t-- [32.105um:38.75um] [32.105um:38.75um] 6.645um ------->
        <event:00002313 0:1324.07:11.305um> &<id:972145 Horizontal abc_1402_new_n216 Metal2 [18.655um 42.5um] [29.5um 42.5um] 0.29um rpD:1 bl:0 ------CG----W----------t-- [18.445um:29.75um] [18.445um:29.75um] 11.305um ------->
        <event:00002314 0:4.23077:0.42um> &<id:974526 Vertical abc_1402_new_n216 Metal2 [18.655um 44um] [18.655um 44.5um] 0.21um rpD:0 bl:0 -X---UC---TD---------Pb--- [43.5801um:44.92um] [18.445um:18.865um] 0.42um P------>
        <event:00002315 0:1302.37:10.175um> &<id:970765 Horizontal n(6) Metal2 [64.5um 49um] [74.215um 49um] 0.29um rpD:1 bl:0 ------CG----W---------t--- [64.25um:74.425um] [64.25um:74.425um] 10.175um ------->
        <event:00002316 4:1719.53:10.175um> &<id:970765 Horizontal n(6) Metal2 [64.5um 48um] [74.215um 48um] 0.29um rpD:1 bl:0 ------CG----W---------t--- [64.25um:74.425um] [64.25um:74.425um] 10.175um ------->
        <event:00002317 3:4.23077:0.42um> &<id:974055 Vertical abc_1402_new_n160 Metal2 [73.705um 48um] [73.705um 48.5um] 0.21um rpD:0 bl:0 -X---UC---TD---------P-b-- [47.58um:48.92um] [73.495um:73.915um] 0.42um P------>
        <event:00002318 4:4.23077:0.42um> &<id:974055 Vertical abc_1402_new_n160 Metal2 [73.705um 48um] [73.705um 48.5um] 0.21um rpD:0 bl:0 -X---UC---TD---------P-b-- [47.58um:48.92um] [73.495um:73.915um] 0.42um P------>
        <event:00002319 3:494.787:1.5um> &<id:975470 Vertical abc_1402_new_n171 Metal3 [65um 47um] [65um 48um] 0.29um rpD:1 bl:0 ------C-----W-AS------bb-- [46.75um:48.25um] [46.75um:48.25um] 1.5um --S--st>
        <event:00002320 3:254.982:0.71um> &<id:975510 Vertical abc_1402_new_n160 Metal3 [73.5um 47.75um] [73.5um 48.25um] 0.29um rpD:2 bl:0 ---a--C------wAS------tb-- [47.645um:48.355um] [47.645um:48.355um] 0.71um --S--st>
        <event:00002321 0:4.23077:0.42um> &<id:973586 Vertical n(6) Metal2 [74.215um 48um] [74.215um 48.5um] 0.21um rpD:0 bl:0 -X---UC---TD---------P-b-- [47.58um:48.92um] [74.005um:74.425um] 0.42um P------>
        <event:00002322 4:4.23077:0.42um> &<id:973586 Vertical n(6) Metal2 [74.215um 48um] [74.215um 48.5um] 0.21um rpD:0 bl:0 -X---UC---TD---------P-b-- [47.58um:48.92um] [74.005um:74.425um] 0.42um P------>
        <event:00002323 3:4137.39:13.5um> &<id:971190 Vertical n(11) Metal3 [74.5um 47.5um] [74.5um 60.5um] 0.29um rpD:1 bl:0 ------CG----W---------bb-- [47.25um:60.75um] [47.25um:60.75um] 13.5um ------->
        <event:00002324 0:111.462:0.905um> &<id:975316 Horizontal n(11) Metal2 [74.245um 48.5um] [74.94um 48.5um] 0.29um rpD:0 bl:0 ---a-UC---T-----------tb-- [74.14um:75.045um] [74.14um:75.045um] 0.905um ------->
        <event:00002325 0:197.834:1.015um> &<id:972384 Horizontal abc_1402_new_n171 Metal2 [65um 48um] [65.555um 48um] 0.29um rpD:0 bl:0 -----UC---T----S------tb-- [64.75um:65.765um] [64.75um:65.765um] 1.015um --S---t>
        <event:00002326 0:888.959:5.015um> &<id:972387 Horizontal abc_1402_new_n171 Metal2 [61um 48um] [65.555um 48um] 0.29um rpD:0 bl:0 -----UCG--T-----------tb-- [60.75um:65.765um] [60.75um:65.765um] 5.015um ------->
        <event:00002327 0:1719.53:10.175um> &<id:970765 Horizontal n(6) Metal2 [64.5um 48um] [74.215um 48um] 0.29um rpD:1 bl:0 ------CG----W---------t--- [64.25um:74.425um] [64.25um:74.425um] 10.175um ------->
        <event:00002328 4:1719.53:10.175um> &<id:970765 Horizontal n(6) Metal2 [64.5um 48um] [74.215um 48um] 0.29um rpD:1 bl:0 ------CG----W---------t--- [64.25um:74.425um] [64.25um:74.425um] 10.175um ------->
        <event:00002329 3:494.787:1.5um> &<id:975470 Vertical abc_1402_new_n171 Metal3 [65um 47um] [65um 48um] 0.29um rpD:1 bl:0 ------C-----W-AS------bb-- [46.75um:48.25um] [46.75um:48.25um] 1.5um --S--st>
        <event:00002330 1:141:0.715um> &<id:975511 Horizontal abc_1402_new_n160 Metal2 [73.33um 48um] [73.835um 48um] 0.29um rpD:1 bl:0 ---a--C-----W---------t--- [73.225um:73.94um] [73.225um:73.94um] 0.715um -----s->
        <event:00002331 0:4.23077:0.42um> &<id:974055 Vertical abc_1402_new_n160 Metal2 [73.705um 48.5um] [73.705um 48.5um] 0.21um rpD:0 bl:0 -X---UC---TD---------P-b-- [48.0801um:48.92um] [73.495um:73.915um] 0.42um P------>
        <event:00002332 4:4.23077:0.42um> &<id:974055 Vertical abc_1402_new_n160 Metal2 [73.705um 48.5um] [73.705um 48.5um] 0.21um rpD:0 bl:0 -X---UC---TD---------P-b-- [48.0801um:48.92um] [73.495um:73.915um] 0.42um P------>
        <event:00002333 3:141:0.715um> &<id:975511 Horizontal abc_1402_new_n160 Metal2 [73.33um 48.5um] [73.835um 48.5um] 0.29um rpD:1 bl:0 ---a--C-----W---------t--- [73.225um:73.94um] [73.225um:73.94um] 0.715um -----s->
        <event:00002334 0:197.834:1.015um> &<id:972384 Horizontal abc_1402_new_n171 Metal2 [65um 48um] [65.555um 48um] 0.29um rpD:0 bl:0 -----UC---T----S------tb-- [64.75um:65.765um] [64.75um:65.765um] 1.015um --S---t>
        <event:00002335 4:197.834:1.015um> &<id:972384 Horizontal abc_1402_new_n171 Metal2 [65um 49.5um] [65.555um 49.5um] 0.29um rpD:0 bl:0 -----UC---T----S------tb-- [64.75um:65.765um] [64.75um:65.765um] 1.015um --S---t>
        <event:00002336 3:2012.54:6.5um> &<id:970761 Vertical n(6) Metal3 [64.5um 43.5um] [64.5um 46.5um] 0.29um rpD:1 bl:0 ------CG----W---------bb-- [43.25um:46.75um] [43.25um:49.75um] 6.5um ------->
        <event:00002337 0:91:0.715um> &<id:973536 Horizontal n(6) Metal2 [64.355um 49.5um] [64.86um 49.5um] 0.29um rpD:0 bl:0 ---a-UC---T-----------tb-- [64.25um:64.965um] [64.25um:64.965um] 0.715um ------->
        <event:00002338 4:91:0.715um> &<id:973536 Horizontal n(6) Metal2 [64.355um 49um] [64.86um 49um] 0.29um rpD:0 bl:0 ---a-UC---T-----------tb-- [64.25um:64.965um] [64.25um:64.965um] 0.715um ------->
        <event:00002339 0:888.959:5.015um> &<id:972387 Horizontal abc_1402_new_n171 Metal2 [61um 48um] [65.555um 48um] 0.29um rpD:0 bl:0 -----UCG--T-----------tb-- [60.75um:65.765um] [60.75um:65.765um] 5.015um ------->
        <event:00002340 4:888.959:5.015um> &<id:972387 Horizontal abc_1402_new_n171 Metal2 [61um 48um] [65.555um 48um] 0.29um rpD:0 bl:0 -----UCG--T-----------tb-- [60.75um:65.765um] [60.75um:65.765um] 5.015um ------->
        <event:00002341 3:1860.76:6um> &<id:970761 Vertical n(6) Metal3 [64.5um 43.5um] [64.5um 46.5um] 0.29um rpD:1 bl:0 ------CG----W---------bb-- [43.25um:46.75um] [43.25um:49.25um] 6um ------->
        <event:00002342 0:943.385:8.63um> &<id:971837 Horizontal abc_1402_new_n170 Metal2 [63.455um 49um] [71.665um 49um] 0.29um rpD:0 bl:0 ------CG--T-----------bb-- [63.245um:71.875um] [63.245um:71.875um] 8.63um ------->
        <event:00002343 5:91:0.715um> &<id:971837 Horizontal abc_1402_new_n170 Metal2 [63.35um 49um] [63.855um 49um] 0.29um rpD:0 bl:0 ---a-UC---T----S------bt-- [63.245um:63.96um] [63.245um:63.96um] 0.715um --S---t>
        <event:00002344 3:159.822:0.795um> &<id:975519 Horizontal abc_1402_new_n170 Metal2 [71.665um 49um] [72um 49um] 0.29um rpD:0 bl:0 -----UC---T---AS------bt-- [71.455um:72.25um] [71.455um:72.25um] 0.795um --S--s->
        <event:00002345 3:254.982:1um> &<id:975514 Vertical abc_1402_new_n170 Metal3 [63.5um 49um] [63.5um 49.5um] 0.29um rpD:1 bl:0 ------C-----W-ASr-----bb-- [48.75um:49.75um] [48.75um:49.75um] 1um --S--st>
        <event:00002346 3:254.982:0.71um> &<id:975518 Vertical abc_1402_new_n170 Metal3 [72um 48.75um] [72um 49.25um] 0.29um rpD:1 bl:0 ---a--C-----W-ASr-----bb-- [48.645um:49.355um] [48.645um:49.355um] 0.71um --S--st>
        <event:00002347 3:2771.41:9um> &<id:975515 Horizontal abc_1402_new_n170 Metal2 [63.5um 49um] [72um 49um] 0.29um rpD:2 bl:0 ------CG-----w--------tt-- [63.25um:72.25um] [63.25um:72.25um] 9um -----st>
        <event:00002348 0:1719.53:7.675um> &<id:970765 Horizontal n(6) Metal2 [67um 48um] [74.215um 48um] 0.29um rpD:1 bl:0 ------CG----W---------t--- [66.75um:74.425um] [66.75um:74.425um] 7.675um ------->
        <event:00002349 5:2316.09:7.5um> &<id:970765 Horizontal n(6) Metal4 [67um 48um] [74um 48um] 0.29um rpD:2 bl:0 ------CG-----w--------bb-- [66.75um:74.25um] [66.75um:74.25um] 7.5um ------t>
        <event:00002350 3:141:0.715um> &<id:975523 Horizontal n(6) Metal2 [73.835um 48um] [74.34um 48um] 0.29um rpD:1 bl:0 ---a--C-----W---------t--- [73.73um:74.445um] [73.73um:74.445um] 0.715um -----s->
        <event:00002351 3:254.982:1.5um> &<id:975522 Vertical n(6) Metal3 [74um 48um] [74um 49um] 0.29um rpD:2 bl:0 ------C------wAS------bt-- [47.75um:49.25um] [47.75um:49.25um] 1.5um --S--st>
        <event:00002352 0:4.23077:0.42um> &<id:973586 Vertical n(6) Metal2 [74.215um 48um] [74.215um 48.5um] 0.21um rpD:0 bl:0 -X---UC---TD---------P-b-- [47.58um:48.92um] [74.005um:74.425um] 0.42um P------>
        <event:00002353 0:1278.06:5.38um> &<id:971036 Horizontal abc_1402_new_n108 Metal2 [9.405um 60.5um] [14.365um 60.5um] 0.29um rpD:1 bl:0 -----UCG----W------------- [9.195um:14.575um] [9.195um:14.575um] 5.38um ------->
        <event:00002354 0:1259.26:6.185um> &<id:971664 Horizontal n(28) Metal2 [29um 27um] [34.725um 27um] 0.29um rpD:1 bl:0 ------CG----W---------t--- [28.75um:34.935um] [28.75um:34.935um] 6.185um ------->
        <event:00002355 0:4.23077:0.42um> &<id:974952 Vertical n(28) Metal2 [34.725um 25.5um] [34.725um 25.5um] 0.21um rpD:0 bl:0 -X---UC---TD---------Pb--- [25.08um:25.92um] [34.515um:34.935um] 0.42um P------>
        <event:00002356 0:1249.07:5.755um> &<id:972153 Horizontal abc_1402_new_n124 Metal2 [30.205um 4um] [35.5um 4um] 0.29um rpD:1 bl:0 ------CG----W----------t-- [29.995um:35.75um] [29.995um:35.75um] 5.755um ------->
        <event:00002357 0:4.23077:0.42um> &<id:974319 Vertical abc_1402_new_n124 Metal2 [30.205um 4um] [30.205um 4.5um] 0.21um rpD:0 bl:0 -X---UC---TD---------Pb--- [3.5801um:4.92um] [29.995um:30.415um] 0.42um P------>
        <event:00002358 0:1226.36:6.02um> &<id:975229 Horizontal n(15) Metal2 [19.455um 49um] [25.055um 49um] 0.29um rpD:1 bl:0 -----UC-----W------------- [19.245um:25.265um] [19.245um:25.265um] 6.02um ------->
        <event:00002359 0:4.23077:0.42um> &<id:975225 Vertical n(15) Metal2 [19.455um 50um] [19.455um 50.5um] 0.21um rpD:0 bl:0 -X---UC---TD---------Pb--- [49.58um:50.92um] [19.245um:19.665um] 0.42um P------>
        <event:00002360 0:4.23077:0.42um> &<id:975228 Vertical n(15) Metal2 [25.055um 50um] [25.055um 50.5um] 0.21um rpD:0 bl:0 -X---UC---TD---------Pb--- [49.58um:50.92um] [24.845um:25.265um] 0.42um P------>
        <event:00002361 0:1207.31:5.075um> &<id:971799 Horizontal abc_1402_new_n189 Metal2 [15.885um 62um] [20.5um 62um] 0.29um rpD:1 bl:0 ------CG----W----------t-- [15.675um:20.75um] [15.675um:20.75um] 5.075um ------->
        <event:00002362 0:1202.67:5.555um> &<id:972341 Horizontal outputs(4) Metal2 [61.405um 10um] [66.5um 10um] 0.29um rpD:1 bl:0 ------CG----W----------t-- [61.195um:66.75um] [61.195um:66.75um] 5.555um ------->
        <event:00002363 0:4.23077:0.42um> &<id:972845 Vertical outputs(4) Metal2 [61.405um 7um] [61.405um 7.5um] 0.21um rpD:0 bl:0 -X---UC---TD---------P-b-- [6.5801um:7.92um] [61.195um:61.615um] 0.42um P------>
        <event:00002364 0:1170.2:4.915um> &<id:972088 Horizontal abc_1402_new_n202 Metal2 [37.045um 56um] [41.5um 56um] 0.29um rpD:1 bl:0 ------CG----W----------t-- [36.835um:41.75um] [36.835um:41.75um] 4.915um ------->
        <event:00002365 0:4.23077:0.42um> &<id:973952 Vertical abc_1402_new_n202 Metal2 [37.045um 54um] [37.045um 54um] 0.21um rpD:0 bl:0 -X---UC---TD---------Pb--- [53.5801um:54.42um] [36.835um:37.255um] 0.42um P------>
        <event:00002366 0:1157.44:4.86um> &<id:973995 Horizontal abc_1402_new_n161 Metal2 [45.045um 49um] [49.485um 49um] 0.29um rpD:1 bl:0 -----UC-----W------------- [44.835um:49.695um] [44.835um:49.695um] 4.86um ------->
        <event:00002367 0:4.23077:0.42um> &<id:973991 Vertical abc_1402_new_n161 Metal2 [45.045um 50um] [45.045um 50um] 0.21um rpD:0 bl:0 -X---UC---TD---------P-b-- [49.58um:50.42um] [44.835um:45.255um] 0.42um P------>
        <event:00002368 0:4.23077:0.42um> &<id:973994 Vertical abc_1402_new_n161 Metal2 [49.485um 50um] [49.485um 50um] 0.21um rpD:0 bl:0 -X---UC---TD---------P-b-- [49.58um:50.42um] [49.275um:49.695um] 0.42um P------>
        <event:00002369 0:1107.57:4.645um> &<id:970815 Horizontal clk_root_2 Metal2 [48.5um 66um] [52.685um 66um] 0.29um rpD:1 bl:0 ------CG----W---------t--- [48.25um:52.895um] [48.25um:52.895um] 4.645um ------->
        <event:00002370 0:4.23077:0.42um> &<id:972901 Vertical clk_root_2 Metal2 [52.685um 67.5um] [52.685um 68um] 0.21um rpD:0 bl:0 -X---UC---TD---------Pb--- [67.0801um:68.42um] [52.475um:52.895um] 0.42um P------>
        <event:00002371 4:4.23077:0.42um> &<id:972901 Vertical clk_root_2 Metal2 [52.685um 67.5um] [52.685um 68um] 0.21um rpD:0 bl:0 -X---UC---TD---------Pb--- [67.0801um:68.42um] [52.475um:52.895um] 0.42um P------>
        <event:00002372 0:2373.15:13.605um> &<id:970768 Horizontal n(6) Metal2 [45.855um 67.5um] [59um 67.5um] 0.29um rpD:0 bl:0 ------CG--T-----------bt-- [45.645um:59.25um] [45.645um:59.25um] 13.605um ------->
        <event:00002373 0:1084.38:6.545um> &<id:971283 Horizontal mem_inputs(6) Metal2 [53um 7um] [59.085um 7um] 0.29um rpD:1 bl:0 ------CG----W---------t--- [52.75um:59.295um] [52.75um:59.295um] 6.545um ------->
        <event:00002374 0:1063.76:6.245um> &<id:972058 Horizontal n(22) Metal2 [42.215um 42.5um] [48um 42.5um] 0.29um rpD:1 bl:0 ------CG----W----------t-- [42.005um:48.25um] [42.005um:48.25um] 6.245um ------->
        <event:00002375 4:1063.76:6.245um> &<id:972058 Horizontal n(22) Metal2 [42.215um 44.5um] [48um 44.5um] 0.29um rpD:1 bl:0 ------CG----W----------t-- [42.005um:48.25um] [42.005um:48.25um] 6.245um ------->
        <event:00002376 3:1253.66:4um> &<id:971242 Vertical abc_1402_new_n205 Metal3 [48um 44.5um] [48um 48um] 0.29um rpD:1 bl:0 -----UCG----W---------bb-- [44.25um:48.25um] [44.25um:48.25um] 4um ------->
        <event:00002377 0:4.23077:0.42um> &<id:975042 Vertical n(22) Metal2 [42.215um 44um] [42.215um 44.5um] 0.21um rpD:0 bl:0 -X---UC---TD---------Pb--- [43.5801um:44.92um] [42.005um:42.425um] 0.42um P------>
        <event:00002378 0:220.296:0.715um> &<id:974461 Horizontal abc_1402_new_n205 Metal2 [48.285um 44.5um] [48.79um 44.5um] 0.29um rpD:0 bl:0 ---a-UC---T-----------tb-- [48.18um:48.895um] [48.18um:48.895um] 0.715um ------->
        <event:00002379 0:1031.94:5.045um> &<id:971935 Horizontal n(8) Metal2 [57.415um 44um] [62um 44um] 0.29um rpD:1 bl:0 ------CG----W----------t-- [57.205um:62.25um] [57.205um:62.25um] 5.045um ------->
        <event:00002380 0:4.23077:0.42um> &<id:973523 Vertical n(8) Metal2 [57.415um 44um] [57.415um 44.5um] 0.21um rpD:0 bl:0 -X---UC---TD---------Pb--- [43.5801um:44.92um] [57.205um:57.625um] 0.42um P------>
        <event:00002381 0:1024.54:6.01um> &<id:971046 Horizontal abc_1402_auto_rtlil_cc_2739_MuxGate_1337 Metal2 [49.915um 49um] [55.505um 49um] 0.29um rpD:1 bl:0 -----UCG----W------------- [49.705um:55.715um] [49.705um:55.715um] 6.01um ------->
        <event:00002382 0:1024.54:6.01um> &<id:971051 Horizontal abc_1402_auto_rtlil_cc_2739_MuxGate_1345 Metal2 [61.115um 60.5um] [66.705um 60.5um] 0.29um rpD:1 bl:0 -----UCG----W------------- [60.905um:66.915um] [60.905um:66.915um] 6.01um ------->
        <event:00002383 0:1024.54:6.01um> &<id:971041 Horizontal abc_1402_auto_rtlil_cc_2739_MuxGate_1335 Metal2 [48.315um 66um] [53.905um 66um] 0.29um rpD:1 bl:0 -----UCG----W------------- [48.105um:54.115um] [48.105um:54.115um] 6.01um ------->
        <event:00002384 0:1017.98:4.975um> &<id:971949 Horizontal n(5) Metal2 [22.5um 26um] [27.015um 26um] 0.29um rpD:1 bl:0 ------CG----W---------t--- [22.25um:27.225um] [22.25um:27.225um] 4.975um ------->
        <event:00002385 0:4.23077:0.42um> &<id:973656 Vertical n(5) Metal2 [27.015um 27um] [27.015um 27.5um] 0.21um rpD:0 bl:0 -X---UC---TD---------Pb--- [26.58um:27.92um] [26.805um:27.225um] 0.42um P------>
        <event:00002386 0:956.163:4.665um> &<id:971233 Horizontal n(27) Metal2 [29.5um 27um] [33.705um 27um] 0.29um rpD:1 bl:0 ------CG----W---------t--- [29.25um:33.915um] [29.25um:33.915um] 4.665um ------->
        <event:00002387 4:956.163:4.665um> &<id:971233 Horizontal n(27) Metal2 [29.5um 27.5um] [33.705um 27.5um] 0.29um rpD:1 bl:0 ------CG----W---------t--- [29.25um:33.915um] [29.25um:33.915um] 4.665um ------->
        <event:00002388 0:4.23077:0.42um> &<id:974917 Vertical n(27) Metal2 [33.705um 27um] [33.705um 27.5um] 0.21um rpD:0 bl:0 -X---UC---TD---------Pb--- [26.58um:27.92um] [33.495um:33.915um] 0.42um P------>
        <event:00002389 0:6294.04:27.005um> &<id:972447 Horizontal abc_1402_new_n131 Metal2 [27.955um 27.5um] [54.5um 27.5um] 0.29um rpD:1 bl:0 ------CG----W----------t-- [27.745um:54.75um] [27.745um:54.75um] 27.005um ------->
        <event:00002390 5:196:0.715um> &<id:972447 Horizontal abc_1402_new_n131 Metal2 [27.85um 27.5um] [28.355um 27.5um] 0.29um rpD:1 bl:0 ---a--C-----W----------t-- [27.745um:28.46um] [27.745um:28.46um] 0.715um ------t>
        <event:00002391 3:254.982:1um> &<id:975526 Vertical abc_1402_new_n131 Metal3 [28um 27um] [28um 27.5um] 0.29um rpD:2 bl:0 ------C------wAS------bt-- [26.75um:27.75um] [26.75um:27.75um] 1um --S--st>
        <event:00002392 3:8235.32:27um> &<id:975527 Horizontal abc_1402_new_n131 Metal4 [28um 27.5um] [54.5um 27.5um] 0.29um rpD:2 bl:0 ------CG-----w--------bb-- [27.75um:54.75um] [27.75um:54.75um] 27um -----s->
        <event:00002393 0:4.23077:0.42um> &<id:974293 Vertical abc_1402_new_n131 Metal2 [27.955um 27um] [27.955um 27um] 0.21um rpD:0 bl:0 -X---UC---TD---------Pb--- [26.58um:27.42um] [27.745um:28.165um] 0.42um P------>
        <event:00002394 0:950.112:3um> &<id:972733 Horizontal inputs(4) Metal2 [80um 68.5um] [82.5um 68.5um] 0.29um rpD:1 bl:0 ------C-----W---------tt-- [79.75um:82.75um] [79.75um:82.75um] 3um ------->
        <event:00002395 0:938.216:4.575um> &<id:971583 Horizontal abc_1402_auto_rtlil_cc_2739_MuxGate_1353 Metal2 [25um 61um] [29.115um 61um] 0.29um rpD:1 bl:0 ------CG----W---------t--- [24.75um:29.325um] [24.75um:29.325um] 4.575um ------->
        <event:00002396 0:919.692:3.335um> &<id:971711 Horizontal n(31) Metal2 [30.125um 15.5um] [33um 15.5um] 0.29um rpD:1 bl:0 ------CG----W----------t-- [29.915um:33.25um] [29.915um:33.25um] 3.335um ------->
        <event:00002397 0:4.23077:0.42um> &<id:974986 Vertical n(31) Metal2 [30.125um 15.5um] [30.125um 16um] 0.21um rpD:0 bl:0 -X---UC---TD---------Pb--- [15.08um:16.42um] [29.915um:30.335um] 0.42um P------>
        <event:00002398 0:819.953:3.405um> &<id:972630 Horizontal inputs(3) Metal2 [61.055um 27um] [64um 27um] 0.29um rpD:1 bl:0 ------CG----W----------t-- [60.845um:64.25um] [60.845um:64.25um] 3.405um ------->
        <event:00002399 0:4.23077:0.42um> &<id:972714 Vertical inputs(3) Metal2 [61.055um 27um] [61.055um 27.5um] 0.21um rpD:0 bl:0 -X---UC---TD---------Pb--- [26.58um:27.92um] [60.845um:61.265um] 0.42um P------>
        <event:00002400 0:819.302:4.78um> &<id:975195 Horizontal n(17) Metal2 [33.055um 60.5um] [37.415um 60.5um] 0.29um rpD:1 bl:0 -----UC-----W------------- [32.845um:37.625um] [32.845um:37.625um] 4.78um ------->
        <event:00002401 4:819.302:4.78um> &<id:975195 Horizontal n(17) Metal2 [33.055um 61.5um] [37.415um 61.5um] 0.29um rpD:1 bl:0 -----UC-----W------------- [32.845um:37.625um] [32.845um:37.625um] 4.78um ------->
        <event:00002402 3:1557.21:5um> &<id:971646 Vertical n(15) Metal3 [36um 61.5um] [36um 66um] 0.29um rpD:1 bl:0 -----UCG----W---------bb-- [61.25um:66.25um] [61.25um:66.25um] 5um ------->
        <event:00002403 0:4.23077:0.42um> &<id:975191 Vertical n(17) Metal2 [33.055um 61um] [33.055um 61.5um] 0.21um rpD:0 bl:0 -X---UC---TD---------Pb--- [60.5801um:61.92um] [32.845um:33.265um] 0.42um P------>
        <event:00002404 0:4.23077:0.42um> &<id:975194 Vertical n(17) Metal2 [37.415um 61.5um] [37.415um 61.5um] 0.21um rpD:0 bl:0 -X---UC---TD---------P-b-- [61.0801um:61.92um] [37.205um:37.625um] 0.42um P------>
        <event:00002405 0:173.645:0.875um> &<id:975246 Horizontal n(15) Metal2 [35.775um 61.5um] [36.44um 61.5um] 0.29um rpD:0 bl:0 ---a-UC---T-----------tb-- [35.67um:36.545um] [35.67um:36.545um] 0.875um ------->
        <event:00002406 0:807.195:3.35um> &<id:975325 Horizontal n(11) Metal2 [71.725um 60.5um] [74.655um 60.5um] 0.29um rpD:1 bl:0 -----UC-----W------------- [71.515um:74.865um] [71.515um:74.865um] 3.35um ------->
        <event:00002407 0:799.077:3.315um> &<id:972035 Horizontal n(14) Metal2 [55um 59um] [57.855um 59um] 0.29um rpD:1 bl:0 ------CG----W---------t--- [54.75um:58.065um] [54.75um:58.065um] 3.315um ------->
        <event:00002408 0:4.23077:0.42um> &<id:975222 Vertical n(14) Metal2 [57.855um 60.5um] [57.855um 60.5um] 0.21um rpD:0 bl:0 -X---UC---TD---------P-b-- [60.0801um:60.92um] [57.645um:58.065um] 0.42um P------>
        <event:00002409 0:798.337:2.5um> &<id:972694 Horizontal inputs(1) Metal2 [33um 68.5um] [35um 68.5um] 0.29um rpD:1 bl:0 ------C-----W---------tt-- [32.75um:35.25um] [32.75um:35.25um] 2.5um ------->
        <event:00002410 0:795.941:4.64um> &<id:975155 Horizontal n(16) Metal2 [33.705um 60.5um] [37.925um 60.5um] 0.29um rpD:1 bl:0 -----UC-----W------------- [33.495um:38.135um] [33.495um:38.135um] 4.64um ------->
        <event:00002411 4:795.941:4.64um> &<id:975155 Horizontal n(16) Metal2 [33.705um 61.5um] [37.925um 61.5um] 0.29um rpD:1 bl:0 -----UC-----W------------- [33.495um:38.135um] [33.495um:38.135um] 4.64um ------->
        <event:00002412 3:4.23077:0.42um> &<id:975194 Vertical n(17) Metal2 [37.415um 61.5um] [37.415um 61.5um] 0.21um rpD:0 bl:0 -X---UC---TD---------P-b-- [61.0801um:61.92um] [37.205um:37.625um] 0.42um P------>
        <event:00002413 4:4.23077:0.42um> &<id:975194 Vertical n(17) Metal2 [37.415um 61.5um] [37.415um 61.5um] 0.21um rpD:0 bl:0 -X---UC---TD---------P-b-- [61.0801um:61.92um] [37.205um:37.625um] 0.42um P------>
        <event:00002414 0:4.23077:0.42um> &<id:975151 Vertical n(16) Metal2 [33.705um 61um] [33.705um 61.5um] 0.21um rpD:0 bl:0 -X---UC---TD---------Pb--- [60.5801um:61.92um] [33.495um:33.915um] 0.42um P------>
        <event:00002415 4:4.23077:0.42um> &<id:975151 Vertical n(16) Metal2 [33.705um 61um] [33.705um 61.5um] 0.21um rpD:0 bl:0 -X---UC---TD---------Pb--- [60.5801um:61.92um] [33.495um:33.915um] 0.42um P------>
        <event:00002416 3:2164.31:7um> &<id:971557 Vertical n(19) Metal3 [34um 57um] [34um 61um] 0.29um rpD:1 bl:0 ------CG----W---------bb-- [56.75um:61.25um] [54.25um:61.25um] 7um ------->
        <event:00002417 0:4.23077:0.42um> &<id:975154 Vertical n(16) Metal2 [37.925um 61.5um] [37.925um 61.5um] 0.21um rpD:0 bl:0 -X---UC---TD---------P-b-- [61.0801um:61.92um] [37.715um:38.135um] 0.42um P------>
        <event:00002418 0:113.615:0.925um> &<id:974851 Horizontal n(19) Metal2 [33.73um 61um] [34.445um 61um] 0.29um rpD:0 bl:0 ---a-UC---T-----------tb-- [33.625um:34.55um] [33.625um:34.55um] 0.925um ------->
        <event:00002419 0:819.302:4.78um> &<id:975195 Horizontal n(17) Metal2 [33.055um 61.5um] [37.415um 61.5um] 0.29um rpD:1 bl:0 -----UC-----W------------- [32.845um:37.625um] [32.845um:37.625um] 4.78um ------->
        <event:00002420 4:819.302:4.78um> &<id:975195 Horizontal n(17) Metal2 [33.055um 61.5um] [37.415um 61.5um] 0.29um rpD:1 bl:0 -----UC-----W------------- [32.845um:37.625um] [32.845um:37.625um] 4.78um ------->
        <event:00002421 1:795.941:4.64um> &<id:975155 Horizontal n(16) Metal2 [33.705um 61.5um] [37.925um 61.5um] 0.29um rpD:1 bl:0 -----UC-----W------------- [33.495um:38.135um] [33.495um:38.135um] 4.64um ------->
        <event:00002422 4:795.941:4.64um> &<id:975155 Horizontal n(16) Metal2 [33.705um 61.5um] [37.925um 61.5um] 0.29um rpD:1 bl:0 -----UC-----W------------- [33.495um:38.135um] [33.495um:38.135um] 4.64um ------->
        <event:00002423 3:4.23077:0.42um> &<id:975194 Vertical n(17) Metal2 [37.415um 61.5um] [37.415um 61.5um] 0.21um rpD:0 bl:0 -X---UC---TD---------P-b-- [61.0801um:61.92um] [37.205um:37.625um] 0.42um P------>
        <event:00002424 4:4.23077:0.42um> &<id:975194 Vertical n(17) Metal2 [37.415um 61.5um] [37.415um 61.5um] 0.21um rpD:0 bl:0 -X---UC---TD---------P-b-- [61.0801um:61.92um] [37.205um:37.625um] 0.42um P------>
        <event:00002425 0:4.23077:0.42um> &<id:975151 Vertical n(16) Metal2 [33.705um 61um] [33.705um 61.5um] 0.21um rpD:0 bl:0 -X---UC---TD---------Pb--- [60.5801um:61.92um] [33.495um:33.915um] 0.42um P------>
        <event:00002426 0:819.302:4.78um> &<id:975195 Horizontal n(17) Metal2 [33.055um 61.5um] [37.415um 61.5um] 0.29um rpD:1 bl:0 -----UC-----W------------- [32.845um:37.625um] [32.845um:37.625um] 4.78um ------->
        <event:00002427 4:819.302:4.78um> &<id:975195 Horizontal n(17) Metal2 [33.055um 61.5um] [37.415um 61.5um] 0.29um rpD:1 bl:0 -----UC-----W------------- [32.845um:37.625um] [32.845um:37.625um] 4.78um ------->
        <event:00002428 1:795.941:4.64um> &<id:975155 Horizontal n(16) Metal2 [33.705um 61.5um] [37.925um 61.5um] 0.29um rpD:1 bl:0 -----UC-----W------------- [33.495um:38.135um] [33.495um:38.135um] 4.64um ------->
        <event:00002429 4:795.941:4.64um> &<id:975155 Horizontal n(16) Metal2 [33.705um 60um] [37.925um 60um] 0.29um rpD:1 bl:0 -----UC-----W------------- [33.495um:38.135um] [33.495um:38.135um] 4.64um ------->
        <event:00002430 3:2619.64:8.5um> &<id:972031 Vertical n(14) Metal3 [37um 57um] [37um 60um] 0.29um rpD:1 bl:0 -----UCG----W---------bb-- [56.75um:60.25um] [51.75um:60.25um] 8.5um ------->
        <event:00002431 0:4.23077:0.42um> &<id:975151 Vertical n(16) Metal2 [33.705um 60um] [33.705um 60um] 0.21um rpD:0 bl:0 -X---UC---TD---------Pb--- [59.58um:60.42um] [33.495um:33.915um] 0.42um P------>
        <event:00002432 0:4.23077:0.42um> &<id:975154 Vertical n(16) Metal2 [37.925um 60um] [37.925um 60um] 0.21um rpD:0 bl:0 -X---UC---TD---------P-b-- [59.58um:60.42um] [37.715um:38.135um] 0.42um P------>
        <event:00002433 0:118.5:0.715um> &<id:975208 Horizontal n(14) Metal2 [36.68um 60um] [37.185um 60um] 0.29um rpD:0 bl:0 ---a-UC---T-----------bt-- [36.575um:37.29um] [36.575um:37.29um] 0.715um ------->
        <event:00002434 0:775.698:3.76um> &<id:970981 Horizontal abc_1402_new_n229 Metal2 [44.615um 8.5um] [47.955um 8.5um] 0.29um rpD:1 bl:0 -----UCG----W------------- [44.405um:48.165um] [44.405um:48.165um] 3.76um ------->
        <event:00002435 0:4.23077:0.42um> &<id:974819 Vertical abc_1402_new_n229 Metal2 [44.615um 10um] [44.615um 10.5um] 0.21um rpD:0 bl:0 -X---UC---TD---------Pb--- [9.58um:10.92um] [44.405um:44.825um] 0.42um P------>
        <event:00002436 0:4.23077:0.42um> &<id:974822 Vertical abc_1402_new_n229 Metal2 [47.955um 10um] [47.955um 10.5um] 0.21um rpD:0 bl:0 -X---UC---TD---------Pb--- [9.58um:10.92um] [47.745um:48.165um] 0.42um P------>
        <event:00002437 0:747.781:3.62um> &<id:974746 Horizontal abc_1402_new_n139 Metal2 [51.305um 20.5um] [54.505um 20.5um] 0.29um rpD:1 bl:0 -----UC-----W------------- [51.095um:54.715um] [51.095um:54.715um] 3.62um ------->
        <event:00002438 0:4.23077:0.42um> &<id:974742 Vertical abc_1402_new_n139 Metal2 [51.305um 21.5um] [51.305um 22um] 0.21um rpD:0 bl:0 -X---UC---TD---------Pb--- [21.0801um:22.42um] [51.095um:51.515um] 0.42um P------>
        <event:00002439 0:4.23077:0.42um> &<id:974745 Vertical abc_1402_new_n139 Metal2 [54.505um 21.5um] [54.505um 22um] 0.21um rpD:0 bl:0 -X---UC---TD---------Pb--- [21.0801um:22.42um] [54.295um:54.715um] 0.42um P------>
        <event:00002440 4:4.23077:0.42um> &<id:974745 Vertical abc_1402_new_n139 Metal2 [54.505um 21.5um] [54.505um 22um] 0.21um rpD:0 bl:0 -X---UC---TD---------Pb--- [21.0801um:22.42um] [54.295um:54.715um] 0.42um P------>
        <event:00002441 3:3682.07:12um> &<id:971534 Vertical abc_1402_new_n133 Metal3 [54.5um 21.5um] [54.5um 33um] 0.29um rpD:1 bl:0 ------CG----W---------bb-- [21.25um:33.25um] [21.25um:33.25um] 12um ------->
        <event:00002442 0:459.275:2.145um> &<id:974275 Horizontal abc_1402_new_n133 Metal2 [51.815um 21.5um] [53.5um 21.5um] 0.29um rpD:0 bl:0 -----UC---T-----------bt-- [51.605um:53.75um] [51.605um:53.75um] 2.145um ------->
        <event:00002443 0:747.781:3.62um> &<id:974272 Horizontal abc_1402_new_n133 Metal2 [51.815um 20.5um] [55.015um 20.5um] 0.29um rpD:1 bl:0 -----UC-----W------------- [51.605um:55.225um] [51.605um:55.225um] 3.62um ------->
        <event:00002444 0:747.781:3.62um> &<id:974285 Horizontal abc_1402_new_n132 Metal2 [53.055um 31.5um] [56.255um 31.5um] 0.29um rpD:1 bl:0 -----UC-----W------------- [52.845um:56.465um] [52.845um:56.465um] 3.62um ------->
        <event:00002445 0:4.23077:0.42um> &<id:974281 Vertical abc_1402_new_n132 Metal2 [53.055um 30um] [53.055um 30.5um] 0.21um rpD:0 bl:0 -X---UC---TD---------P-b-- [29.5801um:30.92um] [52.845um:53.265um] 0.42um P------>
        <event:00002446 0:4.23077:0.42um> &<id:974284 Vertical abc_1402_new_n132 Metal2 [56.255um 30um] [56.255um 30.5um] 0.21um rpD:0 bl:0 -X---UC---TD---------P-b-- [29.5801um:30.92um] [56.045um:56.465um] 0.42um P------>
        <event:00002447 0:715.012:4.155um> &<id:972196 Horizontal abc_1402_auto_rtlil_cc_2739_MuxGate_1359 Metal2 [12.305um 49.5um] [16um 49.5um] 0.29um rpD:1 bl:0 ------CG----W----------t-- [12.095um:16.25um] [12.095um:16.25um] 4.155um ------->
        <event:00002448 0:710.84:4.13um> &<id:973616 Horizontal n(7) Metal2 [64.905um 43um] [68.615um 43um] 0.29um rpD:1 bl:0 -----UC-----W------------- [64.695um:68.825um] [64.695um:68.825um] 4.13um ------->
        <event:00002449 0:4.23077:0.42um> &<id:973612 Vertical n(7) Metal2 [64.905um 42.5um] [64.905um 42.5um] 0.21um rpD:0 bl:0 -X---UC---TD---------Pb--- [42.08um:42.92um] [64.695um:65.115um] 0.42um P------>
        <event:00002450 0:4.23077:0.42um> &<id:973615 Vertical n(7) Metal2 [68.615um 42.5um] [68.615um 42.5um] 0.21um rpD:0 bl:0 -X---UC---TD---------Pb--- [42.08um:42.92um] [68.405um:68.825um] 0.42um P------>
        <event:00002451 0:710.84:4.13um> &<id:973530 Horizontal n(6) Metal2 [65.415um 43um] [69.125um 43um] 0.29um rpD:1 bl:0 -----UC-----W------------- [65.205um:69.335um] [65.205um:69.335um] 4.13um ------->
        <event:00002452 0:4.23077:0.42um> &<id:973526 Vertical n(6) Metal2 [65.415um 43.5um] [65.415um 43.5um] 0.21um rpD:0 bl:0 -X---UC---TD---------Pb--- [43.0801um:43.92um] [65.205um:65.625um] 0.42um P------>
        <event:00002453 0:4.23077:0.42um> &<id:973529 Vertical n(6) Metal2 [69.125um 43.5um] [69.125um 43.5um] 0.21um rpD:0 bl:0 -X---UC---TD---------Pb--- [43.0801um:43.92um] [68.915um:69.335um] 0.42um P------>
        <event:00002454 0:705.905:3.41um> &<id:974254 Horizontal abc_1402_new_n135 Metal2 [46.935um 26um] [49.925um 26um] 0.29um rpD:1 bl:0 -----UC-----W------------- [46.725um:50.135um] [46.725um:50.135um] 3.41um ------->
        <event:00002455 0:684.26:2.82um> &<id:973593 Horizontal n(7) Metal2 [53.855um 43um] [56.255um 43um] 0.29um rpD:1 bl:0 -----UC-----W------------- [53.645um:56.465um] [53.645um:56.465um] 2.82um ------->
        <event:00002456 0:674:3.25um> &<id:973912 Horizontal abc_1402_new_n173 Metal2 [79.455um 60.5um] [82.285um 60.5um] 0.29um rpD:1 bl:0 -----UC-----W------------- [79.245um:82.495um] [79.245um:82.495um] 3.25um ------->
        <event:00002457 0:4.23077:0.42um> &<id:973908 Vertical abc_1402_new_n173 Metal2 [79.455um 61.5um] [79.455um 62um] 0.21um rpD:0 bl:0 -X---UC---TD---------Pb--- [61.0801um:62.42um] [79.245um:79.665um] 0.42um P------>
        <event:00002458 0:4.23077:0.42um> &<id:973911 Vertical abc_1402_new_n173 Metal2 [82.285um 61.5um] [82.285um 62um] 0.21um rpD:0 bl:0 -X---UC---TD---------Pb--- [61.0801um:62.42um] [82.075um:82.495um] 0.42um P------>
        <event:00002459 0:659.905:2.715um> &<id:971495 Horizontal n(12) Metal2 [82um 44.5um] [84.255um 44.5um] 0.29um rpD:1 bl:0 ------CG----W---------t--- [81.75um:84.465um] [81.75um:84.465um] 2.715um ------->
        <event:00002460 0:4.23077:0.42um> &<id:975273 Vertical n(12) Metal2 [84.255um 44.5um] [84.255um 45um] 0.21um rpD:0 bl:0 -X---UC---TD---------Pb--- [44.0801um:45.42um] [84.045um:84.465um] 0.42um P------>
        <event:00002461 0:652.947:2.685um> &<id:971781 Horizontal n(10) Metal2 [81.5um 53.5um] [83.725um 53.5um] 0.29um rpD:1 bl:0 ------CG----W---------t--- [81.25um:83.935um] [81.25um:83.935um] 2.685um ------->
        <event:00002462 0:648.722:4.085um> &<id:971182 Horizontal n(21) Metal2 [37.5um 56um] [41.125um 56um] 0.29um rpD:1 bl:0 -----UCG----W---------t--- [37.25um:41.335um] [37.25um:41.335um] 4.085um ------->
        <event:00002463 0:4.23077:0.42um> &<id:975051 Vertical n(21) Metal2 [41.125um 55.5um] [41.125um 55.5um] 0.21um rpD:0 bl:0 -X---UC---TD---------Pb--- [55.0801um:55.92um] [40.915um:41.335um] 0.42um P------>
        <event:00002464 0:648.266:3.755um> &<id:971507 Horizontal abc_1402_new_n141 Metal2 [41.705um 19um] [45um 19um] 0.29um rpD:1 bl:0 ------CG----W----------t-- [41.495um:45.25um] [41.495um:45.25um] 3.755um ------->
        <event:00002465 0:646.562:2um> &<id:972707 Horizontal inputs(2) Metal2 [48um 68.5um] [49.5um 68.5um] 0.29um rpD:1 bl:0 ------C-----W---------tt-- [47.75um:49.75um] [47.75um:49.75um] 2um ------->
        <event:00002466 0:625.74:3.62um> &<id:974301 Horizontal abc_1402_new_n131 Metal2 [53.705um 31.5um] [56.905um 31.5um] 0.29um rpD:1 bl:0 -----UC-----W------------- [53.495um:57.115um] [53.495um:57.115um] 3.62um ------->
        <event:00002467 0:4.23077:0.42um> &<id:974297 Vertical abc_1402_new_n131 Metal2 [53.705um 31um] [53.705um 31um] 0.21um rpD:0 bl:0 -X---UC---TD---------Pb--- [30.58um:31.42um] [53.495um:53.915um] 0.42um P------>
        <event:00002468 0:4.23077:0.42um> &<id:974300 Vertical abc_1402_new_n131 Metal2 [56.905um 31um] [56.905um 31um] 0.21um rpD:0 bl:0 -X---UC---TD---------Pb--- [30.58um:31.42um] [56.695um:57.115um] 0.42um P------>
        <event:00002469 0:625.74:3.62um> &<id:974311 Horizontal abc_1402_new_n130 Metal2 [54.215um 31.5um] [57.415um 31.5um] 0.29um rpD:1 bl:0 -----UC-----W------------- [54.005um:57.625um] [54.005um:57.625um] 3.62um ------->
        <event:00002470 0:625.74:3.62um> &<id:975289 Horizontal n(12) Metal2 [76.905um 60.5um] [80.105um 60.5um] 0.29um rpD:1 bl:0 -----UC-----W------------- [76.695um:80.315um] [76.695um:80.315um] 3.62um ------->
        <event:00002471 0:618.154:7.535um> &<id:971498 Horizontal n(12) Metal2 [74.925um 54.5um] [82um 54.5um] 0.29um rpD:1 bl:0 ------CG----W----------t-- [74.715um:82.25um] [74.715um:82.25um] 7.535um ------->
        <event:00002472 0:4.23077:0.42um> &<id:975295 Vertical n(12) Metal2 [74.925um 56um] [74.925um 56.5um] 0.21um rpD:0 bl:0 -X---UC---TD---------Pb--- [55.5801um:56.92um] [74.715um:75.135um] 0.42um P------>
        <event:00002473 0:607.385:3.51um> &<id:970976 Horizontal abc_1402_auto_rtlil_cc_2739_MuxGate_1401 Metal2 [70.015um 3um] [73.105um 3um] 0.29um rpD:1 bl:0 -----UCG----W------------- [69.805um:73.315um] [69.805um:73.315um] 3.51um ------->
        <event:00002474 0:588.254:2.82um> &<id:973851 Horizontal abc_1402_new_n184 Metal2 [7.455um 54.5um] [9.855um 54.5um] 0.29um rpD:1 bl:0 -----UC-----W------------- [7.245um:10.065um] [7.245um:10.065um] 2.82um ------->
        <event:00002475 0:4.23077:0.42um> &<id:973847 Vertical abc_1402_new_n184 Metal2 [7.455um 53um] [7.455um 53.5um] 0.21um rpD:0 bl:0 -X---UC---TD---------P-b-- [52.5801um:53.92um] [7.245um:7.665um] 0.42um P------>
        <event:00002476 0:4.23077:0.42um> &<id:973850 Vertical abc_1402_new_n184 Metal2 [9.855um 53um] [9.855um 53.5um] 0.21um rpD:0 bl:0 -X---UC---TD---------P-b-- [52.5801um:53.92um] [9.645um:10.065um] 0.42um P------>
        <event:00002477 0:584.086:6.535um> &<id:970654 Horizontal init Metal2 [70um 10um] [76um 10um] 0.29um rpD:1 bl:0 ------CG----W---------tt-- [69.75um:76.25um] [69.715um:76.25um] 6.535um ------->
        <event:00002478 4:934.677:6.535um> &<id:970654 Horizontal init Metal2 [70um 9um] [76um 9um] 0.29um rpD:1 bl:0 ------CG----W---------tt-- [69.75um:76.25um] [69.715um:76.25um] 6.535um ------->
        <event:00002479 3:1708.99:5.5um> &<id:970921 Vertical abc_1402_new_n95 Metal3 [69.5um 9.5um] [69.5um 14um] 0.29um rpD:1 bl:0 -----UCG----W---------bb-- [9.25um:14.25um] [8.75um:14.25um] 5.5um ------->
        <event:00002480 0:118.5:0.715um> &<id:973361 Horizontal abc_1402_new_n95 Metal2 [69.185um 9um] [69.69um 9um] 0.29um rpD:0 bl:0 ---a-UC---T-----------bt-- [69.08um:69.795um] [69.08um:69.795um] 0.715um ------->
        <event:00002481 0:577.349:3.33um> &<id:973497 Horizontal n(9) Metal2 [67.305um 49.5um] [70.215um 49.5um] 0.29um rpD:1 bl:0 -----UC-----W------------- [67.095um:70.425um] [67.095um:70.425um] 3.33um ------->
        <event:00002482 0:4.23077:0.42um> &<id:973493 Vertical n(9) Metal2 [67.305um 48um] [67.305um 48.5um] 0.21um rpD:0 bl:0 -X---UC---TD---------P-b-- [47.58um:48.92um] [67.095um:67.515um] 0.42um P------>
        <event:00002483 4:4.23077:0.42um> &<id:973493 Vertical n(9) Metal2 [67.305um 48um] [67.305um 48.5um] 0.21um rpD:0 bl:0 -X---UC---TD---------P-b-- [47.58um:48.92um] [67.095um:67.515um] 0.42um P------>
        <event:00002484 4:4.23077:0.42um> &<id:973493 Vertical n(9) Metal2 [67.305um 48um] [67.305um 48.5um] 0.21um rpD:0 bl:0 -X---UC---TD---------P-b-- [47.58um:48.92um] [67.095um:67.515um] 0.42um P------>
        <event:00002485 3:577.349:3.33um> &<id:973497 Horizontal n(9) Metal2 [67.305um 48um] [70.215um 48um] 0.29um rpD:1 bl:0 -----UC-----W------------- [67.095um:70.425um] [67.095um:70.425um] 3.33um ------->
        <event:00002486 0:4.23077:0.42um> &<id:973493 Vertical n(9) Metal2 [67.305um 48.5um] [67.305um 48.5um] 0.21um rpD:0 bl:0 -X---UC---TD---------P-b-- [48.0801um:48.92um] [67.095um:67.515um] 0.42um P------>
        <event:00002487 0:4.23077:0.42um> &<id:973496 Vertical n(9) Metal2 [70.215um 48.5um] [70.215um 48.5um] 0.21um rpD:0 bl:0 -X---UC---TD---------P-b-- [48.0801um:48.92um] [70.005um:70.425um] 0.42um P------>
        <event:00002488 0:387.692:3.47um> &<id:973512 Horizontal n(8) Metal2 [66.655um 48.5um] [69.705um 48.5um] 0.29um rpD:0 bl:0 -----UC---T-----------bb-- [66.445um:69.915um] [66.445um:69.915um] 3.47um ------->
        <event:00002489 4:387.692:3.47um> &<id:973512 Horizontal n(8) Metal2 [66.655um 49um] [69.705um 49um] 0.29um rpD:0 bl:0 -----UC---T-----------bb-- [66.445um:69.915um] [66.445um:69.915um] 3.47um ------->
        <event:00002490 3:1860.76:6um> &<id:970761 Vertical n(6) Metal3 [67um 43.5um] [67um 46.5um] 0.29um rpD:1 bl:0 ------CG----W---------bb-- [43.25um:46.75um] [43.25um:49.25um] 6um ------->
        <event:00002491 5:1860.76:6um> &<id:970761 Vertical n(6) Metal3 [67um 43.5um] [67um 46.5um] 0.29um rpD:1 bl:0 ------CG----W---------bb-- [43.25um:46.75um] [43.25um:49.25um] 6um ------->
        <event:00002492 3:380.743:5.085um> &<id:973533 Horizontal n(6) Metal2 [64.5um 43.5um] [69.125um 43.5um] 0.29um rpD:0 bl:0 -----UC---T-----------tb-- [64.25um:69.335um] [64.25um:69.335um] 5.085um ------->
        <event:00002493 3:2316.09:10um> &<id:970765 Horizontal n(6) Metal4 [64.5um 49um] [74um 49um] 0.29um rpD:2 bl:0 ------CG-----w--------bb-- [64.25um:74.25um] [64.25um:74.25um] 10um ------t>
        <event:00002494 0:320.385:0.715um> &<id:973536 Horizontal n(6) Metal2 [64.355um 49um] [64.86um 49um] 0.29um rpD:0 bl:0 ---a-UC---T-----------tb-- [64.25um:64.965um] [64.25um:64.965um] 0.715um ------->
        <event:00002495 0:577.349:3.33um> &<id:975145 Horizontal n(16) Metal2 [8.105um 54.5um] [11.015um 54.5um] 0.29um rpD:1 bl:0 -----UC-----W------------- [7.895um:11.225um] [7.895um:11.225um] 3.33um ------->
        <event:00002496 0:4.23077:0.42um> &<id:975141 Vertical n(16) Metal2 [8.105um 54um] [8.105um 54um] 0.21um rpD:0 bl:0 -X---UC---TD---------Pb--- [53.5801um:54.42um] [7.895um:8.315um] 0.42um P------>
        <event:00002497 0:4.23077:0.42um> &<id:975144 Vertical n(16) Metal2 [11.015um 54um] [11.015um 54um] 0.21um rpD:0 bl:0 -X---UC---TD---------Pb--- [53.5801um:54.42um] [10.805um:11.225um] 0.42um P------>
        <event:00002498 0:568.284:2.32um> &<id:970952 Horizontal abc_1402_new_n255 Metal2 [70.355um 14um] [72.255um 14um] 0.29um rpD:1 bl:0 -----UCG----W------------- [70.145um:72.465um] [70.145um:72.465um] 2.32um ------->
        <event:00002499 0:535.811:2.18um> &<id:970947 Horizontal abc_1402_new_n122 Metal2 [11.805um 14.5um] [13.565um 14.5um] 0.29um rpD:1 bl:0 -----UCG----W------------- [11.595um:13.775um] [11.595um:13.775um] 2.18um ------->
        <event:00002500 0:4.23077:0.42um> &<id:974438 Vertical abc_1402_new_n122 Metal2 [11.805um 15.5um] [11.805um 16um] 0.21um rpD:0 bl:0 -X---UC---TD---------Pb--- [15.08um:16.42um] [11.595um:12.015um] 0.42um P------>
        <event:00002501 0:4.23077:0.42um> &<id:974441 Vertical abc_1402_new_n122 Metal2 [13.565um 15.5um] [13.565um 16um] 0.21um rpD:0 bl:0 -X---UC---TD---------Pb--- [15.08um:16.42um] [13.355um:13.775um] 0.42um P------>
        <event:00002502 0:535.811:2.18um> &<id:970940 Horizontal abc_1402_new_n104 Metal2 [51.005um 43um] [52.765um 43um] 0.29um rpD:1 bl:0 -----UCG----W------------- [50.795um:52.975um] [50.795um:52.975um] 2.18um ------->
        <event:00002503 0:517.278:2.97um> &<id:975176 Horizontal n(17) Metal2 [19.305um 66um] [21.855um 66um] 0.29um rpD:1 bl:0 -----UC-----W------------- [19.095um:22.065um] [19.095um:22.065um] 2.97um ------->
        <event:00002504 0:501.018:2.03um> &<id:974120 Horizontal abc_1402_new_n145 Metal2 [55.445um 20um] [57.055um 20um] 0.29um rpD:1 bl:0 -----UC-----W------------- [55.235um:57.265um] [55.235um:57.265um] 2.03um ------->
        <event:00002505 0:494.787:1.5um> &<id:972720 Horizontal inputs(3) Metal2 [66um 68.5um] [67um 68.5um] 0.29um rpD:1 bl:0 ------C-----W---------tt-- [65.75um:67.25um] [65.75um:67.25um] 1.5um ------->
        <event:00002506 0:468.888:2.68um> &<id:970957 Horizontal abc_1402_new_n194 Metal2 [42.645um 60.5um] [44.905um 60.5um] 0.29um rpD:1 bl:0 -----UCG----W------------- [42.435um:45.115um] [42.435um:45.115um] 2.68um ------->
        <event:00002507 0:4.23077:0.42um> &<id:973828 Vertical abc_1402_new_n194 Metal2 [42.645um 61.5um] [42.645um 61.5um] 0.21um rpD:0 bl:0 -X---UC---TD---------P-b-- [61.0801um:61.92um] [42.435um:42.855um] 0.42um P------>
        <event:00002508 0:4.23077:0.42um> &<id:973831 Vertical abc_1402_new_n194 Metal2 [44.905um 61um] [44.905um 61.5um] 0.21um rpD:0 bl:0 -X---UC---TD---------Pb--- [60.5801um:61.92um] [44.695um:45.115um] 0.42um P------>
        <event:00002509 0:428.728:2.02um> &<id:973390 Horizontal abc_1402_new_n94 Metal2 [32.105um 2.5um] [33.705um 2.5um] 0.29um rpD:1 bl:0 -----UC-----W------------- [31.895um:33.915um] [31.895um:33.915um] 2.02um ------->
        <event:00002510 0:4.23077:0.42um> &<id:973386 Vertical abc_1402_new_n94 Metal2 [32.105um 3.5um] [32.105um 3.5um] 0.21um rpD:0 bl:0 -X---UC---TD---------Pb--- [3.0801um:3.92um] [31.895um:32.315um] 0.42um P------>
        <event:00002511 0:4.23077:0.42um> &<id:973389 Vertical abc_1402_new_n94 Metal2 [33.705um 3.5um] [33.705um 3.5um] 0.21um rpD:0 bl:0 -X---UC---TD---------Pb--- [3.0801um:3.92um] [33.495um:33.915um] 0.42um P------>
        <event:00002512 0:386.852:1.81um> &<id:973948 Horizontal abc_1402_new_n170 Metal2 [71.665um 49um] [73.055um 49um] 0.29um rpD:1 bl:0 -----UC-----W------------- [71.455um:73.265um] [71.455um:73.265um] 1.81um ------->
        <event:00002513 0:366.266:2.065um> &<id:971028 Horizontal abc_1402_new_n137 Metal2 [50.5um 26.5um] [52.105um 26.5um] 0.29um rpD:1 bl:0 ------CG----W---------t--- [50.25um:52.315um] [50.25um:52.315um] 2.065um ------->
        <event:00002514 0:4.23077:0.42um> &<id:974231 Vertical abc_1402_new_n137 Metal2 [52.105um 25.5um] [52.105um 25.5um] 0.21um rpD:0 bl:0 -X---UC---TD---------Pb--- [25.08um:25.92um] [51.895um:52.315um] 0.42um P------>
        <event:00002515 0:360.426:2.03um> &<id:974079 Horizontal abc_1402_new_n153 Metal2 [26.645um 20um] [28.255um 20um] 0.29um rpD:1 bl:0 -----UC-----W------------- [26.435um:28.465um] [26.435um:28.465um] 2.03um ------->
        <event:00002516 0:360.426:2.03um> &<id:974694 Horizontal abc_1402_new_n179 Metal2 [55.445um 54.5um] [57.055um 54.5um] 0.29um rpD:1 bl:0 -----UC-----W------------- [55.235um:57.265um] [55.235um:57.265um] 2.03um ------->
        <event:00002517 0:4.23077:0.42um> &<id:974690 Vertical abc_1402_new_n179 Metal2 [55.445um 56um] [55.445um 56um] 0.21um rpD:0 bl:0 -X---UC---TD---------Pb--- [55.5801um:56.42um] [55.235um:55.655um] 0.42um P------>
        <event:00002518 0:4.23077:0.42um> &<id:974693 Vertical abc_1402_new_n179 Metal2 [57.055um 55.5um] [57.055um 56um] 0.21um rpD:0 bl:0 -X---UC---TD---------Pb--- [55.0801um:56.42um] [56.845um:57.265um] 0.42um P------>
        <event:00002519 0:358.757:2.02um> &<id:975332 Horizontal n(11) Metal2 [74.655um 60.5um] [76.255um 60.5um] 0.29um rpD:1 bl:0 -----UC-----W------------- [74.445um:76.465um] [74.445um:76.465um] 2.02um ------->
        <event:00002520 0:343.012:1um> &<id:972681 Horizontal inputs(0) Metal2 [16um 68.5um] [16.5um 68.5um] 0.29um rpD:1 bl:0 ------C-----W---r-----tt-- [15.75um:16.75um] [15.75um:16.75um] 1um ------->
        <event:00002521 0:286.462:1.105um> &<id:972042 Horizontal abc_1402_new_n241 Metal2 [70.355um 10um] [71um 10um] 0.29um rpD:1 bl:0 ------CG----W----------t-- [70.145um:71.25um] [70.145um:71.25um] 1.105um ------->
        <event:00002522 0:4.23077:0.42um> &<id:974597 Vertical abc_1402_new_n241 Metal2 [70.355um 10um] [70.355um 10.5um] 0.21um rpD:0 bl:0 -X---UC---TD---------Pb--- [9.58um:10.92um] [70.145um:70.565um] 0.42um P------>
        <event:00002523 0:8538.87:28um> &<id:972577 Vertical abc_1402_auto_rtlil_cc_2739_MuxGate_1349 Metal3 [80um 38um] [80um 65.5um] 0.29um rpD:1 bl:0 ------CG----W---------bb-- [37.75um:65.75um] [37.75um:65.75um] 28um ------->
        <event:00002524 0:8235.32:27.5um> &<id:972518 Vertical abc_1402_new_n138 Metal3 [41.5um 26.5um] [41.5um 53.5um] 0.29um rpD:1 bl:0 ------CG----W---------bb-- [26.25um:53.75um] [26.25um:53.75um] 27.5um ------->
        <event:00002525 0:7476.44:23um> &<id:972603 Vertical outputs(7) Metal3 [3um 10.5um] [3um 33um] 0.29um rpD:1 bl:0 ------CG----W---------bb-- [10.25um:33.25um] [10.25um:33.25um] 23um ------->
        <event:00002526 0:6869.34:22.5um> &<id:970887 Vertical clk_root_0 Metal3 [37.5um 4.5um] [37.5um 26um] 0.29um rpD:1 bl:0 ------CG----W---------bb-- [4.25um:26.25um] [3.75um:26.25um] 22.5um ------->
        <event:00002527 0:6717.57:22um> &<id:970841 Vertical abc_1402_new_n160 Metal3 [43.5um 21.5um] [43.5um 43um] 0.29um rpD:1 bl:0 ------CG----W---------bb-- [21.25um:43.25um] [21.25um:43.25um] 22um ------->
        <event:00002528 0:6565.79:22um> &<id:972483 Vertical mem_inputs(4) Metal3 [80um 3.5um] [80um 25um] 0.29um rpD:1 bl:0 ------CG----W---------bb-- [3.25um:25.25um] [3.25um:25.25um] 22um ------->
        <event:00002529 0:5351.59:17.5um> &<id:971756 Vertical abc_1402_new_n94 Metal3 [67um 8.5um] [67um 25.5um] 0.29um rpD:1 bl:0 ------CG----W---------bb-- [8.25um:25.75um] [8.25um:25.75um] 17.5um ------->
        <event:00002530 0:5351.59:17.5um> &<id:970726 Vertical clk_root_1 Metal3 [68.5um 37.5um] [68.5um 54.5um] 0.29um rpD:1 bl:0 ------CG----W---------bb-- [37.25um:54.75um] [37.25um:54.75um] 17.5um ------->
        <event:00002531 0:5351.59:19um> &<id:970714 Vertical clk_root_1 Metal3 [77um 14.5um] [77um 33um] 0.29um rpD:1 bl:0 ------CG----W---------bb-- [14.25um:33.25um] [14.25um:33.25um] 19um ------->
        <event:00002532 0:5199.82:17um> &<id:970725 Vertical clk_root_1 Metal3 [54.5um 34um] [54.5um 48um] 0.29um rpD:1 bl:0 ------CG----W---------bb-- [33.75um:48.25um] [31.25um:48.25um] 17um ------->
        <event:00002533 0:5048.04:16um> &<id:970852 Vertical abc_1402_new_n160 Metal3 [48um 49.5um] [48um 65um] 0.29um rpD:1 bl:0 ------CG----W---------bb-- [49.25um:65.25um] [49.25um:65.25um] 16um ------->
        <event:00002534 0:5048.04:16.5um> &<id:970727 Vertical clk_root_1 Metal3 [77.5um 37.5um] [77.5um 53.5um] 0.29um rpD:1 bl:0 ------CG----W---------bb-- [37.25um:53.75um] [37.25um:53.75um] 16.5um ------->
        <event:00002535 0:4744.49:17.5um> &<id:972486 Vertical mem_inputs(4) Metal3 [69um 10um] [69um 27um] 0.29um rpD:1 bl:0 ------CG----W---------bb-- [9.75um:27.25um] [9.75um:27.25um] 17.5um ------->
        <event:00002536 0:4592.72:15um> &<id:972545 Vertical outputs(6) Metal3 [3um 7.5um] [3um 22um] 0.29um rpD:1 bl:0 ------CG----W---------bb-- [7.25um:22.25um] [7.25um:22.25um] 15um ------->
        <event:00002537 0:4440.94:14.5um> &<id:972266 Vertical n(24) Metal3 [29um 31um] [29um 45um] 0.29um rpD:1 bl:0 ------CG----W---------bb-- [30.75um:45.25um] [30.75um:45.25um] 14.5um ------->
        <event:00002538 0:4440.94:14.5um> &<id:972189 Vertical n(20) Metal3 [35.5um 53.5um] [35.5um 67.5um] 0.29um rpD:1 bl:0 ------CG----W---------bb-- [53.25um:67.75um] [53.25um:67.75um] 14.5um ------->
        <event:00002539 0:4137.39:14.5um> &<id:971212 Vertical abc_1402_new_n145 Metal3 [54.5um 8um] [54.5um 20um] 0.29um rpD:1 bl:0 ------CG----W---------bb-- [7.75um:20.25um] [5.75um:20.25um] 14.5um ------->
        <event:00002540 0:3833.84:10.5um> &<id:972532 Vertical abc_1402_new_n254 Metal3 [56.5um 15um] [56.5um 25um] 0.29um rpD:1 bl:0 ------CG----W---------tb-- [14.75um:25.25um] [14.75um:25.25um] 10.5um ------->
        <event:00002541 0:3682.07:14.5um> &<id:970809 Vertical clk_root_2 Metal3 [22.5um 47.5um] [22.5um 61.5um] 0.29um rpD:1 bl:0 ------CG----W---------bb-- [47.25um:61.75um] [47.25um:61.75um] 14.5um ------->
        <event:00002542 0:3530.29:13um> &<id:971947 Vertical n(5) Metal3 [22.5um 15um] [22.5um 27.5um] 0.29um rpD:1 bl:0 ------CG----W---------bb-- [14.75um:27.75um] [14.75um:27.75um] 13um ------->
        <event:00002543 0:3530.29:11um> &<id:970851 Vertical abc_1402_new_n160 Metal3 [43um 55um] [43um 65.5um] 0.29um rpD:1 bl:0 ------CG----W---------bb-- [54.75um:65.75um] [54.75um:65.75um] 11um ------->
        <event:00002544 0:3530.29:11.5um> &<id:972124 Vertical n(13) Metal3 [82.5um 49um] [82.5um 60um] 0.29um rpD:1 bl:0 ------CG----W---------bb-- [48.75um:60.25um] [48.75um:60.25um] 11.5um ------->
        <event:00002545 0:3378.51:12um> &<id:972650 Vertical clk Metal3 [3um 32.5um] [3um 44um] 0.29um rpD:1 bl:0 ------CG----W---------tb-- [32.25um:44.25um] [32.25um:44.25um] 12um ------->
        <event:00002546 0:3378.51:12um> &<id:970883 Vertical clk_root_0 Metal3 [16um 21.5um] [16um 33um] 0.29um rpD:1 bl:0 ------CG----W---------bb-- [21.25um:33.25um] [21.25um:33.25um] 12um ------->
        <event:00002547 0:3378.51:12.5um> &<id:972217 Vertical abc_1402_new_n210 Metal3 [31.5um 32um] [31.5um 44um] 0.29um rpD:1 bl:0 ------CG----W---------bb-- [31.75um:44.25um] [31.75um:44.25um] 12.5um ------->
        <event:00002548 0:3378.51:11um> &<id:972418 Vertical mem_inputs(5) Metal3 [73.5um 8.5um] [73.5um 19um] 0.29um rpD:1 bl:0 ------CG----W---------bb-- [8.25um:19.25um] [8.25um:19.25um] 11um ------->
        <event:00002549 0:3226.74:11.5um> &<id:971695 Vertical n(2) Metal3 [3um 15um] [3um 26um] 0.29um rpD:1 bl:0 ------CG----W---------bb-- [14.75um:26.25um] [14.75um:26.25um] 11.5um ------->
        <event:00002550 0:3226.74:10.5um> &<id:971603 Vertical n(17) Metal3 [10.5um 57um] [10.5um 65um] 0.29um rpD:1 bl:0 ------CG----W---------bb-- [56.75um:65.25um] [54.75um:65.25um] 10.5um ------->
        <event:00002551 0:3226.74:10.5um> &<id:972195 Vertical abc_1402_auto_rtlil_cc_2739_MuxGate_1359 Metal3 [16um 49.5um] [16um 59.5um] 0.29um rpD:1 bl:0 ------CG----W---------bb-- [49.25um:59.75um] [49.25um:59.75um] 10.5um ------->
        <event:00002552 0:3226.74:11um> &<id:971931 Vertical n(8) Metal3 [80.5um 33um] [80.5um 43.5um] 0.29um rpD:1 bl:0 ------CG----W---------bb-- [32.75um:43.75um] [32.75um:43.75um] 11um ------->
        <event:00002553 0:3079.76:16um> &<id:972350 Vertical abc_1402_new_n113 Metal3 [85um 44um] [85um 59.5um] 0.29um rpD:1 bl:0 ------CG----W---------bb-- [43.75um:59.75um] [43.75um:59.75um] 16um ------->
        <event:00002554 0:3079.76:15.5um> &<id:972404 Vertical abc_1402_new_n112 Metal3 [85um 50um] [85um 65um] 0.29um rpD:1 bl:0 ------CG----W---------bb-- [49.75um:65.25um] [49.75um:65.25um] 15.5um ------->
        <event:00002555 0:3074.96:10.5um> &<id:971954 Vertical abc_1402_new_n120 Metal3 [16.5um 15um] [16.5um 25um] 0.29um rpD:1 bl:0 ------CG----W---------bb-- [14.75um:25.25um] [14.75um:25.25um] 10.5um ------->
        <event:00002556 0:3074.96:8.5um> &<id:972220 Vertical abc_1402_new_n210 Metal3 [47.5um 34um] [47.5um 42um] 0.29um rpD:1 bl:0 ------CG----W---------bb-- [33.75um:42.25um] [33.75um:42.25um] 8.5um ------->
        <event:00002557 0:3074.96:12.5um> &<id:972508 Vertical abc_1402_new_n134 Metal3 [58um 18.5um] [58um 30.5um] 0.29um rpD:1 bl:0 ------CG----W---------bb-- [18.25um:30.75um] [18.25um:30.75um] 12.5um ------->
        <event:00002558 0:3074.96:10um> &<id:972041 Vertical abc_1402_new_n241 Metal3 [71um 10.5um] [71um 20um] 0.29um rpD:1 bl:0 ------CG----W---------bb-- [10.25um:20.25um] [10.25um:20.25um] 10um ------->
        <event:00002559 0:3074.96:9.5um> &<id:971845 Vertical abc_1402_new_n173 Metal3 [80um 50.5um] [80um 59.5um] 0.29um rpD:1 bl:0 ------CG----W---------bb-- [50.25um:59.75um] [50.25um:59.75um] 9.5um ------->
        <event:00002560 0:2923.19:10um> &<id:972636 Vertical abc_1402_new_n101 Metal3 [12um 33um] [12um 42.5um] 0.29um rpD:1 bl:0 ------CG----W---------tb-- [32.75um:42.75um] [32.75um:42.75um] 10um ------->
        <event:00002561 0:2619.64:10um> &<id:970881 Vertical clk_root_0 Metal3 [16um 12um] [16um 21.5um] 0.29um rpD:1 bl:0 ------CG----W---------bb-- [11.75um:21.75um] [11.75um:21.75um] 10um ------->
        <event:00002562 0:2619.64:8.5um> &<id:970880 Vertical clk_root_0 Metal3 [18.5um 4um] [18.5um 12um] 0.29um rpD:1 bl:0 ------CG----W---------bb-- [3.75um:12.25um] [3.75um:12.25um] 8.5um ------->
        <event:00002563 0:2619.64:8.5um> &<id:971231 Vertical n(27) Metal3 [29.5um 27.5um] [29.5um 32um] 0.29um rpD:1 bl:0 ------CG----W---------bb-- [27.25um:32.25um] [25.75um:34.25um] 8.5um ------->
        <event:00002564 0:2467.86:8um> &<id:972571 Vertical abc_1402_new_n238 Metal3 [54.5um 1um] [54.5um 8.5um] 0.29um rpD:1 bl:0 ------CG----W---------tb-- [0.75um:8.75um] [0.75um:8.75um] 8um ------->
        <event:00002565 0:2316.09:7.5um> &<id:971426 Vertical n(16) Metal3 [16um 60.5um] [16um 65um] 0.29um rpD:1 bl:0 ------CG----W---------bb-- [60.25um:65.25um] [57.75um:65.25um] 7.5um ------->
        <event:00002566 0:2193.07:11um> &<id:972122 Vertical n(13) Metal3 [84.5um 38.5um] [84.5um 49um] 0.29um rpD:1 bl:0 ------CG----W---------bb-- [38.25um:49.25um] [38.25um:49.25um] 11um ------->
        <event:00002567 0:2164.31:7um> &<id:971698 Vertical n(2) Metal3 [26um 14um] [26um 20.5um] 0.29um rpD:1 bl:0 -----UCG----W---------bb-- [13.75um:20.75um] [13.75um:20.75um] 7um ------->
        <event:00002568 0:2164.31:8.5um> &<id:971873 Vertical n(9) Metal3 [67.5um 41.5um] [67.5um 49.5um] 0.29um rpD:1 bl:0 ------CG----W---------bb-- [41.25um:49.75um] [41.25um:49.75um] 8.5um ------->
        <event:00002569 0:2012.54:7um> &<id:970891 Vertical clk_root_0 Metal3 [5.5um 20um] [5.5um 26.5um] 0.29um rpD:1 bl:0 ------CG----W---------bb-- [19.75um:26.75um] [19.75um:26.75um] 7um ------->
        <event:00002570 0:2012.54:3.5um> &<id:972497 Vertical abc_1402_new_n178 Metal3 [38um 49.5um] [38um 52.5um] 0.29um rpD:1 bl:0 -----UCG----W---------bb-- [49.25um:52.75um] [49.25um:52.75um] 3.5um ------->
        <event:00002571 0:2012.54:6.5um> &<id:971558 Vertical n(19) Metal3 [40um 57um] [40um 61um] 0.29um rpD:1 bl:0 ------CG----W---------bb-- [56.75um:61.25um] [54.75um:61.25um] 6.5um ------->
        <event:00002572 0:2012.54:7um> &<id:970845 Vertical abc_1402_new_n160 Metal3 [43.5um 43um] [43.5um 49.5um] 0.29um rpD:1 bl:0 ------CG----W---------bb-- [42.75um:49.75um] [42.75um:49.75um] 7um ------->
        <event:00002573 0:2012.54:7.5um> &<id:970846 Vertical abc_1402_new_n160 Metal3 [46.5um 45.5um] [46.5um 49.5um] 0.29um rpD:1 bl:0 ------CG----W---------bb-- [45.25um:49.75um] [42.25um:49.75um] 7.5um ------->
        <event:00002574 0:2012.54:6.5um> &<id:970764 Vertical n(6) Metal3 [47um 44um] [47um 49um] 0.29um rpD:1 bl:0 ------CG----W---------bb-- [43.75um:49.25um] [42.75um:49.25um] 6.5um ------->
        <event:00002575 0:2012.54:7.5um> &<id:972263 Vertical n(24) Metal3 [47.5um 29.5um] [47.5um 36.5um] 0.29um rpD:1 bl:0 -----UCG----W---------bb-- [29.25um:36.75um] [29.25um:36.75um] 7.5um ------->
        <event:00002576 0:2012.54:6.5um> &<id:972273 Vertical abc_1402_auto_rtlil_cc_2739_MuxGate_1351 Metal3 [50um 54um] [50um 60um] 0.29um rpD:1 bl:0 ------CG----W---------bb-- [53.75um:60.25um] [53.75um:60.25um] 6.5um ------->
        <event:00002577 0:2012.54:6.5um> &<id:970723 Vertical clk_root_1 Metal3 [69.5um 33um] [69.5um 37.5um] 0.29um rpD:1 bl:0 -----UCG----W---------bb-- [32.75um:37.75um] [31.25um:37.75um] 6.5um ------->
        <event:00002578 0:2012.54:6.5um> &<id:970663 Vertical init Metal3 [70um 9um] [70um 15um] 0.29um rpD:1 bl:0 -----UCG----W---------bb-- [8.75um:15.25um] [8.75um:15.25um] 6.5um ------->
        <event:00002579 0:2012.54:6.5um> &<id:970712 Vertical clk_root_1 Metal3 [78um 8.5um] [78um 14.5um] 0.29um rpD:1 bl:0 ------CG----W---------bb-- [8.25um:14.75um] [8.25um:14.75um] 6.5um ------->
        <event:00002580 0:2012.54:5um> &<id:970724 Vertical clk_root_1 Metal3 [78um 33um] [78um 37.5um] 0.29um rpD:1 bl:0 ------CG----W---------bb-- [32.75um:37.75um] [32.75um:37.75um] 5um ------->
        <event:00002581 0:1860.76:7.5um> &<id:972309 Vertical abc_1402_new_n149 Metal3 [3um 20um] [3um 27um] 0.29um rpD:1 bl:0 ------CG----W---------bb-- [19.75um:27.25um] [19.75um:27.25um] 7.5um ------->
        <event:00002582 0:1860.76:6um> &<id:972185 Vertical n(20) Metal3 [9.5um 50um] [9.5um 55.5um] 0.29um rpD:1 bl:0 -----UCG----W---------bb-- [49.75um:55.75um] [49.75um:55.75um] 6um ------->
        <event:00002583 0:1860.76:5.5um> &<id:971700 Vertical n(2) Metal3 [26.5um 20.5um] [26.5um 25.5um] 0.29um rpD:1 bl:0 ------CG----W---------bb-- [20.25um:25.75um] [20.25um:25.75um] 5.5um ------->
        <event:00002584 0:1860.76:6um> &<id:971441 Vertical n(4) Metal3 [27.5um 20um] [27.5um 25.5um] 0.29um rpD:1 bl:0 ------CG----W---------bb-- [19.75um:25.75um] [19.75um:25.75um] 6um ------->
        <event:00002585 0:1860.76:6.5um> &<id:971663 Vertical n(28) Metal3 [29um 25.5um] [29um 31.5um] 0.29um rpD:1 bl:0 ------CG----W---------bb-- [25.25um:31.75um] [25.25um:31.75um] 6.5um ------->
        <event:00002586 0:1860.76:6um> &<id:970849 Vertical abc_1402_new_n160 Metal3 [43um 49.5um] [43um 55um] 0.29um rpD:1 bl:0 ------CG----W---------bb-- [49.25um:55.25um] [49.25um:55.25um] 6um ------->
        <event:00002587 0:1860.76:6.5um> &<id:971716 Vertical n(31) Metal3 [46.5um 19.5um] [46.5um 25.5um] 0.29um rpD:1 bl:0 -----UCG----W---------bb-- [19.25um:25.75um] [19.25um:25.75um] 6.5um ------->
        <event:00002588 0:1860.76:8um> &<id:970917 Vertical abc_1402_new_n95 Metal3 [47um 1.5um] [47um 9um] 0.29um rpD:1 bl:0 -----UCG----W---------bb-- [1.25um:9.25um] [1.25um:9.25um] 8um ------->
        <event:00002589 0:1860.76:7um> &<id:970811 Vertical clk_root_2 Metal3 [48.5um 61.5um] [48.5um 68um] 0.29um rpD:1 bl:0 -----UCG----W---------bb-- [61.25um:68.25um] [61.25um:68.25um] 7um ------->
        <event:00002590 0:1860.76:6um> &<id:971752 Vertical abc_1402_new_n94 Metal3 [67um 3um] [67um 8.5um] 0.29um rpD:1 bl:0 -----UCG----W---------bb-- [2.75um:8.75um] [2.75um:8.75um] 6um ------->
        <event:00002591 0:1860.76:6.5um> &<id:970667 Vertical init Metal3 [67.5um 15um] [67.5um 19um] 0.29um rpD:1 bl:0 ------CG----W---------bb-- [14.75um:19.25um] [14.75um:21.25um] 6.5um ------->
        <event:00002592 0:1860.76:4.5um> &<id:971500 Vertical n(12) Metal3 [77um 56.5um] [77um 60.5um] 0.29um rpD:1 bl:0 ------CG----W---------bb-- [56.25um:60.75um] [56.25um:60.75um] 4.5um ------->
        <event:00002593 0:1708.99:5.5um> &<id:971621 Vertical n(18) Metal3 [11.5um 50um] [11.5um 55um] 0.29um rpD:1 bl:0 -----UCG----W---------bb-- [49.75um:55.25um] [49.75um:55.25um] 5.5um ------->
        <event:00002594 0:1708.99:4.5um> &<id:972368 Vertical abc_1402_new_n184 Metal3 [12um 61.5um] [12um 65.5um] 0.29um rpD:1 bl:0 ------CG----W---------bb-- [61.25um:65.75um] [61.25um:65.75um] 4.5um ------->
        <event:00002595 0:1708.99:7.5um> &<id:972100 Vertical abc_1402_new_n219 Metal3 [18.5um 31.5um] [18.5um 38.5um] 0.29um rpD:1 bl:0 ------CG----W---------bb-- [31.25um:38.75um] [31.25um:38.75um] 7.5um ------->
        <event:00002596 0:1708.99:5.5um> &<id:971427 Vertical n(16) Metal3 [22.5um 60.5um] [22.5um 65.5um] 0.29um rpD:1 bl:0 ------CG----W---------bb-- [60.25um:65.75um] [60.25um:65.75um] 5.5um ------->
        <event:00002597 0:1708.99:5.5um> &<id:971298 Vertical abc_1402_new_n225 Metal3 [31.5um 21um] [31.5um 25um] 0.29um rpD:1 bl:0 ------CG----W---------bb-- [20.75um:25.25um] [19.75um:25.25um] 5.5um ------->
        <event:00002598 0:1708.99:5.5um> &<id:971912 Vertical abc_1402_new_n207 Metal3 [41um 44um] [41um 49um] 0.29um rpD:1 bl:0 ------CG----W---------bb-- [43.75um:49.25um] [43.75um:49.25um] 5.5um ------->
        <event:00002599 0:1708.99:6.5um> &<id:971020 Vertical abc_1402_new_n161 Metal3 [41.5um 43.5um] [41.5um 48um] 0.29um rpD:1 bl:0 -----UCG----W---------bb-- [43.25um:48.25um] [43.25um:49.75um] 6.5um ------->
        <event:00002600 0:1708.99:5.5um> &<id:970766 Vertical n(6) Metal3 [44um 49um] [44um 54um] 0.29um rpD:1 bl:0 ------CG----W---------bb-- [48.75um:54.25um] [48.75um:54.25um] 5.5um ------->
        <event:00002601 0:1708.99:5.5um> &<id:972006 Vertical n(23) Metal3 [45um 37.5um] [45um 42.5um] 0.29um rpD:1 bl:0 ------CG----W---------bb-- [37.25um:42.75um] [37.25um:42.75um] 5.5um ------->
        <event:00002602 0:1708.99:6um> &<id:971290 Vertical abc_1402_new_n204 Metal3 [45um 44um] [45um 47.5um] 0.29um rpD:1 bl:0 ------CG----W---------bb-- [43.75um:47.75um] [43.75um:49.75um] 6um ------->
        <event:00002603 0:1708.99:5.5um> &<id:971207 Vertical abc_1402_new_n145 Metal3 [46um 3.5um] [46um 6um] 0.29um rpD:1 bl:0 ------CG----W---------bb-- [3.25um:6.25um] [3.25um:8.75um] 5.5um ------->
        <event:00002604 0:1708.99:5.5um> &<id:972004 Vertical n(23) Metal3 [49um 32.5um] [49um 37.5um] 0.29um rpD:1 bl:0 -----UCG----W---------bb-- [32.25um:37.75um] [32.25um:37.75um] 5.5um ------->
        <event:00002605 0:1708.99:8um> &<id:971029 Vertical abc_1402_new_n137 Metal3 [50.5um 25.5um] [50.5um 33um] 0.29um rpD:1 bl:0 ------CG----W---------bb-- [25.25um:33.25um] [25.25um:33.25um] 8um ------->
        <event:00002606 0:1708.99:6.5um> &<id:970721 Vertical clk_root_1 Metal3 [50.5um 31.5um] [50.5um 36.5um] 0.29um rpD:1 bl:0 ------CG----W---------bb-- [31.25um:36.75um] [30.25um:36.75um] 6.5um ------->
        <event:00002607 0:1708.99:5.5um> &<id:972033 Vertical n(14) Metal3 [55um 55.5um] [55um 60.5um] 0.29um rpD:1 bl:0 ------CG----W---------bb-- [55.25um:60.75um] [55.25um:60.75um] 5.5um ------->
        <event:00002608 0:1708.99:7.5um> &<id:970722 Vertical clk_root_1 Metal3 [61um 31.5um] [61um 38.5um] 0.29um rpD:1 bl:0 ------CG----W---------bb-- [31.25um:38.75um] [31.25um:38.75um] 7.5um ------->
        <event:00002609 0:1708.99:5.5um> &<id:970653 Vertical init Metal3 [64.5um 4um] [64.5um 9um] 0.29um rpD:1 bl:0 -----UCG----W---------bb-- [3.75um:9.25um] [3.75um:9.25um] 5.5um ------->
        <event:00002610 0:1708.99:5.5um> &<id:970728 Vertical clk_root_1 Metal3 [65.5um 54.5um] [65.5um 59.5um] 0.29um rpD:1 bl:0 ------CG----W---------bb-- [54.25um:59.75um] [54.25um:59.75um] 5.5um ------->
        <event:00002611 0:1708.99:7.5um> &<id:971855 Vertical outputs(1) Metal3 [73.5um 1um] [73.5um 8um] 0.29um rpD:1 bl:0 ------CG----W---------bb-- [0.75um:8.25um] [0.75um:8.25um] 7.5um ------->
        <event:00002612 0:1708.99:5um> &<id:971457 Vertical outputs(2) Metal3 [79um 14.5um] [79um 19um] 0.29um rpD:1 bl:0 ------CG----W---------bb-- [14.25um:19.25um] [14.25um:19.25um] 5um ------->
        <event:00002613 0:1557.21:5um> &<id:970890 Vertical clk_root_0 Metal3 [3um 15.5um] [3um 20um] 0.29um rpD:1 bl:0 -----UCG----W---------bb-- [15.25um:20.25um] [15.25um:20.25um] 5um ------->
        <event:00002614 0:1557.21:5um> &<id:970797 Vertical clk_root_2 Metal3 [3um 44.5um] [3um 46.5um] 0.29um rpD:1 bl:0 ------CG----W---------bb-- [44.25um:46.75um] [44.25um:49.25um] 5um ------->
        <event:00002615 0:1557.21:5um> &<id:971270 Vertical abc_1402_auto_rtlil_cc_2739_MuxGate_1357 Metal3 [3um 61um] [3um 65.5um] 0.29um rpD:1 bl:0 -----UCG----W---------bb-- [60.75um:65.75um] [60.75um:65.75um] 5um ------->
        <event:00002616 0:1557.21:5um> &<id:971056 Vertical abc_1402_auto_rtlil_cc_2739_MuxGate_1363 Metal3 [3.5um 49.5um] [3.5um 54um] 0.29um rpD:1 bl:0 -----UCG----W---------bb-- [49.25um:54.25um] [49.25um:54.25um] 5um ------->
        <event:00002617 0:1557.21:7um> &<id:972474 Vertical abc_1402_auto_rtlil_cc_2739_MuxGate_1375 Metal3 [4.5um 36um] [4.5um 42.5um] 0.29um rpD:1 bl:0 ------CG----W---------bb-- [35.75um:42.75um] [35.75um:42.75um] 7um ------->
        <event:00002618 0:1557.21:5um> &<id:972302 Vertical abc_1402_new_n149 Metal3 [9.5um 15.5um] [9.5um 20um] 0.29um rpD:1 bl:0 ------CG----W---------bb-- [15.25um:20.25um] [15.25um:20.25um] 5um ------->
        <event:00002619 0:1557.21:7.5um> &<id:972366 Vertical abc_1402_new_n184 Metal3 [9.5um 54.5um] [9.5um 61.5um] 0.29um rpD:1 bl:0 -----UCG----W---------bb-- [54.25um:61.75um] [54.25um:61.75um] 7.5um ------->
        <event:00002620 0:1557.21:5um> &<id:971576 Vertical abc_1402_auto_rtlil_cc_2739_MuxGate_1355 Metal3 [9.5um 61um] [9.5um 65.5um] 0.29um rpD:1 bl:0 -----UCG----W---------bb-- [60.75um:65.75um] [60.75um:65.75um] 5um ------->
        <event:00002621 0:1557.21:5um> &<id:971627 Vertical n(18) Metal3 [11.5um 55um] [11.5um 59.5um] 0.29um rpD:1 bl:0 ------CG----W---------bb-- [54.75um:59.75um] [54.75um:59.75um] 5um ------->
        <event:00002622 0:1557.21:5um> &<id:971484 Vertical abc_1402_new_n217 Metal3 [20.5um 38.5um] [20.5um 41.5um] 0.29um rpD:1 bl:0 ------CG----W---------bb-- [38.25um:41.75um] [38.25um:43.25um] 5um ------->
        <event:00002623 0:1557.21:5um> &<id:970895 Vertical clk_root_0 Metal3 [24um 10um] [24um 12um] 0.29um rpD:1 bl:0 ------CG----W---------bb-- [9.75um:12.25um] [9.75um:14.75um] 5um ------->
        <event:00002624 0:1557.21:5um> &<id:971582 Vertical abc_1402_auto_rtlil_cc_2739_MuxGate_1353 Metal3 [25um 61um] [25um 65.5um] 0.29um rpD:1 bl:0 ------CG----W---------bb-- [60.75um:65.75um] [60.75um:65.75um] 5um ------->
        <event:00002625 0:1557.21:4.5um> &<id:971559 Vertical n(19) Metal3 [40.5um 61um] [40.5um 65um] 0.29um rpD:1 bl:0 ------CG----W---------bb-- [60.75um:65.25um] [60.75um:65.25um] 4.5um ------->
        <event:00002626 0:1557.21:6.5um> &<id:971508 Vertical abc_1402_new_n141 Metal3 [45um 15.5um] [45um 19um] 0.29um rpD:1 bl:0 ------CG----W---------bb-- [15.25um:19.25um] [15.25um:21.75um] 6.5um ------->
        <event:00002627 0:1557.21:7.5um> &<id:972328 Vertical abc_1402_auto_rtlil_cc_2739_MuxGate_1367 Metal3 [61um 38um] [61um 45um] 0.29um rpD:1 bl:0 ------CG----W---------bb-- [37.75um:45.25um] [37.75um:45.25um] 7.5um ------->
        <event:00002628 0:1557.21:5.5um> &<id:970720 Vertical clk_root_1 Metal3 [67um 26.5um] [67um 31.5um] 0.29um rpD:1 bl:0 ------CG----W---------bb-- [26.25um:31.75um] [26.25um:31.75um] 5.5um ------->
        <event:00002629 0:1557.21:3.5um> &<id:971868 Vertical n(9) Metal3 [67um 38.5um] [67um 41.5um] 0.29um rpD:1 bl:0 ------CG----W---------bb-- [38.25um:41.75um] [38.25um:41.75um] 3.5um ------->
        <event:00002630 0:1557.21:5um> &<id:971131 Vertical abc_1402_auto_rtlil_cc_2739_MuxGate_1341 Metal3 [71.5um 38um] [71.5um 42.5um] 0.29um rpD:1 bl:0 -----UCG----W---------bb-- [37.75um:42.75um] [37.75um:42.75um] 5um ------->
        <event:00002631 0:1557.21:5um> &<id:970709 Vertical clk_root_1 Metal3 [76um 4um] [76um 8.5um] 0.29um rpD:1 bl:0 ------CG----W---------bb-- [3.75um:8.75um] [3.75um:8.75um] 5um ------->
        <event:00002632 0:1557.21:5um> &<id:972501 Vertical abc_1402_new_n178 Metal3 [78um 55um] [78um 59.5um] 0.29um rpD:1 bl:0 -----UCG----W---------bb-- [54.75um:59.75um] [54.75um:59.75um] 5um ------->
        <event:00002633 0:1405.44:4.5um> &<id:972243 Vertical n(26) Metal3 [9.5um 38um] [9.5um 42um] 0.29um rpD:1 bl:0 -----UCG----W---------bb-- [37.75um:42.25um] [37.75um:42.25um] 4.5um ------->
        <event:00002634 0:1405.44:4.5um> &<id:971071 Vertical abc_1402_auto_rtlil_cc_2739_MuxGate_1331 Metal3 [15.5um 21um] [15.5um 25um] 0.29um rpD:1 bl:0 -----UCG----W---------bb-- [20.75um:25.25um] [20.75um:25.25um] 4.5um ------->
        <event:00002635 0:1405.44:4.5um> &<id:972622 Vertical abc_1402_auto_rtlil_cc_2739_MuxGate_1373 Metal3 [16um 38um] [16um 42um] 0.29um rpD:1 bl:0 ------CG----W---------tb-- [37.75um:42.25um] [37.75um:42.25um] 4.5um ------->
        <event:00002636 0:1405.44:5um> &<id:970803 Vertical clk_root_2 Metal3 [23um 38.5um] [23um 43um] 0.29um rpD:1 bl:0 ------CG----W---------tb-- [38.25um:43.25um] [38.25um:43.25um] 5um ------->
        <event:00002637 0:1405.44:4um> &<id:971310 Vertical abc_1402_auto_rtlil_cc_2739_MuxGate_1369 Metal3 [30um 45um] [30um 48.5um] 0.29um rpD:1 bl:0 ------CG----W---------bb-- [44.75um:48.75um] [44.75um:48.75um] 4um ------->
        <event:00002638 0:1405.44:4.5um> &<id:971262 Vertical n(1) Metal3 [31.5um 10um] [31.5um 14um] 0.29um rpD:1 bl:0 -----UCG----W---------bb-- [9.75um:14.25um] [9.75um:14.25um] 4.5um ------->
        <event:00002639 0:1405.44:4.5um> &<id:971894 Vertical abc_1402_auto_rtlil_cc_2739_MuxGate_1383 Metal3 [38.5um 21.5um] [38.5um 25.5um] 0.29um rpD:1 bl:0 ------CG----W---------bb-- [21.25um:25.75um] [21.25um:25.75um] 4.5um ------->
        <event:00002640 0:1405.44:6.5um> &<id:972087 Vertical abc_1402_new_n202 Metal3 [41.5um 54um] [41.5um 60um] 0.29um rpD:1 bl:0 ------CG----W---------bb-- [53.75um:60.25um] [53.75um:60.25um] 6.5um ------->
        <event:00002641 0:1405.44:4.5um> &<id:971162 Vertical abc_1402_new_n230 Metal3 [44um 4um] [44um 8um] 0.29um rpD:1 bl:0 -----UCG----W---------bb-- [3.75um:8.25um] [3.75um:8.25um] 4.5um ------->
        <event:00002642 0:1405.44:7um> &<id:971900 Vertical abc_1402_new_n140 Metal3 [48um 20.5um] [48um 27um] 0.29um rpD:1 bl:0 -----UCG----W---------bb-- [20.25um:27.25um] [20.25um:27.25um] 7um ------->
        <event:00002643 0:1405.44:4.5um> &<id:971126 Vertical abc_1402_auto_rtlil_cc_2739_MuxGate_1389 Metal3 [50um 3.5um] [50um 7.5um] 0.29um rpD:1 bl:0 -----UCG----W---------bb-- [3.25um:7.75um] [3.25um:7.75um] 4.5um ------->
        <event:00002644 0:1405.44:4.5um> &<id:971887 Vertical n(25) Metal3 [54.5um 32.5um] [54.5um 36.5um] 0.29um rpD:1 bl:0 -----UCG----W---------bb-- [32.25um:36.75um] [32.25um:36.75um] 4.5um ------->
        <event:00002645 0:1405.44:4.5um> &<id:971147 Vertical abc_1402_auto_rtlil_cc_2739_MuxGate_1391 Metal3 [58.5um 3.5um] [58.5um 7.5um] 0.29um rpD:1 bl:0 -----UCG----W---------bb-- [3.25um:7.75um] [3.25um:7.75um] 4.5um ------->
        <event:00002646 0:1405.44:4um> &<id:972376 Vertical abc_1402_new_n250 Metal3 [67um 16um] [67um 19.5um] 0.29um rpD:1 bl:0 ------CG----W---------bb-- [15.75um:19.75um] [15.75um:19.75um] 4um ------->
        <event:00002647 0:1405.44:4.5um> &<id:971061 Vertical abc_1402_auto_rtlil_cc_2739_MuxGate_1393 Metal3 [71.5um 21.5um] [71.5um 25.5um] 0.29um rpD:1 bl:0 -----UCG----W---------bb-- [21.25um:25.75um] [21.25um:25.75um] 4.5um ------->
        <event:00002648 0:1405.44:4.5um> &<id:971477 Vertical one_0 Metal3 [80um 4um] [80um 8um] 0.29um rpD:1 bl:0 -----UCG----W---------bb-- [3.75um:8.25um] [3.75um:8.25um] 4.5um ------->
        <event:00002649 0:1253.66:4um> &<id:971304 Vertical abc_1402_new_n151 Metal3 [2um 21.5um] [2um 25um] 0.29um rpD:1 bl:0 -----UCG----W---------bb-- [21.25um:25.25um] [21.25um:25.25um] 4um ------->
        <event:00002650 0:1253.66:4.5um> &<id:971968 Vertical n(3) Metal3 [3um 21um] [3um 25um] 0.29um rpD:1 bl:0 -----UCG----W---------bb-- [20.75um:25.25um] [20.75um:25.25um] 4.5um ------->
        <event:00002651 0:1253.66:4.5um> &<id:971116 Vertical abc_1402_new_n123 Metal3 [3um 21.5um] [3um 25.5um] 0.29um rpD:1 bl:0 -----UCG----W---------bb-- [21.25um:25.75um] [21.25um:25.75um] 4.5um ------->
        <event:00002652 0:1253.66:5.5um> &<id:972250 Vertical abc_1402_new_n154 Metal3 [16um 22um] [16um 27um] 0.29um rpD:1 bl:0 ------CG----W---------bb-- [21.75um:27.25um] [21.75um:27.25um] 5.5um ------->
        <event:00002653 0:1253.66:7um> &<id:972321 Vertical abc_1402_new_n156 Metal3 [18.5um 18.5um] [18.5um 25um] 0.29um rpD:1 bl:0 ------CG----W---------bb-- [18.25um:25.25um] [18.25um:25.25um] 7um ------->
        <event:00002654 0:1253.66:4um> &<id:971111 Vertical abc_1402_new_n99 Metal3 [21um 33um] [21um 36.5um] 0.29um rpD:1 bl:0 -----UCG----W---------bb-- [32.75um:36.75um] [32.75um:36.75um] 4um ------->
        <event:00002655 0:1253.66:5um> &<id:972130 Vertical abc_1402_auto_rtlil_cc_2739_MuxGate_1365 Metal3 [22.5um 55.5um] [22.5um 60um] 0.29um rpD:1 bl:0 ------CG----W---------tb-- [55.25um:60.25um] [55.25um:60.25um] 5um ------->
        <event:00002656 0:1253.66:4um> &<id:971106 Vertical abc_1402_new_n98 Metal3 [24.5um 27um] [24.5um 30.5um] 0.29um rpD:1 bl:0 -----UCG----W---------bb-- [26.75um:30.75um] [26.75um:30.75um] 4um ------->
        <event:00002657 0:1253.66:7.5um> &<id:972425 Vertical abc_1402_auto_rtlil_cc_2739_MuxGate_1385 Metal3 [25um 15um] [25um 22um] 0.29um rpD:1 bl:0 ------CG----W---------bb-- [14.75um:22.25um] [14.75um:22.25um] 7.5um ------->
        <event:00002658 0:1253.66:3.5um> &<id:972398 Vertical abc_1402_new_n208 Metal3 [29um 50.5um] [29um 53.5um] 0.29um rpD:1 bl:0 ------CG----W---------bb-- [50.25um:53.75um] [50.25um:53.75um] 3.5um ------->
        <event:00002659 0:1253.66:4um> &<id:971344 Vertical abc_1402_new_n97 Metal3 [29.5um 33um] [29.5um 36.5um] 0.29um rpD:1 bl:0 -----UCG----W---------bb-- [32.75um:36.75um] [32.75um:36.75um] 4um ------->
        <event:00002660 0:1253.66:4.5um> &<id:972439 Vertical abc_1402_new_n103 Metal3 [35um 38um] [35um 42um] 0.29um rpD:1 bl:0 ------CG----W---------bb-- [37.75um:42.25um] [37.75um:42.25um] 4.5um ------->
        <event:00002661 0:1253.66:6.5um> &<id:972467 Vertical abc_1402_new_n158 Metal3 [41um 13um] [41um 19um] 0.29um rpD:1 bl:0 ------CG----W---------bb-- [12.75um:19.25um] [12.75um:19.25um] 6.5um ------->
        <event:00002662 0:1253.66:8um> &<id:972202 Vertical abc_1402_new_n102 Metal3 [41.5um 37um] [41.5um 44.5um] 0.29um rpD:1 bl:0 ------CG----W---------bb-- [36.75um:44.75um] [36.75um:44.75um] 8um ------->
        <event:00002663 0:1253.66:3.5um> &<id:971985 Vertical abc_1402_new_n142 Metal3 [54um 16um] [54um 19um] 0.29um rpD:1 bl:0 ------CG----W---------bb-- [15.75um:19.25um] [15.75um:19.25um] 3.5um ------->
        <event:00002664 0:1253.66:4um> &<id:972615 Vertical outputs(5) Metal3 [59.5um 10um] [59.5um 13.5um] 0.29um rpD:1 bl:0 -----UCG----W---------bb-- [9.75um:13.75um] [9.75um:13.75um] 4um ------->
        <event:00002665 0:1253.66:4.5um> &<id:971905 Vertical abc_1402_new_n251 Metal3 [61um 21um] [61um 25um] 0.29um rpD:1 bl:0 -----UCG----W---------bb-- [20.75um:25.25um] [20.75um:25.25um] 4.5um ------->
        <event:00002666 0:1253.66:4.5um> &<id:970758 Vertical n(6) Metal3 [61um 42.5um] [61um 46.5um] 0.29um rpD:1 bl:0 ------CG----W---------bb-- [42.25um:46.75um] [42.25um:46.75um] 4.5um ------->
        <event:00002667 0:1253.66:4.5um> &<id:971734 Vertical abc_1402_new_n110 Metal3 [61um 55.5um] [61um 59.5um] 0.29um rpD:1 bl:0 -----UCG----W---------bb-- [55.25um:59.75um] [55.25um:59.75um] 4.5um ------->
        <event:00002668 0:1253.66:4um> &<id:971316 Vertical abc_1402_new_n243 Metal3 [68.5um 21.5um] [68.5um 25um] 0.29um rpD:1 bl:0 -----UCG----W---------bb-- [21.25um:25.25um] [21.25um:25.25um] 4um ------->
        <event:00002669 0:1253.66:4um> &<id:972356 Vertical abc_1402_auto_rtlil_cc_2739_MuxGate_1347 Metal3 [70um 55.5um] [70um 59um] 0.29um rpD:1 bl:0 ------CG----W---------bb-- [55.25um:59.25um] [55.25um:59.25um] 4um ------->
        <event:00002670 0:1253.66:4um> &<id:971871 Vertical n(9) Metal3 [79.5um 38.5um] [79.5um 42um] 0.29um rpD:1 bl:0 -----UCG----W---------bb-- [38.25um:42.25um] [38.25um:42.25um] 4um ------->
        <event:00002671 0:1253.66:4um> &<id:971167 Vertical abc_1402_new_n175 Metal3 [81um 61.5um] [81um 65um] 0.29um rpD:1 bl:0 -----UCG----W---------bb-- [61.25um:65.25um] [61.25um:65.25um] 4um ------->
        <event:00002672 0:1101.89:6.5um> &<id:971978 Vertical abc_1402_new_n186 Metal3 [9um 56um] [9um 62um] 0.29um rpD:1 bl:0 ------CG----W---------bb-- [55.75um:62.25um] [55.75um:62.25um] 6.5um ------->
        <event:00002673 0:1101.89:3.5um> &<id:971798 Vertical abc_1402_new_n189 Metal3 [20.5um 62um] [20.5um 65um] 0.29um rpD:1 bl:0 ------CG----W---------bb-- [61.75um:65.25um] [61.75um:65.25um] 3.5um ------->
        <event:00002674 0:1101.89:6.5um> &<id:972453 Vertical abc_1402_new_n109 Metal3 [22.5um 59um] [22.5um 65um] 0.29um rpD:1 bl:0 ------CG----W---------bb-- [58.75um:65.25um] [58.75um:65.25um] 6.5um ------->
        <event:00002675 0:1101.89:3.5um> &<id:971236 Vertical n(27) Metal3 [32.5um 34um] [32.5um 37um] 0.29um rpD:1 bl:0 ------CG----W---------bb-- [33.75um:37.25um] [33.75um:37.25um] 3.5um ------->
        <event:00002676 0:1101.89:4um> &<id:971601 Vertical n(17) Metal3 [35um 57um] [35um 60.5um] 0.29um rpD:1 bl:0 ------CG----W---------bb-- [56.75um:60.75um] [56.75um:60.75um] 4um ------->
        <event:00002677 0:1101.89:3.5um> &<id:975514 Vertical abc_1402_new_n170 Metal3 [63.5um 46.5um] [63.5um 49.5um] 0.29um rpD:1 bl:0 ------C-----W-AS------bb-- [46.25um:49.75um] [46.25um:49.75um] 3.5um --S--st>
        <event:00002678 0:950.112:1.5um> &<id:972612 Vertical outputs(5) Metal3 [3um 11um] [3um 12um] 0.29um rpD:1 bl:0 -----UCG----W---------bb-- [10.75um:12.25um] [10.75um:12.25um] 1.5um ------->
        <event:00002679 0:950.112:3um> &<id:971971 Vertical n(3) Metal3 [26um 22.5um] [26um 25um] 0.29um rpD:1 bl:0 ------CG----W---------bb-- [22.25um:25.25um] [22.25um:25.25um] 3um ------->
        <event:00002680 0:950.112:3um> &<id:975518 Vertical abc_1402_new_n170 Metal3 [72um 46.5um] [72um 49um] 0.29um rpD:1 bl:0 ------C-----W-AS------bb-- [46.25um:49.25um] [46.25um:49.25um] 3um --S--st>
        <event:00002681 0:912.302:4.5um> &<id:972866 Vertical outputs(4) Metal3 [85um 29um] [85um 33um] 0.29um rpD:1 bl:0 ------C-----W---------bb-- [28.75um:33.25um] [28.75um:33.25um] 4.5um ------->
        <event:00002682 0:813.781:4um> &<id:971452 Vertical outputs(2) Metal3 [84.5um 11um] [84.5um 14.5um] 0.29um rpD:1 bl:0 ------CG----W---------bb-- [10.75um:14.75um] [10.75um:14.75um] 4um ------->
        <event:00002683 0:798.337:4um> &<id:971422 Vertical n(16) Metal3 [11um 54.5um] [11um 58um] 0.29um rpD:1 bl:0 ------CG----W---------bb-- [54.25um:58.25um] [54.25um:58.25um] 4um ------->
        <event:00002684 0:798.337:2.5um> &<id:975486 Vertical abc_1402_new_n210 Metal3 [33.5um 32um] [33.5um 34um] 0.29um rpD:1 bl:0 ------C-----W-AS------bb-- [31.75um:34.25um] [31.75um:34.25um] 2.5um --S--st>
        <event:00002685 0:646.562:2um> &<id:975374 Vertical n(18) Metal3 [20um 49.5um] [20um 51um] 0.29um rpD:1 bl:0 ------C-----W-AS------bb-- [49.25um:51.25um] [49.25um:51.25um] 2um --S--st>
        <event:00002686 0:646.562:2um> &<id:975358 Vertical n(1) Metal3 [32.5um 12.5um] [32.5um 14um] 0.29um rpD:1 bl:0 ------C-----W-AS------bb-- [12.25um:14.25um] [12.25um:14.25um] 2um --S--st>
        <event:00002687 0:646.562:2um> &<id:975362 Vertical n(1) Metal3 [39um 12.5um] [39um 14um] 0.29um rpD:1 bl:0 ------C-----W-AS------bb-- [12.25um:14.25um] [12.25um:14.25um] 2um --S--st>
        <event:00002688 0:646.562:2um> &<id:975352 Vertical abc_1402_new_n143 Metal3 [65.5um 12.5um] [65.5um 14um] 0.29um rpD:1 bl:0 ------C-----W-AS------bb-- [12.25um:14.25um] [12.25um:14.25um] 2um --S--st>
        <event:00002689 0:494.787:1.5um> &<id:975402 Vertical n(24) Metal3 [37um 29.5um] [37um 30.5um] 0.29um rpD:1 bl:0 ------C-----W-AS------bb-- [29.25um:30.75um] [29.25um:30.75um] 1.5um --S--st>
        <event:00002690 0:419.698:2um> &<id:972764 Vertical outputs(3) Metal3 [85um 20.5um] [85um 22um] 0.29um rpD:1 bl:0 -----UC-----W---------bb-- [20.25um:22.25um] [20.25um:22.25um] 2um ------->
        <event:00002691 0:5958.69:20um> &<id:970885 Horizontal clk_root_0 Metal2 [15.5um 29um] [35um 29um] 0.29um rpD:2 bl:0 ------CG-----w--------tt-- [15.25um:35.25um] [15.25um:35.25um] 20um ------->
        <event:00002692 0:5351.59:17.5um> &<id:972587 Horizontal abc_1402_new_n129 Metal2 [38um 33.5um] [55um 33.5um] 0.29um rpD:2 bl:0 ------CG-----w-S------tt-- [37.75um:55.25um] [37.75um:55.25um] 17.5um --S---t>
        <event:00002693 0:4744.49:15.5um> &<id:972345 Horizontal outputs(4) Metal2 [70um 29um] [85um 29um] 0.29um rpD:2 bl:0 ------CG-----w--------tt-- [69.75um:85.25um] [69.75um:85.25um] 15.5um ------->
        <event:00002694 0:4289.17:14um> &<id:970801 Horizontal clk_root_2 Metal2 [9.5um 40um] [23um 40um] 0.29um rpD:2 bl:0 ------CG-----w--------tt-- [9.25um:23.25um] [9.25um:23.25um] 14um ------->
        <event:00002695 0:4289.17:12.5um> &<id:970843 Horizontal abc_1402_new_n160 Metal2 [47.5um 45.5um] [59.5um 45.5um] 0.29um rpD:2 bl:0 ------CG-----w--------tt-- [47.25um:59.75um] [47.25um:59.75um] 12.5um ------->
        <event:00002696 0:3833.84:12.5um> &<id:971599 Horizontal n(17) Metal2 [10.5um 57um] [22.5um 57um] 0.29um rpD:2 bl:0 ------CG-----w--------tt-- [10.25um:22.75um] [10.25um:22.75um] 12.5um ------->
        <event:00002697 0:3378.51:10.5um> &<id:972101 Horizontal abc_1402_new_n219 Metal2 [19um 31.5um] [29um 31.5um] 0.29um rpD:2 bl:0 ------CG-----w--------tt-- [18.75um:29.25um] [18.75um:29.25um] 10.5um ------->
        <event:00002698 0:3226.74:11um> &<id:972419 Horizontal mem_inputs(5) Metal2 [63.5um 8.5um] [74um 8.5um] 0.29um rpD:2 bl:0 ------CG-----w--------tt-- [63.25um:74.25um] [63.25um:74.25um] 11um ------->
        <event:00002699 0:2923.19:10.5um> &<id:971602 Horizontal n(17) Metal2 [26um 57um] [36um 57um] 0.29um rpD:2 bl:0 ------CG-----w--------tt-- [25.75um:36.25um] [25.75um:36.25um] 10.5um ------->
        <event:00002700 0:2771.41:11um> &<id:971208 Horizontal abc_1402_new_n145 Metal2 [45.5um 6um] [56um 6um] 0.29um rpD:2 bl:0 ------CG-----w--------tt-- [45.25um:56.25um] [45.25um:56.25um] 11um ------->
        <event:00002701 0:2771.41:7.5um> &<id:970718 Horizontal clk_root_1 Metal2 [61um 31.5um] [68um 31.5um] 0.29um rpD:2 bl:0 ------CG-----w--------tt-- [60.75um:68.25um] [60.75um:68.25um] 7.5um ------->
        <event:00002702 0:2619.64:9um> &<id:970896 Horizontal clk_root_0 Metal2 [15.5um 12um] [24um 12um] 0.29um rpD:2 bl:0 ------CG-----w--------tt-- [15.25um:24.25um] [15.25um:24.25um] 9um ------->
        <event:00002703 0:2619.64:10.5um> &<id:971395 Horizontal abc_1402_new_n144 Metal2 [40.5um 12um] [50.5um 12um] 0.29um rpD:2 bl:0 ------CG-----w--------tt-- [40.25um:50.75um] [40.25um:50.75um] 10.5um ------->
        <event:00002704 0:2619.64:9um> &<id:972550 Horizontal outputs(6) Metal2 [49.5um 14.5um] [58um 14.5um] 0.29um rpD:2 bl:0 ------CG-----w--------tt-- [49.25um:58.25um] [49.25um:58.25um] 9um ------->
        <event:00002705 0:2619.64:11um> &<id:972029 Horizontal n(14) Metal2 [26.5um 52um] [37um 52um] 0.29um rpD:2 bl:0 ------CG-----w--------tt-- [26.25um:37.25um] [26.25um:37.25um] 11um ------->
        <event:00002706 0:2619.64:13.5um> &<id:971626 Horizontal n(18) Metal2 [28um 54.5um] [41um 54.5um] 0.29um rpD:2 bl:0 ------CG-----w--------tt-- [27.75um:41.25um] [27.75um:41.25um] 13.5um ------->
        <event:00002707 0:2467.86:11um> &<id:970997 Horizontal n(7) Metal2 [58um 46.5um] [68.5um 46.5um] 0.29um rpD:2 bl:0 ------CG-----w--------tt-- [57.75um:68.75um] [57.75um:68.75um] 11um ------->
        <event:00002708 0:2316.09:7.5um> &<id:971915 Horizontal abc_1402_new_n207 Metal2 [41um 49um] [48um 49um] 0.29um rpD:2 bl:0 ------CG-----w--------tt-- [40.75um:48.25um] [40.75um:48.25um] 7.5um ------->
        <event:00002709 0:2164.31:6um> &<id:970657 Horizontal init Metal2 [49um 11um] [54.5um 11um] 0.29um rpD:2 bl:0 ------CG-----w--------tt-- [48.75um:54.75um] [48.75um:54.75um] 6um ------->
        <event:00002710 0:2164.31:8um> &<id:972310 Horizontal abc_1402_new_n149 Metal2 [2um 20um] [9.5um 20um] 0.29um rpD:2 bl:0 ------CG-----w--------tt-- [1.75um:9.75um] [1.75um:9.75um] 8um ------->
        <event:00002711 0:2164.31:6um> &<id:970719 Horizontal clk_root_1 Metal2 [55.5um 34um] [61um 34um] 0.29um rpD:2 bl:0 ------CG-----w--------tt-- [55.25um:61.25um] [55.25um:61.25um] 6um ------->
        <event:00002712 0:2164.31:7um> &<id:970798 Horizontal clk_root_2 Metal2 [3um 46.5um] [9.5um 46.5um] 0.29um rpD:2 bl:0 ------CG-----w--------tt-- [2.75um:9.75um] [2.75um:9.75um] 7um ------->
        <event:00002713 0:2164.31:8um> &<id:971420 Horizontal n(16) Metal2 [15.5um 60.5um] [23um 60.5um] 0.29um rpD:2 bl:0 ------CG-----w--------tt-- [15.25um:23.25um] [15.25um:23.25um] 8um ------->
        <event:00002714 0:2012.54:7.5um> &<id:970656 Horizontal init Metal2 [42um 11um] [49um 11um] 0.29um rpD:2 bl:0 ------CG-----w--------tt-- [41.75um:49.25um] [41.75um:49.25um] 7.5um ------->
        <event:00002715 0:2012.54:6um> &<id:970762 Horizontal n(6) Metal2 [59um 46.5um] [64.5um 46.5um] 0.29um rpD:2 bl:0 ------CG-----w--------tt-- [58.75um:64.75um] [58.75um:64.75um] 6um ------->
        <event:00002716 0:2012.54:6.5um> &<id:971556 Horizontal n(19) Metal2 [34um 57um] [40um 57um] 0.29um rpD:2 bl:0 ------CG-----w--------tt-- [33.75um:40.25um] [33.75um:40.25um] 6.5um ------->
        <event:00002717 4:2012.54:6.5um> &<id:971556 Horizontal n(19) Metal2 [34um 52.5um] [40um 52.5um] 0.29um rpD:2 bl:0 ------CG-----w--------tt-- [33.75um:40.25um] [33.75um:40.25um] 6.5um ------->
        <event:00002718 3:1101.89:3.5um> &<id:972497 Vertical abc_1402_new_n178 Metal3 [37.5um 49.5um] [37.5um 52.5um] 0.29um rpD:1 bl:0 -----UCG----W---------bb-- [49.25um:52.75um] [49.25um:52.75um] 3.5um ------->
        <event:00002719 0:3985.62:13um> &<id:972498 Horizontal abc_1402_new_n178 Metal2 [37.5um 52.5um] [50um 52.5um] 0.29um rpD:2 bl:0 ------CG-----w-S------tt-- [37.25um:50.25um] [37.25um:50.25um] 13um --S---t>
        <event:00002720 0:1860.76:6um> &<id:971454 Horizontal outputs(2) Metal2 [79um 14.5um] [84.5um 14.5um] 0.29um rpD:2 bl:0 ------CG-----w--------tt-- [78.75um:84.75um] [78.75um:84.75um] 6um ------->
        <event:00002721 0:1860.76:6um> &<id:971440 Horizontal n(4) Metal2 [22um 20um] [27.5um 20um] 0.29um rpD:2 bl:0 ------CG-----w--------tt-- [21.75um:27.75um] [21.75um:27.75um] 6um ------->
        <event:00002722 0:1708.99:5um> &<id:971423 Horizontal n(16) Metal2 [11um 58um] [15.5um 58um] 0.29um rpD:2 bl:0 ------CG-----w--------tt-- [10.75um:15.75um] [10.75um:15.75um] 5um ------->
        <event:00002723 0:1405.44:6um> &<id:970707 Horizontal clk_root_1 Metal2 [50um 31.5um] [55.5um 31.5um] 0.29um rpD:2 bl:0 ------CG-----w--------tt-- [49.75um:55.75um] [49.75um:55.75um] 6um ------->
        <event:00002724 0:1405.44:4.5um> &<id:971835 Horizontal abc_1402_new_n170 Metal2 [50.5um 51.5um] [54.5um 51.5um] 0.29um rpD:2 bl:0 ------CG-----w--------tt-- [50.25um:54.75um] [50.25um:54.75um] 4.5um ------->
        <event:00002725 0:1405.44:4.5um> &<id:971419 Horizontal n(16) Metal2 [23um 60.5um] [27um 60.5um] 0.29um rpD:2 bl:0 ------CG-----w--------tt-- [22.75um:27.25um] [22.75um:27.25um] 4.5um ------->
        <event:00002726 0:1253.66:6.5um> &<id:971972 Horizontal n(3) Metal2 [20.5um 22.5um] [26.5um 22.5um] 0.29um rpD:2 bl:0 ------CG-----w--------tt-- [20.25um:26.75um] [20.25um:26.75um] 6.5um ------->
        <event:00002727 0:1253.66:4um> &<id:971598 Horizontal n(17) Metal2 [22.5um 54.5um] [26um 54.5um] 0.29um rpD:2 bl:0 ------CG-----w--------tt-- [22.25um:26.25um] [22.25um:26.25um] 4um ------->
        <event:00002728 0:1253.66:4um> &<id:971649 Horizontal n(15) Metal2 [36um 63.5um] [39.5um 63.5um] 0.29um rpD:2 bl:0 ------CG-----w--------tt-- [35.75um:39.75um] [35.75um:39.75um] 4um ------->
        <event:00002729 0:1101.89:5.5um> &<id:971237 Horizontal n(27) Metal2 [27.5um 34um] [32.5um 34um] 0.29um rpD:2 bl:0 ------CG-----w--------tt-- [27.25um:32.75um] [27.25um:32.75um] 5.5um ------->
        <event:00002730 0:1101.89:4.5um> &<id:970842 Horizontal abc_1402_new_n160 Metal2 [43.5um 43um] [47.5um 43um] 0.29um rpD:2 bl:0 ------CG-----w--------tt-- [43.25um:47.75um] [43.25um:47.75um] 4.5um ------->
        <event:00002731 0:1101.89:3.5um> &<id:970763 Horizontal n(6) Metal2 [44um 49um] [47um 49um] 0.29um rpD:2 bl:0 ------CG-----w--------tt-- [43.75um:47.25um] [43.75um:47.25um] 3.5um ------->
        <event:00002732 0:798.337:1.5um> &<id:970711 Horizontal clk_root_1 Metal2 [76um 8.5um] [77um 8.5um] 0.29um rpD:2 bl:0 ------CG-----w--------tt-- [75.75um:77.25um] [75.75um:77.25um] 1.5um ------->
        <event:00002733 0:798.337:2.5um> &<id:972123 Horizontal n(13) Metal2 [82.5um 49um] [84.5um 49um] 0.29um rpD:2 bl:0 ------CG-----w--------tt-- [82.25um:84.75um] [82.25um:84.75um] 2.5um ------->
        <event:00002734 0:12029.7:42um> &<id:972664 Vertical inputs(1) Metal3 [38um 24.5um] [38um 66um] 0.29um rpD:2 bl:0 ------CG-----w--------bb-- [24.25um:66.25um] [24.25um:66.25um] 42um ------->
        <event:00002735 0:12029.7:39um> &<id:972629 Vertical inputs(3) Metal3 [64um 27.5um] [64um 66um] 0.29um rpD:2 bl:0 ------CG-----w--------bb-- [27.25um:66.25um] [27.25um:66.25um] 39um ------->
        <event:00002736 0:12029.7:39um> &<id:972657 Vertical inputs(4) Metal3 [77um 27.5um] [77um 66um] 0.29um rpD:2 bl:0 ------CG-----w--------bb-- [27.25um:66.25um] [27.25um:66.25um] 39um ------->
        <event:00002737 0:8842.42:31um> &<id:970799 Vertical clk_root_2 Metal3 [9.5um 40um] [9.5um 46.5um] 0.29um rpD:2 bl:0 ------CG-----w--------bb-- [39.75um:46.75um] [37.25um:68.25um] 31um ------->
        <event:00002738 0:3530.29:11.5um> &<id:972344 Vertical outputs(4) Metal3 [70um 20.5um] [70um 29um] 0.29um rpD:2 bl:0 ------CG-----w--------bb-- [20.25um:29.25um] [20.25um:31.75um] 11.5um ------->
        <event:00002739 0:2164.31:8um> &<id:971933 Vertical n(8) Metal3 [77um 43.5um] [77um 51um] 0.29um rpD:2 bl:0 ------CG-----w--------bb-- [43.25um:51.25um] [43.25um:51.25um] 8um ------->
        <event:00002740 0:2012.54:5um> &<id:970805 Vertical clk_root_2 Metal3 [22.5um 43um] [22.5um 47.5um] 0.29um rpD:2 bl:0 ------CG-----w--------bb-- [42.75um:47.75um] [42.75um:47.75um] 5um ------->
        <event:00002741 0:1860.76:6um> &<id:971439 Vertical n(4) Metal3 [22um 16um] [22um 18um] 0.29um rpD:2 bl:0 ------CG-----w--------bb-- [15.75um:18.25um] [14.25um:20.25um] 6um ------->
        <event:00002742 0:1860.76:8um> &<id:970888 Vertical clk_root_0 Metal3 [35um 26um] [35um 29um] 0.29um rpD:2 bl:0 ------CG-----w--------bb-- [25.75um:29.25um] [25.75um:33.75um] 8um ------->
        <event:00002743 0:950.112:3um> &<id:972683 Vertical inputs(0) Metal3 [16um 66um] [16um 68.5um] 0.29um rpD:2 bl:0 ------C------w--------bb-- [65.75um:68.75um] [65.75um:68.75um] 3um ------->
        <event:00002744 0:950.112:3um> &<id:972696 Vertical inputs(1) Metal3 [35um 66um] [35um 68.5um] 0.29um rpD:2 bl:0 ------C------w--------bb-- [65.75um:68.75um] [65.75um:68.75um] 3um ------->
        <event:00002745 0:950.112:3um> &<id:972709 Vertical inputs(2) Metal3 [48um 66um] [48um 68.5um] 0.29um rpD:2 bl:0 ------C------w--------bb-- [65.75um:68.75um] [65.75um:68.75um] 3um ------->
        <event:00002746 0:950.112:3um> &<id:972722 Vertical inputs(3) Metal3 [67um 66um] [67um 68.5um] 0.29um rpD:2 bl:0 ------C------w--------bb-- [65.75um:68.75um] [65.75um:68.75um] 3um ------->
        <event:00002747 0:950.112:3um> &<id:972735 Vertical inputs(4) Metal3 [80um 66um] [80um 68.5um] 0.29um rpD:2 bl:0 ------C------w--------bb-- [65.75um:68.75um] [65.75um:68.75um] 3um ------->
        <event:00002748 0:1101.89:0.71um> &<id:972698 Horizontal inputs(1) Metal2 [36.145um 66um] [36.645um 66um] 0.29um rpD:3 bl:0 ---a--C---------r-----tt-- [36.04um:36.75um] [36.04um:36.75um] 0.71um ------->
        <event:00002749 0:1101.89:2.5um> &<id:972724 Horizontal inputs(3) Metal2 [64um 66um] [66um 66um] 0.29um rpD:3 bl:0 ------C---------------tt-- [63.75um:66.25um] [63.75um:66.25um] 2.5um ------->
        <event:00002750 0:1101.89:0.71um> &<id:972737 Horizontal inputs(4) Metal2 [78.355um 66um] [78.855um 66um] 0.29um rpD:3 bl:0 ---a--C---------r-----tt-- [78.25um:78.96um] [78.25um:78.96um] 0.71um ------->
        <event:00002751 0:950.112:2.5um> &<id:972685 Horizontal inputs(0) Metal2 [16.5um 66um] [18.5um 66um] 0.29um rpD:3 bl:0 ------C---------------tt-- [16.25um:18.75um] [16.25um:18.75um] 2.5um ------->
        <event:00002752 0:950.112:2um> &<id:972711 Horizontal inputs(2) Metal2 [49.5um 66um] [51um 66um] 0.29um rpD:3 bl:0 ------C---------------tt-- [49.25um:51.25um] [49.25um:51.25um] 2um ------->
        <event:00002753 0:18859.6:60.5um> &<id:972671 Vertical inputs(0) Metal3 [18.5um 4um] [18.5um 64um] 0.29um rpD:4 bl:0 ------CG--------------tb-- [3.75um:64.25um] [3.75um:64.25um] 60.5um ------->
     o  Repair Stage.
        <repair.queue:00000000>
  o  Computing statistics.
     - Loaded Events ...................................................... 1275
     - Unique Events Total ................................................ 1371
     - Processeds Events Total ............................................ 2754
     - Event ripup ratio ............................................... 116.00%
     - Processeds Events in Metal2 ............................... 2227 (80.86%)
     - Processeds Events in Metal3 ................................ 502 (18.23%)
     - Processeds Events in Metal4 ................................. 25 ( 0.91%)
     - # of GCells ......................................................... 168
     - Track Segment Completion Ratio ............................ 100% [1375+0]
     - Wire Length Completion Ratio ............................ 100% [6271um+0]
     - Wire Length Expand Ratio ......................... 6.59% [min:5883.305um]
     - Metal1 WL usage ................................................... 0.98%
     - Metal2 WL usage .................................................. 27.69%
     - Metal3 WL usage .................................................. 20.76%
     - Metal4 WL usage ................................................... 3.70%
     - Metal5 WL usage ................................................... 0.00%
     - TopMetal1 WL usage ................................................ 0.00%
     - TopMetal2 WL usage ................................................ 0.00%
     - Normed Wire Length ................................................. 1089
     - Normed Wire Length / Net .............................................. 5
     - Moved up segments ........................................... 24 ( 1.54%)
     - Unrouted horizontals .......................................... 0.00% [0]
     - Unrouted verticals ............................................ 0.00% [0]
     - Done in ..................................................... 0.4s, 1.3Mb
     - Raw measurements ............................. 0.402651s, +1328Kb/562.6Mb
  o  Checking Katana Database coherency.
  o  Driving Hurricane data-base.
     - Active AutoSegments ................................................ 1551
     - Active AutoContacts ................................................ 1872
     - AutoSegments ....................................................... 1556
     - AutoContacts ....................................................... 1882
     - Same Layer doglegs .................................................... 6
     - Bloated straps (< minArea) ............................................ 0
  o  Deleting edges...
  o  Deleting GCells...
  o  Done.
     - Done in ..................................................... 0s, 0 bytes
     - Raw measurements ................................. 0.00393s, +0Kb/562.6Mb
  o  Deleting ToolEngine<Katana> from Cell <expmob2>
     - AutoContacts  := 0
     - AutoSegments  := 0
     - RoutingEvents := 0
  o  Deleting ToolEngine<Etesian> from Cell <expmob2>
  o  Clearing Coloquinte data-structures on <expmob2>
  o  Creating ToolEngine<Tramontana> for Cell <expmob2>
     - Initial memory .................................................. 562.6Mb
  o  Configuration of ToolEngine<Tramontana> for Cell <expmob2>
     - Merge supplies ..................................................... true
  o  Extracting &<id:966957 Cell expmob2>
     o  LVS summary for "and3_x1".
        - Power nets ......................................................... 1
        - Ground nets ........................................................ 1
        - Short circuits ..................................................... 0
        - Open circuits ...................................................... 0
     o  LVS summary for "and2_x1".
        - Power nets ......................................................... 1
        - Ground nets ........................................................ 1
        - Short circuits ..................................................... 0
        - Open circuits ...................................................... 0
     o  LVS summary for "and4_x1".
        - Power nets ......................................................... 1
        - Ground nets ........................................................ 1
        - Short circuits ..................................................... 0
        - Open circuits ...................................................... 0
     o  LVS summary for "nexor2_x0".
        - Power nets ......................................................... 1
        - Ground nets ........................................................ 1
        - Short circuits ..................................................... 0
        - Open circuits ...................................................... 0
     o  LVS summary for "nand4_x0".
        - Power nets ......................................................... 1
        - Ground nets ........................................................ 1
        - Short circuits ..................................................... 0
        - Open circuits ...................................................... 0
     o  LVS summary for "nand2_x0".
        - Power nets ......................................................... 1
        - Ground nets ........................................................ 1
        - Short circuits ..................................................... 0
        - Open circuits ...................................................... 0
     o  LVS summary for "inv_x0".
        - Power nets ......................................................... 1
        - Ground nets ........................................................ 1
        - Short circuits ..................................................... 0
        - Open circuits ...................................................... 0
     o  LVS summary for "nand3_x0".
        - Power nets ......................................................... 1
        - Ground nets ........................................................ 1
        - Short circuits ..................................................... 0
        - Open circuits ...................................................... 0
     o  LVS summary for "dff_x1".
        - Power nets ......................................................... 1
        - Ground nets ........................................................ 1
        - Short circuits ..................................................... 0
        - Open circuits ...................................................... 0
     o  LVS summary for "xor2_x0".
        - Power nets ......................................................... 1
        - Ground nets ........................................................ 1
        - Short circuits ..................................................... 0
        - Open circuits ...................................................... 0
     o  LVS summary for "nor4_x0".
        - Power nets ......................................................... 1
        - Ground nets ........................................................ 1
        - Short circuits ..................................................... 0
        - Open circuits ...................................................... 0
     o  LVS summary for "decap_w0".
        - Power nets ......................................................... 1
        - Ground nets ........................................................ 1
        - Short circuits ..................................................... 0
        - Open circuits ...................................................... 0
     o  LVS summary for "tie".
        - Power nets ......................................................... 1
        - Ground nets ........................................................ 1
        - Short circuits ..................................................... 0
        - Open circuits ...................................................... 0
     o  LVS summary for "and21nor_x0".
        - Power nets ......................................................... 1
        - Ground nets ........................................................ 1
        - Short circuits ..................................................... 0
        - Open circuits ...................................................... 0
     o  LVS summary for "or21nand_x0".
        - Power nets ......................................................... 1
        - Ground nets ........................................................ 1
        - Short circuits ..................................................... 0
        - Open circuits ...................................................... 0
     o  LVS summary for "nor2_x0".
        - Power nets ......................................................... 1
        - Ground nets ........................................................ 1
        - Short circuits ..................................................... 0
        - Open circuits ...................................................... 0
     o  LVS summary for "one_x1".
        - Power nets ......................................................... 1
        - Ground nets ........................................................ 1
        - Short circuits ..................................................... 0
        - Open circuits ...................................................... 0
     o  LVS summary for "buf_x4".
        - Power nets ......................................................... 1
        - Ground nets ........................................................ 1
        - Short circuits ..................................................... 0
        - Open circuits ...................................................... 0
     o  LVS summary for "mux2_x1".
        - Power nets ......................................................... 1
        - Ground nets ........................................................ 1
        - Short circuits ..................................................... 0
        - Open circuits ...................................................... 0
        - Windows ............................................................ 1
        - Peak tiles ..................................................... 57230
        - Total tiles .................................................... 57230
     o  LVS summary for "expmob2".
        - Power nets ......................................................... 6
        - Ground nets ........................................................ 7
        - Short circuits ..................................................... 0
        - Open circuits ...................................................... 0
     - Done in .................................................... 0.55s, 7.8Mb
     - Raw measurements ............................. 0.546895s, +8000Kb/570.4Mb
     o  LVS summary for "expmob2".
        - Power nets ......................................................... 6
        - Ground nets ........................................................ 7
        - Short circuits ..................................................... 0
        - Open circuits ...................................................... 0
  o  Deleting ToolEngine<Tramontana> from Cell <expmob2>
  o  Configuration contents (CfgCache):
     - misc.catchCore = False
     - misc.minTraceLevel = 12300
     - misc.maxTraceLevel = 12400
     - misc.info = False
     - misc.paranoid = False
     - misc.bug = False
     - misc.logMode = True
     - misc.verboseLevel1 = True
     - misc.verboseLevel2 = True
  o  Configuration contents (CfgCache):
     - gdsDriver.metricDbu = 1e-09
     - gdsDriver.dbuPerUu = 0.001
  o  Configuration contents (CfgCache):
     - lefImport.minTerminalWidth = 0.0
     - crlcore.groundName = "vss"
     - crlcore.powerName = "vdd"
     - etesian.aspectRatio = 1.0 [10:1000]
     - etesian.spaceMargin = 0.1
     - etesian.uniformDensity = True
     - etesian.densityVariation = 0.05
     - etesian.routingDriven = False
     - etesian.latchUpDistance = 580000
     - etesian.diodeName = "diode_w1"
     - etesian.antennaInsertThreshold = 0.5
     - etesian.tieName = None
     - etesian.antennaGateMaxWL = 10000000
     - etesian.antennaDiodeMaxWL = 1000000000
     - etesian.feedNames = "tie,decap_w0"
     - etesian.defaultFeed = "tie"
     - etesian.cell.zero = "zero_x1"
     - etesian.cell.one = "one_x1"
     - etesian.bloat = "disabled"
     - etesian.effort = 2 (1:"Fast", 2:"Standard", 3:"High", 4:"Extreme")
     - etesian.graphics = 2 (1:"Show every step", 2:"Show lower bound", 3:"Show result only")
     - anabatic.routingGauge = "StdCellLib"
     - anabatic.globalLengthThreshold = 1450
     - anabatic.saturateRatio = 0.9
     - anabatic.saturateRp = 10
     - anabatic.topRoutingLayer = "TopMetal1"
     - anabatic.edgeLength = 24
     - anabatic.edgeWidth = 4
     - anabatic.edgeCostH = 9.0
     - anabatic.edgeCostK = -10.0
     - anabatic.edgeHInc = 1.0
     - anabatic.edgeHScaling = 1.0
     - anabatic.globalIterations = 20 [1:100]
     - anabatic.gcell.displayMode = 1 (1:"Boundary", 2:"Density")
     - anabatic.searchHalo = 2
     - katana.trackFill = 0
     - katana.runRealignStage = True
     - katana.hTracksReservedMin = 4
     - katana.hTracksReservedLocal = 20 [0:30]
     - katana.vTracksReservedMin = 4
     - katana.vTracksReservedLocal = 20 [0:30]
     - katana.termSatReservedLocal = 8
     - katana.termSatThreshold = 9
     - katana.eventsLimit = 4000002
     - katana.ripupCost = 3 [0:None]
     - katana.strapRipupLimit = 16 [1:None]
     - katana.localRipupLimit = 9 [1:None]
     - katana.globalRipupLimit = 5 [1:None]
     - katana.longGlobalRipupLimit = 5
     - chip.padCoreSide = "South"
  o  Configuration contents (CfgCache):
     - viewer.minimumSize = 500
     - viewer.pixelThreshold = 10
     - chip.block.rails.count = 5
     - chip.block.rails.hWidth = 53600
     - chip.block.rails.vWidth = 53600
     - chip.block.rails.hSpacing = 14000
     - chip.block.rails.vSpacing = 14000
     - chip.supplyRailWidth = 400000
     - chip.supplyRailPitch = 800000
     - clockTree.placerEngine = "Etesian"
     - block.spareSide = 921600
     - spares.buffer = "buf_x4"
     - spares.hfnsBuffer = "buf_x4"
     - spares.maxSinks = 31
  o  Configuration contents (CfgCache):
     - chip.block.rails.count = 2
     - chip.block.rails.hWidth = 800000
     - chip.block.rails.vWidth = 800000
     - chip.block.rails.hSpacing = 120000
     - chip.block.rails.vSpacing = 120000
     - chip.padCoreSide = "North"
  o  Setup IHP sg13g2 I/O library in iolib.
     - Shifting sg13g2_Corner bottom left corner AB to (0,0).
  o  Configuration contents (CfgCache):
     - etesian.graphics = 3
     - etesian.spaceMargin = 0.1
     - katana.eventsLimit = 4000000
  o  Preload standard plugins.
     - "coriolis.plugins.chip" (module)
     - "coriolis.plugins.harness" (module)
     - "coriolis.plugins.sram" (module)
     - "coriolis.plugins.core2chip" (module)
     - "coriolis.plugins.macro" (module)
     - "coriolis.plugins.aboutwindow.py"
     - "coriolis.plugins.checks.py"
     - "coriolis.plugins.conductor.py"
     - "coriolis.plugins.matrixplacer.py"
     - "coriolis.plugins.rsave.py"
     - "coriolis.plugins.rsaveall.py"
     - "coriolis.plugins.runDemo.py"
     - "coriolis.plugins.s2r.py"
     - "coriolis.plugins.stats.py"
     - "coriolis.plugins.utils.py"
     - No NDA protected plugins.
[WARNING] timing.staticInit(): Library do not provides "inv_x8", skipped.
[WARNING] timing.staticInit(): Library do not provides "buf_x8", skipped.
libName is located at: /home/ahmed/circuits/coriolis/expmob2_n3/doDesign.py
-- yosys
-- b2v
.  gds
