  o  LEF: </home/ahmed/coriolis-2.x/release/install/lib/python3/dist-packages/pdks/ihpsg13g2/libs.ref/sg13g2_stdcell/lef/sg13g2_tech.lef>
  o  LEF: </home/ahmed/coriolis-2.x/release/install/lib/python3/dist-packages/pdks/ihpsg13g2/libs.ref/sg13g2_io/lef/sg13g2_io.lef>
     o sg13g2_Corner 180um 180um LEF.sg13g2_ioSite     o sg13g2_Filler200 1um 180um LEF.sg13g2_ioSite     o sg13g2_Filler400 2um 180um LEF.sg13g2_ioSite     o sg13g2_Filler1000 5um 180um LEF.sg13g2_ioSite     o sg13g2_Filler2000 10um 180um LEF.sg13g2_ioSite     o sg13g2_Filler4000 20um 180um LEF.sg13g2_ioSite     o sg13g2_Filler10000 50um 180um LEF.sg13g2_ioSite     o sg13g2_IOPadIn 80um 180um LEF.sg13g2_ioSite     o sg13g2_IOPadOut4mA 80um 180um LEF.sg13g2_ioSite     o sg13g2_IOPadOut16mA 80um 180um LEF.sg13g2_ioSite     o sg13g2_IOPadOut30mA 80um 180um LEF.sg13g2_ioSite     o sg13g2_IOPadTriOut4mA 80um 180um LEF.sg13g2_ioSite     o sg13g2_IOPadTriOut16mA 80um 180um LEF.sg13g2_ioSite     o sg13g2_IOPadTriOut30mA 80um 180um LEF.sg13g2_ioSite     o sg13g2_IOPadInOut4mA 80um 180um LEF.sg13g2_ioSite     o sg13g2_IOPadInOut16mA 80um 180um LEF.sg13g2_ioSite     o sg13g2_IOPadInOut30mA 80um 180um LEF.sg13g2_ioSite     o sg13g2_IOPadAnalog 80um 180um LEF.sg13g2_ioSite     o sg13g2_IOPadIOVss 80um 180um LEF.sg13g2_ioSite     o sg13g2_IOPadIOVdd 80um 180um LEF.sg13g2_ioSite     o sg13g2_IOPadVss 80um 180um LEF.sg13g2_ioSite     o sg13g2_IOPadVdd 80um 180um LEF.sg13g2_ioSite     + expmob2 [blif]
        + expmob2 [.model]
  o  Creating ToolEngine<Etesian> for Cell <expmob2>
     - Initial memory .................................................. 400.1Mb
  o  Configuration of ToolEngine<Etesian> for Cell <expmob2>
     - Cell Gauge ................................................. <StdCellLib>
     - Place Effort .......................................................... 2
     - Update Conf ........................................................... 3
     - Routing driven .................................................... false
     - Space Margin ........................................................ 10%
     - Spread Margin ........................................................ 5%
     - Aspect Ratio ....................................................... 100%
     - Bloat model .................................................... disabled
     - Antenna gate Max. WL .............................................. 500um
     - Antenna diode Max. WL ........................................... 50000um
     - Latch up Distance .................................................. 29um
  o  Clearing Coloquinte data-structures on <expmob2>
  o  Converting "expmob2" into Coloquinte.
     - H-pitch ........................................................... 0.8um
     - V-pitch ......................................................... 0.576um
     - Slice height ..................................................... 5.76um
     o  Looking through the hierarchy.
        - Whole place area: <Box 0um 0um 64.8um 97.92um>.
        - Sub-place Area: <Box 0um 0um 64.8um 97.92um>.
     - Effective density ................................................. 90.9%
     - Effective space margin ............................................ 9.14%
     - Number of instances  ................................................ 257
     - Registers (DFF)  ............................................ 49 (19.07%)
     - Registers (DFF) density  .......................................... 36.1%
     - Coloquinte cell bloat factor  .................................... x 1.05
     - Building RoutingPads (transhierarchical)

     - Converting 265 nets

     - Standard cells widths:
       +-------+-------------+-----+
       | Width |    Count    |  %  |
       +-------+-------------+-----+
       |     1 |           4 |   1 | 
       |     2 |          30 |  11 | *****
       |     3 |          36 |  14 | *******
       |     4 |          99 |  38 | *******************
       |     5 |          39 |  15 | *******
       |    10 |          49 |  19 | *********
       +-------+-------------+-----+

  o  Running Coloquinte.
Circuit report:
	249 cells (249 single-row cells, no placeable macro block)
	265 nets, 803 pins + 32 fixed, 3.2 pins/net
	17 rows (2 orientations)
	1.5% fixed macro blocks, 90.9% density

  o  Global placement (effort 2)
Global placement starting
#0:	LB 3917
#1:	UB 1.284e+04	Dist 38.9	LB 3649
#2:	UB 9611	Dist 39.8	LB 3533
#3:	UB 9386	Dist 39.4	LB 3456
#4:	UB 9282	Dist 40.0	LB 3452
#5:	UB 8607	Dist 39.5	LB 3444
#6:	UB 8100	Dist 39.6	LB 3454
#7:	UB 7774	Dist 38.8	LB 3500
#8:	UB 7632	Dist 36.5	LB 3489
#9:	UB 7465	Dist 38.3	LB 3565
#10:	UB 7422	Dist 32.2	LB 3564
#11:	UB 7115	Dist 32.3	LB 3634
#12:	UB 6986	Dist 27.9	LB 3631
#13:	UB 6706	Dist 27.7	LB 3695
#14:	UB 6660	Dist 25.6	LB 3702
#15:	UB 6329	Dist 25.1	LB 3792
#16:	UB 6266	Dist 23.8	LB 3798
#17:	UB 6025	Dist 23.1	LB 3850
#18:	UB 5866	Dist 21.9	LB 3922
#19:	UB 5812	Dist 20.7	LB 3980
#20:	UB 5671	Dist 19.8	LB 4027
#21:	UB 5608	Dist 19.2	LB 4100
#22:	UB 5579	Dist 19.4	LB 4180
#23:	UB 5531	Dist 20.1	LB 4230
#24:	UB 5452	Dist 20.8	LB 4306
#25:	UB 5370	Dist 21.8	LB 4386
#26:	UB 5361	Dist 22.7	LB 4436
#27:	UB 5306	Dist 23.5	LB 4516
#28:	UB 5236	Dist 24.5	LB 4560
#29:	UB 5213	Dist 25.1
Global placement done in 0.02s
  o  Detailed Placement (effort 2)
Legalization starting (WL 5208)
Legalization done (WL 8258, dist 13.4) in 0.00s
Detailed placement starting
#1:	Swaps 7703	Shifts 7635
#2:	Swaps 7450	Shifts 7434
Detailed placement done (WL 7442) in 0.02s
  o  Placement finished.
     - Done in .................................................. 0.04s, 147.3Mb
     - Raw measurements ........................... 0.044449s, +150788Kb/548.6Mb
  o  Clearing Coloquinte data-structures on <expmob2>
  o  Adding feed cells.
  o  Looking for powers/grounds & clocks.
  o  Building power rails.
     - PowerRails in Metal1 ...
     - PowerRails in Metal2 ...
     - PowerRails in Metal3 ...
     - PowerRails in Metal4 ...
     - PowerRails in Metal5 ...
     - PowerRails in TopMetal1 ...
     - PowerRails in TopMetal2 ...
     - 652 power rails elements found.
     - Done in .................................................. 0.04s, 147.3Mb
     - Raw measurements ........................... 0.044449s, +150788Kb/548.6Mb
  o  Creating ToolEngine<Katana> for Cell <expmob2>
     - Initial memory .................................................. 548.6Mb
  o  Configuration of ToolEngine<Katana> for Cell <expmob2>
     - Net builder style ............................................... HV,3RL+
     - Routing style .............................................. HV|OTH (0x5)
     - Dijkstra GR search halo ............................................... 1
     - Use GR density estimate ........................................... false
     - Use static bloat profile ........................................... true
     - GCell terminal(RP) saturate number ................................... 10
     - GCell saturate ratio (LA) ........................................... 0.9
     - Long wire threshold1 for move up ..................................... 60
     - Long wire reserved1 for move up ....................................... 1
     - Edge min H reserved local ............................................. 6
     - Edge min V reserved local ............................................. 6
     - Edge max H reserved local ............................................ 15
     - Edge max V reserved local ............................................ 15
     - Terminal saturated edge capacity ...................................... 8
     - Terminal saturated GCell threshold .................................... 9
     - Events limit (iterations) ....................................... 4000000
     - Ripup limit, straps & unbreakables ................................... 16
     - Ripup limit, locals ................................................... 9
     - Ripup limit, globals .................................................. 5
     - Ripup limit, long globals ............................................. 5
     - Bloat overload additional penalty ..................................... 4
     - Fill every nth track .................................................. 0
  o  Configuration of ToolEngine<Anabatic> for Cell <expmob2>
     - Routing Gauge .............................................. <StdCellLib>
     - Top routing layer ............................................. TopMetal1
     - Maximum GR iterations ................................................. 6
  o  Building regular grid...
     o  East capacities of south west GCell (Horizontal).
        - [0] V Metal1 ....................................................... 0
        - [1] H Metal2 ...................................................... 12
        - [2] V Metal3 ....................................................... 0
        - [3] H Metal4 ...................................................... 12
        - [4] V Metal5 ....................................................... 0
        - [5] H TopMetal1 .................................................... 0
        - Whole GR/H edge ................................................... 24
     o  North capacities of south west GCell (Vertical).
        - [0] V Metal1 ....................................................... 0
        - [1] H Metal2 ....................................................... 0
        - [2] V Metal3 ...................................................... 13
        - [3] H Metal4 ....................................................... 0
        - [4] V Metal5 ...................................................... 10
        - [5] H TopMetal1 .................................................... 0
        - Whole GR/V edge ................................................... 23
     - GCells .............................................................. 187
     - Edge capacities ................................................ 28 (28u)
     - Done in ................................................. 0.01s, 274432Kb
     - Raw measurements .............................. 0.007682s, +268Kb/562.8Mb
  o  Nets Histogram.
       +-------------+-------------+-----+
       | RoutingPads |    Count    |  %  |
       +-------------+-------------+-----+
       |           0 |           3 |   1 | 
       |           2 |         183 |  67 | *********************************
       |           3 |          29 |  10 | *****
       |           4 |          11 |   4 | **
       |           5 |          18 |   6 | ***
       |           6 |          11 |   4 | **
       |           7 |           5 |   1 | 
       |           8 |           3 |   1 | 
       |           9 |           1 |   0 | 
       |          15 |           1 |   0 | 
       |          16 |           2 |   0 | 
       |          18 |           1 |   0 | 
       |          19 |           1 |   0 | 
       |          21 |           1 |   0 | 
       |          23 |           1 |   0 | 
       |          40 |           1 |   0 | 
       +-------------+-------------+-----+

  o  Looking for fixed or manually global routed nets.
  o  Looking for powers/grounds & clocks.
  o  Building power rails.
     - PowerRails in Metal1 ...
     - PowerRails in Metal2 ...
     - PowerRails in Metal2.nofill ...
     - PowerRails in Metal3 ...
     - PowerRails in Metal3.nofill ...
     - PowerRails in Metal4 ...
     - PowerRails in Metal4.nofill ...
     - PowerRails in Metal5 ...
     - PowerRails in Metal5.nofill ...
     - PowerRails in TopMetal1 ...
     - PowerRails in TopMetal1.nofill ...
     - PowerRails in TopMetal2 ...
     - PowerRails in TopMetal2.nofill ...
     - 34 power rails elements found.
     - Track Segment Completion Ratio .............................. -nan% [0+0]
     - Wire Length Completion Ratio .............................. -nan% [0um+0]
     - Metal1 WL usage ................................................... 0.99%
     - Metal2 WL usage ................................................... 0.00%
     - Metal3 WL usage ................................................... 0.00%
     - Metal4 WL usage ................................................... 0.00%
     - Metal5 WL usage ................................................... 0.00%
     - TopMetal1 WL usage ................................................ 0.00%
     - TopMetal2 WL usage ................................................ 0.00%
     - Normed Wire Length .................................................... 0
     - Normed Wire Length / Net .............................................. 0
     - Moved up segments ............................................ 0 ( -nan%)
     - Unrouted horizontals .......................................... 0.00% [0]
     - Unrouted verticals ............................................ 0.00% [0]
  o  Protect external components not useds as RoutingPads.
  o  Back annotate global routing graph.
     - Edge capacities ................................................ 28 (28u)
  o  Running global routing.
     [  0] nets:270    nWL:1024    VIAs:636     ovE:0    ovWL:0     ripup:0    405504Kb  0.05s
     - Done in ................................................. 0.05s, 405504Kb
     - Raw measurements .............................. 0.050196s, +396Kb/563.3Mb
  o  Antenna effect protection.
     - Antenna gate maximum WL ........................................... 500um
     - Antenna diode maximum WL ........................................ 50000um
     - Antenna segment maximum WL ...................................... 25000um
     - Total needed diodes ................................................... 0
     - Failed to allocate .................................................... 0
     - Success ratio ..................................................... -nan%
     - Done in .................................................. 0.01s, 0 bytes
     - Raw measurements ................................ 0.007128s, +0Kb/563.3Mb
  o  Building detailed routing from global. 
     - Short nets ........................................................... 29
     - Done in ................................................. 0.17s, 946176Kb
     - Raw measurements .............................. 0.168568s, +924Kb/564.2Mb
  o  Desaturate layer Metal2
  o  Desaturate layer Metal3
  o  Desaturate layer Metal4
     - Done in ..................................................... 0s, 0 bytes
     - Raw measurements ................................ 0.000503s, +0Kb/564.7Mb
  o  Running Negociate Algorithm
     o  Negociation Stage.
        <queue:00001569>
        <event:00000000 0:4.23077:0.42um> &<id:974533 Vertical n(0) Metal2 [0.255um 41.5um] [0.255um 42um] 0.21um rpD:0 bl:0 -X---UC---TD---------P-b-- [41.0801um:42.42um] [0.045um:0.465um] 0.42um P------>
        <event:00000001 0:4.23077:0.42um> &<id:975270 Vertical abc_1342_new_n292 Metal2 [0.255um 76.5um] [0.255um 76.5um] 0.21um rpD:0 bl:0 -X---UC---TD---------P-b-- [76.0801um:76.92um] [0.045um:0.465um] 0.42um P------>
        <event:00000002 0:4.23077:0.42um> &<id:974983 Vertical abc_1342_new_n174 Metal2 [0.255um 3.5um] [0.255um 3.5um] 0.21um rpD:0 bl:0 -X---UC---TD---------Pb--- [3.0801um:3.92um] [0.045um:0.465um] 0.42um P------>
        <event:00000003 0:4.23077:0.42um> &<id:973824 Vertical clk_root_2 Metal2 [0.685um 70.5um] [0.685um 71um] 0.21um rpD:0 bl:0 -X---UC---TD---------P-b-- [70.08um:71.42um] [0.475um:0.895um] 0.42um P------>
        <event:00000004 0:4.23077:0.42um> &<id:975995 Vertical abc_1342_new_n178 Metal2 [0.685um 37.5um] [0.685um 37.5um] 0.21um rpD:0 bl:0 -X---UC---TD---------P-b-- [37.08um:37.92um] [0.475um:0.895um] 0.42um P------>
        <event:00000005 0:4.23077:0.42um> &<id:974475 Vertical n(7) Metal2 [0.905um 83.5um] [0.905um 83.5um] 0.21um rpD:0 bl:0 -X---UC---TD---------Pb--- [83.08um:83.92um] [0.695um:1.115um] 0.42um P------>
        <event:00000006 0:4.23077:0.42um> &<id:974695 Vertical init Metal2 [0.905um 32.5um] [0.905um 32.5um] 0.21um rpD:0 bl:0 -X---UC---TD---------P-b-- [32.08um:32.92um] [0.695um:1.115um] 0.42um P------>
        <event:00000007 0:4.23077:0.42um> &<id:974559 Vertical init Metal2 [1.415um 3.5um] [1.415um 3.5um] 0.21um rpD:0 bl:0 -X---UC---TD---------Pb--- [3.0801um:3.92um] [1.205um:1.625um] 0.42um P------>
        <event:00000008 0:4.23077:0.42um> &<id:973803 Vertical clk_root_2 Metal2 [1.485um 61.5um] [1.485um 62um] 0.21um rpD:0 bl:0 -X---UC---TD---------Pb--- [61.0801um:62.42um] [1.275um:1.695um] 0.42um P------>
        <event:00000009 0:4.23077:0.42um> &<id:974106 Vertical abc_1342_auto_rtlil_cc_2739_MuxGate_1247 Metal2 [1.905um 20um] [1.905um 20um] 0.21um rpD:0 bl:0 -X---UC---TD---------Pb--- [19.5801um:20.42um] [1.695um:2.115um] 0.42um P------>
        <event:00000010 0:4.23077:0.42um> &<id:973821 Vertical clk_root_2 Metal2 [2.285um 88um] [2.285um 88um] 0.21um rpD:0 bl:0 -X---UC---TD---------P-b-- [87.58um:88.42um] [2.075um:2.495um] 0.42um P------>
        <event:00000011 0:4.23077:0.42um> &<id:975723 Vertical abc_1342_new_n242 Metal2 [2.285um 43um] [2.285um 43um] 0.21um rpD:0 bl:0 -X---UC---TD---------Pb--- [42.58um:43.42um] [2.075um:2.495um] 0.42um P------>
        <event:00000012 0:4.23077:0.42um> &<id:974261 Vertical abc_1342_auto_rtlil_cc_2739_MuxGate_1325 Metal2 [2.705um 60.5um] [2.705um 60.5um] 0.21um rpD:0 bl:0 -X---UC---TD---------P-b-- [60.0801um:60.92um] [2.495um:2.915um] 0.42um P------>
        <event:00000013 0:4.23077:0.42um> &<id:974156 Vertical abc_1342_auto_rtlil_cc_2739_MuxGate_1283 Metal2 [2.715um 42.5um] [2.715um 42.5um] 0.21um rpD:0 bl:0 -X---UC---TD---------P-b-- [42.08um:42.92um] [2.505um:2.925um] 0.42um P------>
        <event:00000014 0:4.23077:0.42um> &<id:974799 Vertical mem_inputs(13) Metal2 [3.085um 13um] [3.085um 13.5um] 0.21um rpD:0 bl:0 -X---UC---TD---------P-b-- [12.58um:13.92um] [2.875um:3.295um] 0.42um P------>
        <event:00000015 0:4.23077:0.42um> &<id:974478 Vertical n(7) Metal2 [3.305um 83.5um] [3.305um 83.5um] 0.21um rpD:0 bl:0 -X---UC---TD---------Pb--- [83.08um:83.92um] [3.095um:3.515um] 0.42um P------>
        <event:00000016 0:4.23077:0.42um> &<id:974527 Vertical n(8) Metal2 [3.815um 83.5um] [3.815um 83.5um] 0.21um rpD:0 bl:0 -X---UC---TD---------Pb--- [83.08um:83.92um] [3.605um:4.025um] 0.42um P------>
        <event:00000017 0:4.23077:0.42um> &<id:975325 Vertical abc_1342_new_n210 Metal2 [4.105um 3um] [4.105um 3um] 0.21um rpD:0 bl:0 -X---UC---TD---------P-b-- [2.58um:3.42um] [3.895um:4.315um] 0.42um P------>
        <event:00000018 0:4.23077:0.42um> &<id:976160 Vertical abc_1342_new_n259 Metal2 [4.245um 82um] [4.245um 82.5um] 0.21um rpD:0 bl:0 -X---UC---TD---------P-b-- [81.5801um:82.92um] [4.035um:4.455um] 0.42um P------>
        <event:00000019 0:4.23077:0.42um> &<id:976069 Vertical abc_1342_new_n148 Metal2 [4.605um 43um] [4.605um 43um] 0.21um rpD:0 bl:0 -X---UC---TD---------Pb--- [42.58um:43.42um] [4.395um:4.815um] 0.42um P------>
        <event:00000020 0:4.23077:0.42um> &<id:976019 Vertical abc_1342_new_n209 Metal2 [4.615um 3um] [4.615um 3um] 0.21um rpD:0 bl:0 -X---UC---TD---------P-b-- [2.58um:3.42um] [4.405um:4.825um] 0.42um P------>
        <event:00000021 0:4.23077:0.42um> &<id:975998 Vertical abc_1342_new_n178 Metal2 [4.685um 37.5um] [4.685um 37.5um] 0.21um rpD:0 bl:0 -X---UC---TD---------P-b-- [37.08um:37.92um] [4.475um:4.895um] 0.42um P------>
        <event:00000022 0:4.23077:0.42um> &<id:975611 Vertical abc_1342_new_n133 Metal2 [5.405um 78um] [5.405um 78um] 0.21um rpD:0 bl:0 -X---UC---TD---------P-b-- [77.58um:78.42um] [5.195um:5.615um] 0.42um P------>
        <event:00000023 0:4.23077:0.42um> &<id:976482 Vertical n(20) Metal2 [6.655um 78um] [6.655um 78um] 0.21um rpD:0 bl:0 -X---UC---TD---------P-b-- [77.58um:78.42um] [6.445um:6.865um] 0.42um P------>
        <event:00000024 0:4.23077:0.42um> &<id:973369 Vertical inputs(7) Metal2 [6.655um 2um] [6.655um 2.5um] 0.21um rpD:0 bl:0 -X---UC---TD---------P-b-- [1.5801um:2.92um] [6.445um:6.865um] 0.42um P------>
        <event:00000025 0:4.23077:0.42um> &<id:974810 Vertical mem_inputs(15) Metal2 [6.925um 20um] [6.925um 20um] 0.21um rpD:0 bl:0 -X---UC---TD---------Pb--- [19.5801um:20.42um] [6.715um:7.135um] 0.42um P------>
        <event:00000026 0:4.23077:0.42um> &<id:973764 Vertical clk_root_2 Metal2 [7.085um 49um] [7.085um 49um] 0.21um rpD:0 bl:0 -X---UC---TD---------P-b-- [48.5801um:49.42um] [6.875um:7.295um] 0.42um P------>
        <event:00000027 0:4.23077:0.42um> &<id:975614 Vertical abc_1342_new_n133 Metal2 [7.165um 78um] [7.165um 78um] 0.21um rpD:0 bl:0 -X---UC---TD---------P-b-- [77.58um:78.42um] [6.955um:7.375um] 0.42um P------>
        <event:00000028 0:4.23077:0.42um> &<id:973564 Vertical outputs(11) Metal2 [7.305um 15um] [7.305um 15um] 0.21um rpD:0 bl:0 -X---UC---TD---------Pb--- [14.5801um:15.42um] [7.095um:7.515um] 0.42um P------>
        <event:00000029 0:4.23077:0.42um> &<id:975500 Vertical abc_1342_new_n123 Metal2 [7.305um 3um] [7.305um 3um] 0.21um rpD:0 bl:0 -X---UC---TD---------P-b-- [2.58um:3.42um] [7.095um:7.515um] 0.42um P------>
        <event:00000030 0:4.23077:0.42um> &<id:976115 Vertical abc_1342_new_n239 Metal2 [7.445um 43um] [7.445um 43um] 0.21um rpD:0 bl:0 -X---UC---TD---------Pb--- [42.58um:43.42um] [7.235um:7.655um] 0.42um P------>
        <event:00000031 0:4.23077:0.42um> &<id:976448 Vertical n(22) Metal2 [7.525um 66um] [7.525um 66um] 0.21um rpD:0 bl:0 -X---UC---TD---------Pb--- [65.58um:66.42um] [7.315um:7.735um] 0.42um P------>
        <event:00000032 0:4.23077:0.42um> &<id:975328 Vertical abc_1342_new_n210 Metal2 [8.245um 3um] [8.245um 3um] 0.21um rpD:0 bl:0 -X---UC---TD---------P-b-- [2.58um:3.42um] [8.035um:8.455um] 0.42um P------>
        <event:00000033 0:4.23077:0.42um> &<id:976118 Vertical abc_1342_new_n239 Metal2 [8.255um 43um] [8.255um 43um] 0.21um rpD:0 bl:0 -X---UC---TD---------Pb--- [42.58um:43.42um] [8.045um:8.465um] 0.42um P------>
        <event:00000034 0:4.23077:0.42um> &<id:974028 Vertical abc_1342_auto_rtlil_cc_2739_MuxGate_1289 Metal2 [8.305um 49um] [8.305um 49um] 0.21um rpD:0 bl:0 -X---UC---TD---------P-b-- [48.5801um:49.42um] [8.095um:8.515um] 0.42um P------>
        <event:00000035 0:4.23077:0.42um> &<id:974813 Vertical mem_inputs(15) Metal2 [8.685um 20um] [8.685um 20um] 0.21um rpD:0 bl:0 -X---UC---TD---------Pb--- [19.5801um:20.42um] [8.475um:8.895um] 0.42um P------>
        <event:00000036 0:4.23077:0.42um> &<id:973947 Vertical clk_root_0 Metal2 [8.685um 36um] [8.685um 36.5um] 0.21um rpD:0 bl:0 -X---UC---TD---------P-b-- [35.58um:36.92um] [8.475um:8.895um] 0.42um P------>
        <event:00000037 0:4.23077:0.42um> &<id:976485 Vertical n(20) Metal2 [9.415um 78um] [9.415um 78um] 0.21um rpD:0 bl:0 -X---UC---TD---------P-b-- [77.58um:78.42um] [9.205um:9.625um] 0.42um P------>
        <event:00000038 0:4.23077:0.42um> &<id:975295 Vertical abc_1342_new_n294 Metal2 [9.845um 78um] [9.845um 78um] 0.21um rpD:0 bl:0 -X---UC---TD---------P-b-- [77.58um:78.42um] [9.635um:10.055um] 0.42um P------>
        <event:00000039 0:4.23077:0.42um> &<id:974247 Vertical abc_1342_auto_rtlil_cc_2739_MuxGate_1321 Metal2 [9.905um 72.5um] [9.905um 73um] 0.21um rpD:0 bl:0 -X---UC---TD---------Pb--- [72.0801um:73.42um] [9.695um:10.115um] 0.42um P------>
        <event:00000040 0:4.23077:0.42um> &<id:975762 Vertical abc_1342_new_n255 Metal2 [10.285um 54.5um] [10.285um 54.5um] 0.21um rpD:0 bl:0 -X---UC---TD---------Pb--- [54.08um:54.92um] [10.075um:10.495um] 0.42um P------>
        <event:00000041 0:4.23077:0.42um> &<id:975726 Vertical abc_1342_new_n242 Metal2 [10.355um 43um] [10.355um 43um] 0.21um rpD:0 bl:0 -X---UC---TD---------Pb--- [42.58um:43.42um] [10.145um:10.565um] 0.42um P------>
        <event:00000042 0:4.23077:0.42um> &<id:974894 Vertical abc_1342_new_n181 Metal2 [10.355um 8.5um] [10.355um 8.5um] 0.21um rpD:0 bl:0 -X---UC---TD---------Pb--- [8.0801um:8.92um] [10.145um:10.565um] 0.42um P------>
        <event:00000043 0:4.23077:0.42um> &<id:976022 Vertical abc_1342_new_n209 Metal2 [11.155um 3um] [11.155um 3um] 0.21um rpD:0 bl:0 -X---UC---TD---------P-b-- [2.58um:3.42um] [10.945um:11.365um] 0.42um P------>
        <event:00000044 0:4.23077:0.42um> &<id:974424 Vertical n(2) Metal2 [11.455um 43um] [11.455um 43um] 0.21um rpD:0 bl:0 -X---UC---TD---------Pb--- [42.58um:43.42um] [11.245um:11.665um] 0.42um P------>
        <event:00000045 0:4.23077:0.42um> &<id:974203 Vertical abc_1342_auto_rtlil_cc_2739_MuxGate_1303 Metal2 [11.505um 89.5um] [11.505um 89.5um] 0.21um rpD:0 bl:0 -X---UC---TD---------P-b-- [89.08um:89.92um] [11.295um:11.715um] 0.42um P------>
        <event:00000046 0:4.23077:0.42um> &<id:974191 Vertical abc_1342_auto_rtlil_cc_2739_MuxGate_1297 Metal2 [11.515um 78um] [11.515um 78um] 0.21um rpD:0 bl:0 -X---UC---TD---------P-b-- [77.58um:78.42um] [11.305um:11.725um] 0.42um P------>
        <event:00000047 0:4.23077:0.42um> &<id:976072 Vertical abc_1342_new_n148 Metal2 [11.965um 43um] [11.965um 43um] 0.21um rpD:0 bl:0 -X---UC---TD---------Pb--- [42.58um:43.42um] [11.755um:12.175um] 0.42um P------>
        <event:00000048 0:4.23077:0.42um> &<id:974197 Vertical abc_1342_auto_rtlil_cc_2739_MuxGate_1301 Metal2 [12.305um 83.5um] [12.305um 83.5um] 0.21um rpD:0 bl:0 -X---UC---TD---------Pb--- [83.08um:83.92um] [12.095um:12.515um] 0.42um P------>
        <event:00000049 0:4.23077:0.42um> &<id:975466 Vertical abc_1342_new_n146 Metal2 [12.605um 54.5um] [12.605um 54.5um] 0.21um rpD:0 bl:0 -X---UC---TD---------Pb--- [54.08um:54.92um] [12.395um:12.815um] 0.42um P------>
        <event:00000050 0:4.23077:0.42um> &<id:973627 Vertical outputs(15) Metal2 [12.905um 20.5um] [12.905um 20.5um] 0.21um rpD:0 bl:0 -X---UC---TD---------P-b-- [20.0801um:20.92um] [12.695um:13.115um] 0.42um P------>
        <event:00000051 0:4.23077:0.42um> &<id:974100 Vertical abc_1342_auto_rtlil_cc_2739_MuxGate_1251 Metal2 [13.105um 8.5um] [13.105um 8.5um] 0.21um rpD:0 bl:0 -X---UC---TD---------Pb--- [8.0801um:8.92um] [12.895um:13.315um] 0.42um P------>
        <event:00000052 0:4.23077:0.42um> &<id:974331 Vertical n(5) Metal2 [13.325um 49um] [13.325um 49um] 0.21um rpD:0 bl:0 -X---UC---TD---------P-b-- [48.5801um:49.42um] [13.115um:13.535um] 0.42um P------>
        <event:00000053 0:4.23077:0.42um> &<id:974394 Vertical n(9) Metal2 [13.405um 78um] [13.405um 78um] 0.21um rpD:0 bl:0 -X---UC---TD---------P-b-- [77.58um:78.42um] [13.195um:13.615um] 0.42um P------>
        <event:00000054 0:4.23077:0.42um> &<id:974586 Vertical init Metal2 [13.415um 20um] [13.415um 20um] 0.21um rpD:0 bl:0 -X---UC---TD---------Pb--- [19.5801um:20.42um] [13.205um:13.625um] 0.42um P------>
        <event:00000055 0:4.23077:0.42um> &<id:974802 Vertical mem_inputs(14) Metal2 [13.485um 14.5um] [13.485um 14.5um] 0.21um rpD:0 bl:0 -X---UC---TD---------P-b-- [14.0801um:14.92um] [13.275um:13.695um] 0.42um P------>
        <event:00000056 0:4.23077:0.42um> &<id:975331 Vertical abc_1342_new_n207 Metal2 [13.845um 3um] [13.845um 3um] 0.21um rpD:0 bl:0 -X---UC---TD---------P-b-- [2.58um:3.42um] [13.635um:14.055um] 0.42um P------>
        <event:00000057 0:4.23077:0.42um> &<id:973595 Vertical outputs(13) Metal2 [13.915um 14.5um] [13.915um 14.5um] 0.21um rpD:0 bl:0 -X---UC---TD---------P-b-- [14.0801um:14.92um] [13.705um:14.125um] 0.42um P------>
        <event:00000058 0:4.23077:0.42um> &<id:975469 Vertical abc_1342_new_n146 Metal2 [14.365um 54.5um] [14.365um 54.5um] 0.21um rpD:0 bl:0 -X---UC---TD---------Pb--- [54.08um:54.92um] [14.155um:14.575um] 0.42um P------>
        <event:00000059 0:4.23077:0.42um> &<id:973434 Vertical inputs(1) Metal2 [14.655um 32.5um] [14.655um 32.5um] 0.21um rpD:0 bl:0 -X---UC---TD---------P-b-- [32.08um:32.92um] [14.445um:14.865um] 0.42um P------>
        <event:00000060 0:4.23077:0.42um> &<id:975381 Vertical abc_1342_new_n166 Metal2 [14.995um 44.5um] [14.995um 44.5um] 0.21um rpD:0 bl:0 -X---UC---TD---------P-b-- [44.0801um:44.92um] [14.785um:15.205um] 0.42um P------>
        <event:00000061 0:4.23077:0.42um> &<id:975298 Vertical abc_1342_new_n294 Metal2 [15.085um 78um] [15.085um 78um] 0.21um rpD:0 bl:0 -X---UC---TD---------P-b-- [77.58um:78.42um] [14.875um:15.295um] 0.42um P------>
        <event:00000062 0:4.23077:0.42um> &<id:975513 Vertical abc_1342_new_n123 Metal2 [15.305um 31.5um] [15.305um 31.5um] 0.21um rpD:0 bl:0 -X---UC---TD---------Pb--- [31.0801um:31.92um] [15.095um:15.515um] 0.42um P------>
        <event:00000063 0:4.23077:0.42um> &<id:974031 Vertical abc_1342_auto_rtlil_cc_2739_MuxGate_1289 Metal2 [15.515um 49um] [15.515um 49um] 0.21um rpD:0 bl:0 -X---UC---TD---------P-b-- [48.5801um:49.42um] [15.305um:15.725um] 0.42um P------>
        <event:00000064 0:4.23077:0.42um> &<id:974818 Vertical mem_inputs(15) Metal2 [16.105um 20um] [16.105um 20um] 0.21um rpD:0 bl:0 -X---UC---TD---------Pb--- [19.5801um:20.42um] [15.895um:16.315um] 0.42um P------>
        <event:00000065 0:4.23077:0.42um> &<id:976297 Vertical n(12) Metal2 [16.525um 89.5um] [16.525um 89.5um] 0.21um rpD:0 bl:0 -X---UC---TD---------Pb--- [89.08um:89.92um] [16.315um:16.735um] 0.42um P------>
        <event:00000066 0:4.23077:0.42um> &<id:974589 Vertical init Metal2 [16.615um 20um] [16.615um 20um] 0.21um rpD:0 bl:0 -X---UC---TD---------Pb--- [19.5801um:20.42um] [16.405um:16.825um] 0.42um P------>
        <event:00000067 0:4.23077:0.42um> &<id:975843 Vertical abc_1342_new_n255 Metal2 [16.905um 72um] [16.905um 72um] 0.21um rpD:0 bl:0 -X---UC---TD---------Pb--- [71.5801um:72.42um] [16.695um:17.115um] 0.42um P------>
        <event:00000068 0:4.23077:0.42um> &<id:975355 Vertical abc_1342_new_n202 Metal2 [17.045um 4um] [17.045um 4um] 0.21um rpD:0 bl:0 -X---UC---TD---------Pb--- [3.5801um:4.42um] [16.835um:17.255um] 0.42um P------>
        <event:00000069 0:4.23077:0.42um> &<id:974334 Vertical n(5) Metal2 [17.405um 49um] [17.405um 49um] 0.21um rpD:0 bl:0 -X---UC---TD---------P-b-- [48.5801um:49.42um] [17.195um:17.615um] 0.42um P------>
        <event:00000070 0:4.23077:0.42um> &<id:974907 Vertical abc_1342_new_n176 Metal2 [17.555um 20um] [17.555um 20um] 0.21um rpD:0 bl:0 -X---UC---TD---------Pb--- [19.5801um:20.42um] [17.345um:17.765um] 0.42um P------>
        <event:00000071 0:4.23077:0.42um> &<id:976012 Vertical abc_1342_new_n299 Metal2 [17.705um 61um] [17.705um 61um] 0.21um rpD:0 bl:0 -X---UC---TD---------Pb--- [60.5801um:61.42um] [17.495um:17.915um] 0.42um P------>
        <event:00000072 0:4.23077:0.42um> &<id:975516 Vertical abc_1342_new_n123 Metal2 [17.705um 31.5um] [17.705um 31.5um] 0.21um rpD:0 bl:0 -X---UC---TD---------Pb--- [31.0801um:31.92um] [17.495um:17.915um] 0.42um P------>
        <event:00000073 0:4.23077:0.42um> &<id:974166 Vertical abc_1342_auto_rtlil_cc_2739_MuxGate_1287 Metal2 [17.905um 43um] [17.905um 43um] 0.21um rpD:0 bl:0 -X---UC---TD---------Pb--- [42.58um:43.42um] [17.695um:18.115um] 0.42um P------>
        <event:00000074 0:4.23077:0.42um> &<id:975890 Vertical abc_1342_new_n267 Metal2 [18.285um 89.5um] [18.285um 89.5um] 0.21um rpD:0 bl:0 -X---UC---TD---------P-b-- [89.08um:89.92um] [18.075um:18.495um] 0.42um P------>
        <event:00000075 0:4.23077:0.42um> &<id:975694 Vertical abc_1342_new_n231 Metal2 [18.645um 31.5um] [18.645um 31.5um] 0.21um rpD:0 bl:0 -X---UC---TD---------Pb--- [31.0801um:31.92um] [18.435um:18.855um] 0.42um P------>
        <event:00000076 0:4.23077:0.42um> &<id:974206 Vertical abc_1342_auto_rtlil_cc_2739_MuxGate_1303 Metal2 [18.715um 89.5um] [18.715um 89.5um] 0.21um rpD:0 bl:0 -X---UC---TD---------P-b-- [89.08um:89.92um] [18.505um:18.925um] 0.42um P------>
        <event:00000077 0:4.23077:0.42um> &<id:975304 Vertical abc_1342_new_n297 Metal2 [18.865um 72um] [18.865um 72um] 0.21um rpD:0 bl:0 -X---UC---TD---------Pb--- [71.5801um:72.42um] [18.655um:19.075um] 0.42um P------>
        <event:00000078 0:4.23077:0.42um> &<id:974264 Vertical abc_1342_auto_rtlil_cc_2739_MuxGate_1325 Metal2 [18.995um 60.5um] [18.995um 60.5um] 0.21um rpD:0 bl:0 -X---UC---TD---------P-b-- [60.0801um:60.92um] [18.785um:19.205um] 0.42um P------>
        <event:00000079 0:4.23077:0.42um> &<id:974878 Vertical abc_1342_new_n185 Metal2 [19.155um 13um] [19.155um 13.5um] 0.21um rpD:0 bl:0 -X---UC---TD---------P-b-- [12.58um:13.92um] [18.945um:19.365um] 0.42um P------>
        <event:00000080 0:4.23077:0.42um> &<id:974444 Vertical n(3) Metal2 [19.305um 49um] [19.305um 49um] 0.21um rpD:0 bl:0 -X---UC---TD---------P-b-- [48.5801um:49.42um] [19.095um:19.515um] 0.42um P------>
        <event:00000081 0:4.23077:0.42um> &<id:974860 Vertical abc_1342_new_n187 Metal2 [19.455um 9um] [19.455um 9.5um] 0.21um rpD:0 bl:0 -X---UC---TD---------Pb--- [8.5801um:9.92um] [19.245um:19.665um] 0.42um P------>
        <event:00000082 0:4.23077:0.42um> &<id:974093 Vertical abc_1342_auto_rtlil_cc_2739_MuxGate_1253 Metal2 [19.505um 3.5um] [19.505um 3.5um] 0.21um rpD:0 bl:0 -X---UC---TD---------Pb--- [3.0801um:3.92um] [19.295um:19.715um] 0.42um P------>
        <event:00000083 0:4.23077:0.42um> &<id:974384 Vertical n(9) Metal2 [19.815um 83.5um] [19.815um 83.5um] 0.21um rpD:0 bl:0 -X---UC---TD---------Pb--- [83.08um:83.92um] [19.605um:20.025um] 0.42um P------>
        <event:00000084 0:4.23077:0.42um> &<id:974308 Vertical n(4) Metal2 [19.815um 49um] [19.815um 49um] 0.21um rpD:0 bl:0 -X---UC---TD---------P-b-- [48.5801um:49.42um] [19.605um:20.025um] 0.42um P------>
        <event:00000085 0:4.23077:0.42um> &<id:974910 Vertical abc_1342_new_n176 Metal2 [19.815um 20um] [19.815um 20um] 0.21um rpD:0 bl:0 -X---UC---TD---------Pb--- [19.5801um:20.42um] [19.605um:20.025um] 0.42um P------>
        <event:00000086 0:4.23077:0.42um> &<id:975307 Vertical abc_1342_new_n297 Metal2 [19.885um 72um] [19.885um 72um] 0.21um rpD:0 bl:0 -X---UC---TD---------Pb--- [71.5801um:72.42um] [19.675um:20.095um] 0.42um P------>
        <event:00000087 0:4.23077:0.42um> &<id:974034 Vertical abc_1342_auto_rtlil_cc_2739_MuxGate_1299 Metal2 [20.305um 78um] [20.305um 78um] 0.21um rpD:0 bl:0 -X---UC---TD---------P-b-- [77.58um:78.42um] [20.095um:20.515um] 0.42um P------>
        <event:00000088 0:4.23077:0.42um> &<id:974258 Vertical abc_1342_auto_rtlil_cc_2739_MuxGate_1323 Metal2 [20.315um 70.5um] [20.315um 71um] 0.21um rpD:0 bl:0 -X---UC---TD---------P-b-- [70.08um:71.42um] [20.105um:20.525um] 0.42um P------>
        <event:00000089 0:4.23077:0.42um> &<id:973840 Vertical clk_root_2 Metal2 [20.685um 59um] [20.685um 59.5um] 0.21um rpD:0 bl:0 -X---UC---TD---------P-b-- [58.5801um:59.92um] [20.475um:20.895um] 0.42um P------>
        <event:00000090 0:4.23077:0.42um> &<id:976143 Vertical abc_1342_new_n248 Metal2 [20.755um 50um] [20.755um 50um] 0.21um rpD:0 bl:0 -X---UC---TD---------Pb--- [49.58um:50.42um] [20.545um:20.965um] 0.42um P------>
        <event:00000091 0:4.23077:0.42um> &<id:974109 Vertical abc_1342_auto_rtlil_cc_2739_MuxGate_1247 Metal2 [20.755um 20um] [20.755um 20um] 0.21um rpD:0 bl:0 -X---UC---TD---------Pb--- [19.5801um:20.42um] [20.545um:20.965um] 0.42um P------>
        <event:00000092 0:4.23077:0.42um> &<id:975388 Vertical abc_1342_new_n165 Metal2 [20.905um 32.5um] [20.905um 32.5um] 0.21um rpD:0 bl:0 -X---UC---TD---------P-b-- [32.08um:32.92um] [20.695um:21.115um] 0.42um P------>
        <event:00000093 0:4.23077:0.42um> &<id:975896 Vertical abc_1342_new_n301 Metal2 [21.265um 66um] [21.265um 66um] 0.21um rpD:0 bl:0 -X---UC---TD---------P-b-- [65.58um:66.42um] [21.055um:21.475um] 0.42um P------>
        <event:00000094 0:4.23077:0.42um> &<id:974103 Vertical abc_1342_auto_rtlil_cc_2739_MuxGate_1251 Metal2 [21.555um 8.5um] [21.555um 8.5um] 0.21um rpD:0 bl:0 -X---UC---TD---------Pb--- [8.0801um:8.92um] [21.345um:21.765um] 0.42um P------>
        <event:00000095 0:4.23077:0.42um> &<id:974447 Vertical n(3) Metal2 [22.505um 49um] [22.505um 49um] 0.21um rpD:0 bl:0 -X---UC---TD---------P-b-- [48.5801um:49.42um] [22.295um:22.715um] 0.42um P------>
        <event:00000096 0:4.23077:0.42um> &<id:974119 Vertical abc_1342_auto_rtlil_cc_2739_MuxGate_1267 Metal2 [22.705um 26um] [22.705um 26um] 0.21um rpD:0 bl:0 -X---UC---TD---------P-b-- [25.5801um:26.42um] [22.495um:22.915um] 0.42um P------>
        <event:00000097 0:4.23077:0.42um> &<id:974339 Vertical n(5) Metal2 [23.015um 49um] [23.015um 49um] 0.21um rpD:0 bl:0 -X---UC---TD---------P-b-- [48.5801um:49.42um] [22.805um:23.225um] 0.42um P------>
        <event:00000098 0:4.23077:0.42um> &<id:974953 Vertical abc_1342_new_n175 Metal2 [23.455um 30.5um] [23.455um 31um] 0.21um rpD:0 bl:0 -X---UC---TD---------P-b-- [30.08um:31.42um] [23.245um:23.665um] 0.42um P------>
        <event:00000099 0:4.23077:0.42um> &<id:974387 Vertical n(9) Metal2 [23.525um 83.5um] [23.525um 83.5um] 0.21um rpD:0 bl:0 -X---UC---TD---------Pb--- [83.08um:83.92um] [23.315um:23.735um] 0.42um P------>
        <event:00000100 0:4.23077:0.42um> &<id:974311 Vertical n(4) Metal2 [23.525um 49um] [23.525um 49um] 0.21um rpD:0 bl:0 -X---UC---TD---------P-b-- [48.5801um:49.42um] [23.315um:23.735um] 0.42um P------>
        <event:00000101 0:4.23077:0.42um> &<id:975893 Vertical abc_1342_new_n267 Metal2 [24.465um 89.5um] [24.465um 89.5um] 0.21um rpD:0 bl:0 -X---UC---TD---------P-b-- [89.08um:89.92um] [24.255um:24.675um] 0.42um P------>
        <event:00000102 0:4.23077:0.42um> &<id:975575 Vertical abc_1342_new_n126 Metal2 [24.605um 66um] [24.605um 66um] 0.21um rpD:0 bl:0 -X---UC---TD---------Pb--- [65.58um:66.42um] [24.395um:24.815um] 0.42um P------>
        <event:00000103 0:4.23077:0.42um> &<id:973984 Vertical clk_root_0 Metal2 [24.685um 14.5um] [24.685um 14.5um] 0.21um rpD:0 bl:0 -X---UC---TD---------P-b-- [14.0801um:14.92um] [24.475um:24.895um] 0.42um P------>
        <event:00000104 0:4.23077:0.42um> &<id:975349 Vertical abc_1342_new_n203 Metal2 [24.755um 8.5um] [24.755um 8.5um] 0.21um rpD:0 bl:0 -X---UC---TD---------Pb--- [8.0801um:8.92um] [24.545um:24.965um] 0.42um P------>
        <event:00000105 0:4.23077:0.42um> &<id:974342 Vertical n(5) Metal2 [25.055um 49um] [25.055um 49um] 0.21um rpD:0 bl:0 -X---UC---TD---------P-b-- [48.5801um:49.42um] [24.845um:25.265um] 0.42um P------>
        <event:00000106 0:4.23077:0.42um> &<id:975155 Vertical abc_1342_new_n271 Metal2 [25.055um 89.5um] [25.055um 89.5um] 0.21um rpD:0 bl:0 -X---UC---TD---------P-b-- [89.08um:89.92um] [24.845um:25.265um] 0.42um P------>
        <event:00000107 0:4.23077:0.42um> &<id:974169 Vertical abc_1342_auto_rtlil_cc_2739_MuxGate_1287 Metal2 [25.115um 43um] [25.115um 43um] 0.21um rpD:0 bl:0 -X---UC---TD---------Pb--- [42.58um:43.42um] [24.905um:25.325um] 0.42um P------>
        <event:00000108 0:4.23077:0.42um> &<id:974502 Vertical n(6) Metal2 [25.325um 53.5um] [25.325um 53.5um] 0.21um rpD:0 bl:0 -X---UC---TD---------P-b-- [53.0801um:53.92um] [25.115um:25.535um] 0.42um P------>
        <event:00000109 0:4.23077:0.42um> &<id:975316 Vertical abc_1342_new_n213 Metal2 [25.555um 31.5um] [25.555um 31.5um] 0.21um rpD:0 bl:0 -X---UC---TD---------Pb--- [31.0801um:31.92um] [25.345um:25.765um] 0.42um P------>
        <event:00000110 0:4.23077:0.42um> &<id:974857 Vertical abc_1342_new_n190 Metal2 [25.555um 18.5um] [25.555um 19um] 0.21um rpD:0 bl:0 -X---UC---TD---------P-b-- [18.08um:19.42um] [25.345um:25.765um] 0.42um P------>
        <event:00000111 0:4.23077:0.42um> &<id:976463 Vertical n(22) Metal2 [25.705um 72um] [25.705um 72um] 0.21um rpD:0 bl:0 -X---UC---TD---------Pb--- [71.5801um:72.42um] [25.495um:25.915um] 0.42um P------>
        <event:00000112 0:4.23077:0.42um> &<id:973472 Vertical inputs(12) Metal2 [25.855um 2um] [25.855um 2.5um] 0.21um rpD:0 bl:0 -X---UC---TD---------P-b-- [1.5801um:2.92um] [25.645um:26.065um] 0.42um P------>
        <event:00000113 0:4.23077:0.42um> &<id:974216 Vertical abc_1342_auto_rtlil_cc_2739_MuxGate_1307 Metal2 [25.905um 95um] [25.905um 95um] 0.21um rpD:0 bl:0 -X---UC---TD---------Pb--- [94.5801um:95.42um] [25.695um:26.115um] 0.42um P------>
        <event:00000114 0:4.23077:0.42um> &<id:974454 Vertical n(7) Metal2 [26.215um 50um] [26.215um 50um] 0.21um rpD:0 bl:0 -X---UC---TD---------Pb--- [49.58um:50.42um] [26.005um:26.425um] 0.42um P------>
        <event:00000115 0:4.23077:0.42um> &<id:976438 Vertical n(23) Metal2 [26.215um 72um] [26.215um 72um] 0.21um rpD:0 bl:0 -X---UC---TD---------Pb--- [71.5801um:72.42um] [26.005um:26.425um] 0.42um P------>
        <event:00000116 0:4.23077:0.42um> &<id:975880 Vertical abc_1342_new_n263 Metal2 [27.085um 79um] [27.085um 79um] 0.21um rpD:0 bl:0 -X---UC---TD---------Pb--- [78.58um:79.42um] [26.875um:27.295um] 0.42um P------>
        <event:00000117 0:4.23077:0.42um> &<id:974037 Vertical abc_1342_auto_rtlil_cc_2739_MuxGate_1299 Metal2 [27.515um 78um] [27.515um 78um] 0.21um rpD:0 bl:0 -X---UC---TD---------P-b-- [77.58um:78.42um] [27.305um:27.725um] 0.42um P------>
        <event:00000118 0:4.23077:0.42um> &<id:975319 Vertical abc_1342_new_n213 Metal2 [27.815um 31.5um] [27.815um 31.5um] 0.21um rpD:0 bl:0 -X---UC---TD---------Pb--- [31.0801um:31.92um] [27.605um:28.025um] 0.42um P------>
        <event:00000119 0:4.23077:0.42um> &<id:975463 Vertical abc_1342_new_n147 Metal2 [27.815um 54um] [27.815um 54um] 0.21um rpD:0 bl:0 -X---UC---TD---------P-b-- [53.5801um:54.42um] [27.605um:28.025um] 0.42um P------>
        <event:00000120 0:4.23077:0.42um> &<id:974016 Vertical abc_1342_auto_rtlil_cc_2739_MuxGate_1269 Metal2 [28.305um 20um] [28.305um 20um] 0.21um rpD:0 bl:0 -X---UC---TD---------Pb--- [19.5801um:20.42um] [28.095um:28.515um] 0.42um P------>
        <event:00000121 0:4.23077:0.42um> &<id:975916 Vertical abc_1342_new_n303 Metal2 [28.465um 66um] [28.465um 66um] 0.21um rpD:0 bl:0 -X---UC---TD---------Pb--- [65.58um:66.42um] [28.255um:28.675um] 0.42um P------>
        <event:00000122 0:4.23077:0.42um> &<id:976037 Vertical abc_1342_new_n168 Metal2 [28.755um 54.5um] [28.755um 54.5um] 0.21um rpD:0 bl:0 -X---UC---TD---------Pb--- [54.08um:54.92um] [28.545um:28.965um] 0.42um P------>
        <event:00000123 0:4.23077:0.42um> &<id:974116 Vertical abc_1342_auto_rtlil_cc_2739_MuxGate_1265 Metal2 [28.755um 30um] [28.755um 30.5um] 0.21um rpD:0 bl:0 -X---UC---TD---------P-b-- [29.5801um:30.92um] [28.545um:28.965um] 0.42um P------>
        <event:00000124 0:4.23077:0.42um> &<id:976208 Vertical n(21) Metal2 [28.905um 72um] [28.905um 72um] 0.21um rpD:0 bl:0 -X---UC---TD---------P-b-- [71.5801um:72.42um] [28.695um:29.115um] 0.42um P------>
        <event:00000125 0:4.23077:0.42um> &<id:975174 Vertical abc_1342_new_n275 Metal2 [28.965um 90um] [28.965um 90um] 0.21um rpD:0 bl:0 -X---UC---TD---------Pb--- [89.5801um:90.42um] [28.755um:29.175um] 0.42um P------>
        <event:00000126 0:4.23077:0.42um> &<id:974209 Vertical abc_1342_auto_rtlil_cc_2739_MuxGate_1305 Metal2 [29.395um 90.5um] [29.395um 90.5um] 0.21um rpD:0 bl:0 -X---UC---TD---------Pb--- [90.0801um:90.92um] [29.185um:29.605um] 0.42um P------>
        <event:00000127 0:4.23077:0.42um> &<id:976466 Vertical n(22) Metal2 [29.415um 72um] [29.415um 72um] 0.21um rpD:0 bl:0 -X---UC---TD---------P-b-- [71.5801um:72.42um] [29.205um:29.625um] 0.42um P------>
        <event:00000128 0:4.23077:0.42um> &<id:974301 Vertical clk Metal2 [29.485um 44.5um] [29.485um 44.5um] 0.21um rpD:0 bl:0 -X---UC---TD---------P-b-- [44.0801um:44.92um] [29.275um:29.695um] 0.42um P------>
        <event:00000129 0:4.23077:0.42um> &<id:975578 Vertical abc_1342_new_n126 Metal2 [29.565um 66um] [29.565um 66um] 0.21um rpD:0 bl:0 -X---UC---TD---------Pb--- [65.58um:66.42um] [29.355um:29.775um] 0.42um P------>
        <event:00000130 0:4.23077:0.42um> &<id:974788 Vertical mem_inputs(12) Metal2 [29.705um 8.5um] [29.705um 8.5um] 0.21um rpD:0 bl:0 -X---UC---TD---------Pb--- [8.0801um:8.92um] [29.495um:29.915um] 0.42um P------>
        <event:00000131 0:4.23077:0.42um> &<id:974052 Vertical abc_1342_auto_rtlil_cc_2739_MuxGate_1329 Metal2 [29.905um 61um] [29.905um 61um] 0.21um rpD:0 bl:0 -X---UC---TD---------Pb--- [60.5801um:61.42um] [29.695um:30.115um] 0.42um P------>
        <event:00000132 0:4.23077:0.42um> &<id:974086 Vertical abc_1342_auto_rtlil_cc_2739_MuxGate_1255 Metal2 [29.905um 3.5um] [29.905um 3.5um] 0.21um rpD:0 bl:0 -X---UC---TD---------Pb--- [3.0801um:3.92um] [29.695um:30.115um] 0.42um P------>
        <event:00000133 0:4.23077:0.42um> &<id:976441 Vertical n(23) Metal2 [29.925um 72um] [29.925um 72um] 0.21um rpD:0 bl:0 -X---UC---TD---------P-b-- [71.5801um:72.42um] [29.715um:30.135um] 0.42um P------>
        <event:00000134 0:4.23077:0.42um> &<id:975735 Vertical abc_1342_new_n246 Metal2 [30.355um 38.5um] [30.355um 38.5um] 0.21um rpD:0 bl:0 -X---UC---TD---------Pb--- [38.08um:38.92um] [30.145um:30.565um] 0.42um P------>
        <event:00000135 0:4.23077:0.42um> &<id:975416 Vertical abc_1342_new_n163 Metal2 [30.355um 72um] [30.355um 72um] 0.21um rpD:0 bl:0 -X---UC---TD---------Pb--- [71.5801um:72.42um] [30.145um:30.565um] 0.42um P------>
        <event:00000136 0:4.23077:0.42um> &<id:974200 Vertical abc_1342_auto_rtlil_cc_2739_MuxGate_1301 Metal2 [30.715um 83.5um] [30.715um 83.5um] 0.21um rpD:0 bl:0 -X---UC---TD---------Pb--- [83.08um:83.92um] [30.505um:30.925um] 0.42um P------>
        <event:00000137 0:4.23077:0.42um> &<id:973372 Vertical inputs(6) Metal2 [31.455um 38.5um] [31.455um 38.5um] 0.21um rpD:0 bl:0 -X---UC---TD---------Pb--- [38.08um:38.92um] [31.245um:31.665um] 0.42um P------>
        <event:00000138 0:4.23077:0.42um> &<id:973409 Vertical inputs(3) Metal2 [32.255um 32.5um] [32.255um 32.5um] 0.21um rpD:0 bl:0 -X---UC---TD---------P-b-- [32.08um:32.92um] [32.045um:32.465um] 0.42um P------>
        <event:00000139 0:4.23077:0.42um> &<id:974194 Vertical abc_1342_auto_rtlil_cc_2739_MuxGate_1297 Metal2 [32.305um 78um] [32.305um 78um] 0.21um rpD:0 bl:0 -X---UC---TD---------P-b-- [77.58um:78.42um] [32.095um:32.515um] 0.42um P------>
        <event:00000140 0:4.23077:0.42um> &<id:975856 Vertical abc_1342_new_n255 Metal2 [32.465um 56um] [32.465um 56um] 0.21um rpD:0 bl:0 -X---UC---TD---------Pb--- [55.5801um:56.42um] [32.255um:32.675um] 0.42um P------>
        <event:00000141 0:4.23077:0.42um> &<id:974807 Vertical mem_inputs(14) Metal2 [32.905um 14.5um] [32.905um 14.5um] 0.21um rpD:0 bl:0 -X---UC---TD---------P-b-- [14.0801um:14.92um] [32.695um:33.115um] 0.42um P------>
        <event:00000142 0:4.23077:0.42um> &<id:975649 Vertical abc_1342_new_n215 Metal2 [33.045um 36um] [33.045um 36.5um] 0.21um rpD:0 bl:0 -X---UC---TD---------P-b-- [35.58um:36.92um] [32.835um:33.255um] 0.42um P------>
        <event:00000143 0:4.23077:0.42um> &<id:973911 Vertical clk_root_1 Metal2 [33.335um 41.5um] [33.335um 42um] 0.21um rpD:0 bl:0 -X---UC---TD---------P-b-- [41.0801um:42.42um] [33.125um:33.545um] 0.42um P------>
        <event:00000144 0:4.23077:0.42um> &<id:974897 Vertical abc_1342_new_n181 Metal2 [33.415um 8.5um] [33.415um 8.5um] 0.21um rpD:0 bl:0 -X---UC---TD---------Pb--- [8.0801um:8.92um] [33.205um:33.625um] 0.42um P------>
        <event:00000145 0:4.23077:0.42um> &<id:975161 Vertical abc_1342_new_n274 Metal2 [33.845um 89.5um] [33.845um 89.5um] 0.21um rpD:0 bl:0 -X---UC---TD---------P-b-- [89.08um:89.92um] [33.635um:34.055um] 0.42um P------>
        <event:00000146 0:4.23077:0.42um> &<id:975678 Vertical abc_1342_new_n226 Metal2 [33.845um 31.5um] [33.845um 31.5um] 0.21um rpD:0 bl:0 -X---UC---TD---------Pb--- [31.0801um:31.92um] [33.635um:34.055um] 0.42um P------>
        <event:00000147 0:4.23077:0.42um> &<id:976040 Vertical abc_1342_new_n159 Metal2 [34.215um 54.5um] [34.215um 54.5um] 0.21um rpD:0 bl:0 -X---UC---TD---------Pb--- [54.08um:54.92um] [34.005um:34.425um] 0.42um P------>
        <event:00000148 0:4.23077:0.42um> &<id:975178 Vertical abc_1342_new_n275 Metal2 [34.355um 95um] [34.355um 95um] 0.21um rpD:0 bl:0 -X---UC---TD---------Pb--- [94.5801um:95.42um] [34.145um:34.565um] 0.42um P------>
        <event:00000149 0:4.23077:0.42um> &<id:974009 Vertical abc_1342_auto_rtlil_cc_2739_MuxGate_1249 Metal2 [34.355um 10um] [34.355um 10um] 0.21um rpD:0 bl:0 -X---UC---TD---------P-b-- [9.58um:10.42um] [34.145um:34.565um] 0.42um P------>
        <event:00000150 0:4.23077:0.42um> &<id:975164 Vertical abc_1342_new_n274 Metal2 [34.655um 89.5um] [34.655um 89.5um] 0.21um rpD:0 bl:0 -X---UC---TD---------P-b-- [89.08um:89.92um] [34.445um:34.865um] 0.42um P------>
        <event:00000151 0:4.23077:0.42um> &<id:975668 Vertical abc_1342_new_n223 Metal2 [34.655um 21um] [34.655um 21um] 0.21um rpD:0 bl:0 -X---UC---TD---------P-b-- [20.58um:21.42um] [34.445um:34.865um] 0.42um P------>
        <event:00000152 0:4.23077:0.42um> &<id:976333 Vertical n(25) Metal2 [34.925um 60.5um] [34.925um 60.5um] 0.21um rpD:0 bl:0 -X---UC---TD---------P-b-- [60.0801um:60.92um] [34.715um:35.135um] 0.42um P------>
        <event:00000153 0:4.23077:0.42um> &<id:975662 Vertical abc_1342_new_n222 Metal2 [35.305um 20um] [35.305um 20um] 0.21um rpD:0 bl:0 -X---UC---TD---------Pb--- [19.5801um:20.42um] [35.095um:35.515um] 0.42um P------>
        <event:00000154 0:4.23077:0.42um> &<id:976102 Vertical abc_1342_new_n219 Metal2 [35.455um 26.5um] [35.455um 26.5um] 0.21um rpD:0 bl:0 -X---UC---TD---------Pb--- [26.0801um:26.92um] [35.245um:35.665um] 0.42um P------>
        <event:00000155 0:4.23077:0.42um> &<id:974828 Vertical abc_1342_new_n195 Metal2 [35.455um 9um] [35.455um 9.5um] 0.21um rpD:0 bl:0 -X---UC---TD---------Pb--- [8.5801um:9.92um] [35.245um:35.665um] 0.42um P------>
        <event:00000156 0:4.23077:0.42um> &<id:974159 Vertical abc_1342_auto_rtlil_cc_2739_MuxGate_1285 Metal2 [35.505um 38um] [35.505um 38um] 0.21um rpD:0 bl:0 -X---UC---TD---------Pb--- [37.58um:38.42um] [35.295um:35.715um] 0.42um P------>
        <event:00000157 0:4.23077:0.42um> &<id:975099 Vertical abc_1342_new_n172 Metal2 [35.665um 54.5um] [35.665um 54.5um] 0.21um rpD:0 bl:0 -X---UC---TD---------Pb--- [54.08um:54.92um] [35.455um:35.875um] 0.42um P------>
        <event:00000158 0:4.23077:0.42um> &<id:975655 Vertical abc_1342_new_n221 Metal2 [35.815um 21um] [35.815um 21um] 0.21um rpD:0 bl:0 -X---UC---TD---------P-b-- [20.58um:21.42um] [35.605um:36.025um] 0.42um P------>
        <event:00000159 0:4.23077:0.42um> &<id:975181 Vertical abc_1342_new_n275 Metal2 [35.885um 95um] [35.885um 95um] 0.21um rpD:0 bl:0 -X---UC---TD---------Pb--- [94.5801um:95.42um] [35.675um:36.095um] 0.42um P------>
        <event:00000160 0:4.23077:0.42um> &<id:976336 Vertical n(25) Metal2 [36.255um 60.5um] [36.255um 60.5um] 0.21um rpD:0 bl:0 -X---UC---TD---------P-b-- [60.0801um:60.92um] [36.045um:36.465um] 0.42um P------>
        <event:00000161 0:4.23077:0.42um> &<id:973469 Vertical inputs(11) Metal2 [36.255um 2um] [36.255um 2.5um] 0.21um rpD:0 bl:0 -X---UC---TD---------P-b-- [1.5801um:2.92um] [36.045um:36.465um] 0.42um P------>
        <event:00000162 0:4.23077:0.42um> &<id:975742 Vertical abc_1342_new_n251 Metal2 [36.255um 44um] [36.255um 44um] 0.21um rpD:0 bl:0 -X---UC---TD---------P-b-- [43.5801um:44.42um] [36.045um:36.465um] 0.42um P------>
        <event:00000163 0:4.23077:0.42um> &<id:974219 Vertical abc_1342_auto_rtlil_cc_2739_MuxGate_1307 Metal2 [36.315um 95um] [36.315um 95um] 0.21um rpD:0 bl:0 -X---UC---TD---------Pb--- [94.5801um:95.42um] [36.105um:36.525um] 0.42um P------>
        <event:00000164 0:4.23077:0.42um> &<id:974841 Vertical abc_1342_new_n193 Metal2 [36.615um 8.5um] [36.615um 8.5um] 0.21um rpD:0 bl:0 -X---UC---TD---------Pb--- [8.0801um:8.92um] [36.405um:36.825um] 0.42um P------>
        <event:00000165 0:4.23077:0.42um> &<id:975435 Vertical abc_1342_new_n160 Metal2 [36.755um 72um] [36.755um 72um] 0.21um rpD:0 bl:0 -X---UC---TD---------Pb--- [71.5801um:72.42um] [36.545um:36.965um] 0.42um P------>
        <event:00000166 0:4.23077:0.42um> &<id:974019 Vertical abc_1342_auto_rtlil_cc_2739_MuxGate_1269 Metal2 [36.755um 20um] [36.755um 20um] 0.21um rpD:0 bl:0 -X---UC---TD---------Pb--- [19.5801um:20.42um] [36.545um:36.965um] 0.42um P------>
        <event:00000167 0:4.23077:0.42um> &<id:975188 Vertical abc_1342_new_n277 Metal2 [37.265um 89.5um] [37.265um 89.5um] 0.21um rpD:0 bl:0 -X---UC---TD---------P-b-- [89.08um:89.92um] [37.055um:37.475um] 0.42um P------>
        <event:00000168 0:4.23077:0.42um> &<id:976043 Vertical abc_1342_new_n159 Metal2 [37.415um 54.5um] [37.415um 54.5um] 0.21um rpD:0 bl:0 -X---UC---TD---------Pb--- [54.08um:54.92um] [37.205um:37.625um] 0.42um P------>
        <event:00000169 0:4.23077:0.42um> &<id:974122 Vertical abc_1342_auto_rtlil_cc_2739_MuxGate_1267 Metal2 [37.555um 26um] [37.555um 26um] 0.21um rpD:0 bl:0 -X---UC---TD---------P-b-- [25.5801um:26.42um] [37.345um:37.765um] 0.42um P------>
        <event:00000170 0:4.23077:0.42um> &<id:973677 Vertical outputs(4) Metal2 [37.705um 31.5um] [37.705um 31.5um] 0.21um rpD:0 bl:0 -X---UC---TD---------Pb--- [31.0801um:31.92um] [37.495um:37.915um] 0.42um P------>
        <event:00000171 0:4.23077:0.42um> &<id:975117 Vertical abc_1342_new_n170 Metal2 [37.845um 54.5um] [37.845um 54.5um] 0.21um rpD:0 bl:0 -X---UC---TD---------Pb--- [54.08um:54.92um] [37.635um:38.055um] 0.42um P------>
        <event:00000172 0:4.23077:0.42um> &<id:976166 Vertical abc_1342_new_n308 Metal2 [37.855um 66um] [37.855um 66um] 0.21um rpD:0 bl:0 -X---UC---TD---------Pb--- [65.58um:66.42um] [37.645um:38.065um] 0.42um P------>
        <event:00000173 0:4.23077:0.42um> &<id:975922 Vertical abc_1342_new_n310 Metal2 [38.285um 61.5um] [38.285um 62um] 0.21um rpD:0 bl:0 -X---UC---TD---------Pb--- [61.0801um:62.42um] [38.075um:38.495um] 0.42um P------>
        <event:00000174 0:4.23077:0.42um> &<id:975093 Vertical abc_1342_new_n173 Metal2 [38.355um 49um] [38.355um 49um] 0.21um rpD:0 bl:0 -X---UC---TD---------P-b-- [48.5801um:49.42um] [38.145um:38.565um] 0.42um P------>
        <event:00000175 0:4.23077:0.42um> &<id:973744 Vertical outputs(8) Metal2 [38.505um 19um] [38.505um 19.5um] 0.21um rpD:0 bl:0 -X---UC---TD---------P-b-- [18.5801um:19.92um] [38.295um:38.715um] 0.42um P------>
        <event:00000176 0:4.23077:0.42um> &<id:975901 Vertical abc_1342_new_n301 Metal2 [38.505um 66um] [38.505um 66um] 0.21um rpD:0 bl:0 -X---UC---TD---------P-b-- [65.58um:66.42um] [38.295um:38.715um] 0.42um P------>
        <event:00000177 0:4.23077:0.42um> &<id:975862 Vertical abc_1342_new_n261 Metal2 [38.505um 84um] [38.505um 84.5um] 0.21um rpD:0 bl:0 -X---UC---TD---------Pb--- [83.58um:84.92um] [38.295um:38.715um] 0.42um P------>
        <event:00000178 0:4.23077:0.42um> &<id:976140 Vertical abc_1342_new_n239 Metal2 [38.655um 41.5um] [38.655um 42um] 0.21um rpD:0 bl:0 -X---UC---TD---------P-b-- [41.0801um:42.42um] [38.445um:38.865um] 0.42um P------>
        <event:00000179 0:4.23077:0.42um> &<id:975585 Vertical abc_1342_new_n127 Metal2 [38.655um 54.5um] [38.655um 54.5um] 0.21um rpD:0 bl:0 -X---UC---TD---------Pb--- [54.08um:54.92um] [38.445um:38.865um] 0.42um P------>
        <event:00000180 0:4.23077:0.42um> &<id:974530 Vertical n(8) Metal2 [39.305um 78um] [39.305um 78um] 0.21um rpD:0 bl:0 -X---UC---TD---------P-b-- [77.58um:78.42um] [39.095um:39.515um] 0.42um P------>
        <event:00000181 0:4.23077:0.42um> &<id:974776 Vertical mem_inputs(11) Metal2 [39.305um 8.5um] [39.305um 8.5um] 0.21um rpD:0 bl:0 -X---UC---TD---------Pb--- [8.0801um:8.92um] [39.095um:39.515um] 0.42um P------>
        <event:00000182 0:4.23077:0.42um> &<id:975120 Vertical abc_1342_new_n170 Metal2 [39.305um 54.5um] [39.305um 54.5um] 0.21um rpD:0 bl:0 -X---UC---TD---------Pb--- [54.08um:54.92um] [39.095um:39.515um] 0.42um P------>
        <event:00000183 0:4.23077:0.42um> &<id:976172 Vertical abc_1342_new_n309 Metal2 [39.445um 66um] [39.445um 66um] 0.21um rpD:0 bl:0 -X---UC---TD---------Pb--- [65.58um:66.42um] [39.235um:39.655um] 0.42um P------>
        <event:00000184 0:4.23077:0.42um> &<id:973624 Vertical inputs(15) Metal2 [39.455um 13.5um] [39.455um 14um] 0.21um rpD:0 bl:0 -X---UC---TD---------P-b-- [13.08um:14.42um] [39.245um:39.665um] 0.42um P------>
        <event:00000185 0:4.23077:0.42um> &<id:974397 Vertical n(9) Metal2 [39.815um 78um] [39.815um 78um] 0.21um rpD:0 bl:0 -X---UC---TD---------P-b-- [77.58um:78.42um] [39.605um:40.025um] 0.42um P------>
        <event:00000186 0:4.23077:0.42um> &<id:975191 Vertical abc_1342_new_n277 Metal2 [39.885um 89.5um] [39.885um 89.5um] 0.21um rpD:0 bl:0 -X---UC---TD---------P-b-- [89.08um:89.92um] [39.675um:40.095um] 0.42um P------>
        <event:00000187 0:4.23077:0.42um> &<id:975665 Vertical abc_1342_new_n222 Metal2 [39.955um 20um] [39.955um 20um] 0.21um rpD:0 bl:0 -X---UC---TD---------Pb--- [19.5801um:20.42um] [39.745um:40.165um] 0.42um P------>
        <event:00000188 0:4.23077:0.42um> &<id:975102 Vertical abc_1342_new_n172 Metal2 [40.165um 54.5um] [40.165um 54.5um] 0.21um rpD:0 bl:0 -X---UC---TD---------Pb--- [54.08um:54.92um] [39.955um:40.375um] 0.42um P------>
        <event:00000189 0:4.23077:0.42um> &<id:975874 Vertical abc_1342_new_n262 Metal2 [40.245um 78um] [40.245um 78um] 0.21um rpD:0 bl:0 -X---UC---TD---------P-b-- [77.58um:78.42um] [40.035um:40.455um] 0.42um P------>
        <event:00000190 0:4.23077:0.42um> &<id:974867 Vertical abc_1342_new_n186 Metal2 [40.245um 4um] [40.245um 4um] 0.21um rpD:0 bl:0 -X---UC---TD---------Pb--- [3.5801um:4.42um] [40.035um:40.455um] 0.42um P------>
        <event:00000191 0:4.23077:0.42um> &<id:976280 Vertical n(12) Metal2 [40.255um 83.5um] [40.255um 83.5um] 0.21um rpD:0 bl:0 -X---UC---TD---------Pb--- [83.08um:83.92um] [40.045um:40.465um] 0.42um P------>
        <event:00000192 0:4.23077:0.42um> &<id:975697 Vertical abc_1342_new_n231 Metal2 [40.255um 31.5um] [40.255um 31.5um] 0.21um rpD:0 bl:0 -X---UC---TD---------Pb--- [31.0801um:31.92um] [40.045um:40.465um] 0.42um P------>
        <event:00000193 0:4.23077:0.42um> &<id:975419 Vertical abc_1342_new_n163 Metal2 [40.255um 72um] [40.255um 72um] 0.21um rpD:0 bl:0 -X---UC---TD---------P-b-- [71.5801um:72.42um] [40.045um:40.465um] 0.42um P------>
        <event:00000194 0:4.23077:0.42um> &<id:974844 Vertical abc_1342_new_n193 Metal2 [40.755um 8.5um] [40.755um 8.5um] 0.21um rpD:0 bl:0 -X---UC---TD---------Pb--- [8.0801um:8.92um] [40.545um:40.965um] 0.42um P------>
        <event:00000195 0:4.23077:0.42um> &<id:975487 Vertical abc_1342_new_n141 Metal2 [40.765um 84.5um] [40.765um 85um] 0.21um rpD:0 bl:0 -X---UC---TD---------Pb--- [84.08um:85.42um] [40.555um:40.975um] 0.42um P------>
        <event:00000196 0:4.23077:0.42um> &<id:975422 Vertical abc_1342_new_n162 Metal2 [40.905um 72.5um] [40.905um 73um] 0.21um rpD:0 bl:0 -X---UC---TD---------Pb--- [72.0801um:73.42um] [40.695um:41.115um] 0.42um P------>
        <event:00000197 0:4.23077:0.42um> &<id:974900 Vertical abc_1342_new_n177 Metal2 [41.045um 15.5um] [41.045um 15.5um] 0.21um rpD:0 bl:0 -X---UC---TD---------Pb--- [15.08um:15.92um] [40.835um:41.255um] 0.42um P------>
        <event:00000198 0:4.23077:0.42um> &<id:976252 Vertical n(10) Metal2 [41.055um 78um] [41.055um 78um] 0.21um rpD:0 bl:0 -X---UC---TD---------P-b-- [77.58um:78.42um] [40.845um:41.265um] 0.42um P------>
        <event:00000199 0:4.23077:0.42um> &<id:973463 Vertical inputs(10) Metal2 [41.055um 2um] [41.055um 2.5um] 0.21um rpD:0 bl:0 -X---UC---TD---------P-b-- [1.5801um:2.92um] [40.845um:41.265um] 0.42um P------>
        <event:00000200 0:4.23077:0.42um> &<id:976277 Vertical n(11) Metal2 [41.705um 78um] [41.705um 78um] 0.21um rpD:0 bl:0 -X---UC---TD---------P-b-- [77.58um:78.42um] [41.495um:41.915um] 0.42um P------>
        <event:00000201 0:4.23077:0.42um> &<id:976169 Vertical abc_1342_new_n308 Metal2 [41.845um 66um] [41.845um 66um] 0.21um rpD:0 bl:0 -X---UC---TD---------Pb--- [65.58um:66.42um] [41.635um:42.055um] 0.42um P------>
        <event:00000202 0:4.23077:0.42um> &<id:976374 Vertical n(31) Metal2 [41.855um 53.5um] [41.855um 53.5um] 0.21um rpD:0 bl:0 -X---UC---TD---------P-b-- [53.0801um:53.92um] [41.645um:42.065um] 0.42um P------>
        <event:00000203 0:4.23077:0.42um> &<id:976283 Vertical n(12) Metal2 [41.855um 83.5um] [41.855um 83.5um] 0.21um rpD:0 bl:0 -X---UC---TD---------Pb--- [83.08um:83.92um] [41.645um:42.065um] 0.42um P------>
        <event:00000204 0:4.23077:0.42um> &<id:975352 Vertical abc_1342_new_n203 Metal2 [41.855um 8.5um] [41.855um 8.5um] 0.21um rpD:0 bl:0 -X---UC---TD---------Pb--- [8.0801um:8.92um] [41.645um:42.065um] 0.42um P------>
        <event:00000205 0:4.23077:0.42um> &<id:975438 Vertical abc_1342_new_n160 Metal2 [41.925um 72um] [41.925um 72um] 0.21um rpD:0 bl:0 -X---UC---TD---------Pb--- [71.5801um:72.42um] [41.715um:42.135um] 0.42um P------>
        <event:00000206 0:4.23077:0.42um> &<id:975123 Vertical abc_1342_new_n270 Metal2 [42.135um 78um] [42.135um 78um] 0.21um rpD:0 bl:0 -X---UC---TD---------P-b-- [77.58um:78.42um] [41.925um:42.345um] 0.42um P------>
        <event:00000207 0:4.23077:0.42um> &<id:975588 Vertical abc_1342_new_n127 Metal2 [42.365um 54.5um] [42.365um 54.5um] 0.21um rpD:0 bl:0 -X---UC---TD---------Pb--- [54.08um:54.92um] [42.155um:42.575um] 0.42um P------>
        <event:00000208 0:4.23077:0.42um> &<id:973522 Vertical outputs(2) Metal2 [42.505um 26um] [42.505um 26um] 0.21um rpD:0 bl:0 -X---UC---TD---------P-b-- [25.5801um:26.42um] [42.295um:42.715um] 0.42um P------>
        <event:00000209 0:4.23077:0.42um> &<id:976175 Vertical abc_1342_new_n309 Metal2 [42.655um 66um] [42.655um 66um] 0.21um rpD:0 bl:0 -X---UC---TD---------Pb--- [65.58um:66.42um] [42.445um:42.865um] 0.42um P------>
        <event:00000210 0:4.23077:0.42um> &<id:975413 Vertical abc_1342_new_n164 Metal2 [42.865um 70.5um] [42.865um 71um] 0.21um rpD:0 bl:0 -X---UC---TD---------P-b-- [70.08um:71.42um] [42.655um:43.075um] 0.42um P------>
        <event:00000211 0:4.23077:0.42um> &<id:975362 Vertical abc_1342_new_n201 Metal2 [43.015um 9um] [43.015um 9.5um] 0.21um rpD:0 bl:0 -X---UC---TD---------Pb--- [8.5801um:9.92um] [42.805um:43.225um] 0.42um P------>
        <event:00000212 0:4.23077:0.42um> &<id:974821 Vertical abc_1342_new_n197 Metal2 [43.015um 15um] [43.015um 15um] 0.21um rpD:0 bl:0 -X---UC---TD---------Pb--- [14.5801um:15.42um] [42.805um:43.225um] 0.42um P------>
        <event:00000213 0:4.23077:0.42um> &<id:973790 Vertical clk_root_2 Metal2 [43.085um 95um] [43.085um 95um] 0.21um rpD:0 bl:0 -X---UC---TD---------Pb--- [94.5801um:95.42um] [42.875um:43.295um] 0.42um P------>
        <event:00000214 0:4.23077:0.42um> &<id:973609 Vertical inputs(14) Metal2 [43.455um 3um] [43.455um 3um] 0.21um rpD:0 bl:0 -X---UC---TD---------P-b-- [2.58um:3.42um] [43.245um:43.665um] 0.42um P------>
        <event:00000215 0:4.23077:0.42um> &<id:975235 Vertical abc_1342_new_n285 Metal2 [43.455um 89.5um] [43.455um 89.5um] 0.21um rpD:0 bl:0 -X---UC---TD---------P-b-- [89.08um:89.92um] [43.245um:43.665um] 0.42um P------>
        <event:00000216 0:4.23077:0.42um> &<id:974172 Vertical abc_1342_auto_rtlil_cc_2739_MuxGate_1291 Metal2 [43.515um 49.5um] [43.515um 49.5um] 0.21um rpD:0 bl:0 -X---UC---TD---------Pb--- [49.08um:49.92um] [43.305um:43.725um] 0.42um P------>
        <event:00000217 0:4.23077:0.42um> &<id:974002 Vertical abc_1342_auto_rtlil_cc_2739_MuxGate_1259 Metal2 [43.955um 10um] [43.955um 10um] 0.21um rpD:0 bl:0 -X---UC---TD---------P-b-- [9.58um:10.42um] [43.745um:44.165um] 0.42um P------>
        <event:00000218 0:4.23077:0.42um> &<id:974079 Vertical abc_1342_auto_rtlil_cc_2739_MuxGate_1257 Metal2 [43.955um 15.5um] [43.955um 15.5um] 0.21um rpD:0 bl:0 -X---UC---TD---------Pb--- [15.08um:15.92um] [43.745um:44.165um] 0.42um P------>
        <event:00000219 0:4.23077:0.42um> &<id:975247 Vertical abc_1342_new_n291 Metal2 [44.255um 79um] [44.255um 79um] 0.21um rpD:0 bl:0 -X---UC---TD---------Pb--- [78.58um:79.42um] [44.045um:44.465um] 0.42um P------>
        <event:00000220 0:4.23077:0.42um> &<id:974276 Vertical abc_1342_auto_rtlil_cc_2739_MuxGate_1333 Metal2 [44.315um 56um] [44.315um 56um] 0.21um rpD:0 bl:0 -X---UC---TD---------P-b-- [55.5801um:56.42um] [44.105um:44.525um] 0.42um P------>
        <event:00000221 0:4.23077:0.42um> &<id:974881 Vertical abc_1342_new_n183 Metal2 [45.045um 4um] [45.045um 4um] 0.21um rpD:0 bl:0 -X---UC---TD---------Pb--- [3.5801um:4.42um] [44.835um:45.255um] 0.42um P------>
        <event:00000222 0:4.23077:0.42um> &<id:974240 Vertical abc_1342_auto_rtlil_cc_2739_MuxGate_1317 Metal2 [45.105um 72.5um] [45.105um 73um] 0.21um rpD:0 bl:0 -X---UC---TD---------Pb--- [72.0801um:73.42um] [44.895um:45.315um] 0.42um P------>
        <event:00000223 0:4.23077:0.42um> &<id:975126 Vertical abc_1342_new_n270 Metal2 [45.415um 78um] [45.415um 78um] 0.21um rpD:0 bl:0 -X---UC---TD---------P-b-- [77.58um:78.42um] [45.205um:45.625um] 0.42um P------>
        <event:00000224 0:4.23077:0.42um> &<id:976361 Vertical n(24) Metal2 [45.855um 66um] [45.855um 66um] 0.21um rpD:0 bl:0 -X---UC---TD---------P-b-- [65.58um:66.42um] [45.645um:46.065um] 0.42um P------>
        <event:00000225 0:4.23077:0.42um> &<id:975334 Vertical abc_1342_new_n207 Metal2 [45.855um 3um] [45.855um 3um] 0.21um rpD:0 bl:0 -X---UC---TD---------P-b-- [2.58um:3.42um] [45.645um:46.065um] 0.42um P------>
        <event:00000226 0:4.23077:0.42um> &<id:975877 Vertical abc_1342_new_n262 Metal2 [45.925um 78um] [45.925um 78um] 0.21um rpD:0 bl:0 -X---UC---TD---------P-b-- [77.58um:78.42um] [45.715um:46.135um] 0.42um P------>
        <event:00000227 0:4.23077:0.42um> &<id:975241 Vertical abc_1342_new_n286 Metal2 [46.065um 89.5um] [46.065um 89.5um] 0.21um rpD:0 bl:0 -X---UC---TD---------P-b-- [89.08um:89.92um] [45.855um:46.275um] 0.42um P------>
        <event:00000228 0:4.23077:0.42um> &<id:975447 Vertical abc_1342_new_n147 Metal2 [46.205um 43um] [46.205um 43um] 0.21um rpD:0 bl:0 -X---UC---TD---------Pb--- [42.58um:43.42um] [45.995um:46.415um] 0.42um P------>
        <event:00000229 0:4.23077:0.42um> &<id:974725 Vertical init Metal2 [46.215um 8.5um] [46.215um 8.5um] 0.21um rpD:0 bl:0 -X---UC---TD---------Pb--- [8.0801um:8.92um] [46.005um:46.425um] 0.42um P------>
        <event:00000230 0:4.23077:0.42um> &<id:975289 Vertical abc_1342_new_n292 Metal2 [46.355um 76.5um] [46.355um 76.5um] 0.21um rpD:0 bl:0 -X---UC---TD---------P-b-- [76.0801um:76.92um] [46.145um:46.565um] 0.42um P------>
        <event:00000231 0:4.23077:0.42um> &<id:976346 Vertical n(25) Metal2 [46.505um 66um] [46.505um 66um] 0.21um rpD:0 bl:0 -X---UC---TD---------Pb--- [65.58um:66.42um] [46.295um:46.715um] 0.42um P------>
        <event:00000232 0:4.23077:0.42um> &<id:974489 Vertical n(6) Metal2 [46.655um 50um] [46.655um 50um] 0.21um rpD:0 bl:0 -X---UC---TD---------Pb--- [49.58um:50.42um] [46.445um:46.865um] 0.42um P------>
        <event:00000233 0:4.23077:0.42um> &<id:975681 Vertical abc_1342_new_n226 Metal2 [47.305um 31.5um] [47.305um 31.5um] 0.21um rpD:0 bl:0 -X---UC---TD---------Pb--- [31.0801um:31.92um] [47.095um:47.515um] 0.42um P------>
        <event:00000234 0:4.23077:0.42um> &<id:976308 Vertical n(27) Metal2 [47.525um 66um] [47.525um 66um] 0.21um rpD:0 bl:0 -X---UC---TD---------Pb--- [65.58um:66.42um] [47.315um:47.735um] 0.42um P------>
        <event:00000235 0:4.23077:0.42um> &<id:974072 Vertical abc_1342_auto_rtlil_cc_2739_MuxGate_1261 Metal2 [47.955um 4um] [47.955um 4um] 0.21um rpD:0 bl:0 -X---UC---TD---------Pb--- [3.5801um:4.42um] [47.745um:48.165um] 0.42um P------>
        <event:00000236 0:4.23077:0.42um> &<id:975441 Vertical abc_1342_new_n157 Metal2 [48.105um 54.5um] [48.105um 54.5um] 0.21um rpD:0 bl:0 -X---UC---TD---------Pb--- [54.08um:54.92um] [47.895um:48.315um] 0.42um P------>
        <event:00000237 0:4.23077:0.42um> &<id:975710 Vertical abc_1342_new_n235 Metal2 [48.255um 26.5um] [48.255um 26.5um] 0.21um rpD:0 bl:0 -X---UC---TD---------Pb--- [26.0801um:26.92um] [48.045um:48.465um] 0.42um P------>
        <event:00000238 0:4.23077:0.42um> &<id:974980 Vertical abc_1342_new_n175 Metal2 [48.255um 8.5um] [48.255um 8.5um] 0.21um rpD:0 bl:0 -X---UC---TD---------Pb--- [8.0801um:8.92um] [48.045um:48.465um] 0.42um P------>
        <event:00000239 0:4.23077:0.42um> &<id:974125 Vertical abc_1342_auto_rtlil_cc_2739_MuxGate_1271 Metal2 [48.755um 31.5um] [48.755um 31.5um] 0.21um rpD:0 bl:0 -X---UC---TD---------Pb--- [31.0801um:31.92um] [48.545um:48.965um] 0.42um P------>
        <event:00000240 0:4.23077:0.42um> &<id:974747 Vertical mem_inputs(8) Metal2 [48.905um 9um] [48.905um 9.5um] 0.21um rpD:0 bl:0 -X---UC---TD---------Pb--- [8.5801um:9.92um] [48.695um:49.115um] 0.42um P------>
        <event:00000241 0:4.23077:0.42um> &<id:975395 Vertical abc_1342_new_n164 Metal2 [48.905um 49.5um] [48.905um 49.5um] 0.21um rpD:0 bl:0 -X---UC---TD---------Pb--- [49.08um:49.92um] [48.695um:49.115um] 0.42um P------>
        <event:00000242 0:4.23077:0.42um> &<id:976658 Vertical one_0 Metal2 [49.055um 3um] [49.055um 3um] 0.21um rpD:0 bl:0 -X---UC---TD---------P-b-- [2.58um:3.42um] [48.845um:49.265um] 0.42um P------>
        <event:00000243 0:4.23077:0.42um> &<id:976311 Vertical n(27) Metal2 [49.055um 66um] [49.055um 66um] 0.21um rpD:0 bl:0 -X---UC---TD---------Pb--- [65.58um:66.42um] [48.845um:49.265um] 0.42um P------>
        <event:00000244 0:4.23077:0.42um> &<id:974728 Vertical init Metal2 [49.415um 8.5um] [49.415um 8.5um] 0.21um rpD:0 bl:0 -X---UC---TD---------Pb--- [8.0801um:8.92um] [49.205um:49.625um] 0.42um P------>
        <event:00000245 0:4.23077:0.42um> &<id:973914 Vertical clk_root_1 Metal2 [50.285um 31.5um] [50.285um 31.5um] 0.21um rpD:0 bl:0 -X---UC---TD---------Pb--- [31.0801um:31.92um] [50.075um:50.495um] 0.42um P------>
        <event:00000246 0:4.23077:0.42um> &<id:976025 Vertical abc_1342_new_n169 Metal2 [50.355um 49um] [50.355um 49um] 0.21um rpD:0 bl:0 -X---UC---TD---------P-b-- [48.5801um:49.42um] [50.145um:50.565um] 0.42um P------>
        <event:00000247 0:4.23077:0.42um> &<id:974137 Vertical abc_1342_auto_rtlil_cc_2739_MuxGate_1275 Metal2 [50.355um 26um] [50.355um 26um] 0.21um rpD:0 bl:0 -X---UC---TD---------P-b-- [25.5801um:26.42um] [50.145um:50.565um] 0.42um P------>
        <event:00000248 0:4.23077:0.42um> &<id:974758 Vertical mem_inputs(10) Metal2 [50.925um 20um] [50.925um 20um] 0.21um rpD:0 bl:0 -X---UC---TD---------Pb--- [19.5801um:20.42um] [50.715um:51.135um] 0.42um P------>
        <event:00000249 0:4.23077:0.42um> &<id:975142 Vertical abc_1342_new_n271 Metal2 [51.305um 94um] [51.305um 94.5um] 0.21um rpD:0 bl:0 -X---UC---TD---------P-b-- [93.58um:94.92um] [51.095um:51.515um] 0.42um P------>
        <event:00000250 0:4.23077:0.42um> &<id:975238 Vertical abc_1342_new_n285 Metal2 [51.445um 89.5um] [51.445um 89.5um] 0.21um rpD:0 bl:0 -X---UC---TD---------P-b-- [89.08um:89.92um] [51.235um:51.655um] 0.42um P------>
        <event:00000251 0:4.23077:0.42um> &<id:974128 Vertical abc_1342_auto_rtlil_cc_2739_MuxGate_1271 Metal2 [51.505um 31.5um] [51.505um 31.5um] 0.21um rpD:0 bl:0 -X---UC---TD---------Pb--- [31.0801um:31.92um] [51.295um:51.715um] 0.42um P------>
        <event:00000252 0:4.23077:0.42um> &<id:973981 Vertical clk_root_0 Metal2 [51.885um 8.5um] [51.885um 8.5um] 0.21um rpD:0 bl:0 -X---UC---TD---------Pb--- [8.0801um:8.92um] [51.675um:52.095um] 0.42um P------>
        <event:00000253 0:4.23077:0.42um> &<id:976005 Vertical abc_1342_new_n288 Metal2 [51.885um 79um] [51.885um 79um] 0.21um rpD:0 bl:0 -X---UC---TD---------Pb--- [78.58um:79.42um] [51.675um:52.095um] 0.42um P------>
        <event:00000254 0:4.23077:0.42um> &<id:975623 Vertical abc_1342_new_n135 Metal2 [51.965um 84.5um] [51.965um 85um] 0.21um rpD:0 bl:0 -X---UC---TD---------Pb--- [84.08um:85.42um] [51.755um:52.175um] 0.42um P------>
        <event:00000255 0:4.23077:0.42um> &<id:976028 Vertical abc_1342_new_n169 Metal2 [52.105um 49um] [52.105um 49um] 0.21um rpD:0 bl:0 -X---UC---TD---------P-b-- [48.5801um:49.42um] [51.895um:52.315um] 0.42um P------>
        <event:00000256 0:4.23077:0.42um> &<id:976661 Vertical one_0 Metal2 [52.305um 3um] [52.305um 3um] 0.21um rpD:0 bl:0 -X---UC---TD---------P-b-- [2.58um:3.42um] [52.095um:52.515um] 0.42um P------>
        <event:00000257 0:4.23077:0.42um> &<id:975216 Vertical abc_1342_new_n282 Metal2 [52.685um 90.5um] [52.685um 90.5um] 0.21um rpD:0 bl:0 -X---UC---TD---------Pb--- [90.0801um:90.92um] [52.475um:52.895um] 0.42um P------>
        <event:00000258 0:4.23077:0.42um> &<id:975096 Vertical abc_1342_new_n173 Metal2 [52.965um 49um] [52.965um 49um] 0.21um rpD:0 bl:0 -X---UC---TD---------P-b-- [48.5801um:49.42um] [52.755um:53.175um] 0.42um P------>
        <event:00000259 0:4.23077:0.42um> &<id:975232 Vertical abc_1342_new_n283 Metal2 [53.265um 93.5um] [53.265um 94um] 0.21um rpD:0 bl:0 -X---UC---TD---------P-b-- [93.08um:94.42um] [53.055um:53.475um] 0.42um P------>
        <event:00000260 0:4.23077:0.42um> &<id:975684 Vertical abc_1342_new_n227 Metal2 [53.555um 27um] [53.555um 27um] 0.21um rpD:0 bl:0 -X---UC---TD---------Pb--- [26.58um:27.42um] [53.345um:53.765um] 0.42um P------>
        <event:00000261 0:4.23077:0.42um> &<id:975963 Vertical abc_1342_new_n317 Metal2 [54.655um 49.5um] [54.655um 49.5um] 0.21um rpD:0 bl:0 -X---UC---TD---------Pb--- [49.08um:49.92um] [54.445um:54.865um] 0.42um P------>
        <event:00000262 0:4.23077:0.42um> &<id:974228 Vertical abc_1342_auto_rtlil_cc_2739_MuxGate_1313 Metal2 [54.705um 83.5um] [54.705um 83.5um] 0.21um rpD:0 bl:0 -X---UC---TD---------Pb--- [83.08um:83.92um] [54.495um:54.915um] 0.42um P------>
        <event:00000263 0:4.23077:0.42um> &<id:976510 Vertical n(19) Metal2 [55.455um 73um] [55.455um 73.5um] 0.21um rpD:0 bl:0 -X---UC---TD---------Pb--- [72.58um:73.92um] [55.245um:55.665um] 0.42um P------>
        <event:00000264 0:4.23077:0.42um> &<id:973502 Vertical outputs(1) Metal2 [56.105um 19um] [56.105um 19.5um] 0.21um rpD:0 bl:0 -X---UC---TD---------P-b-- [18.5801um:19.92um] [55.895um:56.315um] 0.42um P------>
        <event:00000265 0:4.23077:0.42um> &<id:975581 Vertical abc_1342_new_n127 Metal2 [56.165um 50um] [56.165um 50um] 0.21um rpD:0 bl:0 -X---UC---TD---------Pb--- [49.58um:50.42um] [55.955um:56.375um] 0.42um P------>
        <event:00000266 0:4.23077:0.42um> &<id:974140 Vertical abc_1342_auto_rtlil_cc_2739_MuxGate_1275 Metal2 [56.305um 26um] [56.305um 26um] 0.21um rpD:0 bl:0 -X---UC---TD---------P-b-- [25.5801um:26.42um] [56.095um:56.515um] 0.42um P------>
        <event:00000267 0:4.23077:0.42um> &<id:975244 Vertical abc_1342_new_n286 Metal2 [56.685um 89.5um] [56.685um 89.5um] 0.21um rpD:0 bl:0 -X---UC---TD---------P-b-- [89.08um:89.92um] [56.475um:56.895um] 0.42um P------>
        <event:00000268 0:4.23077:0.42um> &<id:976426 Vertical n(28) Metal2 [57.325um 65um] [57.325um 65um] 0.21um rpD:0 bl:0 -X---UC---TD---------P-b-- [64.58um:65.42um] [57.115um:57.535um] 0.42um P------>
        <event:00000269 0:4.23077:0.42um> &<id:975703 Vertical abc_1342_new_n234 Metal2 [57.555um 21.5um] [57.555um 21.5um] 0.21um rpD:0 bl:0 -X---UC---TD---------P-b-- [21.0801um:21.92um] [57.345um:57.765um] 0.42um P------>
        <event:00000270 0:4.23077:0.42um> &<id:975067 Vertical abc_1342_new_n174 Metal2 [57.855um 30.5um] [57.855um 31um] 0.21um rpD:0 bl:0 -X---UC---TD---------P-b-- [30.08um:31.42um] [57.645um:58.065um] 0.42um P------>
        <event:00000271 0:4.23077:0.42um> &<id:973680 Vertical outputs(5) Metal2 [58.505um 31.5um] [58.505um 31.5um] 0.21um rpD:0 bl:0 -X---UC---TD---------Pb--- [31.0801um:31.92um] [58.295um:58.715um] 0.42um P------>
        <event:00000272 0:4.23077:0.42um> &<id:974063 Vertical abc_1342_auto_rtlil_cc_2739_MuxGate_1339 Metal2 [58.715um 47.5um] [58.715um 48um] 0.21um rpD:0 bl:0 -X---UC---TD---------P-b-- [47.08um:48.42um] [58.505um:58.925um] 0.42um P------>
        <event:00000273 0:4.23077:0.42um> &<id:975595 Vertical abc_1342_new_n130 Metal2 [59.165um 67.5um] [59.165um 67.5um] 0.21um rpD:0 bl:0 -X---UC---TD---------Pb--- [67.0801um:67.92um] [58.955um:59.375um] 0.42um P------>
        <event:00000274 0:4.23077:0.42um> &<id:973447 Vertical inputs(0) Metal2 [59.515um 21um] [59.515um 21um] 0.21um rpD:0 bl:0 -X---UC---TD---------P-b-- [20.58um:21.42um] [59.305um:59.725um] 0.42um P------>
        <event:00000275 0:4.23077:0.42um> &<id:976377 Vertical n(31) Metal2 [59.525um 54.5um] [59.525um 54.5um] 0.21um rpD:0 bl:0 -X---UC---TD---------Pb--- [54.08um:54.92um] [59.315um:59.735um] 0.42um P------>
        <event:00000276 0:4.23077:0.42um> &<id:975444 Vertical abc_1342_new_n157 Metal2 [59.955um 54.5um] [59.955um 54.5um] 0.21um rpD:0 bl:0 -X---UC---TD---------Pb--- [54.08um:54.92um] [59.745um:60.165um] 0.42um P------>
        <event:00000277 0:4.23077:0.42um> &<id:973683 Vertical outputs(5) Metal2 [61.915um 31.5um] [61.915um 31.5um] 0.21um rpD:0 bl:0 -X---UC---TD---------Pb--- [31.0801um:31.92um] [61.705um:62.125um] 0.42um P------>
        <event:00000278 0:4.23077:0.42um> &<id:974231 Vertical abc_1342_auto_rtlil_cc_2739_MuxGate_1313 Metal2 [61.915um 83.5um] [61.915um 83.5um] 0.21um rpD:0 bl:0 -X---UC---TD---------Pb--- [83.08um:83.92um] [61.705um:62.125um] 0.42um P------>
        <event:00000279 0:4.23077:0.42um> &<id:976567 Vertical n(16) Metal2 [62.125um 95um] [62.125um 95um] 0.21um rpD:0 bl:0 -X---UC---TD---------Pb--- [94.5801um:95.42um] [61.915um:62.335um] 0.42um P------>
        <event:00000280 0:798.337:2.5um> &<id:973550 Vertical outputs(10) Metal3 [0.5um 20um] [0.5um 22um] 0.29um rpD:1 bl:0 -X----C-----W---------bb-- [19.75um:22.25um] [19.75um:22.25um] 2.5um ------->
        <event:00000281 0:146:0.715um> &<id:974779 Horizontal mem_inputs(12) Metal2 [24.19um 4um] [24.695um 4um] 0.29um rpD:0 bl:0 ---a-UC---T-----------tb-- [24.085um:24.8um] [24.085um:24.8um] 0.715um ------->
        <event:00000282 0:146:0.715um> &<id:975980 Horizontal abc_1342_new_n198 Metal2 [42.265um 4um] [42.77um 4um] 0.29um rpD:0 bl:0 ---a-UC---T-----------tb-- [42.16um:42.875um] [42.16um:42.875um] 0.715um ------->
        <event:00000283 0:146:0.715um> &<id:974864 Horizontal abc_1342_new_n187 Metal2 [11.64um 13.5um] [12.145um 13.5um] 0.29um rpD:0 bl:0 ---a-UC---T-----------bt-- [11.535um:12.25um] [11.535um:12.25um] 0.715um ------->
        <event:00000284 0:146:0.715um> &<id:974773 Horizontal mem_inputs(11) Metal2 [35.67um 13.5um] [36.175um 13.5um] 0.29um rpD:0 bl:0 ---a-UC---T-----------bt-- [35.565um:36.28um] [35.565um:36.28um] 0.715um ------->
        <event:00000285 0:146:0.715um> &<id:973970 Horizontal clk_root_0 Metal2 [45.195um 14.5um] [45.7um 14.5um] 0.29um rpD:0 bl:0 ---a-UC---T-----------bt-- [45.09um:45.805um] [45.09um:45.805um] 0.715um ------->
        <event:00000286 0:146:0.715um> &<id:973483 Horizontal outputs(0) Metal2 [62.695um 14.5um] [63.2um 14.5um] 0.29um rpD:0 bl:0 ---a-UC---T-----------tb-- [62.59um:63.305um] [62.59um:63.305um] 0.715um ------->
        <event:00000287 0:146:0.715um> &<id:973696 Horizontal outputs(6) Metal2 [37.805um 15.5um] [38.31um 15.5um] 0.29um rpD:0 bl:0 ---a-UC---T-----------tb-- [37.7um:38.415um] [37.7um:38.415um] 0.715um ------->
        <event:00000288 0:146:0.715um> &<id:973999 Horizontal clk_root_0 Metal2 [2.765um 30.5um] [3.27um 30.5um] 0.29um rpD:0 bl:0 ---a-UC---T-----------tb-- [2.66um:3.375um] [2.66um:3.375um] 0.715um ------->
        <event:00000289 0:146:0.715um> &<id:975672 Horizontal abc_1342_new_n223 Metal2 [31.14um 30.5um] [31.645um 30.5um] 0.29um rpD:0 bl:0 ---a-UC---T-----------bt-- [31.035um:31.75um] [31.035um:31.75um] 0.715um ------->
        <event:00000290 0:146:0.715um> &<id:973493 Horizontal outputs(0) Metal2 [63.325um 36.5um] [63.83um 36.5um] 0.29um rpD:0 bl:0 ---a-UC---T-----------tb-- [63.22um:63.935um] [63.22um:63.935um] 0.715um ------->
        <event:00000291 0:146:0.715um> &<id:974436 Horizontal n(3) Metal2 [40.23um 37.5um] [40.735um 37.5um] 0.29um rpD:0 bl:0 ---a-UC---T-----------tb-- [40.125um:40.84um] [40.125um:40.84um] 0.715um ------->
        <event:00000292 0:146:0.715um> &<id:975494 Horizontal abc_1342_new_n122 Metal2 [2.725um 38.5um] [3.23um 38.5um] 0.29um rpD:0 bl:0 ---a-UC---T-----------tb-- [2.62um:3.335um] [2.62um:3.335um] 0.715um ------->
        <event:00000293 0:146:0.715um> &<id:974365 Horizontal n(1) Metal2 [16um 38.5um] [16.255um 38.5um] 0.29um rpD:0 bl:0 -----UC---T-----------tb-- [15.75um:16.465um] [15.75um:16.465um] 0.715um ------->
        <event:00000294 0:146:0.715um> &<id:974318 Horizontal n(4) Metal2 [22.64um 43um] [23.145um 43um] 0.29um rpD:0 bl:0 ---a-UC---T-----------bt-- [22.535um:23.25um] [22.535um:23.25um] 0.715um ------->
        <event:00000295 0:146:0.715um> &<id:976396 Horizontal n(29) Metal2 [63.325um 44.5um] [63.83um 44.5um] 0.29um rpD:0 bl:0 ---a-UC---T-----------tb-- [63.22um:63.935um] [63.22um:63.935um] 0.715um ------->
        <event:00000296 0:146:0.715um> &<id:975746 Horizontal abc_1342_new_n251 Metal2 [24.16um 48um] [24.665um 48um] 0.29um rpD:0 bl:0 ---a-UC---T-----------bt-- [24.055um:24.77um] [24.055um:24.77um] 0.715um ------->
        <event:00000297 0:146:0.715um> &<id:974975 Horizontal abc_1342_new_n175 Metal2 [53.14um 48um] [53.645um 48um] 0.29um rpD:0 bl:0 ---a-UC---T-----------bt-- [53.035um:53.75um] [53.035um:53.75um] 0.715um ------->
        <event:00000298 0:146:0.715um> &<id:976060 Horizontal abc_1342_new_n159 Metal2 [48.73um 53.5um] [49.235um 53.5um] 0.29um rpD:0 bl:0 ---a-UC---T-----------tb-- [48.625um:49.34um] [48.625um:49.34um] 0.715um ------->
        <event:00000299 0:146:0.715um> &<id:975080 Horizontal abc_1342_new_n174 Metal2 [40.265um 54.5um] [40.77um 54.5um] 0.29um rpD:0 bl:0 ---a-UC---T-----------tb-- [40.16um:40.875um] [40.16um:40.875um] 0.715um ------->
        <event:00000300 0:146:0.715um> &<id:975957 Horizontal abc_1342_new_n315 Metal2 [61.155um 56um] [61.66um 56um] 0.29um rpD:0 bl:0 ---a-UC---T-----------bt-- [61.05um:61.765um] [61.05um:61.765um] 0.715um ------->
        <event:00000301 0:146:0.715um> &<id:973798 Horizontal clk_root_2 Metal2 [9.165um 60.5um] [9.67um 60.5um] 0.29um rpD:0 bl:0 ---a-UC---T-----------bt-- [9.06um:9.775um] [9.06um:9.775um] 0.715um ------->
        <event:00000302 0:146:0.715um> &<id:976340 Horizontal n(25) Metal2 [34.82um 61.5um] [35.325um 61.5um] 0.29um rpD:0 bl:0 ---a-UC---T-----------bt-- [34.715um:35.43um] [34.715um:35.43um] 0.715um ------->
        <event:00000303 0:146:0.715um> &<id:973793 Horizontal clk_root_2 Metal2 [9.165um 65um] [9.67um 65um] 0.29um rpD:0 bl:0 ---a-UC---T-----------bt-- [9.06um:9.775um] [9.06um:9.775um] 0.715um ------->
        <event:00000304 0:146:0.715um> &<id:976352 Horizontal n(24) Metal2 [28.745um 66um] [29.25um 66um] 0.29um rpD:0 bl:0 ---a-UC---T-----------tb-- [28.64um:29.355um] [28.64um:29.355um] 0.715um ------->
        <event:00000305 0:146:0.715um> &<id:976513 Horizontal n(19) Metal2 [49.79um 72um] [50.295um 72um] 0.29um rpD:0 bl:0 ---a-UC---T-----------tb-- [49.685um:50.4um] [49.685um:50.4um] 0.715um ------->
        <event:00000306 0:146:0.715um> &<id:975884 Horizontal abc_1342_new_n263 Metal2 [24.16um 82.5um] [24.665um 82.5um] 0.29um rpD:0 bl:0 ---a-UC---T-----------bt-- [24.055um:24.77um] [24.055um:24.77um] 0.715um ------->
        <event:00000307 0:146:0.715um> &<id:976537 Horizontal n(18) Metal2 [51.14um 82.5um] [51.645um 82.5um] 0.29um rpD:0 bl:0 ---a-UC---T-----------bt-- [51.035um:51.75um] [51.035um:51.75um] 0.715um ------->
        <event:00000308 0:146:0.715um> &<id:974517 Horizontal n(8) Metal2 [8.755um 83.5um] [9.26um 83.5um] 0.29um rpD:0 bl:0 ---a-UC---T-----------tb-- [8.65um:9.365um] [8.65um:9.365um] 0.715um ------->
        <event:00000309 0:146:0.715um> &<id:976305 Horizontal n(12) Metal2 [44.72um 84.5um] [45.225um 84.5um] 0.29um rpD:0 bl:0 ---a-UC---T-----------tb-- [44.615um:45.33um] [44.615um:45.33um] 0.715um ------->
        <event:00000310 0:146:0.715um> &<id:975627 Horizontal abc_1342_new_n135 Metal2 [58.68um 88um] [59.185um 88um] 0.29um rpD:0 bl:0 ---a-UC---T-----------tb-- [58.575um:59.29um] [58.575um:59.29um] 0.715um ------->
        <event:00000311 0:146:0.715um> &<id:976647 Horizontal n(13) Metal2 [22.64um 94um] [23.145um 94um] 0.29um rpD:0 bl:0 ---a-UC---T-----------bt-- [22.535um:23.25um] [22.535um:23.25um] 0.715um ------->
        <event:00000312 0:146:0.715um> &<id:976625 Horizontal n(14) Metal2 [30.64um 94um] [31.145um 94um] 0.29um rpD:0 bl:0 ---a-UC---T-----------bt-- [30.535um:31.25um] [30.535um:31.25um] 0.715um ------->
        <event:00000313 0:146:0.715um> &<id:976093 Horizontal abc_1342_new_n139 Metal2 [37.805um 94um] [38.31um 94um] 0.29um rpD:0 bl:0 ---a-UC---T-----------tb-- [37.7um:38.415um] [37.7um:38.415um] 0.715um ------->
        <event:00000314 0:118.5:0.715um> &<id:973605 Horizontal inputs(13) Metal2 [38.305um 3um] [38.81um 3um] 0.29um rpD:0 bl:0 ---a-UC---T-----------tb-- [38.2um:38.915um] [38.2um:38.915um] 0.715um ------->
        <event:00000315 0:118.5:0.715um> &<id:974733 Horizontal init Metal2 [58.72um 20um] [59.225um 20um] 0.29um rpD:0 bl:0 ---a-UC---T-----------tb-- [58.615um:59.33um] [58.615um:59.33um] 0.715um ------->
        <event:00000316 0:118.5:0.715um> &<id:973422 Horizontal inputs(2) Metal2 [16.735um 32.5um] [17.24um 32.5um] 0.29um rpD:0 bl:0 ---a-UC---T-----------tb-- [16.63um:17.345um] [16.63um:17.345um] 0.715um ------->
        <event:00000317 0:118.5:0.715um> &<id:974556 Horizontal n(0) Metal2 [12.72um 42um] [13.225um 42um] 0.29um rpD:0 bl:0 ---a-UC---T-----------tb-- [12.615um:13.33um] [12.615um:13.33um] 0.715um ------->
        <event:00000318 0:118.5:0.715um> &<id:975398 Horizontal abc_1342_new_n164 Metal2 [36.68um 48.5um] [37.185um 48.5um] 0.29um rpD:0 bl:0 ---a-UC---T-----------bt-- [36.575um:37.29um] [36.575um:37.29um] 0.715um ------->
        <event:00000319 0:118.5:0.715um> &<id:976050 Horizontal abc_1342_new_n159 Metal2 [37.185um 48.5um] [37.69um 48.5um] 0.29um rpD:0 bl:0 ---a-UC---T-----------bt-- [37.08um:37.795um] [37.08um:37.795um] 0.715um ------->
        <event:00000320 0:118.5:0.715um> &<id:976383 Horizontal n(30) Metal2 [55.2um 48.5um] [55.705um 48.5um] 0.29um rpD:0 bl:0 ---a-UC---T-----------bt-- [55.095um:55.81um] [55.095um:55.81um] 0.715um ------->
        <event:00000321 0:118.5:0.715um> &<id:976393 Horizontal n(30) Metal2 [58.685um 53.5um] [59.19um 53.5um] 0.29um rpD:0 bl:0 ---a-UC---T-----------tb-- [58.58um:59.295um] [58.58um:59.295um] 0.715um ------->
        <event:00000322 0:118.5:0.715um> &<id:976047 Horizontal abc_1342_new_n159 Metal2 [37.185um 54um] [37.69um 54um] 0.29um rpD:0 bl:0 ---a-UC---T-----------bt-- [37.08um:37.795um] [37.08um:37.795um] 0.715um ------->
        <event:00000323 0:118.5:0.715um> &<id:975409 Horizontal abc_1342_new_n164 Metal2 [36.68um 56um] [37.185um 56um] 0.29um rpD:0 bl:0 ---a-UC---T-----------bt-- [36.575um:37.29um] [36.575um:37.29um] 0.715um ------->
        <event:00000324 0:118.5:0.715um> &<id:975602 Horizontal abc_1342_new_n131 Metal2 [16.735um 61um] [17.24um 61um] 0.29um rpD:0 bl:0 ---a-UC---T-----------tb-- [16.63um:17.345um] [16.63um:17.345um] 0.715um ------->
        <event:00000325 0:118.5:0.715um> &<id:974270 Horizontal abc_1342_auto_rtlil_cc_2739_MuxGate_1327 Metal2 [22.315um 65.5um] [22.82um 65.5um] 0.29um rpD:0 bl:0 ---a-UC---T-----------tb-- [22.21um:22.925um] [22.21um:22.925um] 0.715um ------->
        <event:00000326 0:118.5:0.715um> &<id:976471 Horizontal n(20) Metal2 [3.145um 67um] [3.65um 67um] 0.29um rpD:0 bl:0 ---a-UC---T-----------bt-- [3.04um:3.755um] [3.04um:3.755um] 0.715um ------->
        <event:00000327 0:118.5:0.715um> &<id:975840 Horizontal abc_1342_new_n255 Metal2 [6.695um 67.5um] [7.2um 67.5um] 0.29um rpD:0 bl:0 ---a-UC---T-----------tb-- [6.59um:7.305um] [6.59um:7.305um] 0.715um ------->
        <event:00000328 0:118.5:0.715um> &<id:974251 Horizontal abc_1342_auto_rtlil_cc_2739_MuxGate_1321 Metal2 [15.185um 77um] [15.69um 77um] 0.29um rpD:0 bl:0 ---a-UC---T-----------tb-- [15.08um:15.795um] [15.08um:15.795um] 0.715um ------->
        <event:00000329 0:118.5:0.715um> &<id:976233 Horizontal n(10) Metal2 [35.145um 84um] [35.65um 84um] 0.29um rpD:0 bl:0 ---a-UC---T-----------bt-- [35.04um:35.755um] [35.04um:35.755um] 0.715um ------->
        <event:00000330 0:118.5:0.715um> &<id:976595 Horizontal n(15) Metal2 [43.225um 84um] [43.73um 84um] 0.29um rpD:0 bl:0 ---a-UC---T-----------tb-- [43.12um:43.835um] [43.12um:43.835um] 0.715um ------->
        <event:00000331 0:118.5:0.715um> &<id:976636 Horizontal n(13) Metal2 [42.195um 84.5um] [42.7um 84.5um] 0.29um rpD:0 bl:0 ---a-UC---T-----------tb-- [42.09um:42.805um] [42.09um:42.805um] 0.715um ------->
        <event:00000332 0:118.5:0.715um> &<id:976613 Horizontal n(14) Metal2 [42.71um 84.5um] [43.215um 84.5um] 0.29um rpD:0 bl:0 ---a-UC---T-----------tb-- [42.605um:43.32um] [42.605um:43.32um] 0.715um ------->
        <event:00000333 0:91:0.715um> &<id:973718 Horizontal outputs(7) Metal2 [0.64um 3um] [1.145um 3um] 0.29um rpD:0 bl:0 ---a-UC---T-----------bt-- [0.535um:1.25um] [0.535um:1.25um] 0.715um ------->
        <event:00000334 0:91:0.715um> &<id:975528 Horizontal abc_1342_new_n123 Metal2 [26.17um 3um] [26.675um 3um] 0.29um rpD:0 bl:0 ---a-UC---T-----------tb-- [26.065um:26.78um] [26.065um:26.78um] 0.715um ------->
        <event:00000335 0:91:0.715um> &<id:975343 Horizontal abc_1342_new_n205 Metal2 [46.855um 3.5um] [47.36um 3.5um] 0.29um rpD:0 bl:0 ---a-UC---T-----------tb-- [46.75um:47.465um] [46.75um:47.465um] 0.715um ------->
        <event:00000336 0:91:0.715um> &<id:974874 Horizontal abc_1342_new_n185 Metal2 [20.285um 9um] [20.79um 9um] 0.29um rpD:0 bl:0 ---a-UC---T-----------tb-- [20.18um:20.895um] [20.18um:20.895um] 0.715um ------->
        <event:00000337 0:91:0.715um> &<id:974853 Horizontal abc_1342_new_n190 Metal2 [26.17um 9um] [26.675um 9um] 0.29um rpD:0 bl:0 ---a-UC---T-----------tb-- [26.065um:26.78um] [26.065um:26.78um] 0.715um ------->
        <event:00000338 0:91:0.715um> &<id:975053 Horizontal abc_1342_new_n174 Metal2 [44.72um 9um] [45.225um 9um] 0.29um rpD:0 bl:0 ---a-UC---T-----------tb-- [44.615um:45.33um] [44.615um:45.33um] 0.715um ------->
        <event:00000339 0:91:0.715um> &<id:975983 Horizontal abc_1342_new_n198 Metal2 [42.195um 14um] [42.7um 14um] 0.29um rpD:0 bl:0 ---a-UC---T-----------tb-- [42.09um:42.805um] [42.09um:42.805um] 0.715um ------->
        <event:00000340 0:91:0.715um> &<id:974925 Horizontal abc_1342_new_n175 Metal2 [15.155um 19.5um] [15.66um 19.5um] 0.29um rpD:0 bl:0 ---a-UC---T-----------bt-- [15.05um:15.765um] [15.05um:15.765um] 0.715um ------->
        <event:00000341 0:91:0.715um> &<id:974633 Horizontal init Metal2 [38.695um 19.5um] [39.2um 19.5um] 0.29um rpD:0 bl:0 ---a-UC---T-----------tb-- [38.59um:39.305um] [38.59um:39.305um] 0.715um ------->
        <event:00000342 0:91:0.715um> &<id:975045 Horizontal abc_1342_new_n174 Metal2 [40.755um 20um] [41.26um 20um] 0.29um rpD:0 bl:0 ---a-UC---T-----------tb-- [40.65um:41.365um] [40.65um:41.365um] 0.715um ------->
        <event:00000343 0:91:0.715um> &<id:976112 Horizontal abc_1342_new_n229 Metal2 [41.31um 31um] [41.815um 31um] 0.29um rpD:0 bl:0 ---a-UC---T-----------bt-- [41.205um:41.92um] [41.205um:41.92um] 0.715um ------->
        <event:00000344 0:91:0.715um> &<id:974959 Horizontal abc_1342_new_n175 Metal2 [43.14um 31um] [43.645um 31um] 0.29um rpD:0 bl:0 ---a-UC---T-----------bt-- [43.035um:43.75um] [43.035um:43.75um] 0.715um ------->
        <event:00000345 0:91:0.715um> &<id:974738 Horizontal init Metal2 [58.685um 31um] [59.19um 31um] 0.29um rpD:0 bl:0 ---a-UC---T-----------tb-- [58.58um:59.295um] [58.58um:59.295um] 0.715um ------->
        <event:00000346 0:91:0.715um> &<id:975548 Horizontal abc_1342_new_n123 Metal2 [30.185um 31.5um] [30.69um 31.5um] 0.29um rpD:0 bl:0 ---a-UC---T-----------tb-- [30.08um:30.795um] [30.08um:30.795um] 0.715um ------->
        <event:00000347 0:91:0.715um> &<id:974152 Horizontal abc_1342_auto_rtlil_cc_2739_MuxGate_1283 Metal2 [19.21um 38um] [19.715um 38um] 0.29um rpD:0 bl:0 ---a-UC---T-----------tb-- [19.105um:19.82um] [19.105um:19.82um] 0.715um ------->
        <event:00000348 0:91:0.715um> &<id:976135 Horizontal abc_1342_new_n239 Metal2 [36.68um 43um] [37.185um 43um] 0.29um rpD:0 bl:0 ---a-UC---T-----------bt-- [36.575um:37.29um] [36.575um:37.29um] 0.715um ------->
        <event:00000349 0:91:0.715um> &<id:976031 Horizontal abc_1342_new_n168 Metal2 [48um 49.5um] [48.255um 49.5um] 0.29um rpD:0 bl:0 -----UC---T-----------tb-- [47.75um:48.465um] [47.75um:48.465um] 0.715um ------->
        <event:00000350 0:91:0.715um> &<id:974280 Horizontal abc_1342_auto_rtlil_cc_2739_MuxGate_1333 Metal2 [53.64um 60um] [54.145um 60um] 0.29um rpD:0 bl:0 ---a-UC---T-----------bt-- [53.535um:54.25um] [53.535um:54.25um] 0.715um ------->
        <event:00000351 0:91:0.715um> &<id:976318 Horizontal n(27) Metal2 [50.175um 60.5um] [50.68um 60.5um] 0.29um rpD:0 bl:0 ---a-UC---T-----------tb-- [50.07um:50.785um] [50.07um:50.785um] 0.715um ------->
        <event:00000352 0:91:0.715um> &<id:975771 Horizontal abc_1342_new_n255 Metal2 [26.685um 65.5um] [27.19um 65.5um] 0.29um rpD:0 bl:0 ---a-UC---T-----------tb-- [26.58um:27.295um] [26.58um:27.295um] 0.715um ------->
        <event:00000353 0:91:0.715um> &<id:976507 Horizontal n(20) Metal2 [27.2um 67um] [27.705um 67um] 0.29um rpD:0 bl:0 ---a-UC---T-----------tb-- [27.095um:27.81um] [27.095um:27.81um] 0.715um ------->
        <event:00000354 0:91:0.715um> &<id:975429 Horizontal abc_1342_new_n161 Metal2 [41.31um 72.5um] [41.815um 72.5um] 0.29um rpD:0 bl:0 ---a-UC---T-----------bt-- [41.205um:41.92um] [41.205um:41.92um] 0.715um ------->
        <event:00000355 0:91:0.715um> &<id:975853 Horizontal abc_1342_new_n255 Metal2 [0.64um 78.5um] [1.145um 78.5um] 0.29um rpD:0 bl:0 ---a-UC---T-----------bt-- [0.535um:1.25um] [0.535um:1.25um] 0.715um ------->
        <event:00000356 0:91:0.715um> &<id:974188 Horizontal abc_1342_auto_rtlil_cc_2739_MuxGate_1295 Metal2 [3.17um 88.5um] [3.675um 88.5um] 0.29um rpD:0 bl:0 ---a-UC---T-----------tb-- [3.065um:3.78um] [3.065um:3.78um] 0.715um ------->
        <event:00000357 0:91:0.715um> &<id:975826 Horizontal abc_1342_new_n255 Metal2 [22.18um 88.5um] [22.685um 88.5um] 0.29um rpD:0 bl:0 ---a-UC---T-----------tb-- [22.075um:22.79um] [22.075um:22.79um] 0.715um ------->
        <event:00000358 0:91:0.715um> &<id:976249 Horizontal n(10) Metal2 [22.72um 88.5um] [23.225um 88.5um] 0.29um rpD:0 bl:0 ---a-UC---T-----------tb-- [22.615um:23.33um] [22.615um:23.33um] 0.715um ------->
        <event:00000359 0:91:0.715um> &<id:976589 Horizontal n(17) Metal2 [60.64um 88.5um] [61.145um 88.5um] 0.29um rpD:0 bl:0 ---a-UC---T-----------bt-- [60.535um:61.25um] [60.535um:61.25um] 0.715um ------->
        <event:00000360 0:91:0.715um> &<id:975197 Horizontal abc_1342_new_n280 Metal2 [43.775um 89.5um] [44.28um 89.5um] 0.29um rpD:0 bl:0 ---a-UC---T-----------tb-- [43.67um:44.385um] [43.67um:44.385um] 0.715um ------->
        <event:00000361 0:147.728:0.725um> &<id:974767 Horizontal mem_inputs(11) Metal2 [34.685um 4um] [35.2um 4um] 0.29um rpD:0 bl:0 ---a-UC---T-----------bt-- [34.58um:35.305um] [34.58um:35.305um] 0.725um ------->
        <event:00000362 0:147.728:0.725um> &<id:974546 Horizontal n(0) Metal2 [13.175um 31.5um] [13.69um 31.5um] 0.29um rpD:0 bl:0 ---a-UC---T-----------bt-- [13.07um:13.795um] [13.07um:13.795um] 0.725um ------->
        <event:00000363 0:147.728:0.725um> &<id:973859 Horizontal clk_root_1 Metal2 [49.215um 43um] [49.73um 43um] 0.29um rpD:0 bl:0 ---a-UC---T-----------bt-- [49.11um:49.835um] [49.11um:49.835um] 0.725um ------->
        <event:00000364 0:147.728:0.725um> &<id:976066 Horizontal abc_1342_new_n158 Metal2 [47.7um 65um] [48.215um 65um] 0.29um rpD:0 bl:0 ---a-UC---T-----------bt-- [47.595um:48.32um] [47.595um:48.32um] 0.725um ------->
        <event:00000365 0:147.728:0.725um> &<id:975220 Horizontal abc_1342_new_n282 Metal2 [41.29um 94um] [41.805um 94um] 0.29um rpD:0 bl:0 ---a-UC---T-----------tb-- [41.185um:41.91um] [41.185um:41.91um] 0.725um ------->
        <event:00000366 0:119.902:0.725um> &<id:973567 Horizontal outputs(11) Metal2 [3.23um 14um] [3.745um 14um] 0.29um rpD:0 bl:0 ---a-UC---T-----------tb-- [3.125um:3.85um] [3.125um:3.85um] 0.725um ------->
        <event:00000367 0:119.902:0.725um> &<id:976224 Horizontal n(26) Metal2 [46.73um 65um] [47.245um 65um] 0.29um rpD:0 bl:0 ---a-UC---T-----------tb-- [46.625um:47.35um] [46.625um:47.35um] 0.725um ------->
        <event:00000368 0:92.0769:0.725um> &<id:973592 Horizontal outputs(12) Metal2 [23.775um 31um] [24.29um 31um] 0.29um rpD:0 bl:0 ---a-UC---T-----------tb-- [23.67um:24.395um] [23.67um:24.395um] 0.725um ------->
        <event:00000369 0:149.456:0.735um> &<id:973545 Horizontal outputs(10) Metal2 [5.17um 15.5um] [5.695um 15.5um] 0.29um rpD:0 bl:0 ---a-UC---T-----------bt-- [5.065um:5.8um] [5.065um:5.8um] 0.735um ------->
        <event:00000370 0:121.305:0.735um> &<id:973754 Horizontal outputs(9) Metal2 [20.775um 14um] [21.3um 14um] 0.29um rpD:0 bl:0 ---a-UC---T-----------tb-- [20.67um:21.405um] [20.67um:21.405um] 0.735um ------->
        <event:00000371 0:121.305:0.735um> &<id:975910 Horizontal abc_1342_new_n303 Metal2 [18.25um 61.5um] [18.775um 61.5um] 0.29um rpD:0 bl:0 ---a-UC---T-----------tb-- [18.145um:18.88um] [18.145um:18.88um] 0.735um ------->
        <event:00000372 0:121.305:0.735um> &<id:976529 Horizontal n(18) Metal2 [49.175um 77.5um] [49.7um 77.5um] 0.29um rpD:0 bl:0 ---a-UC---T-----------bt-- [49.07um:49.805um] [49.07um:49.805um] 0.735um ------->
        <event:00000373 0:121.305:0.735um> &<id:976548 Horizontal n(16) Metal2 [48.67um 78.5um] [49.195um 78.5um] 0.29um rpD:0 bl:0 ---a-UC---T-----------bt-- [48.565um:49.3um] [48.565um:49.3um] 0.735um ------->
        <event:00000374 0:121.305:0.735um> &<id:976526 Horizontal n(18) Metal2 [49.175um 82.5um] [49.7um 82.5um] 0.29um rpD:0 bl:0 ---a-UC---T-----------bt-- [49.07um:49.805um] [49.07um:49.805um] 0.735um ------->
        <event:00000375 0:121.305:0.735um> &<id:976523 Horizontal n(19) Metal2 [49.68um 82.5um] [50.205um 82.5um] 0.29um rpD:0 bl:0 ---a-UC---T-----------bt-- [49.575um:50.31um] [49.575um:50.31um] 0.735um ------->
        <event:00000376 0:93.1538:0.735um> &<id:974076 Horizontal abc_1342_auto_rtlil_cc_2739_MuxGate_1261 Metal2 [52.77um 8um] [53.295um 8um] 0.29um rpD:0 bl:0 ---a-UC---T-----------tb-- [52.665um:53.4um] [52.665um:53.4um] 0.735um ------->
        <event:00000377 0:93.1538:0.735um> &<id:974972 Horizontal abc_1342_new_n175 Metal2 [52.745um 15um] [53.27um 15um] 0.29um rpD:0 bl:0 ---a-UC---T-----------tb-- [52.64um:53.375um] [52.64um:53.375um] 0.735um ------->
        <event:00000378 0:93.1538:0.735um> &<id:975707 Horizontal abc_1342_new_n234 Metal2 [48.67um 25.5um] [49.195um 25.5um] 0.29um rpD:0 bl:0 ---a-UC---T-----------bt-- [48.565um:49.3um] [48.565um:49.3um] 0.735um ------->
        <event:00000379 0:93.1538:0.735um> &<id:976492 Horizontal n(20) Metal2 [17.175um 72um] [17.7um 72um] 0.29um rpD:0 bl:0 ---a-UC---T-----------bt-- [17.07um:17.805um] [17.07um:17.805um] 0.735um ------->
        <event:00000380 0:151.183:0.745um> &<id:974847 Horizontal abc_1342_new_n191 Metal2 [27.185um 4um] [27.72um 4um] 0.29um rpD:0 bl:0 ---a-UC---T-----------bt-- [27.08um:27.825um] [27.08um:27.825um] 0.745um ------->
        <event:00000381 0:151.183:0.745um> &<id:974097 Horizontal abc_1342_auto_rtlil_cc_2739_MuxGate_1253 Metal2 [27.69um 7.5um] [28.225um 7.5um] 0.29um rpD:0 bl:0 ---a-UC---T-----------bt-- [27.585um:28.33um] [27.585um:28.33um] 0.745um ------->
        <event:00000382 0:151.183:0.745um> &<id:976099 Horizontal abc_1342_new_n218 Metal2 [35.835um 30.5um] [36.37um 30.5um] 0.29um rpD:0 bl:0 ---a-UC---T-----------tb-- [35.73um:36.475um] [35.73um:36.475um] 0.745um ------->
        <event:00000383 0:151.183:0.745um> &<id:976106 Horizontal abc_1342_new_n219 Metal2 [59.69um 30.5um] [60.225um 30.5um] 0.29um rpD:0 bl:0 ---a-UC---T-----------bt-- [59.585um:60.33um] [59.585um:60.33um] 0.745um ------->
        <event:00000384 0:151.183:0.745um> &<id:975907 Horizontal abc_1342_new_n302 Metal2 [26.79um 71um] [27.325um 71um] 0.29um rpD:0 bl:0 ---a-UC---T-----------tb-- [26.685um:27.43um] [26.685um:27.43um] 0.745um ------->
        <event:00000385 0:151.183:0.745um> &<id:974486 Horizontal n(7) Metal2 [38.29um 79um] [38.825um 79um] 0.29um rpD:0 bl:0 ---a-UC---T-----------tb-- [38.185um:38.93um] [38.185um:38.93um] 0.745um ------->
        <event:00000386 0:94.2308:0.745um> &<id:974838 Horizontal abc_1342_new_n194 Metal2 [35.765um 8um] [36.3um 8um] 0.29um rpD:0 bl:0 ---a-UC---T-----------tb-- [35.66um:36.405um] [35.66um:36.405um] 0.745um ------->
        <event:00000387 0:94.2308:0.745um> &<id:974995 Horizontal abc_1342_new_n174 Metal2 [6.29um 14um] [6.825um 14um] 0.29um rpD:0 bl:0 ---a-UC---T-----------tb-- [6.185um:6.93um] [6.185um:6.93um] 0.745um ------->
        <event:00000388 0:94.2308:0.745um> &<id:974083 Horizontal abc_1342_auto_rtlil_cc_2739_MuxGate_1257 Metal2 [45.665um 19.5um] [46.2um 19.5um] 0.29um rpD:0 bl:0 ---a-UC---T-----------bt-- [45.56um:46.305um] [45.56um:46.305um] 0.745um ------->
        <event:00000389 0:94.2308:0.745um> &<id:976096 Horizontal abc_1342_new_n218 Metal2 [35.765um 26.5um] [36.3um 26.5um] 0.29um rpD:0 bl:0 ---a-UC---T-----------tb-- [35.66um:36.405um] [35.66um:36.405um] 0.745um ------->
        <event:00000390 0:94.2308:0.745um> &<id:975749 Horizontal abc_1342_new_n253 Metal2 [39.19um 48.5um] [39.725um 48.5um] 0.29um rpD:0 bl:0 ---a-UC---T-----------bt-- [39.085um:39.83um] [39.085um:39.83um] 0.745um ------->
        <event:00000391 0:94.2308:0.745um> &<id:976184 Horizontal n(21) Metal2 [3.765um 67um] [4.3um 67um] 0.29um rpD:0 bl:0 ---a-UC---T-----------tb-- [3.66um:4.405um] [3.66um:4.405um] 0.745um ------->
        <event:00000392 0:152.911:0.755um> &<id:976195 Horizontal n(21) Metal2 [17.16um 76.5um] [17.705um 76.5um] 0.29um rpD:0 bl:0 ---a-UC---T-----------bt-- [17.055um:17.81um] [17.055um:17.81um] 0.755um ------->
        <event:00000393 0:124.109:0.755um> &<id:975028 Horizontal abc_1342_new_n174 Metal2 [29.165um 37um] [29.71um 37um] 0.29um rpD:0 bl:0 ---a-UC---T-----------bt-- [29.06um:29.815um] [29.06um:29.815um] 0.755um ------->
        <event:00000394 0:124.109:0.755um> &<id:975114 Horizontal abc_1342_new_n171 Metal2 [32.735um 53.5um] [33.28um 53.5um] 0.29um rpD:0 bl:0 ---a-UC---T-----------tb-- [32.63um:33.385um] [32.63um:33.385um] 0.755um ------->
        <event:00000395 0:95.3077:0.755um> &<id:976409 Horizontal n(29) Metal2 [61.165um 60um] [61.71um 60um] 0.29um rpD:0 bl:0 ---a-UC---T-----------bt-- [61.06um:61.815um] [61.06um:61.815um] 0.755um ------->
        <event:00000396 0:95.3077:0.755um> &<id:976545 Horizontal n(18) Metal2 [61.165um 88.5um] [61.71um 88.5um] 0.29um rpD:0 bl:0 ---a-UC---T-----------bt-- [61.06um:61.815um] [61.06um:61.815um] 0.755um ------->
        <event:00000397 0:124.811:0.76um> &<id:976518 Horizontal n(19) Metal2 [49.73um 77.5um] [50.235um 77.5um] 0.29um rpD:0 bl:0 ---a-UC---T-----------bt-- [49.625um:50.34um] [49.58um:50.34um] 0.76um ------->
        <event:00000398 0:6.84615:0.76um> &<id:973612 Horizontal inputs(14) Metal2 [64.5um 5.5um] [64.8um 5.5um] 0.29um rpD:0 bl:0 -----UC---T-----------t--- [64.25um:65.01um] [64.25um:65.01um] 0.76um ------->
        <event:00000399 0:6.84615:0.76um> &<id:973617 Horizontal inputs(15) Metal2 [64.5um 11um] [64.8um 11um] 0.29um rpD:0 bl:0 -----UC---T-----------t--- [64.25um:65.01um] [64.25um:65.01um] 0.76um ------->
        <event:00000400 0:6.84615:0.76um> &<id:973478 Horizontal outputs(0) Metal2 [64.5um 16.5um] [64.8um 16.5um] 0.29um rpD:0 bl:0 -----UC---T-----------t--- [64.25um:65.01um] [64.25um:65.01um] 0.76um ------->
        <event:00000401 0:6.84615:0.76um> &<id:973505 Horizontal outputs(1) Metal2 [64.5um 22um] [64.8um 22um] 0.29um rpD:0 bl:0 -----UC---T-----------t--- [64.25um:65.01um] [64.25um:65.01um] 0.76um ------->
        <event:00000402 0:6.84615:0.76um> &<id:973525 Horizontal outputs(2) Metal2 [64.5um 27.5um] [64.8um 27.5um] 0.29um rpD:0 bl:0 -----UC---T-----------t--- [64.25um:65.01um] [64.25um:65.01um] 0.76um ------->
        <event:00000403 0:6.84615:0.76um> &<id:973540 Horizontal outputs(3) Metal2 [64.5um 33um] [64.8um 33um] 0.29um rpD:0 bl:0 -----UC---T-----------t--- [64.25um:65.01um] [64.25um:65.01um] 0.76um ------->
        <event:00000404 0:6.84615:0.76um> &<id:973672 Horizontal outputs(4) Metal2 [64.5um 38.5um] [64.8um 38.5um] 0.29um rpD:0 bl:0 -----UC---T-----------t--- [64.25um:65.01um] [64.25um:65.01um] 0.76um ------->
        <event:00000405 0:6.84615:0.76um> &<id:973691 Horizontal outputs(5) Metal2 [64.5um 44um] [64.8um 44um] 0.29um rpD:0 bl:0 -----UC---T-----------t--- [64.25um:65.01um] [64.25um:65.01um] 0.76um ------->
        <event:00000406 0:6.84615:0.76um> &<id:973712 Horizontal outputs(6) Metal2 [64.5um 49.5um] [64.8um 49.5um] 0.29um rpD:0 bl:0 -----UC---T-----------t--- [64.25um:65.01um] [64.25um:65.01um] 0.76um ------->
        <event:00000407 0:154.639:0.765um> &<id:973669 Horizontal outputs(4) Metal2 [63.5um 33um] [63.805um 33um] 0.29um rpD:0 bl:0 -----UC---T-----------tb-- [63.25um:64.015um] [63.25um:64.015um] 0.765um ------->
        <event:00000408 0:154.639:0.765um> &<id:976081 Horizontal abc_1342_new_n129 Metal2 [63.5um 53.5um] [63.805um 53.5um] 0.29um rpD:0 bl:0 -----UC---T-----------tb-- [63.25um:64.015um] [63.25um:64.015um] 0.765um ------->
        <event:00000409 0:154.639:0.765um> &<id:975569 Horizontal abc_1342_new_n125 Metal2 [36.335um 61.5um] [36.89um 61.5um] 0.29um rpD:0 bl:0 ---a-UC---T-----------tb-- [36.23um:36.995um] [36.23um:36.995um] 0.765um ------->
        <event:00000410 0:154.639:0.765um> &<id:975572 Horizontal abc_1342_new_n125 Metal2 [36.255um 65um] [36.81um 65um] 0.29um rpD:0 bl:0 ---a-UC---T-----------tb-- [36.15um:36.915um] [36.15um:36.915um] 0.765um ------->
        <event:00000411 0:154.639:0.765um> &<id:975926 Horizontal abc_1342_new_n310 Metal2 [39.175um 71um] [39.73um 71um] 0.29um rpD:0 bl:0 ---a-UC---T-----------bt-- [39.07um:39.835um] [39.07um:39.835um] 0.765um ------->
        <event:00000412 0:154.639:0.765um> &<id:975639 Horizontal abc_1342_new_n137 Metal2 [63.5um 82.5um] [63.805um 82.5um] 0.29um rpD:0 bl:0 -----UC---T-----------tb-- [63.25um:64.015um] [63.25um:64.015um] 0.765um ------->
        <event:00000413 0:125.512:0.765um> &<id:973530 Horizontal outputs(3) Metal2 [56.76um 15um] [57.315um 15um] 0.29um rpD:0 bl:0 ---a-UC---T-----------tb-- [56.655um:57.42um] [56.655um:57.42um] 0.765um ------->
        <event:00000414 0:125.512:0.765um> &<id:973397 Horizontal inputs(4) Metal2 [29.63um 32.5um] [30.185um 32.5um] 0.29um rpD:0 bl:0 ---a-UC---T-----------bt-- [29.525um:30.29um] [29.525um:30.29um] 0.765um ------->
        <event:00000415 0:125.512:0.765um> &<id:975756 Horizontal abc_1342_new_n253 Metal2 [29.63um 53.5um] [30.185um 53.5um] 0.29um rpD:0 bl:0 ---a-UC---T-----------bt-- [29.525um:30.29um] [29.525um:30.29um] 0.765um ------->
        <event:00000416 0:125.512:0.765um> &<id:976129 Horizontal abc_1342_new_n239 Metal2 [15.755um 54um] [16.31um 54um] 0.29um rpD:0 bl:0 ---a-UC---T-----------tb-- [15.65um:16.415um] [15.65um:16.415um] 0.765um ------->
        <event:00000417 0:125.512:0.765um> &<id:974237 Horizontal abc_1342_auto_rtlil_cc_2739_MuxGate_1315 Metal2 [56.76um 88.5um] [57.315um 88.5um] 0.29um rpD:0 bl:0 ---a-UC---T-----------tb-- [56.655um:57.42um] [56.655um:57.42um] 0.765um ------->
        <event:00000418 0:96.3846:0.765um> &<id:975507 Horizontal abc_1342_new_n123 Metal2 [15.755um 3.5um] [16.31um 3.5um] 0.29um rpD:0 bl:0 ---a-UC---T-----------tb-- [15.65um:16.415um] [15.65um:16.415um] 0.765um ------->
        <event:00000419 0:96.3846:0.765um> &<id:974234 Horizontal abc_1342_auto_rtlil_cc_2739_MuxGate_1315 Metal2 [56.755um 78.5um] [57.31um 78.5um] 0.29um rpD:0 bl:0 ---a-UC---T-----------tb-- [56.65um:57.415um] [56.65um:57.415um] 0.765um ------->
        <event:00000420 0:126.914:0.775um> &<id:973687 Horizontal outputs(5) Metal2 [61.655um 33um] [62.22um 33um] 0.29um rpD:0 bl:0 ---a-UC---T-----------bt-- [61.55um:62.325um] [61.55um:62.325um] 0.775um ------->
        <event:00000421 0:97.4615:0.775um> &<id:974213 Horizontal abc_1342_auto_rtlil_cc_2739_MuxGate_1305 Metal2 [17.65um 94.5um] [18.215um 94.5um] 0.29um rpD:0 bl:0 ---a-UC---T-----------bt-- [17.545um:18.32um] [17.545um:18.32um] 0.775um ------->
        <event:00000422 0:158.095:0.785um> &<id:973645 Horizontal outputs(14) Metal2 [6.655um 10um] [7.23um 10um] 0.29um rpD:0 bl:0 ---a-UC---T-----------bt-- [6.55um:7.335um] [6.55um:7.335um] 0.785um ------->
        <event:00000423 0:158.095:0.785um> &<id:973513 Horizontal outputs(2) Metal2 [61um 26um] [61.325um 26um] 0.29um rpD:0 bl:0 -----UC---T-----------tb-- [60.75um:61.535um] [60.75um:61.535um] 0.785um ------->
        <event:00000424 0:158.095:0.785um> &<id:975592 Horizontal abc_1342_new_n127 Metal2 [42.125um 53.5um] [42.7um 53.5um] 0.29um rpD:0 bl:0 ---a-UC---T-----------bt-- [42.02um:42.805um] [42.02um:42.805um] 0.785um ------->
        <event:00000425 0:158.095:0.785um> &<id:976475 Horizontal n(20) Metal2 [6.655um 72um] [7.23um 72um] 0.29um rpD:0 bl:0 ---a-UC---T-----------bt-- [6.55um:7.335um] [6.55um:7.335um] 0.785um ------->
        <event:00000426 0:158.095:0.785um> &<id:976246 Horizontal n(10) Metal2 [25um 79um] [25.325um 79um] 0.29um rpD:0 bl:0 -----UC---T-----------tb-- [24.75um:25.535um] [24.75um:25.535um] 0.785um ------->
        <event:00000427 0:158.095:0.785um> &<id:973783 Horizontal clk_root_2 Metal2 [16.285um 95um] [16.86um 95um] 0.29um rpD:0 bl:0 ---a-UC---T-----------tb-- [16.18um:16.965um] [16.18um:16.965um] 0.785um ------->
        <event:00000428 0:98.5385:0.785um> &<id:974998 Horizontal abc_1342_new_n174 Metal2 [9.62um 15um] [10.195um 15um] 0.29um rpD:0 bl:0 ---a-UC---T-----------bt-- [9.515um:10.3um] [9.515um:10.3um] 0.785um ------->
        <event:00000429 0:98.5385:0.785um> &<id:975974 Horizontal abc_1342_new_n199 Metal2 [41.62um 15um] [42.195um 15um] 0.29um rpD:0 bl:0 ---a-UC---T-----------bt-- [41.515um:42.3um] [41.515um:42.3um] 0.785um ------->
        <event:00000430 0:98.5385:0.785um> &<id:976556 Horizontal n(16) Metal2 [50.175um 89.5um] [50.68um 89.5um] 0.29um rpD:0 bl:0 ---a-UC---T-----------tb-- [50.07um:50.785um] [50.07um:50.855um] 0.785um ------->
        <event:00000431 0:159.822:0.795um> &<id:974347 Horizontal n(1) Metal2 [10.73um 33um] [11.315um 33um] 0.29um rpD:0 bl:0 ---a-UC---T-----------tb-- [10.625um:11.42um] [10.625um:11.42um] 0.795um ------->
        <event:00000432 0:159.822:0.795um> &<id:975954 Horizontal abc_1342_new_n313 Metal2 [51.63um 71um] [52.215um 71um] 0.29um rpD:0 bl:0 ---a-UC---T-----------bt-- [51.525um:52.32um] [51.525um:52.32um] 0.795um ------->
        <event:00000433 0:129.719:0.795um> &<id:976655 Horizontal n(13) Metal2 [45.29um 84um] [45.875um 84um] 0.29um rpD:0 bl:0 ---a-UC---T-----------tb-- [45.185um:45.98um] [45.185um:45.98um] 0.795um ------->
        <event:00000434 0:99.6154:0.795um> &<id:975019 Horizontal abc_1342_new_n174 Metal2 [22.265um 9um] [22.85um 9um] 0.29um rpD:0 bl:0 ---a-UC---T-----------tb-- [22.16um:22.955um] [22.16um:22.955um] 0.795um ------->
        <event:00000435 0:99.6154:0.795um> &<id:973748 Horizontal outputs(8) Metal2 [45.29um 9um] [45.875um 9um] 0.29um rpD:0 bl:0 ---a-UC---T-----------tb-- [45.185um:45.98um] [45.185um:45.98um] 0.795um ------->
        <event:00000436 0:99.6154:0.795um> &<id:974708 Horizontal init Metal2 [53.145um 19.5um] [53.73um 19.5um] 0.29um rpD:0 bl:0 ---a-UC---T-----------bt-- [53.04um:53.835um] [53.04um:53.835um] 0.795um ------->
        <event:00000437 0:161.55:0.805um> &<id:973961 Horizontal clk_root_0 Metal2 [28.275um 4um] [28.87um 4um] 0.29um rpD:0 bl:0 ---a-UC---T-----------tb-- [28.17um:28.975um] [28.17um:28.975um] 0.805um ------->
        <event:00000438 0:161.55:0.805um> &<id:974131 Horizontal abc_1342_auto_rtlil_cc_2739_MuxGate_1273 Metal2 [42.11um 33um] [42.705um 33um] 0.29um rpD:0 bl:0 ---a-UC---T-----------bt-- [42.005um:42.81um] [42.005um:42.81um] 0.805um ------->
        <event:00000439 0:161.55:0.805um> &<id:975929 Horizontal abc_1342_new_n311 Metal2 [43.625um 56um] [44.22um 56um] 0.29um rpD:0 bl:0 ---a-UC---T-----------bt-- [43.52um:44.325um] [43.52um:44.325um] 0.805um ------->
        <event:00000440 0:161.55:0.805um> &<id:973832 Horizontal clk_root_2 Metal2 [28.275um 61.5um] [28.87um 61.5um] 0.29um rpD:0 bl:0 ---a-UC---T-----------tb-- [28.17um:28.975um] [28.17um:28.975um] 0.805um ------->
        <event:00000441 0:161.55:0.805um> &<id:973884 Horizontal clk_root_1 Metal2 [43.625um 71um] [44.22um 71um] 0.29um rpD:0 bl:0 ---a-UC---T-----------bt-- [43.52um:44.325um] [43.52um:44.325um] 0.805um ------->
        <event:00000442 0:161.55:0.805um> &<id:976489 Horizontal n(20) Metal2 [6.655um 76.5um] [7um 76.5um] 0.29um rpD:0 bl:0 -----UC---T-----------bt-- [6.445um:7.25um] [6.445um:7.25um] 0.805um ------->
        <event:00000443 0:131.121:0.805um> &<id:974411 Horizontal n(2) Metal2 [21.61um 48.5um] [22.205um 48.5um] 0.29um rpD:0 bl:0 ---a-UC---T-----------bt-- [21.505um:22.31um] [21.505um:22.31um] 0.805um ------->
        <event:00000444 0:131.121:0.805um> &<id:975871 Horizontal abc_1342_new_n261 Metal2 [21.61um 88um] [22.205um 88um] 0.29um rpD:0 bl:0 ---a-UC---T-----------bt-- [21.505um:22.31um] [21.505um:22.31um] 0.805um ------->
        <event:00000445 0:100.692:0.805um> &<id:975137 Horizontal abc_1342_new_n271 Metal2 [39.735um 95um] [40.33um 95um] 0.29um rpD:0 bl:0 ---a-UC---T-----------tb-- [39.63um:40.435um] [39.63um:40.435um] 0.805um ------->
        <event:00000446 0:163.278:0.815um> &<id:975105 Horizontal abc_1342_new_n171 Metal2 [22.145um 33um] [22.75um 33um] 0.29um rpD:0 bl:0 ---a-UC---T-----------bt-- [22.04um:22.855um] [22.04um:22.855um] 0.815um ------->
        <event:00000447 0:163.278:0.815um> &<id:975599 Horizontal abc_1342_new_n130 Metal2 [54.07um 71um] [54.675um 71um] 0.29um rpD:0 bl:0 ---a-UC---T-----------bt-- [53.965um:54.78um] [53.965um:54.78um] 0.815um ------->
        <event:00000448 0:163.278:0.815um> &<id:974505 Horizontal n(8) Metal2 [34.255um 73um] [34.86um 73um] 0.29um rpD:0 bl:0 ---a-UC---T-----------tb-- [34.15um:34.965um] [34.15um:34.965um] 0.815um ------->
        <event:00000449 0:163.278:0.815um> &<id:975620 Horizontal abc_1342_new_n134 Metal2 [54.07um 76.5um] [54.675um 76.5um] 0.29um rpD:0 bl:0 ---a-UC---T-----------bt-- [53.965um:54.78um] [53.965um:54.78um] 0.815um ------->
        <event:00000450 0:163.278:0.815um> &<id:975633 Horizontal abc_1342_new_n136 Metal2 [54.15um 94um] [54.755um 94um] 0.29um rpD:0 bl:0 ---a-UC---T-----------bt-- [54.045um:54.86um] [54.045um:54.86um] 0.815um ------->
        <event:00000451 0:132.524:0.815um> &<id:973385 Horizontal inputs(5) Metal2 [34.255um 32.5um] [34.86um 32.5um] 0.29um rpD:0 bl:0 ---a-UC---T-----------tb-- [34.15um:34.965um] [34.15um:34.965um] 0.815um ------->
        <event:00000452 0:132.524:0.815um> &<id:974056 Horizontal abc_1342_auto_rtlil_cc_2739_MuxGate_1329 Metal2 [34.285um 65.5um] [34.89um 65.5um] 0.29um rpD:0 bl:0 ---a-UC---T-----------tb-- [34.18um:34.995um] [34.18um:34.995um] 0.815um ------->
        <event:00000453 0:132.524:0.815um> &<id:976633 Horizontal n(14) Metal2 [45.785um 84um] [46.39um 84um] 0.29um rpD:0 bl:0 ---a-UC---T-----------tb-- [45.68um:46.495um] [45.68um:46.495um] 0.815um ------->
        <event:00000454 0:101.769:0.815um> &<id:973636 Horizontal outputs(14) Metal2 [9.28um 3.5um] [9.885um 3.5um] 0.29um rpD:0 bl:0 ---a-UC---T-----------tb-- [9.175um:9.99um] [9.175um:9.99um] 0.815um ------->
        <event:00000455 0:101.769:0.815um> &<id:973561 Horizontal outputs(10) Metal2 [41.28um 21um] [41.885um 21um] 0.29um rpD:0 bl:0 ---a-UC---T-----------tb-- [41.175um:41.99um] [41.175um:41.99um] 0.815um ------->
        <event:00000456 0:101.769:0.815um> &<id:975042 Horizontal abc_1342_new_n174 Metal2 [41.5um 26.5um] [41.855um 26.5um] 0.29um rpD:0 bl:0 -----UC---T-----------tb-- [41.25um:42.065um] [41.25um:42.065um] 0.815um ------->
        <event:00000457 0:101.769:0.815um> &<id:975458 Horizontal abc_1342_new_n147 Metal2 [34.29um 54.5um] [34.895um 54.5um] 0.29um rpD:0 bl:0 ---a-UC---T-----------tb-- [34.185um:35um] [34.185um:35um] 0.815um ------->
        <event:00000458 0:165.006:0.825um> &<id:974825 Horizontal abc_1342_new_n197 Metal2 [54.1um 19um] [54.715um 19um] 0.29um rpD:0 bl:0 ---a-UC---T-----------bt-- [53.995um:54.82um] [53.995um:54.82um] 0.825um ------->
        <event:00000459 0:165.006:0.825um> &<id:974541 Horizontal n(0) Metal2 [9.085um 31.5um] [9.7um 31.5um] 0.29um rpD:0 bl:0 ---a-UC---T-----------bt-- [8.98um:9.805um] [8.98um:9.805um] 0.825um ------->
        <event:00000460 0:165.006:0.825um> &<id:976267 Horizontal n(11) Metal2 [33.6um 84.5um] [34.215um 84.5um] 0.29um rpD:0 bl:0 ---a-UC---T-----------bt-- [33.495um:34.32um] [33.495um:34.32um] 0.825um ------->
        <event:00000461 0:165.006:0.825um> &<id:976090 Horizontal abc_1342_new_n139 Metal2 [38um 90.5um] [38.365um 90.5um] 0.29um rpD:0 bl:0 -----UC---T-----------tb-- [37.75um:38.575um] [37.75um:38.575um] 0.825um ------->
        <event:00000462 0:165.006:0.825um> &<id:973902 Horizontal clk_root_1 Metal2 [55.615um 94um] [56.23um 94um] 0.29um rpD:0 bl:0 ---a-UC---T-----------bt-- [55.51um:56.335um] [55.51um:56.335um] 0.825um ------->
        <event:00000463 0:133.926:0.825um> &<id:973496 Horizontal outputs(1) Metal2 [60.73um 15um] [61.345um 15um] 0.29um rpD:0 bl:0 ---a-UC---T-----------tb-- [60.625um:61.45um] [60.625um:61.45um] 0.825um ------->
        <event:00000464 0:102.846:0.825um> &<id:974794 Horizontal mem_inputs(13) Metal2 [17.275um 14.5um] [17.89um 14.5um] 0.29um rpD:0 bl:0 ---a-UC---T-----------tb-- [17.17um:17.995um] [17.17um:17.995um] 0.825um ------->
        <event:00000465 0:102.846:0.825um> &<id:974658 Horizontal init Metal2 [40.23um 48.5um] [40.845um 48.5um] 0.29um rpD:0 bl:0 ---a-UC---T-----------tb-- [40.125um:40.95um] [40.125um:40.95um] 0.825um ------->
        <event:00000466 0:166.734:0.835um> &<id:974750 Horizontal mem_inputs(8) Metal2 [57.73um 8.5um] [58.355um 8.5um] 0.29um rpD:0 bl:0 ---a-UC---T-----------tb-- [57.625um:58.46um] [57.625um:58.46um] 0.835um ------->
        <event:00000467 0:166.734:0.835um> &<id:976380 Horizontal n(30) Metal2 [55.28um 44.5um] [55.905um 44.5um] 0.29um rpD:0 bl:0 ---a-UC---T-----------tb-- [55.175um:56.01um] [55.175um:56.01um] 0.835um ------->
        <event:00000468 0:135.328:0.835um> &<id:976600 Horizontal n(15) Metal2 [46.28um 83um] [46.905um 83um] 0.29um rpD:0 bl:0 ---a-UC---T-----------tb-- [46.175um:47.01um] [46.175um:47.01um] 0.835um ------->
        <event:00000469 0:103.923:0.835um> &<id:974006 Horizontal abc_1342_auto_rtlil_cc_2739_MuxGate_1259 Metal2 [46.27um 14um] [46.895um 14um] 0.29um rpD:0 bl:0 ---a-UC---T-----------tb-- [46.165um:47um] [46.165um:47um] 0.835um ------->
        <event:00000470 0:168.462:0.845um> &<id:974891 Horizontal abc_1342_new_n182 Metal2 [34.09um 13.5um] [34.725um 13.5um] 0.29um rpD:0 bl:0 ---a-UC---T-----------bt-- [33.985um:34.83um] [33.985um:34.83um] 0.845um ------->
        <event:00000471 0:168.462:0.845um> &<id:975992 Horizontal abc_1342_new_n178 Metal2 [1.585um 33um] [2.22um 33um] 0.29um rpD:0 bl:0 ---a-UC---T-----------bt-- [1.48um:2.325um] [1.48um:2.325um] 0.845um ------->
        <event:00000472 0:168.462:0.845um> &<id:973887 Horizontal clk_root_1 Metal2 [52.255um 60.5um] [52.89um 60.5um] 0.29um rpD:0 bl:0 ---a-UC---T-----------tb-- [52.15um:52.995um] [52.15um:52.995um] 0.845um ------->
        <event:00000473 0:168.462:0.845um> &<id:975168 Horizontal abc_1342_new_n274 Metal2 [33.585um 90.5um] [34.22um 90.5um] 0.29um rpD:0 bl:0 ---a-UC---T-----------bt-- [33.48um:34.325um] [33.48um:34.325um] 0.845um ------->
        <event:00000474 0:168.462:0.845um> &<id:975185 Horizontal abc_1342_new_n275 Metal2 [34.09um 94um] [34.725um 94um] 0.29um rpD:0 bl:0 ---a-UC---T-----------bt-- [33.985um:34.83um] [33.985um:34.83um] 0.845um ------->
        <event:00000475 0:105:0.845um> &<id:973703 Horizontal outputs(6) Metal2 [29.265um 26.5um] [29.9um 26.5um] 0.29um rpD:0 bl:0 ---a-UC---T-----------tb-- [29.16um:30.005um] [29.16um:30.005um] 0.845um ------->
        <event:00000476 0:170.189:0.855um> &<id:975346 Horizontal abc_1342_new_n205 Metal2 [46.735um 7.5um] [47.38um 7.5um] 0.29um rpD:0 bl:0 ---a-UC---T-----------tb-- [46.63um:47.485um] [46.63um:47.485um] 0.855um ------->
        <event:00000477 0:170.189:0.855um> &<id:976181 Horizontal abc_1342_new_n309 Metal2 [37.585um 71um] [38.23um 71um] 0.29um rpD:0 bl:0 ---a-UC---T-----------bt-- [37.48um:38.335um] [37.48um:38.335um] 0.855um ------->
        <event:00000478 0:170.189:0.855um> &<id:975213 Horizontal abc_1342_new_n281 Metal2 [46.735um 82.5um] [47.38um 82.5um] 0.29um rpD:0 bl:0 ---a-UC---T-----------tb-- [46.63um:47.485um] [46.63um:47.485um] 0.855um ------->
        <event:00000479 0:138.133:0.855um> &<id:974358 Horizontal n(1) Metal2 [5.585um 42um] [6.23um 42um] 0.29um rpD:0 bl:0 ---a-UC---T-----------bt-- [5.48um:6.335um] [5.48um:6.335um] 0.855um ------->
        <event:00000480 0:138.133:0.855um> &<id:976227 Horizontal n(10) Metal2 [35.565um 73um] [36.21um 73um] 0.29um rpD:0 bl:0 ---a-UC---T-----------bt-- [35.46um:36.315um] [35.46um:36.315um] 0.855um ------->
        <event:00000481 0:138.133:0.855um> &<id:976255 Horizontal n(11) Metal2 [36.07um 73um] [36.715um 73um] 0.29um rpD:0 bl:0 ---a-UC---T-----------bt-- [35.965um:36.82um] [35.965um:36.82um] 0.855um ------->
        <event:00000482 0:106.077:0.855um> &<id:975378 Horizontal abc_1342_new_n167 Metal2 [26.235um 54um] [26.88um 54um] 0.29um rpD:0 bl:0 ---a-UC---T-----------tb-- [26.13um:26.985um] [26.13um:26.985um] 0.855um ------->
        <event:00000483 0:171.917:0.865um> &<id:973989 Horizontal clk_root_0 Metal2 [0.245um 8.5um] [0.9um 8.5um] 0.29um rpD:0 bl:0 ---a-UC---T-----------tb-- [0.14um:1.005um] [0.14um:1.005um] 0.865um ------->
        <event:00000484 0:171.917:0.865um> &<id:975478 Horizontal abc_1342_new_n143 Metal2 [29um 79um] [29.405um 79um] 0.29um rpD:0 bl:0 -----UC---T-----------tb-- [28.75um:29.615um] [28.75um:29.615um] 0.865um ------->
        <event:00000485 0:107.154:0.865um> &<id:974619 Horizontal init Metal2 [29.76um 9um] [30.415um 9um] 0.29um rpD:0 bl:0 ---a-UC---T-----------tb-- [29.655um:30.52um] [29.655um:30.52um] 0.865um ------->
        <event:00000486 0:107.154:0.865um> &<id:974671 Horizontal init Metal2 [29.76um 26um] [30.415um 26um] 0.29um rpD:0 bl:0 ---a-UC---T-----------tb-- [29.655um:30.52um] [29.655um:30.52um] 0.865um ------->
        <event:00000487 0:107.154:0.865um> &<id:974059 Horizontal abc_1342_auto_rtlil_cc_2739_MuxGate_1339 Metal2 [50.255um 44um] [50.91um 44um] 0.29um rpD:0 bl:0 ---a-UC---T-----------tb-- [50.15um:51.015um] [50.15um:51.015um] 0.865um ------->
        <event:00000488 0:107.154:0.865um> &<id:974468 Horizontal n(7) Metal2 [18.23um 83.5um] [18.885um 83.5um] 0.29um rpD:0 bl:0 ---a-UC---T-----------tb-- [18.125um:18.99um] [18.125um:18.99um] 0.865um ------->
        <event:00000489 0:173.645:0.875um> &<id:975739 Horizontal abc_1342_new_n246 Metal2 [24.24um 42um] [24.905um 42um] 0.29um rpD:0 bl:0 ---a-UC---T-----------tb-- [24.135um:25.01um] [24.135um:25.01um] 0.875um ------->
        <event:00000490 0:108.231:0.875um> &<id:976055 Horizontal abc_1342_new_n159 Metal2 [49um 49um] [49.415um 49um] 0.29um rpD:0 bl:0 -----UC---T-----------tb-- [48.75um:49.625um] [48.75um:49.625um] 0.875um ------->
        <event:00000491 0:108.231:0.875um> &<id:976330 Horizontal n(27) Metal2 [61um 65.5um] [61.415um 65.5um] 0.29um rpD:0 bl:0 -----UC---T-----------tb-- [60.75um:61.625um] [60.75um:61.625um] 0.875um ------->
        <event:00000492 0:175.373:0.885um> &<id:973908 Horizontal clk_root_1 Metal2 [41.785um 38.5um] [42.46um 38.5um] 0.29um rpD:0 bl:0 ---a-UC---T-----------tb-- [41.68um:42.565um] [41.68um:42.565um] 0.885um ------->
        <event:00000493 0:175.373:0.885um> &<id:976087 Horizontal abc_1342_new_n138 Metal2 [41.745um 88um] [42.42um 88um] 0.29um rpD:0 bl:0 ---a-UC---T-----------tb-- [41.64um:42.525um] [41.64um:42.525um] 0.885um ------->
        <event:00000494 0:177.101:0.895um> &<id:975714 Horizontal abc_1342_new_n235 Metal2 [15.76um 30.5um] [16.445um 30.5um] 0.29um rpD:0 bl:0 ---a-UC---T-----------tb-- [15.655um:16.55um] [15.655um:16.55um] 0.895um ------->
        <event:00000495 0:177.101:0.895um> &<id:976570 Horizontal n(17) Metal2 [47.765um 79um] [48.45um 79um] 0.29um rpD:0 bl:0 ---a-UC---T-----------tb-- [47.66um:48.555um] [47.66um:48.555um] 0.895um ------->
        <event:00000496 0:177.101:0.895um> &<id:976573 Horizontal n(17) Metal2 [47.765um 82.5um] [48.45um 82.5um] 0.29um rpD:0 bl:0 ---a-UC---T-----------tb-- [47.66um:48.555um] [47.66um:48.555um] 0.895um ------->
        <event:00000497 0:143.743:0.895um> &<id:975254 Horizontal abc_1342_new_n292 Metal2 [15.765um 71.5um] [16.45um 71.5um] 0.29um rpD:0 bl:0 ---a-UC---T-----------tb-- [15.66um:16.555um] [15.66um:16.555um] 0.895um ------->
        <event:00000498 0:110.385:0.895um> &<id:973657 Horizontal outputs(4) Metal2 [38.79um 26.5um] [39.475um 26.5um] 0.29um rpD:0 bl:0 ---a-UC---T-----------tb-- [38.685um:39.58um] [38.685um:39.58um] 0.895um ------->
        <event:00000499 0:110.385:0.895um> &<id:975385 Horizontal abc_1342_new_n166 Metal2 [27.04um 54um] [27.725um 54um] 0.29um rpD:0 bl:0 ---a-UC---T-----------bt-- [26.935um:27.83um] [26.935um:27.83um] 0.895um ------->
        <event:00000500 0:178.828:0.905um> &<id:973931 Horizontal clk_root_0 Metal2 [18.025um 38.5um] [18.72um 38.5um] 0.29um rpD:0 bl:0 ---a-UC---T-----------bt-- [17.92um:18.825um] [17.92um:18.825um] 0.905um ------->
        <event:00000501 0:145.145:0.905um> &<id:974328 Horizontal n(4) Metal2 [25.485um 48.5um] [26.18um 48.5um] 0.29um rpD:0 bl:0 ---a-UC---T-----------bt-- [25.38um:26.285um] [25.38um:26.285um] 0.905um ------->
        <event:00000502 0:145.145:0.905um> &<id:974179 Horizontal abc_1342_auto_rtlil_cc_2739_MuxGate_1293 Metal2 [10.24um 56um] [10.935um 56um] 0.29um rpD:0 bl:0 ---a-UC---T-----------tb-- [10.135um:11.04um] [10.135um:11.04um] 0.905um ------->
        <event:00000503 0:145.145:0.905um> &<id:975782 Horizontal abc_1342_new_n255 Metal2 [25.485um 89.5um] [26.18um 89.5um] 0.29um rpD:0 bl:0 ---a-UC---T-----------bt-- [25.38um:26.285um] [25.38um:26.285um] 0.905um ------->
        <event:00000504 0:111.462:0.905um> &<id:974913 Horizontal abc_1342_new_n175 Metal2 [9.055um 3.5um] [9.5um 3.5um] 0.29um rpD:0 bl:0 -----UC---T-----------bt-- [8.845um:9.75um] [8.845um:9.75um] 0.905um ------->
        <event:00000505 0:111.462:0.905um> &<id:974182 Horizontal abc_1342_auto_rtlil_cc_2739_MuxGate_1293 Metal2 [10.235um 60um] [10.93um 60um] 0.29um rpD:0 bl:0 ---a-UC---T-----------tb-- [10.13um:11.035um] [10.13um:11.035um] 0.905um ------->
        <event:00000506 0:111.462:0.905um> &<id:974254 Horizontal abc_1342_auto_rtlil_cc_2739_MuxGate_1323 Metal2 [10.235um 67um] [10.93um 67um] 0.29um rpD:0 bl:0 ---a-UC---T-----------tb-- [10.13um:11.035um] [10.13um:11.035um] 0.905um ------->
        <event:00000507 0:111.462:0.905um> &<id:975777 Horizontal abc_1342_new_n255 Metal2 [25.485um 84um] [26.18um 84um] 0.29um rpD:0 bl:0 ---a-UC---T-----------bt-- [25.38um:26.285um] [25.38um:26.285um] 0.905um ------->
        <event:00000508 0:180.556:0.915um> &<id:975481 Horizontal abc_1342_new_n143 Metal2 [28.55um 82.5um] [29.255um 82.5um] 0.29um rpD:0 bl:0 ---a-UC---T-----------bt-- [28.445um:29.36um] [28.445um:29.36um] 0.915um ------->
        <event:00000509 0:146.547:0.915um> &<id:975943 Horizontal abc_1342_new_n311 Metal2 [59.755um 61um] [60.46um 61um] 0.29um rpD:0 bl:0 ---a-UC---T-----------tb-- [59.65um:60.565um] [59.65um:60.565um] 0.915um ------->
        <event:00000510 0:112.538:0.915um> &<id:974627 Horizontal init Metal2 [39.285um 9um] [39.99um 9um] 0.29um rpD:0 bl:0 ---a-UC---T-----------tb-- [39.18um:40.095um] [39.18um:40.095um] 0.915um ------->
        <event:00000511 0:112.538:0.915um> &<id:974575 Horizontal init Metal2 [7.285um 14um] [7.99um 14um] 0.29um rpD:0 bl:0 ---a-UC---T-----------tb-- [7.18um:8.095um] [7.18um:8.095um] 0.915um ------->
        <event:00000512 0:112.538:0.915um> &<id:975557 Horizontal abc_1342_new_n123 Metal2 [34.78um 32.5um] [35.485um 32.5um] 0.29um rpD:0 bl:0 ---a-UC---T-----------tb-- [34.675um:35.59um] [34.675um:35.59um] 0.915um ------->
        <event:00000513 0:112.538:0.915um> &<id:974430 Horizontal n(2) Metal2 [39.285um 42.5um] [39.99um 42.5um] 0.29um rpD:0 bl:0 ---a-UC---T-----------tb-- [39.18um:40.095um] [39.18um:40.095um] 0.915um ------->
        <event:00000514 0:112.538:0.915um> &<id:975948 Horizontal abc_1342_new_n311 Metal2 [59.755um 65.5um] [60.46um 65.5um] 0.29um rpD:0 bl:0 ---a-UC---T-----------tb-- [59.65um:60.565um] [59.65um:60.565um] 0.915um ------->
        <event:00000515 0:112.538:0.915um> &<id:975145 Horizontal abc_1342_new_n271 Metal2 [34.78um 89.5um] [35.485um 89.5um] 0.29um rpD:0 bl:0 ---a-UC---T-----------tb-- [34.675um:35.59um] [34.675um:35.59um] 0.915um ------->
        <event:00000516 0:182.284:0.925um> &<id:973944 Horizontal clk_root_0 Metal2 [33.765um 38.5um] [34.48um 38.5um] 0.29um rpD:0 bl:0 ---a-UC---T-----------tb-- [33.66um:34.585um] [33.66um:34.585um] 0.925um ------->
        <event:00000517 0:182.284:0.925um> &<id:976078 Horizontal abc_1342_new_n129 Metal2 [63.5um 50um] [63.965um 50um] 0.29um rpD:0 bl:0 -----UC---T-----------tb-- [63.25um:64.175um] [63.25um:64.175um] 0.925um ------->
        <event:00000518 0:182.284:0.925um> &<id:975636 Horizontal abc_1342_new_n137 Metal2 [63.5um 79um] [63.965um 79um] 0.29um rpD:0 bl:0 -----UC---T-----------tb-- [63.25um:64.175um] [63.25um:64.175um] 0.925um ------->
        <event:00000519 0:184.012:0.935um> &<id:975392 Horizontal abc_1342_new_n165 Metal2 [16.785um 36.5um] [17.51um 36.5um] 0.29um rpD:0 bl:0 ---a-UC---T-----------tb-- [16.68um:17.615um] [16.68um:17.615um] 0.935um ------->
        <event:00000520 0:184.012:0.935um> &<id:975265 Horizontal abc_1342_new_n292 Metal2 [7.745um 78um] [8.47um 78um] 0.29um rpD:0 bl:0 ---a-UC---T-----------tb-- [7.64um:8.575um] [7.64um:8.575um] 0.935um ------->
        <event:00000521 0:184.012:0.935um> &<id:976274 Horizontal n(11) Metal2 [16.78um 84.5um] [17.505um 84.5um] 0.29um rpD:0 bl:0 ---a-UC---T-----------tb-- [16.675um:17.61um] [16.675um:17.61um] 0.935um ------->
        <event:00000522 0:184.012:0.935um> &<id:976287 Horizontal n(12) Metal2 [39.745um 84.5um] [40.47um 84.5um] 0.29um rpD:0 bl:0 ---a-UC---T-----------tb-- [39.64um:40.575um] [39.64um:40.575um] 0.935um ------->
        <event:00000523 0:184.012:0.935um> &<id:974524 Horizontal n(8) Metal2 [8.525um 88um] [9um 88um] 0.29um rpD:0 bl:0 -----UC---T-----------bt-- [8.315um:9.25um] [8.315um:9.25um] 0.935um ------->
        <event:00000524 0:184.012:0.935um> &<id:975202 Horizontal abc_1342_new_n280 Metal2 [48.75um 89.5um] [49.475um 89.5um] 0.29um rpD:0 bl:0 ---a-UC---T-----------tb-- [48.645um:49.58um] [48.645um:49.58um] 0.935um ------->
        <event:00000525 0:184.012:0.935um> &<id:976610 Horizontal n(15) Metal2 [48.78um 94um] [49.505um 94um] 0.29um rpD:0 bl:0 ---a-UC---T-----------tb-- [48.675um:49.61um] [48.675um:49.61um] 0.935um ------->
        <event:00000526 0:114.692:0.935um> &<id:974391 Horizontal n(9) Metal2 [19.275um 83um] [20um 83um] 0.29um rpD:0 bl:0 ---a-UC---T-----------tb-- [19.17um:20.105um] [19.17um:20.105um] 0.935um ------->
        <event:00000527 0:114.692:0.935um> &<id:975816 Horizontal abc_1342_new_n255 Metal2 [51.275um 94.5um] [52um 94.5um] 0.29um rpD:0 bl:0 ---a-UC---T-----------tb-- [51.17um:52.105um] [51.17um:52.105um] 0.935um ------->
        <event:00000528 0:185.74:0.945um> &<id:974764 Horizontal mem_inputs(10) Metal2 [61um 30.5um] [61.485um 30.5um] 0.29um rpD:0 bl:0 -----UC---T-----------tb-- [60.75um:61.695um] [60.75um:61.695um] 0.945um ------->
        <event:00000529 0:185.74:0.945um> &<id:975223 Horizontal abc_1342_new_n283 Metal2 [61um 84.5um] [61.485um 84.5um] 0.29um rpD:0 bl:0 -----UC---T-----------tb-- [60.75um:61.695um] [60.75um:61.695um] 0.945um ------->
        <event:00000530 0:187.467:0.955um> &<id:975659 Horizontal abc_1342_new_n221 Metal2 [40.235um 25um] [40.98um 25um] 0.29um rpD:0 bl:0 ---a-UC---T-----------tb-- [40.13um:41.085um] [40.13um:41.085um] 0.955um ------->
        <event:00000531 0:152.157:0.955um> &<id:974286 Horizontal abc_1342_auto_rtlil_cc_2739_MuxGate_1335 Metal2 [51.765um 71um] [52.51um 71um] 0.29um rpD:0 bl:0 ---a-UC---T-----------tb-- [51.66um:52.615um] [51.66um:52.615um] 0.955um ------->
        <event:00000532 0:152.157:0.955um> &<id:974244 Horizontal abc_1342_auto_rtlil_cc_2739_MuxGate_1317 Metal2 [51.765um 77um] [52.51um 77um] 0.29um rpD:0 bl:0 ---a-UC---T-----------tb-- [51.66um:52.615um] [51.66um:52.615um] 0.955um ------->
        <event:00000533 0:116.846:0.955um> &<id:974283 Horizontal abc_1342_auto_rtlil_cc_2739_MuxGate_1335 Metal2 [51.76um 67um] [52.505um 67um] 0.29um rpD:0 bl:0 ---a-UC---T-----------tb-- [51.655um:52.61um] [51.655um:52.61um] 0.955um ------->
        <event:00000534 0:8.38461:0.96um> &<id:973548 Horizontal outputs(10) Metal2 [0um 22um] [0.5um 22um] 0.29um rpD:0 bl:0 -----UC---T------------t-- [-0.21um:0.75um] [-0.21um:0.75um] 0.96um ------->
        <event:00000535 0:189.195:0.965um> &<id:975966 Horizontal abc_1342_new_n317 Metal2 [57.745um 49um] [58.5um 49um] 0.29um rpD:0 bl:0 ---a-UC---T-----------tb-- [57.64um:58.605um] [57.64um:58.605um] 0.965um ------->
        <event:00000536 0:189.195:0.965um> &<id:975630 Horizontal abc_1342_new_n136 Metal2 [54.5um 90.5um] [55.005um 90.5um] 0.29um rpD:0 bl:0 -----UC---T-----------tb-- [54.25um:55.215um] [54.25um:55.215um] 0.965um ------->
        <event:00000537 0:153.559:0.965um> &<id:974371 Horizontal n(9) Metal2 [34.755um 73um] [35.51um 73um] 0.29um rpD:0 bl:0 ---a-UC---T-----------tb-- [34.65um:35.615um] [34.65um:35.615um] 0.965um ------->
        <event:00000538 0:117.923:0.965um> &<id:976211 Horizontal n(26) Metal2 [43.765um 65.5um] [44.52um 65.5um] 0.29um rpD:0 bl:0 ---a-UC---T-----------tb-- [43.66um:44.625um] [43.66um:44.625um] 0.965um ------->
        <event:00000539 0:154.962:0.975um> &<id:974049 Horizontal abc_1342_auto_rtlil_cc_2739_MuxGate_1319 Metal2 [3um 77um] [3.515um 77um] 0.29um rpD:0 bl:0 -----UC---T-----------tb-- [2.75um:3.725um] [2.75um:3.725um] 0.975um ------->
        <event:00000540 0:121.692:1um> &<id:975023 Horizontal abc_1342_new_n174 Metal2 [29um 26um] [29.055um 26um] 0.29um rpD:0 bl:0 -----UC---T-----------tb-- [28.75um:29.265um] [28.75um:29.75um] 1um ------->
        <event:00000541 0:196.107:1.005um> &<id:976147 Horizontal abc_1342_new_n248 Metal2 [15.455um 53.5um] [16um 53.5um] 0.29um rpD:0 bl:0 -----UC---T-----------bt-- [15.245um:16.25um] [15.245um:16.25um] 1.005um ------->
        <event:00000542 0:159.169:1.005um> &<id:976063 Horizontal abc_1342_new_n158 Metal2 [47.455um 55.5um] [48um 55.5um] 0.29um rpD:0 bl:0 -----UC---T-----------bt-- [47.245um:48.25um] [47.245um:48.25um] 1.005um ------->
        <event:00000543 0:197.834:1.015um> &<id:975951 Horizontal abc_1342_new_n313 Metal2 [51.445um 61.5um] [52um 61.5um] 0.29um rpD:0 bl:0 -----UC---T-----------bt-- [51.235um:52.25um] [51.235um:52.25um] 1.015um ------->
        <event:00000544 0:197.834:1.015um> &<id:975129 Horizontal abc_1342_new_n271 Metal2 [39.445um 84.5um] [40um 84.5um] 0.29um rpD:0 bl:0 -----UC---T-----------bt-- [39.235um:40.25um] [39.235um:40.25um] 1.015um ------->
        <event:00000545 0:199.562:1.025um> &<id:975605 Horizontal abc_1342_new_n131 Metal2 [17um 65um] [17.565um 65um] 0.29um rpD:0 bl:0 -----UC---T-----------tb-- [16.75um:17.775um] [16.75um:17.775um] 1.025um ------->
        <event:00000546 0:203.018:1.045um> &<id:973978 Horizontal clk_root_0 Metal2 [50.5um 4um] [51.085um 4um] 0.29um rpD:0 bl:0 -----UC---T-----------tb-- [50.25um:51.295um] [50.25um:51.295um] 1.045um ------->
        <event:00000547 0:203.018:1.045um> &<id:973843 Horizontal clk_root_1 Metal2 [54.5um 27um] [55.085um 27um] 0.29um rpD:0 bl:0 -----UC---T-----------tb-- [54.25um:55.295um] [54.25um:55.295um] 1.045um ------->
        <event:00000548 0:203.018:1.045um> &<id:973876 Horizontal clk_root_1 Metal2 [50.5um 65um] [51.085um 65um] 0.29um rpD:0 bl:0 -----UC---T-----------tb-- [50.25um:51.295um] [50.25um:51.295um] 1.045um ------->
        <event:00000549 0:166.18:1.055um> &<id:975832 Horizontal abc_1342_new_n255 Metal2 [8.905um 78um] [9.5um 78um] 0.29um rpD:0 bl:0 -----UC---T-----------bt-- [8.695um:9.75um] [8.695um:9.75um] 1.055um ------->
        <event:00000550 0:127.615:1.055um> &<id:975090 Horizontal abc_1342_new_n174 Metal2 [8.905um 44um] [9.5um 44um] 0.29um rpD:0 bl:0 -----UC---T-----------bt-- [8.695um:9.75um] [8.695um:9.75um] 1.055um ------->
        <event:00000551 0:127.615:1.055um> &<id:974267 Horizontal abc_1342_auto_rtlil_cc_2739_MuxGate_1327 Metal2 [21.905um 61um] [22.5um 61um] 0.29um rpD:0 bl:0 -----UC---T-----------bt-- [21.695um:22.75um] [21.695um:22.75um] 1.055um ------->
        <event:00000552 0:129.769:1.075um> &<id:974653 Horizontal init Metal2 [39.78um 43um] [40.505um 43um] 0.29um rpD:0 bl:0 ---a-UC---T-----------tb-- [39.675um:40.61um] [39.675um:40.75um] 1.075um ------->
        <event:00000553 0:209.929:1.085um> &<id:974791 Horizontal mem_inputs(13) Metal2 [17.5um 10um] [18.125um 10um] 0.29um rpD:0 bl:0 -----UC---T-----------tb-- [17.25um:18.335um] [17.25um:18.335um] 1.085um ------->
        <event:00000554 0:209.929:1.085um> &<id:976540 Horizontal n(18) Metal2 [61.5um 78um] [62.125um 78um] 0.29um rpD:0 bl:0 -----UC---T-----------tb-- [61.25um:62.335um] [61.25um:62.335um] 1.085um ------->
        <event:00000555 0:213.385:1.105um> &<id:974607 Horizontal init Metal2 [21.855um 19um] [22.5um 19um] 0.29um rpD:0 bl:0 -----UC---T-----------bt-- [21.645um:22.75um] [21.645um:22.75um] 1.105um ------->
        <event:00000556 0:213.385:1.105um> &<id:974610 Horizontal init Metal2 [21.855um 21.5um] [22.5um 21.5um] 0.29um rpD:0 bl:0 -----UC---T-----------bt-- [21.645um:22.75um] [21.645um:22.75um] 1.105um ------->
        <event:00000557 0:173.192:1.105um> &<id:975819 Horizontal abc_1342_new_n255 Metal2 [21.855um 84um] [22.5um 84um] 0.29um rpD:0 bl:0 -----UC---T-----------bt-- [21.645um:22.75um] [21.645um:22.75um] 1.105um ------->
        <event:00000558 0:215.112:1.115um> &<id:975366 Horizontal abc_1342_new_n201 Metal2 [54.5um 13.5um] [55.155um 13.5um] 0.29um rpD:0 bl:0 -----UC---T-----------tb-- [54.25um:55.365um] [54.25um:55.365um] 1.115um ------->
        <event:00000559 0:215.112:1.115um> &<id:975373 Horizontal abc_1342_new_n167 Metal2 [26.5um 49um] [27.155um 49um] 0.29um rpD:0 bl:0 -----UC---T-----------tb-- [26.25um:27.365um] [26.25um:27.365um] 1.115um ------->
        <event:00000560 0:134.615:1.12um> &<id:975075 Horizontal abc_1342_new_n174 Metal2 [39.735um 49um] [40.33um 49um] 0.29um rpD:0 bl:0 ---a-UC---T-----------tb-- [39.63um:40.435um] [39.63um:40.75um] 1.12um ------->
        <event:00000561 0:220.296:1.145um> &<id:973967 Horizontal clk_root_0 Metal2 [44um 19um] [44.685um 19um] 0.29um rpD:0 bl:0 -----UC---T-----------tb-- [43.75um:44.895um] [43.75um:44.895um] 1.145um ------->
        <event:00000562 0:138.385:1.155um> &<id:975520 Horizontal abc_1342_new_n123 Metal2 [15.305um 31um] [16um 31um] 0.29um rpD:0 bl:0 -----UC---T-----------bt-- [15.095um:16.25um] [15.095um:16.25um] 1.155um ------->
        <event:00000563 0:140.538:1.175um> &<id:974562 Horizontal init Metal2 [9.5um 3um] [10.215um 3um] 0.29um rpD:0 bl:0 -----UC---T-----------tb-- [9.25um:10.425um] [9.25um:10.425um] 1.175um ------->
        <event:00000564 0:140.538:1.175um> &<id:974714 Horizontal init Metal2 [54um 14.5um] [54.215um 14.5um] 0.29um rpD:0 bl:0 -----UC---T-----------tb-- [53.75um:54.425um] [53.25um:54.425um] 1.175um ------->
        <event:00000565 0:230.663:1.205um> &<id:974832 Horizontal abc_1342_new_n195 Metal2 [8.755um 13.5um] [9.5um 13.5um] 0.29um rpD:0 bl:0 -----UC---T-----------bt-- [8.545um:9.75um] [8.545um:9.75um] 1.205um ------->
        <event:00000566 0:187.216:1.205um> &<id:975849 Horizontal abc_1342_new_n255 Metal2 [0.255um 83um] [1um 83um] 0.29um rpD:0 bl:0 -----UC---T-----------bt-- [0.045um:1.25um] [0.045um:1.25um] 1.205um ------->
        <event:00000567 0:232.391:1.215um> &<id:976502 Horizontal n(20) Metal2 [27.5um 72um] [28.255um 72um] 0.29um rpD:0 bl:0 -----UC---T-----------tb-- [27.25um:28.465um] [27.25um:28.465um] 1.215um ------->
        <event:00000568 0:234.982:1.23um> &<id:975732 Horizontal abc_1342_new_n245 Metal2 [27.445um 37.5um] [28.255um 37.5um] 0.29um rpD:0 bl:0 -----UC---T-----------bb-- [27.235um:28.465um] [27.235um:28.465um] 1.23um ------->
        <event:00000569 0:234.982:1.23um> &<id:975301 Horizontal abc_1342_new_n296 Metal2 [5.045um 66um] [5.855um 66um] 0.29um rpD:0 bl:0 -----UC---T-----------bb-- [4.835um:6.065um] [4.835um:6.065um] 1.23um ------->
        <event:00000570 0:190.722:1.23um> &<id:976163 Horizontal abc_1342_new_n269 Metal2 [37.045um 83.5um] [37.855um 83.5um] 0.29um rpD:0 bl:0 -----UC---T-----------bb-- [36.835um:38.065um] [36.835um:38.065um] 1.23um ------->
        <event:00000571 0:237.574:1.245um> &<id:973816 Horizontal clk_root_2 Metal2 [9.5um 89.5um] [10.285um 89.5um] 0.29um rpD:0 bl:0 -----UC---T-----------tb-- [9.25um:10.495um] [9.25um:10.495um] 1.245um ------->
        <event:00000572 0:242.757:1.275um> &<id:973806 Horizontal clk_root_2 Metal2 [8.685um 73um] [9.5um 73um] 0.29um rpD:0 bl:0 -----UC---T-----------bt-- [8.475um:9.75um] [8.475um:9.75um] 1.275um ------->
        <event:00000573 0:151.308:1.275um> &<id:975787 Horizontal abc_1342_new_n255 Metal2 [35um 89.5um] [35.815um 89.5um] 0.29um rpD:0 bl:0 -----UC---T-----------tb-- [34.75um:36.025um] [34.75um:36.025um] 1.275um ------->
        <event:00000574 0:247.941:1.305um> &<id:976592 Horizontal n(15) Metal2 [42.655um 79um] [43.5um 79um] 0.29um rpD:0 bl:0 -----UC---T-----------bt-- [42.445um:43.75um] [42.445um:43.75um] 1.305um ------->
        <event:00000575 0:249.669:1.315um> &<id:975960 Horizontal abc_1342_new_n315 Metal2 [61.5um 65um] [62.355um 65um] 0.29um rpD:0 bl:0 -----UC---T-----------tb-- [61.25um:62.565um] [61.25um:62.565um] 1.315um ------->
        <event:00000576 0:206.849:1.345um> &<id:974353 Horizontal n(1) Metal2 [5.115um 37.5um] [6um 37.5um] 0.29um rpD:0 bl:0 -----UC---T-----------bt-- [4.905um:6.25um] [4.905um:6.25um] 1.345um ------->
        <event:00000577 0:158.846:1.345um> &<id:975810 Horizontal abc_1342_new_n255 Metal2 [40.615um 94.5um] [41.5um 94.5um] 0.29um rpD:0 bl:0 -----UC---T-----------bt-- [40.405um:41.75um] [40.405um:41.75um] 1.345um ------->
        <event:00000578 0:260.035:1.375um> &<id:976150 Horizontal abc_1342_new_n249 Metal2 [15.085um 50um] [16um 50um] 0.29um rpD:0 bl:0 -----UC---T-----------bt-- [14.875um:16.25um] [14.875um:16.25um] 1.375um ------->
        <event:00000579 0:211.056:1.375um> &<id:974292 Horizontal abc_1342_auto_rtlil_cc_2739_MuxGate_1337 Metal2 [61um 54um] [61.915um 54um] 0.29um rpD:0 bl:0 -----UC---T-----------tb-- [60.75um:62.125um] [60.75um:62.125um] 1.375um ------->
        <event:00000580 0:212.459:1.385um> &<id:976445 Horizontal n(23) Metal2 [29um 71.5um] [29.925um 71.5um] 0.29um rpD:0 bl:0 -----UC---T-----------tb-- [28.75um:30.135um] [28.75um:30.135um] 1.385um ------->
        <event:00000581 0:266.947:1.415um> &<id:976458 Horizontal n(22) Metal2 [22.5um 72um] [23.455um 72um] 0.29um rpD:0 bl:0 -----UC---T-----------tb-- [22.25um:23.665um] [22.25um:23.665um] 1.415um ------->
        <event:00000582 0:166.385:1.415um> &<id:975012 Horizontal abc_1342_new_n174 Metal2 [22.5um 20um] [23.455um 20um] 0.29um rpD:0 bl:0 -----UC---T-----------tb-- [22.25um:23.665um] [22.25um:23.665um] 1.415um ------->
        <event:00000583 0:271.266:1.44um> &<id:975919 Horizontal abc_1342_new_n305 Metal2 [33.265um 66um] [34.285um 66um] 0.29um rpD:0 bl:0 -----UC---T-----------bb-- [33.055um:34.495um] [33.055um:34.495um] 1.44um ------->
        <event:00000584 0:12.2308:1.46um> &<id:973722 Horizontal outputs(7) Metal2 [0um 5.5um] [1um 5.5um] 0.29um rpD:0 bl:0 -----UC---T------------t-- [-0.21um:1.25um] [-0.21um:1.25um] 1.46um ------->
        <event:00000585 0:275.586:1.465um> &<id:974323 Horizontal n(4) Metal2 [26um 43um] [27.005um 43um] 0.29um rpD:0 bl:0 -----UC---T-----------tb-- [25.75um:27.215um] [25.75um:27.215um] 1.465um ------->
        <event:00000586 0:171.769:1.465um> &<id:975359 Horizontal abc_1342_new_n202 Metal2 [41.5um 8um] [42.505um 8um] 0.29um rpD:0 bl:0 -----UC---T-----------tb-- [41.25um:42.715um] [41.25um:42.715um] 1.465um ------->
        <event:00000587 0:171.769:1.465um> &<id:974134 Horizontal abc_1342_auto_rtlil_cc_2739_MuxGate_1273 Metal2 [42.5um 37um] [43.505um 37um] 0.29um rpD:0 bl:0 -----UC---T-----------tb-- [42.25um:43.715um] [42.25um:43.715um] 1.465um ------->
        <event:00000588 0:277.314:1.475um> &<id:974143 Horizontal abc_1342_auto_rtlil_cc_2739_MuxGate_1277 Metal2 [61um 21.5um] [62.015um 21.5um] 0.29um rpD:0 bl:0 -----UC---T-----------tb-- [60.75um:62.225um] [60.75um:62.225um] 1.475um ------->
        <event:00000589 0:228.586:1.5um> &<id:974676 Horizontal init Metal2 [29.925um 37um] [30um 37um] 0.29um rpD:0 bl:0 -----UC---T-----------bt-- [29.715um:30.25um] [28.75um:30.25um] 1.5um ------->
        <event:00000590 0:175.538:1.5um> &<id:975070 Horizontal abc_1342_new_n174 Metal2 [39um 43um] [39.305um 43um] 0.29um rpD:0 bl:0 -----UC---T-----------tb-- [38.75um:39.515um] [38.75um:40.25um] 1.5um ------->
        <event:00000591 0:229.287:1.505um> &<id:973362 Horizontal inputs(9) Metal2 [15.455um 3um] [16.5um 3um] 0.29um rpD:0 bl:0 -----UC---T-----------bt-- [15.245um:16.75um] [15.245um:16.75um] 1.505um ------->
        <event:00000592 0:177.692:1.52um> &<id:975322 Horizontal abc_1342_new_n211 Metal2 [2.355um 3um] [3.455um 3um] 0.29um rpD:0 bl:0 -----UC---T-----------bb-- [2.145um:3.665um] [2.145um:3.665um] 1.52um ------->
        <event:00000593 0:180.385:1.545um> &<id:974400 Horizontal n(2) Metal2 [21.415um 32.5um] [22.5um 32.5um] 0.29um rpD:0 bl:0 -----UC---T-----------bt-- [21.205um:22.75um] [21.205um:22.75um] 1.545um ------->
        <event:00000594 0:181.462:1.555um> &<id:974069 Horizontal abc_1342_auto_rtlil_cc_2739_MuxGate_1263 Metal2 [1.905um 8um] [3um 8um] 0.29um rpD:0 bl:0 -----UC---T-----------bt-- [1.695um:3.25um] [1.695um:3.25um] 1.555um ------->
        <event:00000595 0:181.462:1.555um> &<id:974046 Horizontal abc_1342_auto_rtlil_cc_2739_MuxGate_1319 Metal2 [1.905um 72.5um] [3um 72.5um] 0.29um rpD:0 bl:0 -----UC---T-----------bt-- [1.695um:3.25um] [1.695um:3.25um] 1.555um ------->
        <event:00000596 0:299.775:1.605um> &<id:976264 Horizontal n(11) Metal2 [33.855um 82.5um] [35um 82.5um] 0.29um rpD:0 bl:0 -----UC---T-----------bt-- [33.645um:35.25um] [33.645um:35.25um] 1.605um ------->
        <event:00000597 0:243.311:1.605um> &<id:975904 Horizontal abc_1342_new_n302 Metal2 [25.855um 67um] [27um 67um] 0.29um rpD:0 bl:0 -----UC---T-----------bt-- [25.645um:27.25um] [25.645um:27.25um] 1.605um ------->
        <event:00000598 0:301.503:1.615um> &<id:975977 Horizontal abc_1342_new_n199 Metal2 [42um 19um] [43.155um 19um] 0.29um rpD:0 bl:0 -----UC---T-----------tb-- [41.75um:43.365um] [41.75um:43.365um] 1.615um ------->
        <event:00000599 0:244.713:1.615um> &<id:976499 Horizontal n(20) Metal2 [17.5um 67um] [18.655um 67um] 0.29um rpD:0 bl:0 -----UC---T-----------tb-- [17.25um:18.865um] [17.25um:18.865um] 1.615um ------->
        <event:00000600 0:303.231:1.625um> &<id:976084 Horizontal abc_1342_new_n138 Metal2 [42um 79um] [43.165um 79um] 0.29um rpD:0 bl:0 -----UC---T-----------tb-- [41.75um:43.375um] [41.75um:43.375um] 1.625um ------->
        <event:00000601 0:248.92:1.645um> &<id:974040 Horizontal abc_1342_auto_rtlil_cc_2739_MuxGate_1309 Metal2 [40.315um 90.5um] [41.5um 90.5um] 0.29um rpD:0 bl:0 -----UC---T-----------bt-- [40.105um:41.75um] [40.105um:41.75um] 1.645um ------->
        <event:00000602 0:309.278:1.66um> &<id:975292 Horizontal abc_1342_new_n293 Metal2 [1.845um 78um] [3.085um 78um] 0.29um rpD:0 bl:0 -----UC---T-----------bb-- [1.635um:3.295um] [1.635um:3.295um] 1.66um ------->
        <event:00000603 0:258.737:1.715um> &<id:973357 Horizontal inputs(8) Metal2 [11um 3um] [12.255um 3um] 0.29um rpD:0 bl:0 -----UC---T-----------tb-- [10.75um:12.465um] [10.75um:12.465um] 1.715um ------->
        <event:00000604 0:322.237:1.735um> &<id:976581 Horizontal n(17) Metal2 [59.725um 84.5um] [61um 84.5um] 0.29um rpD:0 bl:0 -----UC---T-----------bt-- [59.515um:61.25um] [59.515um:61.25um] 1.735um ------->
        <event:00000605 0:324.828:1.75um> &<id:974361 Horizontal n(1) Metal2 [14.925um 37.5um] [16.255um 37.5um] 0.29um rpD:0 bl:0 -----UC---T-----------bb-- [14.715um:16.465um] [14.715um:16.465um] 1.75um ------->
        <event:00000606 0:203:1.755um> &<id:974112 Horizontal abc_1342_auto_rtlil_cc_2739_MuxGate_1265 Metal2 [14.705um 26.5um] [16um 26.5um] 0.29um rpD:0 bl:0 -----UC---T-----------bt-- [14.495um:16.25um] [14.495um:16.25um] 1.755um ------->
        <event:00000607 0:204.077:1.765um> &<id:974022 Horizontal abc_1342_auto_rtlil_cc_2739_MuxGate_1279 Metal2 [3um 32.5um] [4.305um 32.5um] 0.29um rpD:0 bl:0 -----UC---T-----------tb-- [2.75um:4.515um] [2.75um:4.515um] 1.765um ------->
        <event:00000608 0:329.148:1.775um> &<id:976002 Horizontal abc_1342_new_n178 Metal2 [0.685um 36.5um] [2um 36.5um] 0.29um rpD:0 bl:0 -----UC---T-----------bt-- [0.475um:2.25um] [0.475um:2.25um] 1.775um ------->
        <event:00000609 0:267.151:1.775um> &<id:973727 Horizontal outputs(7) Metal2 [35um 13.5um] [36.315um 13.5um] 0.29um rpD:0 bl:0 -----UC---T-----------tb-- [34.75um:36.525um] [34.75um:36.525um] 1.775um ------->
        <event:00000610 0:205.154:1.775um> &<id:974601 Horizontal init Metal2 [22.5um 9um] [23.815um 9um] 0.29um rpD:0 bl:0 -----UC---T-----------tb-- [22.25um:24.025um] [22.25um:24.025um] 1.775um ------->
        <event:00000611 0:208.385:1.805um> &<id:975688 Horizontal abc_1342_new_n227 Metal2 [46.655um 31um] [48um 31um] 0.29um rpD:0 bl:0 -----UC---T-----------bt-- [46.445um:48.25um] [46.445um:48.25um] 1.805um ------->
        <event:00000612 0:336.059:1.815um> &<id:974433 Horizontal n(3) Metal2 [40.5um 42um] [41.855um 42um] 0.29um rpD:0 bl:0 -----UC---T-----------tb-- [40.25um:42.065um] [40.25um:42.065um] 1.815um ------->
        <event:00000613 0:336.059:1.815um> &<id:976009 Horizontal abc_1342_new_n288 Metal2 [61um 88um] [62.355um 88um] 0.29um rpD:0 bl:0 -----UC---T-----------tb-- [60.75um:62.565um] [60.75um:62.565um] 1.815um ------->
        <event:00000614 0:276.967:1.845um> &<id:974222 Horizontal abc_1342_auto_rtlil_cc_2739_MuxGate_1311 Metal2 [53.115um 90.5um] [54.5um 90.5um] 0.29um rpD:0 bl:0 -----UC---T-----------bt-- [52.905um:54.75um] [52.905um:54.75um] 1.845um ------->
        <event:00000615 0:213.769:1.855um> &<id:975545 Horizontal abc_1342_new_n123 Metal2 [40.105um 14um] [41.5um 14um] 0.29um rpD:0 bl:0 -----UC---T-----------bt-- [39.895um:41.75um] [39.895um:41.75um] 1.855um ------->
        <event:00000616 0:281.876:1.88um> &<id:975158 Horizontal abc_1342_new_n272 Metal2 [26.645um 89.5um] [28.105um 89.5um] 0.29um rpD:0 bl:0 -----UC---T-----------bb-- [26.435um:28.315um] [26.435um:28.315um] 1.88um ------->
        <event:00000617 0:283.979:1.895um> &<id:974414 Horizontal n(2) Metal2 [14.565um 43.5um] [16um 43.5um] 0.29um rpD:0 bl:0 -----UC---T-----------bt-- [14.355um:16.25um] [14.355um:16.25um] 1.895um ------->
        <event:00000618 0:351.609:1.905um> &<id:976315 Horizontal n(27) Metal2 [49.055um 65um] [50.5um 65um] 0.29um rpD:0 bl:0 -----UC---T-----------bt-- [48.845um:50.75um] [48.845um:50.75um] 1.905um ------->
        <event:00000619 0:351.609:1.905um> &<id:971684 Horizontal abc_1342_new_n309 Metal2 [38um 67.5um] [39.445um 67.5um] 0.29um rpD:0 bl:0 -----UCG--T-----------tb-- [37.75um:39.655um] [37.75um:39.655um] 1.905um ------->
        <event:00000620 0:355.065:1.925um> &<id:975617 Horizontal abc_1342_new_n134 Metal2 [54.5um 73um] [55.965um 73um] 0.29um rpD:0 bl:0 -----UC---T-----------tb-- [54.25um:56.175um] [54.25um:56.175um] 1.925um ------->
        <event:00000621 0:359.385:1.95um> &<id:975759 Horizontal abc_1342_new_n254 Metal2 [41.555um 49um] [43.085um 49um] 0.29um rpD:0 bl:0 -----UC---T-----------bb-- [41.345um:43.295um] [41.345um:43.295um] 1.95um ------->
        <event:00000622 0:224:1.95um> &<id:976619 Horizontal n(14) Metal2 [36.325um 89.5um] [37.855um 89.5um] 0.29um rpD:0 bl:0 -----UC---T-----------bb-- [36.115um:38.065um] [36.115um:38.065um] 1.95um ------->
        <event:00000623 0:224:1.95um> &<id:976562 Horizontal n(16) Metal2 [52.325um 95um] [53.855um 95um] 0.29um rpD:0 bl:0 -----UC---T-----------bb-- [52.115um:54.065um] [52.115um:54.065um] 1.95um ------->
        <event:00000624 0:292.393:1.955um> &<id:975260 Horizontal abc_1342_new_n292 Metal2 [6.505um 66.5um] [8um 66.5um] 0.29um rpD:0 bl:0 -----UC---T-----------bt-- [6.295um:8.25um] [6.295um:8.25um] 1.955um ------->
        <event:00000625 0:224.538:1.955um> &<id:975337 Horizontal abc_1342_new_n206 Metal2 [46.505um 3.5um] [48um 3.5um] 0.29um rpD:0 bl:0 -----UC---T-----------bt-- [46.295um:48.25um] [46.295um:48.25um] 1.955um ------->
        <event:00000626 0:365.432:1.985um> &<id:976219 Horizontal n(26) Metal2 [47um 60.5um] [48.525um 60.5um] 0.29um rpD:0 bl:0 -----UC---T-----------tb-- [46.75um:48.735um] [46.75um:48.735um] 1.985um ------->
        <event:00000627 0:229.385:2um> &<id:974967 Horizontal abc_1342_new_n175 Metal2 [52.255um 20um] [53um 20um] 0.29um rpD:0 bl:0 -----UC---T-----------bt-- [52.045um:53.25um] [51.25um:53.25um] 2um ------->
        <event:00000628 0:368.888:2.005um> &<id:976016 Horizontal abc_1342_new_n299 Metal2 [7.955um 65um] [9.5um 65um] 0.29um rpD:0 bl:0 -----UC---T-----------bt-- [7.745um:9.75um] [7.745um:9.75um] 2.005um ------->
        <event:00000629 0:370.615:2.015um> &<id:976153 Horizontal abc_1342_new_n249 Metal2 [16um 53.5um] [17.555um 53.5um] 0.29um rpD:0 bl:0 -----UC---T-----------tb-- [15.75um:17.765um] [15.75um:17.765um] 2.015um ------->
        <event:00000630 0:231:2.015um> &<id:974920 Horizontal abc_1342_new_n175 Metal2 [17um 14.5um] [17.055um 14.5um] 0.29um rpD:0 bl:0 -----UC---T-----------tb-- [16.75um:17.265um] [15.25um:17.265um] 2.015um ------->
        <event:00000631 0:231:2.015um> &<id:971332 Horizontal abc_1342_new_n175 Metal2 [43.5um 26.5um] [45.055um 26.5um] 0.29um rpD:0 bl:0 -----UCG--T-----------tb-- [43.25um:45.265um] [43.25um:45.265um] 2.015um ------->
        <event:00000632 0:372.343:2.025um> &<id:975566 Horizontal abc_1342_new_n124 Metal2 [48um 65um] [49.565um 65um] 0.29um rpD:0 bl:0 -----UC---T-----------tb-- [47.75um:49.775um] [47.75um:49.775um] 2.025um ------->
        <event:00000633 0:375.799:2.045um> &<id:976156 Horizontal abc_1342_new_n259 Metal2 [9.5um 79um] [11.085um 79um] 0.29um rpD:0 bl:0 -----UC---T-----------tb-- [9.25um:11.295um] [9.25um:11.295um] 2.045um ------->
        <event:00000634 0:375.799:2.045um> &<id:973811 Horizontal clk_root_2 Metal2 [9.5um 83.5um] [11.085um 83.5um] 0.29um rpD:0 bl:0 -----UC---T-----------tb-- [9.25um:11.295um] [9.25um:11.295um] 2.045um ------->
        <event:00000635 0:234.231:2.045um> &<id:974661 Horizontal init Metal2 [33.415um 26um] [35um 26um] 0.29um rpD:0 bl:0 -----UC---T-----------bt-- [33.205um:35.25um] [33.205um:35.25um] 2.045um ------->
        <event:00000636 0:234.231:2.045um> &<id:975794 Horizontal abc_1342_new_n255 Metal2 [33.415um 94.5um] [35um 94.5um] 0.29um rpD:0 bl:0 -----UC---T-----------bt-- [33.205um:35.25um] [33.205um:35.25um] 2.045um ------->
        <event:00000637 0:306.417:2.055um> &<id:976551 Horizontal n(16) Metal2 [48.905um 83um] [49um 83um] 0.29um rpD:0 bl:0 -----UC---T-----------bt-- [48.695um:49.25um] [48.695um:50.75um] 2.055um ------->
        <event:00000638 0:235.308:2.055um> &<id:974888 Horizontal abc_1342_new_n182 Metal2 [32.905um 9um] [34.5um 9um] 0.29um rpD:0 bl:0 -----UC---T-----------bt-- [32.695um:34.75um] [32.695um:34.75um] 2.055um ------->
        <event:00000639 0:384.438:2.095um> &<id:973827 Horizontal clk_root_2 Metal2 [28.5um 49um] [30.135um 49um] 0.29um rpD:0 bl:0 -----UC---T-----------tb-- [28.25um:30.345um] [28.25um:30.345um] 2.095um ------->
        <event:00000640 0:240.692:2.105um> &<id:974850 Horizontal abc_1342_new_n191 Metal2 [25.855um 8um] [27.5um 8um] 0.29um rpD:0 bl:0 -----UC---T-----------bt-- [25.645um:27.75um] [25.645um:27.75um] 2.105um ------->
        <event:00000641 0:387.893:2.115um> &<id:972691 Horizontal abc_1342_new_n253 Metal2 [37.845um 44.5um] [39.5um 44.5um] 0.29um rpD:0 bl:0 -----UCG--T-----------bt-- [37.635um:39.75um] [37.635um:39.75um] 2.115um ------->
        <event:00000642 0:314.831:2.115um> &<id:976300 Horizontal n(12) Metal2 [45um 89um] [46.655um 89um] 0.29um rpD:0 bl:0 -----UC---T-----------tb-- [44.75um:46.865um] [44.75um:46.865um] 2.115um ------->
        <event:00000643 0:314.831:2.115um> &<id:975207 Horizontal abc_1342_new_n280 Metal2 [49um 94.5um] [50.655um 94.5um] 0.29um rpD:0 bl:0 -----UC---T-----------tb-- [48.75um:50.865um] [48.75um:50.865um] 2.115um ------->
        <event:00000644 0:391.349:2.135um> &<id:973739 Horizontal outputs(8) Metal2 [33.325um 20um] [35um 20um] 0.29um rpD:0 bl:0 -----UC---T-----------bt-- [33.115um:35.25um] [33.115um:35.25um] 2.135um ------->
        <event:00000645 0:246.077:2.155um> &<id:975313 Horizontal abc_1342_new_n214 Metal2 [27.305um 31um] [29um 31um] 0.29um rpD:0 bl:0 -----UC---T-----------bt-- [27.095um:29.25um] [27.095um:29.25um] 2.155um ------->
        <event:00000646 0:247.692:2.17um> &<id:975691 Horizontal abc_1342_new_n230 Metal2 [39.155um 31.5um] [40.905um 31.5um] 0.29um rpD:0 bl:0 -----UC---T-----------bb-- [38.945um:41.115um] [38.945um:41.115um] 2.17um ------->
        <event:00000647 0:398.26:2.175um> &<id:973879 Horizontal clk_root_1 Metal2 [42.285um 60.5um] [44um 60.5um] 0.29um rpD:0 bl:0 -----UC---T-----------bt-- [42.075um:44.25um] [42.075um:44.25um] 2.175um ------->
        <event:00000648 0:399.124:2.18um> &<id:975472 Horizontal abc_1342_new_n145 Metal2 [45.405um 49um] [47.165um 49um] 0.29um rpD:0 bl:0 -----UC---T-----------bb-- [45.195um:47.375um] [45.195um:47.375um] 2.18um ------->
        <event:00000649 0:399.124:2.18um> &<id:976075 Horizontal abc_1342_new_n128 Metal2 [60.605um 49um] [62.365um 49um] 0.29um rpD:0 bl:0 -----UC---T-----------bb-- [60.395um:62.575um] [60.395um:62.575um] 2.18um ------->
        <event:00000650 0:399.124:2.18um> &<id:975608 Horizontal abc_1342_new_n132 Metal2 [22.205um 72um] [23.965um 72um] 0.29um rpD:0 bl:0 -----UC---T-----------bb-- [21.995um:24.175um] [21.995um:24.175um] 2.18um ------->
        <event:00000651 0:399.124:2.18um> &<id:975475 Horizontal abc_1342_new_n144 Metal2 [7.805um 83.5um] [9.565um 83.5um] 0.29um rpD:0 bl:0 -----UC---T-----------bb-- [7.595um:9.775um] [7.595um:9.775um] 2.18um ------->
        <event:00000652 0:399.124:2.18um> &<id:975484 Horizontal abc_1342_new_n142 Metal2 [32.605um 83.5um] [34.365um 83.5um] 0.29um rpD:0 bl:0 -----UC---T-----------bb-- [32.395um:34.575um] [32.395um:34.575um] 2.18um ------->
        <event:00000653 0:251.462:2.205um> &<id:975171 Horizontal abc_1342_new_n274 Metal2 [32.255um 94.5um] [34um 94.5um] 0.29um rpD:0 bl:0 -----UC---T-----------bt-- [32.045um:34.25um] [32.045um:34.25um] 2.205um ------->
        <event:00000654 0:252.538:2.215um> &<id:974987 Horizontal abc_1342_new_n174 Metal2 [8um 8.5um] [8.255um 8.5um] 0.29um rpD:0 bl:0 -----UC---T-----------tb-- [7.75um:8.465um] [6.25um:8.465um] 2.215um ------->
        <event:00000655 0:408.627:2.235um> &<id:976429 Horizontal n(23) Metal2 [7.725um 61.5um] [9.5um 61.5um] 0.29um rpD:0 bl:0 -----UC---T-----------bt-- [7.515um:9.75um] [7.515um:9.75um] 2.235um ------->
        <event:00000656 0:412.083:2.255um> &<id:975563 Horizontal abc_1342_new_n124 Metal2 [46.205um 56um] [48um 56um] 0.29um rpD:0 bl:0 -----UC---T-----------bt-- [45.995um:48.25um] [45.995um:48.25um] 2.255um ------->
        <event:00000657 0:257.923:2.265um> &<id:976650 Horizontal n(13) Metal2 [45.5um 89.5um] [47.305um 89.5um] 0.29um rpD:0 bl:0 -----UC---T-----------tb-- [45.25um:47.515um] [45.25um:47.515um] 2.265um ------->
        <event:00000658 0:415.538:2.275um> &<id:974785 Horizontal mem_inputs(12) Metal2 [20.685um 13.5um] [22.5um 13.5um] 0.29um rpD:0 bl:0 -----UC---T-----------bt-- [20.475um:22.75um] [20.475um:22.75um] 2.275um ------->
        <event:00000659 0:415.538:2.275um> &<id:973936 Horizontal clk_root_0 Metal2 [16.685um 43um] [18.5um 43um] 0.29um rpD:0 bl:0 -----UC---T-----------bt-- [16.475um:18.75um] [16.475um:18.75um] 2.275um ------->
        <event:00000660 0:259:2.275um> &<id:976628 Horizontal n(14) Metal2 [46um 89.5um] [47.815um 89.5um] 0.29um rpD:0 bl:0 -----UC---T-----------tb-- [45.75um:48.025um] [45.75um:48.025um] 2.275um ------->
        <event:00000661 0:260.077:2.285um> &<id:972092 Horizontal n(16) Metal2 [50.5um 94.5um] [52.325um 94.5um] 0.29um rpD:0 bl:0 -----UCG--T-----------tb-- [50.25um:52.535um] [50.25um:52.535um] 2.285um ------->
        <event:00000662 0:420.722:2.305um> &<id:974835 Horizontal abc_1342_new_n194 Metal2 [36um 4um] [37.845um 4um] 0.29um rpD:0 bl:0 -----UC---T-----------tb-- [35.75um:38.055um] [35.75um:38.055um] 2.305um ------->
        <event:00000663 0:342.879:2.315um> &<id:975933 Horizontal abc_1342_new_n311 Metal2 [48um 61um] [49.855um 61um] 0.29um rpD:0 bl:0 -----UC---T-----------tb-- [47.75um:50.065um] [47.75um:50.065um] 2.315um ------->
        <event:00000664 0:342.879:2.315um> &<id:976578 Horizontal n(17) Metal2 [48um 88um] [49.855um 88um] 0.29um rpD:0 bl:0 -----UC---T-----------tb-- [47.75um:50.065um] [47.75um:50.065um] 2.315um ------->
        <event:00000665 0:347.086:2.345um> &<id:974025 Horizontal abc_1342_auto_rtlil_cc_2739_MuxGate_1279 Metal2 [1.115um 36.5um] [3um 36.5um] 0.29um rpD:0 bl:0 -----UC---T-----------bt-- [0.905um:3.25um] [0.905um:3.25um] 2.345um ------->
        <event:00000666 0:266.538:2.345um> &<id:974700 Horizontal init Metal2 [52.615um 26um] [54.5um 26um] 0.29um rpD:0 bl:0 -----UC---T-----------bt-- [52.405um:54.75um] [52.405um:54.75um] 2.345um ------->
        <event:00000667 0:429.361:2.355um> &<id:975491 Horizontal abc_1342_new_n141 Metal2 [20.605um 88um] [22.5um 88um] 0.29um rpD:0 bl:0 -----UC---T-----------bt-- [20.395um:22.75um] [20.395um:22.75um] 2.355um ------->
        <event:00000668 0:422.166:2.4um> &<id:972583 Horizontal mem_inputs(14) Metal2 [30.925um 14.5um] [32.905um 14.5um] 0.29um rpD:0 bl:0 -----UCG--T-----------b--- [30.715um:33.115um] [30.715um:33.115um] 2.4um ------->
        <event:00000669 0:4.23077:0.42um> &<id:974807 Vertical mem_inputs(14) Metal2 [32.905um 15um] [32.905um 15.5um] 0.21um rpD:0 bl:0 -X---UC---TD---------Pb--- [14.5801um:15.92um] [32.695um:33.115um] 0.42um P------>
        <event:00000670 0:272.462:2.4um> &<id:973639 Horizontal outputs(14) Metal2 [6.925um 8.5um] [8.905um 8.5um] 0.29um rpD:0 bl:0 -----UC---T-----------bb-- [6.715um:9.115um] [6.715um:9.115um] 2.4um ------->
        <event:00000671 0:272.462:2.4um> &<id:974741 Horizontal mem_inputs(9) Metal2 [51.725um 14.5um] [53.705um 14.5um] 0.29um rpD:0 bl:0 -----UC---T-----------bb-- [51.515um:53.915um] [51.515um:53.915um] 2.4um ------->
        <event:00000672 0:272.462:2.4um> &<id:972808 Horizontal mem_inputs(10) Metal2 [50.925um 20um] [52.905um 20um] 0.29um rpD:0 bl:0 -----UCG--T------------b-- [50.715um:53.115um] [50.715um:53.115um] 2.4um ------->
        <event:00000673 0:4.23077:0.42um> &<id:974758 Vertical mem_inputs(10) Metal2 [50.925um 20.5um] [50.925um 20.5um] 0.21um rpD:0 bl:0 -X---UC---TD---------Pb--- [20.0801um:20.92um] [50.715um:51.135um] 0.42um P------>
        <event:00000674 0:446.639:2.455um> &<id:973510 Horizontal outputs(2) Metal2 [59.005um 15.5um] [61um 15.5um] 0.29um rpD:0 bl:0 -----UC---T-----------bt-- [58.795um:61.25um] [58.795um:61.25um] 2.455um ------->
        <event:00000675 0:278.923:2.46um> &<id:976238 Horizontal n(10) Metal2 [26.215um 83.5um] [28.255um 83.5um] 0.29um rpD:0 bl:0 -----UC---T-----------bb-- [26.005um:28.465um] [26.005um:28.465um] 2.46um ------->
        <event:00000676 0:365.317:2.475um> &<id:975717 Horizontal abc_1342_new_n240 Metal2 [9.5um 33um] [11.515um 33um] 0.29um rpD:0 bl:0 -----UC---T-----------tb-- [9.25um:11.725um] [9.25um:11.725um] 2.475um ------->
        <event:00000677 0:280.538:2.475um> &<id:974497 Horizontal n(6) Metal2 [29um 54.5um] [31.015um 54.5um] 0.29um rpD:0 bl:0 -----UC---T-----------tb-- [28.75um:31.225um] [28.75um:31.225um] 2.475um ------->
        <event:00000678 0:451.822:2.485um> &<id:974403 Horizontal n(2) Metal2 [22.5um 36.5um] [24.525um 36.5um] 0.29um rpD:0 bl:0 -----UC---T-----------tb-- [22.25um:24.735um] [22.25um:24.735um] 2.485um ------->
        <event:00000679 0:451.822:2.485um> &<id:976367 Horizontal n(31) Metal2 [54.5um 54.5um] [56.525um 54.5um] 0.29um rpD:0 bl:0 -----UC---T-----------tb-- [54.25um:56.735um] [54.25um:56.735um] 2.485um ------->
        <event:00000680 0:283.231:2.5um> &<id:974567 Horizontal init Metal2 [9.415um 8.5um] [9.5um 8.5um] 0.29um rpD:0 bl:0 -----UC---T-----------bt-- [9.205um:9.75um] [7.25um:9.75um] 2.5um ------->
        <event:00000681 0:457.006:2.515um> &<id:976122 Horizontal abc_1342_new_n239 Metal2 [7.445um 42um] [9.5um 42um] 0.29um rpD:0 bl:0 -----UC---T-----------bt-- [7.235um:9.75um] [7.235um:9.75um] 2.515um ------->
        <event:00000682 0:284.846:2.515um> &<id:974948 Horizontal abc_1342_new_n175 Metal2 [35um 31.5um] [37.055um 31.5um] 0.29um rpD:0 bl:0 -----UC---T-----------tb-- [34.75um:37.265um] [34.75um:37.265um] 2.515um ------->
        <event:00000683 0:460.462:2.535um> &<id:976349 Horizontal n(24) Metal2 [26.925um 61.5um] [29um 61.5um] 0.29um rpD:0 bl:0 -----UC---T-----------bt-- [26.715um:29.25um] [26.715um:29.25um] 2.535um ------->
        <event:00000684 0:460.462:2.535um> &<id:976327 Horizontal n(27) Metal2 [58.925um 61.5um] [61um 61.5um] 0.29um rpD:0 bl:0 -----UC---T-----------bt-- [58.715um:61.25um] [58.715um:61.25um] 2.535um ------->
        <event:00000685 0:463.917:2.555um> &<id:974295 Horizontal abc_1342_auto_rtlil_cc_2739_MuxGate_1341 Metal2 [54.5um 50um] [56.595um 50um] 0.29um rpD:0 bl:0 -----UC---T-----------tb-- [54.25um:56.805um] [54.25um:56.805um] 2.555um ------->
        <event:00000686 0:376.535:2.555um> &<id:975210 Horizontal abc_1342_new_n281 Metal2 [44.905um 78.5um] [47um 78.5um] 0.29um rpD:0 bl:0 -----UC---T-----------bt-- [44.695um:47.25um] [44.695um:47.25um] 2.555um ------->
        <event:00000687 0:289.154:2.555um> &<id:975152 Horizontal abc_1342_new_n271 Metal2 [32.905um 94.5um] [35um 94.5um] 0.29um rpD:0 bl:0 -----UC---T-----------bt-- [32.695um:35.25um] [32.695um:35.25um] 2.555um ------->
        <event:00000688 4:289.154:2.555um> &<id:975152 Horizontal abc_1342_new_n271 Metal2 [32.905um 95.5um] [35um 95.5um] 0.29um rpD:0 bl:0 -----UC---T-----------bt-- [32.695um:35.25um] [32.695um:35.25um] 2.555um ------->
        <event:00000689 3:2012.54:6.5um> &<id:971522 Vertical abc_1342_new_n274 Metal3 [34um 89.5um] [34um 95.5um] 0.29um rpD:1 bl:0 -----UCG----W---------bb-- [89.25um:95.75um] [89.25um:95.75um] 6.5um ------->
        <event:00000690 0:251.462:0.715um> &<id:975171 Horizontal abc_1342_new_n274 Metal2 [32.15um 95.5um] [32.655um 95.5um] 0.29um rpD:0 bl:0 ---a-UC---T-----------bt-- [32.045um:32.76um] [32.045um:32.76um] 0.715um ------->
        <event:00000691 0:291.308:2.575um> &<id:974613 Horizontal init Metal2 [22.5um 31um] [24.615um 31um] 0.29um rpD:0 bl:0 -----UC---T-----------tb-- [22.25um:24.825um] [22.25um:24.825um] 2.575um ------->
        <event:00000692 0:472.556:2.605um> &<id:974458 Horizontal n(7) Metal2 [13.855um 54.5um] [16um 54.5um] 0.29um rpD:0 bl:0 -----UC---T-----------bt-- [13.645um:16.25um] [13.645um:16.25um] 2.605um ------->
        <event:00000693 0:474.284:2.615um> &<id:975310 Horizontal abc_1342_new_n214 Metal2 [29um 27um] [31.155um 27um] 0.29um rpD:0 bl:0 -----UC---T-----------tb-- [28.75um:31.365um] [28.75um:31.365um] 2.615um ------->
        <event:00000694 0:299.923:2.655um> &<id:974176 Horizontal abc_1342_auto_rtlil_cc_2739_MuxGate_1291 Metal2 [20.305um 54um] [22.5um 54um] 0.29um rpD:0 bl:0 -----UC---T-----------bt-- [20.095um:22.75um] [20.095um:22.75um] 2.655um ------->
        <event:00000695 0:301.538:2.67um> &<id:976420 Horizontal n(28) Metal2 [58.655um 66um] [60.905um 66um] 0.29um rpD:0 bl:0 -----UC---T-----------bb-- [58.445um:61.115um] [58.445um:61.115um] 2.67um ------->
        <event:00000696 0:301.538:2.67um> &<id:976261 Horizontal n(11) Metal2 [33.855um 83.5um] [36.105um 83.5um] 0.29um rpD:0 bl:0 -----UC---T-----------bb-- [33.645um:36.315um] [33.645um:36.315um] 2.67um ------->
        <event:00000697 0:301.538:2.67um> &<id:972315 Horizontal n(13) Metal2 [30.655um 89.5um] [32.905um 89.5um] 0.29um rpD:0 bl:0 -----UCG--T-----------bb-- [30.445um:33.115um] [30.445um:33.115um] 2.67um ------->
        <event:00000698 0:302.077:2.675um> &<id:974579 Horizontal init Metal2 [16um 14.5um] [18.215um 14.5um] 0.29um rpD:0 bl:0 -----UC---T-----------tb-- [15.75um:18.425um] [15.75um:18.425um] 2.675um ------->
        <event:00000699 0:302.615:2.68um> &<id:975652 Horizontal abc_1342_new_n217 Metal2 [34.355um 26um] [36.615um 26um] 0.29um rpD:0 bl:0 -----UC---T-----------bb-- [34.145um:36.825um] [34.145um:36.825um] 2.68um ------->
        <event:00000700 0:302.615:2.68um> &<id:975700 Horizontal abc_1342_new_n233 Metal2 [47.155um 26um] [49.415um 26um] 0.29um rpD:0 bl:0 -----UC---T-----------bb-- [46.945um:49.625um] [46.945um:49.625um] 2.68um ------->
        <event:00000701 0:302.615:2.68um> &<id:975675 Horizontal abc_1342_new_n225 Metal2 [45.555um 31.5um] [47.815um 31.5um] 0.29um rpD:0 bl:0 -----UC---T-----------bb-- [45.345um:48.025um] [45.345um:48.025um] 2.68um ------->
        <event:00000702 0:488.107:2.695um> &<id:975497 Horizontal abc_1342_new_n122 Metal2 [0.765um 42um] [3um 42um] 0.29um rpD:0 bl:0 -----UC---T-----------bt-- [0.555um:3.25um] [0.555um:3.25um] 2.695um ------->
        <event:00000703 0:305.308:2.705um> &<id:975369 Horizontal abc_1342_new_n167 Metal2 [20.255um 32.5um] [22.5um 32.5um] 0.29um rpD:0 bl:0 -----UC---T-----------bt-- [20.045um:22.75um] [20.045um:22.75um] 2.705um ------->
        <event:00000704 0:305.846:2.71um> &<id:974149 Horizontal abc_1342_auto_rtlil_cc_2739_MuxGate_1281 Metal2 [7.615um 37.5um] [9.905um 37.5um] 0.29um rpD:0 bl:0 -----UC---T-----------bb-- [7.405um:10.115um] [7.405um:10.115um] 2.71um ------->
        <event:00000705 0:306.385:2.715um> &<id:975001 Horizontal abc_1342_new_n174 Metal2 [10um 20um] [12.255um 20um] 0.29um rpD:0 bl:0 -----UC---T-----------tb-- [9.75um:12.465um] [9.75um:12.465um] 2.715um ------->
        <event:00000706 0:401.778:2.735um> &<id:974492 Horizontal n(6) Metal2 [26.725um 49um] [29um 49um] 0.29um rpD:0 bl:0 -----UC---T-----------bt-- [26.515um:29.25um] [26.515um:29.25um] 2.735um ------->
        <event:00000707 0:496.746:2.745um> &<id:973917 Horizontal clk_root_0 Metal2 [16um 4um] [18.285um 4um] 0.29um rpD:0 bl:0 -----UC---T-----------tb-- [15.75um:18.495um] [15.75um:18.495um] 2.745um ------->
        <event:00000708 0:404.583:2.755um> &<id:974368 Horizontal n(1) Metal2 [13.705um 42um] [16um 42um] 0.29um rpD:0 bl:0 -----UC---T-----------bt-- [13.495um:16.25um] [13.495um:16.25um] 2.755um ------->
        <event:00000709 0:310.692:2.755um> &<id:974146 Horizontal abc_1342_auto_rtlil_cc_2739_MuxGate_1277 Metal2 [58.705um 37um] [61um 37um] 0.29um rpD:0 bl:0 -----UC---T-----------bt-- [58.495um:61.25um] [58.495um:61.25um] 2.755um ------->
        <event:00000710 0:310.692:2.755um> &<id:974289 Horizontal abc_1342_auto_rtlil_cc_2739_MuxGate_1337 Metal2 [58.705um 44um] [61um 44um] 0.29um rpD:0 bl:0 -----UC---T-----------bt-- [58.495um:61.25um] [58.495um:61.25um] 2.755um ------->
        <event:00000711 0:311.769:2.765um> &<id:973751 Horizontal outputs(9) Metal2 [21um 9um] [23.305um 9um] 0.29um rpD:0 bl:0 -----UC---T-----------tb-- [20.75um:23.515um] [20.75um:23.515um] 2.765um ------->
        <event:00000712 0:312.846:2.775um> &<id:975807 Horizontal abc_1342_new_n255 Metal2 [41.5um 67um] [43.815um 67um] 0.29um rpD:0 bl:0 -----UC---T-----------tb-- [41.25um:44.025um] [41.25um:44.025um] 2.775um ------->
        <event:00000713 0:503.657:2.785um> &<id:974374 Horizontal n(9) Metal2 [35um 78um] [37.325um 78um] 0.29um rpD:0 bl:0 -----UC---T-----------tb-- [34.75um:37.535um] [34.75um:37.535um] 2.785um ------->
        <event:00000714 0:316.077:2.805um> &<id:975039 Horizontal abc_1342_new_n174 Metal2 [38.655um 25.5um] [41um 25.5um] 0.29um rpD:0 bl:0 -----UC---T-----------bt-- [38.445um:41.25um] [38.445um:41.25um] 2.805um ------->
        <event:00000715 0:316.077:2.805um> &<id:975645 Horizontal abc_1342_new_n215 Metal2 [26.655um 32.5um] [29um 32.5um] 0.29um rpD:0 bl:0 -----UC---T-----------bt-- [26.445um:29.25um] [26.445um:29.25um] 2.805um ------->
        <event:00000716 0:508.84:2.815um> &<id:975340 Horizontal abc_1342_new_n206 Metal2 [48um 7.5um] [50.355um 7.5um] 0.29um rpD:0 bl:0 -----UC---T-----------tb-- [47.75um:50.565um] [47.75um:50.565um] 2.815um ------->
        <event:00000717 0:508.84:2.815um> &<id:975426 Horizontal abc_1342_new_n162 Metal2 [48um 76.5um] [50.355um 76.5um] 0.29um rpD:0 bl:0 -----UC---T-----------tb-- [47.75um:50.565um] [47.75um:50.565um] 2.815um ------->
        <event:00000718 0:508.84:2.815um> &<id:975251 Horizontal abc_1342_new_n291 Metal2 [48um 82.5um] [50.355um 82.5um] 0.29um rpD:0 bl:0 -----UC---T-----------tb-- [47.75um:50.565um] [47.75um:50.565um] 2.815um ------->
        <event:00000719 0:413.698:2.82um> &<id:975846 Horizontal abc_1342_new_n255 Metal2 [0.255um 84um] [2.655um 84um] 0.29um rpD:0 bl:0 -----UC---T-----------bb-- [0.045um:2.865um] [0.045um:2.865um] 2.82um ------->
        <event:00000720 0:317.692:2.82um> &<id:971282 Horizontal abc_1342_new_n123 Metal2 [36.905um 3um] [39.305um 3um] 0.29um rpD:0 bl:0 -----UCG--T-----------bb-- [36.695um:39.515um] [36.695um:39.515um] 2.82um ------->
        <event:00000721 0:317.692:2.82um> &<id:975535 Horizontal abc_1342_new_n123 Metal2 [39.305um 3um] [41.705um 3um] 0.29um rpD:0 bl:0 -----UC---T-----------bb-- [39.095um:41.915um] [39.095um:41.915um] 2.82um ------->
        <event:00000722 0:317.692:2.82um> &<id:975538 Horizontal abc_1342_new_n123 Metal2 [41.705um 3um] [44.105um 3um] 0.29um rpD:0 bl:0 -----UC---T-----------bb-- [41.495um:44.315um] [41.495um:44.315um] 2.82um ------->
        <event:00000723 0:317.692:2.82um> &<id:975553 Horizontal abc_1342_new_n123 Metal2 [32.905um 31.5um] [35.305um 31.5um] 0.29um rpD:0 bl:0 -----UC---T-----------bb-- [32.695um:35.515um] [32.695um:35.515um] 2.82um ------->
        <event:00000724 0:321.462:2.855um> &<id:974871 Horizontal abc_1342_new_n186 Metal2 [20.105um 8um] [22.5um 8um] 0.29um rpD:0 bl:0 -----UC---T-----------bt-- [19.895um:22.75um] [19.895um:22.75um] 2.855um ------->
        <event:00000725 4:321.462:2.855um> &<id:974871 Horizontal abc_1342_new_n186 Metal2 [20.105um 8um] [22.5um 8um] 0.29um rpD:0 bl:0 -----UC---T-----------bt-- [19.895um:22.75um] [19.895um:22.75um] 2.855um ------->
        <event:00000726 3:2012.54:6.5um> &<id:973060 Vertical outputs(9) Metal3 [21um 8um] [21um 12um] 0.29um rpD:1 bl:0 ------CG----W---------bb-- [7.75um:12.25um] [7.75um:14.25um] 6.5um ------->
        <event:00000727 0:311.769:0.765um> &<id:973751 Horizontal outputs(9) Metal2 [23um 8um] [23.305um 8um] 0.29um rpD:0 bl:0 -----UC---T-----------tb-- [22.75um:23.515um] [22.75um:23.515um] 0.765um ------->
        <event:00000728 0:322.538:2.865um> &<id:971286 Horizontal abc_1342_new_n123 Metal2 [30.5um 31um] [32.905um 31um] 0.29um rpD:0 bl:0 -----UCG--T-----------tb-- [30.25um:33.115um] [30.25um:33.115um] 2.865um ------->
        <event:00000729 0:421.411:2.875um> &<id:974185 Horizontal abc_1342_auto_rtlil_cc_2739_MuxGate_1295 Metal2 [3.5um 84um] [5.915um 84um] 0.29um rpD:0 bl:0 -----UC---T-----------tb-- [3.25um:6.125um] [3.25um:6.125um] 2.875um ------->
        <event:00000730 0:324.692:2.885um> &<id:973488 Horizontal outputs(0) Metal2 [61.075um 20um] [63um 20um] 0.29um rpD:0 bl:0 -----UC---T-----------bt-- [60.865um:63.25um] [60.865um:63.75um] 2.885um ------->
        <event:00000731 0:526.118:2.915um> &<id:976109 Horizontal abc_1342_new_n229 Metal2 [41.5um 27um] [43.955um 27um] 0.29um rpD:0 bl:0 -----UC---T-----------tb-- [41.25um:44.165um] [41.25um:44.165um] 2.915um ------->
        <event:00000732 0:526.118:2.915um> &<id:976586 Horizontal n(17) Metal2 [61um 79um] [63.455um 79um] 0.29um rpD:0 bl:0 -----UC---T-----------tb-- [60.75um:63.665um] [60.75um:63.665um] 2.915um ------->
        <event:00000733 0:526.118:2.915um> &<id:975432 Horizontal abc_1342_new_n161 Metal2 [41.5um 82.5um] [43.955um 82.5um] 0.29um rpD:0 bl:0 -----UC---T-----------tb-- [41.25um:44.165um] [41.25um:44.165um] 2.915um ------->
        <event:00000734 0:335.462:2.985um> &<id:974681 Horizontal init Metal2 [29um 54.5um] [31.525um 54.5um] 0.29um rpD:0 bl:0 -----UC---T-----------tb-- [28.75um:31.735um] [28.75um:31.735um] 2.985um ------->
        <event:00000735 0:540.805:3um> &<id:973994 Horizontal clk_root_0 Metal2 [0.5um 20um] [0.685um 20um] 0.29um rpD:0 bl:0 -----UC---T-----------tb-- [0.25um:0.895um] [0.25um:3.25um] 3um ------->
        <event:00000736 0:540.805:3um> &<id:973897 Horizontal clk_root_1 Metal2 [53.485um 83.5um] [53.5um 83.5um] 0.29um rpD:0 bl:0 -----UC---T-----------bt-- [53.25um:53.75um] [53.25um:56.25um] 3um ------->
        <event:00000737 0:337.077:3um> &<id:976415 Horizontal n(28) Metal2 [60.905um 60.5um] [61um 60.5um] 0.29um rpD:0 bl:0 -----UC---T-----------bt-- [60.695um:61.25um] [58.25um:61.25um] 3um ------->
        <event:00000738 0:337.077:3um> &<id:976605 Horizontal n(15) Metal2 [46.5um 89.5um] [48.325um 89.5um] 0.29um rpD:0 bl:0 -----UC---T-----------tb-- [46.25um:48.535um] [46.25um:49.25um] 3um ------->
        <event:00000739 0:543.396:3.015um> &<id:974066 Horizontal abc_1342_auto_rtlil_cc_2739_MuxGate_1263 Metal2 [3um 4um] [5.555um 4um] 0.29um rpD:0 bl:0 -----UC---T-----------tb-- [2.75um:5.765um] [2.75um:5.765um] 3.015um ------->
        <event:00000740 0:543.396:3.015um> &<id:974090 Horizontal abc_1342_auto_rtlil_cc_2739_MuxGate_1255 Metal2 [35um 7.5um] [37.555um 7.5um] 0.29um rpD:0 bl:0 -----UC---T-----------tb-- [34.75um:37.765um] [34.75um:37.765um] 3.015um ------->
        <event:00000741 0:338.692:3.015um> &<id:976198 Horizontal n(21) Metal2 [22.5um 72um] [25.055um 72um] 0.29um rpD:0 bl:0 -----UC---T-----------tb-- [22.25um:25.265um] [22.25um:25.265um] 3.015um ------->
        <event:00000742 0:546.852:3.035um> &<id:973642 Horizontal outputs(14) Metal2 [6.925um 7.5um] [9.5um 7.5um] 0.29um rpD:0 bl:0 -----UC---T-----------bt-- [6.715um:9.75um] [6.715um:9.75um] 3.035um ------->
        <event:00000743 0:547.716:3.04um> &<id:975729 Horizontal abc_1342_new_n243 Metal2 [41.265um 43um] [43.885um 43um] 0.29um rpD:0 bl:0 -----UC---T-----------bb-- [41.055um:44.095um] [41.055um:44.095um] 3.04um ------->
        <event:00000744 0:548.58:3.045um> &<id:973837 Horizontal clk_root_2 Metal2 [28.5um 76.5um] [31.085um 76.5um] 0.29um rpD:0 bl:0 -----UC---T-----------tb-- [28.25um:31.295um] [28.25um:31.295um] 3.045um ------->
        <event:00000745 0:548.58:3.045um> &<id:973778 Horizontal clk_root_2 Metal2 [18.5um 78um] [19.085um 78um] 0.29um rpD:0 bl:0 -----UC---T-----------tb-- [18.25um:19.295um] [16.25um:19.295um] 3.045um ------->
        <event:00000746 0:341.923:3.045um> &<id:974593 Horizontal init Metal2 [13.415um 19.5um] [16um 19.5um] 0.29um rpD:0 bl:0 -----UC---T-----------bt-- [13.205um:16.25um] [13.205um:16.25um] 3.045um ------->
        <event:00000747 0:341.923:3.045um> &<id:974689 Horizontal init Metal2 [9.415um 43um] [9.5um 43um] 0.29um rpD:0 bl:0 -----UC---T-----------bt-- [9.205um:9.75um] [9.205um:12.25um] 3.045um ------->
        <event:00000748 0:344.077:3.065um> &<id:975542 Horizontal abc_1342_new_n123 Metal2 [41.5um 3.5um] [44.105um 3.5um] 0.29um rpD:0 bl:0 -----UC---T-----------tb-- [41.25um:44.315um] [41.25um:44.315um] 3.065um ------->
        <event:00000749 0:344.077:3.065um> &<id:974225 Horizontal abc_1342_auto_rtlil_cc_2739_MuxGate_1311 Metal2 [54.5um 94.5um] [57.105um 94.5um] 0.29um rpD:0 bl:0 -----UC---T-----------tb-- [54.25um:57.315um] [54.25um:57.315um] 3.065um ------->
        <event:00000750 0:349.462:3.115um> &<id:974421 Horizontal n(2) Metal2 [16um 48.5um] [18.655um 48.5um] 0.29um rpD:0 bl:0 -----UC---T-----------tb-- [15.75um:18.865um] [15.75um:18.865um] 3.115um ------->
        <event:00000751 0:565.858:3.145um> &<id:974755 Horizontal mem_inputs(8) Metal2 [58um 13.5um] [60.685um 13.5um] 0.29um rpD:0 bl:0 -----UC---T-----------tb-- [57.75um:60.895um] [57.75um:60.895um] 3.145um ------->
        <event:00000752 0:352.692:3.145um> &<id:976453 Horizontal n(22) Metal2 [19.815um 66um] [22.5um 66um] 0.29um rpD:0 bl:0 -----UC---T-----------bt-- [19.605um:22.75um] [19.605um:22.75um] 3.145um ------->
        <event:00000753 0:355.923:3.175um> &<id:974636 Horizontal init Metal2 [39.5um 21um] [42.215um 21um] 0.29um rpD:0 bl:0 -----UC---T-----------tb-- [39.25um:42.425um] [39.25um:42.425um] 3.175um ------->
        <event:00000754 0:356.462:3.18um> &<id:974604 Horizontal init Metal2 [21.855um 20um] [24.615um 20um] 0.29um rpD:0 bl:0 -----UC---T-----------bb-- [21.645um:24.825um] [21.645um:24.825um] 3.18um ------->
        <event:00000755 0:574.497:3.195um> &<id:975940 Horizontal abc_1342_new_n311 Metal2 [45.265um 65um] [48um 65um] 0.29um rpD:0 bl:0 -----UC---T-----------bt-- [45.055um:48.25um] [45.055um:48.25um] 3.195um ------->
        <event:00000756 0:467.689:3.205um> &<id:975009 Horizontal abc_1342_new_n174 Metal2 [0.255um 30.5um] [3um 30.5um] 0.29um rpD:0 bl:0 -----UC---T-----------bt-- [0.045um:3.25um] [0.045um:3.25um] 3.205um ------->
        <event:00000757 0:359.154:3.205um> &<id:974885 Horizontal abc_1342_new_n183 Metal2 [32.255um 8um] [35um 8um] 0.29um rpD:0 bl:0 -----UC---T-----------bt-- [32.045um:35.25um] [32.045um:35.25um] 3.205um ------->
        <event:00000758 0:359.154:3.205um> &<id:974943 Horizontal abc_1342_new_n175 Metal2 [32.255um 25.5um] [35um 25.5um] 0.29um rpD:0 bl:0 -----UC---T-----------bt-- [32.045um:35.25um] [32.045um:35.25um] 3.205um ------->
        <event:00000759 4:359.154:3.205um> &<id:974943 Horizontal abc_1342_new_n175 Metal2 [32.255um 26.5um] [35um 26.5um] 0.29um rpD:0 bl:0 -----UC---T-----------bt-- [32.045um:35.25um] [32.045um:35.25um] 3.205um ------->
        <event:00000760 1:4194.12:25.005um> &<id:973270 Horizontal abc_1342_new_n219 Metal2 [35.455um 26.5um] [60um 26.5um] 0.29um rpD:1 bl:0 ------CG----W----------t-- [35.245um:60.25um] [35.245um:60.25um] 25.005um ------->
        <event:00000761 4:4194.12:25.005um> &<id:973270 Horizontal abc_1342_new_n219 Metal2 [35.455um 27um] [60um 27um] 0.29um rpD:1 bl:0 ------CG----W----------t-- [35.245um:60.25um] [35.245um:60.25um] 25.005um ------->
        <event:00000762 3:1557.21:5um> &<id:971376 Vertical clk_root_1 Metal3 [54.5um 27um] [54.5um 31.5um] 0.29um rpD:1 bl:0 ------CG----W---------bb-- [26.75um:31.75um] [26.75um:31.75um] 5um ------->
        <event:00000763 3:1405.44:4.5um> &<id:972013 Vertical abc_1342_new_n229 Metal3 [41.5um 27um] [41.5um 31um] 0.29um rpD:1 bl:0 -----UCG----W---------bb-- [26.75um:31.25um] [26.75um:31.25um] 4.5um ------->
        <event:00000764 1:1425.35:6.015um> &<id:972648 Horizontal abc_1342_new_n227 Metal2 [48um 27um] [53.555um 27um] 0.29um rpD:1 bl:0 ------CG----W---------t--- [47.75um:53.765um] [47.75um:53.765um] 6.015um ------->
        <event:00000765 0:4.23077:0.42um> &<id:976102 Vertical abc_1342_new_n219 Metal2 [35.455um 26.5um] [35.455um 27um] 0.21um rpD:0 bl:0 -X---UC---TD---------Pb--- [26.0801um:27.42um] [35.245um:35.665um] 0.42um P------>
        <event:00000766 4:4.23077:0.42um> &<id:976102 Vertical abc_1342_new_n219 Metal2 [35.455um 26.5um] [35.455um 27um] 0.21um rpD:0 bl:0 -X---UC---TD---------Pb--- [26.0801um:27.42um] [35.245um:35.665um] 0.42um P------>
        <event:00000767 3:3682.07:12um> &<id:971329 Vertical abc_1342_new_n175 Metal3 [35um 20um] [35um 26.5um] 0.29um rpD:1 bl:0 ------CG----W---------bb-- [19.75um:26.75um] [19.75um:31.75um] 12um ------->
        <event:00000768 0:4.23077:0.42um> &<id:975684 Vertical abc_1342_new_n227 Metal2 [53.555um 27um] [53.555um 27.5um] 0.21um rpD:0 bl:0 -X---UC---TD---------Pb--- [26.58um:27.92um] [53.345um:53.765um] 0.42um P------>
        <event:00000769 4:4.23077:0.42um> &<id:975684 Vertical abc_1342_new_n227 Metal2 [53.555um 27um] [53.555um 27.5um] 0.21um rpD:0 bl:0 -X---UC---TD---------Pb--- [26.58um:27.92um] [53.345um:53.765um] 0.42um P------>
        <event:00000770 0:203.018:1.045um> &<id:973843 Horizontal clk_root_1 Metal2 [54.5um 27um] [55.085um 27um] 0.29um rpD:0 bl:0 -----UC---T-----------tb-- [54.25um:55.295um] [54.25um:55.295um] 1.045um ------->
        <event:00000771 0:526.118:2.915um> &<id:976109 Horizontal abc_1342_new_n229 Metal2 [41.5um 27um] [43.955um 27um] 0.29um rpD:0 bl:0 -----UC---T-----------tb-- [41.25um:44.165um] [41.25um:44.165um] 2.915um ------->
        <event:00000772 0:359.154:3.205um> &<id:974943 Horizontal abc_1342_new_n175 Metal2 [32.255um 26.5um] [35um 26.5um] 0.29um rpD:0 bl:0 -----UC---T-----------bt-- [32.045um:35.25um] [32.045um:35.25um] 3.205um ------->
        <event:00000773 4:359.154:3.205um> &<id:974943 Horizontal abc_1342_new_n175 Metal2 [32.255um 26.5um] [35um 26.5um] 0.29um rpD:0 bl:0 -----UC---T-----------bt-- [32.045um:35.25um] [32.045um:35.25um] 3.205um ------->
        <event:00000774 1:4194.12:25.005um> &<id:973270 Horizontal abc_1342_new_n219 Metal2 [35.455um 27um] [60um 27um] 0.29um rpD:1 bl:0 ------CG----W----------t-- [35.245um:60.25um] [35.245um:60.25um] 25.005um ------->
        <event:00000775 4:4194.12:25.005um> &<id:973270 Horizontal abc_1342_new_n219 Metal2 [35.455um 27um] [60um 27um] 0.29um rpD:1 bl:0 ------CG----W----------t-- [35.245um:60.25um] [35.245um:60.25um] 25.005um ------->
        <event:00000776 3:1557.21:5um> &<id:971376 Vertical clk_root_1 Metal3 [54.5um 27um] [54.5um 31.5um] 0.29um rpD:1 bl:0 ------CG----W---------bb-- [26.75um:31.75um] [26.75um:31.75um] 5um ------->
        <event:00000777 3:1405.44:4.5um> &<id:972013 Vertical abc_1342_new_n229 Metal3 [41.5um 27um] [41.5um 31um] 0.29um rpD:1 bl:0 -----UCG----W---------bb-- [26.75um:31.25um] [26.75um:31.25um] 4.5um ------->
        <event:00000778 1:1425.35:6.015um> &<id:972648 Horizontal abc_1342_new_n227 Metal2 [48um 27.5um] [53.555um 27.5um] 0.29um rpD:1 bl:0 ------CG----W---------t--- [47.75um:53.765um] [47.75um:53.765um] 6.015um ------->
        <event:00000779 0:4.23077:0.42um> &<id:976102 Vertical abc_1342_new_n219 Metal2 [35.455um 26.5um] [35.455um 27um] 0.21um rpD:0 bl:0 -X---UC---TD---------Pb--- [26.0801um:27.42um] [35.245um:35.665um] 0.42um P------>
        <event:00000780 4:4.23077:0.42um> &<id:976102 Vertical abc_1342_new_n219 Metal2 [35.455um 26.5um] [35.455um 27um] 0.21um rpD:0 bl:0 -X---UC---TD---------Pb--- [26.0801um:27.42um] [35.245um:35.665um] 0.42um P------>
        <event:00000781 3:3682.07:12um> &<id:971329 Vertical abc_1342_new_n175 Metal3 [35um 20um] [35um 26.5um] 0.29um rpD:1 bl:0 ------CG----W---------bb-- [19.75um:26.75um] [19.75um:31.75um] 12um ------->
        <event:00000782 0:4.23077:0.42um> &<id:975684 Vertical abc_1342_new_n227 Metal2 [53.555um 27um] [53.555um 27.5um] 0.21um rpD:0 bl:0 -X---UC---TD---------Pb--- [26.58um:27.92um] [53.345um:53.765um] 0.42um P------>
        <event:00000783 4:4.23077:0.42um> &<id:975684 Vertical abc_1342_new_n227 Metal2 [53.555um 27um] [53.555um 27.5um] 0.21um rpD:0 bl:0 -X---UC---TD---------Pb--- [26.58um:27.92um] [53.345um:53.765um] 0.42um P------>
        <event:00000784 0:203.018:1.045um> &<id:973843 Horizontal clk_root_1 Metal2 [54.5um 27um] [55.085um 27um] 0.29um rpD:0 bl:0 -----UC---T-----------tb-- [54.25um:55.295um] [54.25um:55.295um] 1.045um ------->
        <event:00000785 0:526.118:2.915um> &<id:976109 Horizontal abc_1342_new_n229 Metal2 [41.5um 27um] [43.955um 27um] 0.29um rpD:0 bl:0 -----UC---T-----------tb-- [41.25um:44.165um] [41.25um:44.165um] 2.915um ------->
        <event:00000786 0:359.154:3.205um> &<id:974943 Horizontal abc_1342_new_n175 Metal2 [32.255um 26.5um] [35um 26.5um] 0.29um rpD:0 bl:0 -----UC---T-----------bt-- [32.045um:35.25um] [32.045um:35.25um] 3.205um ------->
        <event:00000787 4:359.154:3.205um> &<id:974943 Horizontal abc_1342_new_n175 Metal2 [32.255um 26um] [35um 26um] 0.29um rpD:0 bl:0 -----UC---T-----------bt-- [32.045um:35.25um] [32.045um:35.25um] 3.205um ------->
        <event:00000788 3:1708.99:5.5um> &<id:970978 Vertical init Metal3 [35um 26um] [35um 31um] 0.29um rpD:1 bl:0 ------CG----W---------bb-- [25.75um:31.25um] [25.75um:31.25um] 5.5um ------->
        <event:00000789 0:234.231:1.545um> &<id:974661 Horizontal init Metal2 [33.415um 26um] [34.5um 26um] 0.29um rpD:0 bl:0 -----UC---T-----------bt-- [33.205um:34.75um] [33.205um:34.75um] 1.545um ------->
        <event:00000790 0:365.615:3.265um> &<id:974043 Horizontal abc_1342_auto_rtlil_cc_2739_MuxGate_1309 Metal2 [41.5um 94.5um] [44.305um 94.5um] 0.29um rpD:0 bl:0 -----UC---T-----------tb-- [41.25um:44.515um] [41.25um:44.515um] 3.265um ------->
        <event:00000791 0:477.506:3.275um> &<id:974163 Horizontal abc_1342_auto_rtlil_cc_2739_MuxGate_1285 Metal2 [41.5um 42.5um] [44.315um 42.5um] 0.29um rpD:0 bl:0 -----UC---T-----------tb-- [41.25um:44.525um] [41.25um:44.525um] 3.275um ------->
        <event:00000792 0:590.047:3.285um> &<id:974722 Horizontal init Metal2 [54.5um 4um] [57.325um 4um] 0.29um rpD:0 bl:0 -----UC---T-----------tb-- [54.25um:57.535um] [54.25um:57.535um] 3.285um ------->
        <event:00000793 0:367.769:3.285um> &<id:975720 Horizontal abc_1342_new_n240 Metal2 [6.675um 37um] [9.5um 37um] 0.29um rpD:0 bl:0 -----UC---T-----------bt-- [6.465um:9.75um] [6.465um:9.75um] 3.285um ------->
        <event:00000794 0:595.231:3.315um> &<id:976388 Horizontal n(30) Metal2 [59um 49um] [61.855um 49um] 0.29um rpD:0 bl:0 -----UC---T-----------tb-- [58.75um:62.065um] [58.75um:62.065um] 3.315um ------->
        <event:00000795 0:375.308:3.355um> &<id:975560 Horizontal abc_1342_new_n123 Metal2 [32.105um 37um] [35um 37um] 0.29um rpD:0 bl:0 -----UC---T-----------bt-- [31.895um:35.25um] [31.895um:35.25um] 3.355um ------->
        <event:00000796 0:380.154:3.4um> &<id:974744 Horizontal mem_inputs(9) Metal2 [53.705um 14.5um] [56.685um 14.5um] 0.29um rpD:0 bl:0 -----UC---T-----------bb-- [53.495um:56.895um] [53.495um:56.895um] 3.4um ------->
        <event:00000797 0:380.692:3.405um> &<id:971326 Horizontal abc_1342_new_n175 Metal2 [29.055um 8.5um] [32um 8.5um] 0.29um rpD:0 bl:0 -----UCG--T-----------bt-- [28.845um:32.25um] [28.845um:32.25um] 3.405um ------->
        <event:00000798 4:380.692:3.405um> &<id:971326 Horizontal abc_1342_new_n175 Metal2 [29.055um 8um] [32um 8um] 0.29um rpD:0 bl:0 -----UCG--T-----------bt-- [28.845um:32.25um] [28.845um:32.25um] 3.405um ------->
        <event:00000799 3:1405.44:4.5um> &<id:973029 Vertical abc_1342_new_n183 Metal3 [35um 4um] [35um 8um] 0.29um rpD:1 bl:0 ------CG----W---------bb-- [3.75um:8.25um] [3.75um:8.25um] 4.5um ------->
        <event:00000800 0:359.154:0.715um> &<id:974885 Horizontal abc_1342_new_n183 Metal2 [32.15um 8um] [32.655um 8um] 0.29um rpD:0 bl:0 ---a-UC---T-----------bt-- [32.045um:32.76um] [32.045um:32.76um] 0.715um ------->
        <event:00000801 0:382.308:3.42um> &<id:976323 Horizontal n(27) Metal2 [58.925um 60.5um] [61.925um 60.5um] 0.29um rpD:0 bl:0 -----UC---T-----------bb-- [58.715um:62.135um] [58.715um:62.135um] 3.42um ------->
        <event:00000802 4:382.308:3.42um> &<id:976323 Horizontal n(27) Metal2 [58.925um 60um] [61.925um 60um] 0.29um rpD:0 bl:0 -----UC---T-----------bb-- [58.715um:62.135um] [58.715um:62.135um] 3.42um ------->
        <event:00000803 3:1860.76:6um> &<id:972266 Vertical n(29) Metal3 [61.5um 54.5um] [61.5um 60um] 0.29um rpD:1 bl:0 ------CG----W---------bb-- [54.25um:60.25um] [54.25um:60.25um] 6um ------->
        <event:00000804 0:95.3077:0.755um> &<id:976409 Horizontal n(29) Metal2 [61.165um 60um] [61.71um 60um] 0.29um rpD:0 bl:0 ---a-UC---T-----------bt-- [61.06um:61.815um] [61.06um:61.815um] 0.755um ------->
        <event:00000805 0:382.308:3.42um> &<id:976188 Horizontal n(21) Metal2 [14.925um 72um] [17.925um 72um] 0.29um rpD:0 bl:0 -----UC---T-----------bb-- [14.715um:18.135um] [14.715um:18.135um] 3.42um ------->
        <event:00000806 0:617.692:3.445um> &<id:971179 Horizontal clk_root_0 Metal2 [18.5um 27um] [21.485um 27um] 0.29um rpD:0 bl:0 -----UCG--T-----------tb-- [18.25um:21.695um] [18.25um:21.695um] 3.445um ------->
        <event:00000807 0:617.692:3.445um> &<id:973849 Horizontal clk_root_1 Metal2 [57um 37.5um] [57.485um 37.5um] 0.29um rpD:0 bl:0 -----UC---T-----------tb-- [56.75um:57.695um] [54.25um:57.695um] 3.445um ------->
        <event:00000808 0:617.692:3.445um> &<id:973854 Horizontal clk_root_1 Metal2 [54.5um 43um] [57.485um 43um] 0.29um rpD:0 bl:0 -----UC---T-----------tb-- [54.25um:57.695um] [54.25um:57.695um] 3.445um ------->
        <event:00000809 0:386.077:3.455um> &<id:974536 Horizontal n(0) Metal2 [6.505um 43um] [9.5um 43um] 0.29um rpD:0 bl:0 -----UC---T-----------bt-- [6.295um:9.75um] [6.295um:9.75um] 3.455um ------->
        <event:00000810 0:386.077:3.455um> &<id:974298 Horizontal abc_1342_auto_rtlil_cc_2739_MuxGate_1341 Metal2 [51.505um 54um] [54.5um 54um] 0.29um rpD:0 bl:0 -----UC---T-----------bt-- [51.295um:54.75um] [51.295um:54.75um] 3.455um ------->
        <event:00000811 0:27.6154:3.46um> &<id:973730 Horizontal outputs(8) Metal2 [0um 11um] [3um 11um] 0.29um rpD:0 bl:0 -----UC---T------------t-- [-0.21um:3.25um] [-0.21um:3.25um] 3.46um ------->
        <event:00000812 0:27.6154:3.46um> &<id:973759 Horizontal outputs(9) Metal2 [0um 16.5um] [3um 16.5um] 0.29um rpD:0 bl:0 -----UC---T------------t-- [-0.21um:3.25um] [-0.21um:3.25um] 3.46um ------->
        <event:00000813 0:27.6154:3.46um> &<id:973575 Horizontal outputs(12) Metal2 [0um 33um] [3um 33um] 0.29um rpD:0 bl:0 -----UC---T------------t-- [-0.21um:3.25um] [-0.21um:3.25um] 3.46um ------->
        <event:00000814 4:27.6154:3.46um> &<id:973575 Horizontal outputs(12) Metal2 [0um 33um] [3um 33um] 0.29um rpD:0 bl:0 -----UC---T------------t-- [-0.21um:3.25um] [-0.21um:3.25um] 3.46um ------->
        <event:00000815 3:1860.76:6um> &<id:971652 Vertical abc_1342_new_n178 Metal3 [2um 33um] [2um 38.5um] 0.29um rpD:1 bl:0 -----UCG----W---------bb-- [32.75um:38.75um] [32.75um:38.75um] 6um ------->
        <event:00000816 0:168.462:0.845um> &<id:975992 Horizontal abc_1342_new_n178 Metal2 [1.585um 33um] [2.22um 33um] 0.29um rpD:0 bl:0 ---a-UC---T-----------bt-- [1.48um:2.325um] [1.48um:2.325um] 0.845um ------->
        <event:00000817 0:27.6154:3.46um> &<id:973601 Horizontal outputs(13) Metal2 [0um 38.5um] [3um 38.5um] 0.29um rpD:0 bl:0 -----UC---T------------t-- [-0.21um:3.25um] [-0.21um:3.25um] 3.46um ------->
        <event:00000818 4:27.6154:3.46um> &<id:973601 Horizontal outputs(13) Metal2 [0um 38.5um] [3um 38.5um] 0.29um rpD:0 bl:0 -----UC---T------------t-- [-0.21um:3.25um] [-0.21um:3.25um] 3.46um ------->
        <event:00000819 3:2012.54:6.5um> &<id:971652 Vertical abc_1342_new_n178 Metal3 [2um 32.5um] [2um 38.5um] 0.29um rpD:1 bl:0 -----UCG----W---------bb-- [32.25um:38.75um] [32.25um:38.75um] 6.5um ------->
        <event:00000820 3:1253.66:4um> &<id:972103 Vertical abc_1342_new_n122 Metal3 [3um 38.5um] [3um 42um] 0.29um rpD:1 bl:0 -----UCG----W---------bb-- [38.25um:42.25um] [38.25um:42.25um] 4um ------->
        <event:00000821 0:146:0.715um> &<id:975494 Horizontal abc_1342_new_n122 Metal2 [2.725um 38.5um] [3.23um 38.5um] 0.29um rpD:0 bl:0 ---a-UC---T-----------tb-- [2.62um:3.335um] [2.62um:3.335um] 0.715um ------->
        <event:00000822 0:329.148:1.775um> &<id:976002 Horizontal abc_1342_new_n178 Metal2 [0.685um 38.5um] [2um 38.5um] 0.29um rpD:0 bl:0 -----UC---T-----------bt-- [0.475um:2.25um] [0.475um:2.25um] 1.775um ------->
        <event:00000823 0:27.6154:3.46um> &<id:973654 Horizontal outputs(14) Metal2 [0um 44um] [3um 44um] 0.29um rpD:0 bl:0 -----UC---T------------t-- [-0.21um:3.25um] [-0.21um:3.25um] 3.46um ------->
        <event:00000824 0:27.6154:3.46um> &<id:973633 Horizontal outputs(15) Metal2 [0um 49.5um] [3um 49.5um] 0.29um rpD:0 bl:0 -----UC---T------------t-- [-0.21um:3.25um] [-0.21um:3.25um] 3.46um ------->
        <event:00000825 0:27.6154:3.46um> &<id:974305 Horizontal clk Metal2 [0um 55um] [3um 55um] 0.29um rpD:0 bl:0 -----UC---T------------t-- [-0.21um:3.25um] [-0.21um:3.25um] 3.46um ------->
        <event:00000826 0:627.195:3.5um> &<id:973953 Horizontal clk_root_0 Metal2 [27.085um 20um] [29um 20um] 0.29um rpD:0 bl:0 -----UC---T-----------bt-- [26.875um:29.25um] [25.75um:29.25um] 3.5um ------->
        <event:00000827 0:627.195:3.5um> &<id:974463 Horizontal n(7) Metal2 [15.5um 60.5um] [15.725um 60.5um] 0.29um rpD:0 bl:0 -----UC---T-----------tb-- [15.25um:15.935um] [15.25um:18.75um] 3.5um ------->
        <event:00000828 0:509.059:3.5um> &<id:976404 Horizontal n(29) Metal2 [58.5um 54.5um] [58.505um 54.5um] 0.29um rpD:0 bl:0 -----UC---T-----------tb-- [58.25um:58.75um] [58.25um:61.75um] 3.5um ------->
        <event:00000829 0:509.059:3.5um> &<id:975802 Horizontal abc_1342_new_n255 Metal2 [39.015um 71.5um] [41.5um 71.5um] 0.29um rpD:0 bl:0 -----UC---T-----------bt-- [38.805um:41.75um] [38.25um:41.75um] 3.5um ------->
        <event:00000830 0:390.923:3.5um> &<id:974938 Horizontal abc_1342_new_n175 Metal2 [37.855um 20um] [38um 20um] 0.29um rpD:0 bl:0 -----UC---T-----------bt-- [37.645um:38.25um] [34.75um:38.25um] 3.5um ------->
        <event:00000831 0:390.923:3.5um> &<id:975226 Horizontal abc_1342_new_n283 Metal2 [60.255um 89.5um] [61um 89.5um] 0.29um rpD:0 bl:0 -----UC---T-----------bt-- [60.045um:61.25um] [57.75um:61.25um] 3.5um ------->
        <event:00000832 0:509.76:3.505um> &<id:976364 Horizontal n(31) Metal2 [51.455um 50um] [54.5um 50um] 0.29um rpD:0 bl:0 -----UC---T-----------bt-- [51.245um:54.75um] [51.245um:54.75um] 3.505um ------->
        <event:00000833 0:635.834:3.55um> &<id:975887 Horizontal abc_1342_new_n265 Metal2 [27.155um 83.5um] [30.285um 83.5um] 0.29um rpD:0 bl:0 -----UC---T-----------bb-- [26.945um:30.495um] [26.945um:30.495um] 3.55um ------->
        <event:00000834 0:396.846:3.555um> &<id:974013 Horizontal abc_1342_auto_rtlil_cc_2739_MuxGate_1249 Metal2 [25.905um 14um] [29um 14um] 0.29um rpD:0 bl:0 -----UC---T-----------bt-- [25.695um:29.25um] [25.695um:29.25um] 3.555um ------->
        <event:00000835 0:645.337:3.605um> &<id:976412 Horizontal n(28) Metal2 [57.855um 56um] [61um 56um] 0.29um rpD:0 bl:0 -----UC---T-----------bt-- [57.645um:61.25um] [57.645um:61.25um] 3.605um ------->
        <event:00000836 0:403.846:3.62um> &<id:975503 Horizontal abc_1342_new_n123 Metal2 [12.905um 3um] [16.105um 3um] 0.29um rpD:0 bl:0 -----UC---T-----------bb-- [12.695um:16.315um] [12.695um:16.315um] 3.62um ------->
        <event:00000837 0:403.846:3.62um> &<id:974992 Horizontal abc_1342_new_n174 Metal2 [6.655um 14.5um] [9.855um 14.5um] 0.29um rpD:0 bl:0 -----UC---T-----------bb-- [6.445um:10.065um] [6.445um:10.065um] 3.62um ------->
        <event:00000838 0:403.846:3.62um> &<id:974572 Horizontal init Metal2 [7.815um 14.5um] [11.015um 14.5um] 0.29um rpD:0 bl:0 -----UC---T-----------bb-- [7.605um:11.225um] [7.605um:11.225um] 3.62um ------->
        <event:00000839 0:403.846:3.62um> &<id:974630 Horizontal init Metal2 [39.015um 20um] [42.215um 20um] 0.29um rpD:0 bl:0 -----UC---T-----------bb-- [38.805um:42.425um] [38.805um:42.425um] 3.62um ------->
        <event:00000840 0:403.846:3.62um> &<id:974705 Horizontal init Metal2 [53.415um 20um] [56.615um 20um] 0.29um rpD:0 bl:0 -----UC---T-----------bb-- [53.205um:56.825um] [53.205um:56.825um] 3.62um ------->
        <event:00000841 0:403.846:3.62um> &<id:975036 Horizontal abc_1342_new_n174 Metal2 [38.655um 26um] [41.855um 26um] 0.29um rpD:0 bl:0 -----UC---T-----------bb-- [38.445um:42.065um] [38.445um:42.065um] 3.62um ------->
        <event:00000842 0:403.846:3.62um> &<id:974639 Horizontal init Metal2 [39.815um 26um] [43.015um 26um] 0.29um rpD:0 bl:0 -----UC---T-----------bb-- [39.605um:43.225um] [39.605um:43.225um] 3.62um ------->
        <event:00000843 4:403.846:3.62um> &<id:974639 Horizontal init Metal2 [39.815um 26um] [43.015um 26um] 0.29um rpD:0 bl:0 -----UC---T-----------bb-- [39.605um:43.225um] [39.605um:43.225um] 3.62um ------->
        <event:00000844 1:403.846:3.62um> &<id:972563 Horizontal outputs(2) Metal2 [42.505um 26um] [45.705um 26um] 0.29um rpD:0 bl:0 -----UCG--T------------b-- [42.295um:45.915um] [42.295um:45.915um] 3.62um ------->
        <event:00000845 0:4.23077:0.42um> &<id:973522 Vertical outputs(2) Metal2 [42.505um 25.5um] [42.505um 25.5um] 0.21um rpD:0 bl:0 -X---UC---TD---------P-b-- [25.08um:25.92um] [42.295um:42.715um] 0.42um P------>
        <event:00000846 0:403.846:3.62um> &<id:970952 Horizontal init Metal2 [44um 26.5um] [46.215um 26.5um] 0.29um rpD:0 bl:0 -----UCG--T-----------tb-- [43.75um:46.425um] [42.805um:46.425um] 3.62um ------->
        <event:00000847 0:403.846:3.62um> &<id:975403 Horizontal abc_1342_new_n164 Metal2 [33.705um 54.5um] [36.905um 54.5um] 0.29um rpD:0 bl:0 -----UC---T-----------bb-- [33.495um:37.115um] [33.495um:37.115um] 3.62um ------->
        <event:00000848 0:406.538:3.645um> &<id:974315 Horizontal n(4) Metal2 [19.815um 48.5um] [23um 48.5um] 0.29um rpD:0 bl:0 -----UC---T-----------bt-- [19.605um:23.25um] [19.605um:23.25um] 3.645um ------->
        <event:00000849 0:407.615:3.655um> &<id:974904 Horizontal abc_1342_new_n177 Metal2 [19.305um 19.5um] [22.5um 19.5um] 0.29um rpD:0 bl:0 -----UC---T-----------bt-- [19.095um:22.75um] [19.095um:22.75um] 3.655um ------->
        <event:00000850 0:407.615:3.655um> &<id:974451 Horizontal n(3) Metal2 [19.305um 48.5um] [22.5um 48.5um] 0.29um rpD:0 bl:0 -----UC---T-----------bt-- [19.095um:22.75um] [19.095um:22.75um] 3.655um ------->
        <event:00000851 4:407.615:3.655um> &<id:974451 Horizontal n(3) Metal2 [19.305um 49um] [22.5um 49um] 0.29um rpD:0 bl:0 -----UC---T-----------bt-- [19.095um:22.75um] [19.095um:22.75um] 3.655um ------->
        <event:00000852 1:710.84:4.13um> &<id:974312 Horizontal n(4) Metal2 [19.815um 49um] [23.525um 49um] 0.29um rpD:1 bl:0 -----UC-----W------------- [19.605um:23.735um] [19.605um:23.735um] 4.13um ------->
        <event:00000853 0:4.23077:0.42um> &<id:974308 Vertical n(4) Metal2 [19.815um 49.5um] [19.815um 49.5um] 0.21um rpD:0 bl:0 -X---UC---TD---------P-b-- [49.08um:49.92um] [19.605um:20.025um] 0.42um P------>
        <event:00000854 0:4.23077:0.42um> &<id:974311 Vertical n(4) Metal2 [23.525um 49.5um] [23.525um 49.5um] 0.21um rpD:0 bl:0 -X---UC---TD---------P-b-- [49.08um:49.92um] [23.315um:23.735um] 0.42um P------>
        <event:00000855 0:407.615:3.655um> &<id:976205 Horizontal n(21) Metal2 [19.305um 67um] [22.5um 67um] 0.29um rpD:0 bl:0 -----UC---T-----------bt-- [19.095um:22.75um] [19.095um:22.75um] 3.655um ------->
        <event:00000856 0:408.692:3.665um> &<id:971877 Horizontal n(22) Metal2 [22.5um 71.5um] [25.705um 71.5um] 0.29um rpD:0 bl:0 -----UCG--T-----------tb-- [22.25um:25.915um] [22.25um:25.915um] 3.665um ------->
        <event:00000857 0:409.769:4.175um> &<id:974668 Horizontal init Metal2 [34.5um 31um] [38.215um 31um] 0.29um rpD:0 bl:0 -----UC---T-----------tb-- [34.25um:38.425um] [34.25um:38.425um] 4.175um ------->
        <event:00000858 0:409.769:3.675um> &<id:971966 Horizontal n(10) Metal2 [23um 83.5um] [26.215um 83.5um] 0.29um rpD:0 bl:0 -----UCG--T-----------tb-- [22.75um:26.425um] [22.75um:26.425um] 3.675um ------->
        <event:00000859 0:411.385:3.69um> &<id:972532 Horizontal n(23) Metal2 [17.055um 66um] [20.325um 66um] 0.29um rpD:0 bl:0 -----UCG--T-----------bb-- [16.845um:20.535um] [16.845um:20.535um] 3.69um ------->
        <event:00000860 0:664.343:3.715um> &<id:975109 Horizontal abc_1342_new_n171 Metal2 [33um 49um] [36.255um 49um] 0.29um rpD:0 bl:0 -----UC---T-----------tb-- [32.75um:36.465um] [32.75um:36.465um] 3.715um ------->
        <event:00000861 0:418.385:3.755um> &<id:975406 Horizontal abc_1342_new_n164 Metal2 [33.705um 54um] [37um 54um] 0.29um rpD:0 bl:0 -----UC---T-----------bt-- [33.495um:37.25um] [33.495um:37.25um] 3.755um ------->
        <event:00000862 0:421.615:3.785um> &<id:972049 Horizontal n(24) Metal2 [29um 65.5um] [32.325um 65.5um] 0.29um rpD:0 bl:0 -----UCG--T-----------tb-- [28.75um:32.535um] [28.75um:32.535um] 3.785um ------->
        <event:00000863 0:553.234:3.815um> &<id:972195 Horizontal n(2) Metal2 [22.5um 38.5um] [25.855um 38.5um] 0.29um rpD:0 bl:0 -----UCG--T-----------tb-- [22.25um:26.065um] [22.25um:26.065um] 3.815um ------->
        <event:00000864 0:426.462:3.83um> &<id:973191 Horizontal outputs(13) Metal2 [10.505um 14.5um] [13.915um 14.5um] 0.29um rpD:0 bl:0 -----UCG--T-----------b--- [10.295um:14.125um] [10.295um:14.125um] 3.83um ------->
        <event:00000865 4:426.462:3.83um> &<id:973191 Horizontal outputs(13) Metal2 [10.505um 15um] [13.915um 15um] 0.29um rpD:0 bl:0 -----UCG--T-----------b--- [10.295um:14.125um] [10.295um:14.125um] 3.83um ------->
        <event:00000866 3:1708.99:5.5um> &<id:971029 Vertical abc_1342_new_n174 Metal3 [10um 15um] [10um 20um] 0.29um rpD:1 bl:0 ------CG----W---------bb-- [14.75um:20.25um] [14.75um:20.25um] 5.5um ------->
        <event:00000867 0:4.23077:0.42um> &<id:973595 Vertical outputs(13) Metal2 [13.915um 15um] [13.915um 15um] 0.21um rpD:0 bl:0 -X---UC---TD---------P-b-- [14.5801um:15.42um] [13.705um:14.125um] 0.42um P------>
        <event:00000868 0:98.5385:0.785um> &<id:974998 Horizontal abc_1342_new_n174 Metal2 [9.62um 15um] [10.195um 15um] 0.29um rpD:0 bl:0 ---a-UC---T-----------bt-- [9.515um:10.3um] [9.515um:10.3um] 0.785um ------->
        <event:00000869 0:686.805:3.845um> &<id:973892 Horizontal clk_root_1 Metal2 [52.5um 78um] [55.885um 78um] 0.29um rpD:0 bl:0 -----UC---T-----------tb-- [52.25um:56.095um] [52.25um:56.095um] 3.845um ------->
        <event:00000870 0:688.533:3.855um> &<id:976214 Horizontal n(26) Metal2 [40.605um 60.5um] [44um 60.5um] 0.29um rpD:0 bl:0 -----UC---T-----------bt-- [40.395um:44.25um] [40.395um:44.25um] 3.855um ------->
        <event:00000871 0:431.308:3.875um> &<id:970947 Horizontal init Metal2 [30um 14.5um] [33.415um 14.5um] 0.29um rpD:0 bl:0 -----UCG--T-----------tb-- [29.75um:33.625um] [29.75um:33.625um] 3.875um ------->
        <event:00000872 0:31.4615:3.96um> &<id:973572 Horizontal outputs(11) Metal2 [0um 27.5um] [3.5um 27.5um] 0.29um rpD:0 bl:0 -----UC---T------------t-- [-0.21um:3.75um] [-0.21um:3.75um] 3.96um ------->
        <event:00000873 0:579.177:4um> &<id:975453 Horizontal abc_1342_new_n147 Metal2 [37.925um 48.5um] [38um 48.5um] 0.29um rpD:0 bl:0 -----UC---T-----------bt-- [37.715um:38.25um] [34.25um:38.25um] 4um ------->
        <event:00000874 0:723.953:4.06um> &<id:975859 Horizontal abc_1342_new_n257 Metal2 [1.845um 83.5um] [5.485um 83.5um] 0.29um rpD:0 bl:0 -----UC---T-----------bb-- [1.635um:5.695um] [1.635um:5.695um] 4.06um ------->
        <event:00000875 0:453.923:4.085um> &<id:971119 Horizontal abc_1342_new_n255 Metal2 [41.5um 90um] [45.125um 90um] 0.29um rpD:0 bl:0 -----UCG--T-----------tb-- [41.25um:45.335um] [41.25um:45.335um] 4.085um ------->
        <event:00000876 0:597.408:4.13um> &<id:975642 Horizontal abc_1342_new_n140 Metal2 [27.455um 89.5um] [31.165um 89.5um] 0.29um rpD:0 bl:0 -----UC---T-----------bb-- [27.245um:31.375um] [27.245um:31.375um] 4.13um ------->
        <event:00000877 0:458.769:4.13um> &<id:974512 Horizontal n(8) Metal2 [19.305um 83.5um] [23.015um 83.5um] 0.29um rpD:0 bl:0 -----UC---T-----------bb-- [19.095um:23.225um] [19.095um:23.225um] 4.13um ------->
        <event:00000878 4:458.769:4.13um> &<id:974512 Horizontal n(8) Metal2 [19.305um 84um] [23.015um 84um] 0.29um rpD:0 bl:0 -----UC---T-----------bb-- [19.095um:23.225um] [19.095um:23.225um] 4.13um ------->
        <event:00000879 3:1708.99:5.5um> &<id:971118 Vertical abc_1342_new_n255 Metal3 [22.5um 83.5um] [22.5um 88.5um] 0.29um rpD:1 bl:0 ------CG----W---------bb-- [83.25um:88.75um] [83.25um:88.75um] 5.5um ------->
        <event:00000880 0:173.192:1.105um> &<id:975819 Horizontal abc_1342_new_n255 Metal2 [21.855um 84um] [22.5um 84um] 0.29um rpD:0 bl:0 -----UC---T-----------bt-- [21.645um:22.75um] [21.645um:22.75um] 1.105um ------->
        <event:00000881 0:595.787:4.21um> &<id:973230 Horizontal outputs(15) Metal2 [9.115um 20.5um] [12.905um 20.5um] 0.29um rpD:0 bl:0 -----UCG--T-----------b--- [8.905um:13.115um] [8.905um:13.115um] 4.21um ------->
        <event:00000882 0:4.23077:0.42um> &<id:973627 Vertical outputs(15) Metal2 [12.905um 21um] [12.905um 21.5um] 0.21um rpD:0 bl:0 -X---UC---TD---------Pb--- [20.58um:21.92um] [12.695um:13.115um] 0.42um P------>
        <event:00000883 0:755.917:4.245um> &<id:972228 Horizontal abc_1342_new_n303 Metal2 [18.5um 65um] [22.285um 65um] 0.29um rpD:0 bl:0 -----UCG--T-----------tb-- [18.25um:22.495um] [18.25um:22.495um] 4.245um ------->
        <event:00000884 0:758.509:4.26um> &<id:972292 Horizontal abc_1342_new_n147 Metal2 [42.365um 43um] [46.205um 43um] 0.29um rpD:0 bl:0 -----UCG--T-----------b--- [42.155um:46.415um] [42.155um:46.415um] 4.26um ------->
        <event:00000885 0:4.23077:0.42um> &<id:975447 Vertical abc_1342_new_n147 Metal2 [46.205um 43.5um] [46.205um 43.5um] 0.21um rpD:0 bl:0 -X---UC---TD---------Pb--- [43.0801um:43.92um] [45.995um:46.415um] 0.42um P------>
        <event:00000886 0:769.74:4.325um> &<id:971194 Horizontal clk_root_0 Metal2 [30.135um 42um] [34um 42um] 0.29um rpD:0 bl:0 -----UCG--T-----------bt-- [29.925um:34.25um] [29.925um:34.25um] 4.325um ------->
        <event:00000887 0:630.364:4.365um> &<id:974551 Horizontal n(0) Metal2 [13.5um 37.5um] [16.905um 37.5um] 0.29um rpD:0 bl:0 -----UC---T-----------tb-- [13.25um:17.115um] [12.75um:17.115um] 4.365um ------->
        <event:00000888 0:780.107:4.385um> &<id:971629 Horizontal n(1) Metal2 [11um 37.5um] [14.925um 37.5um] 0.29um rpD:0 bl:0 -----UCG--T-----------tb-- [10.75um:15.135um] [10.75um:15.135um] 4.385um ------->
        <event:00000889 0:489.462:4.415um> &<id:975056 Horizontal abc_1342_new_n174 Metal2 [51.5um 20um] [55.455um 20um] 0.29um rpD:0 bl:0 -----UC---T-----------tb-- [51.25um:55.665um] [51.25um:55.665um] 4.415um ------->
        <event:00000890 0:793.929:4.465um> &<id:973648 Horizontal outputs(14) Metal2 [7um 20um] [11.005um 20um] 0.29um rpD:0 bl:0 -----UC---T-----------tb-- [6.75um:11.215um] [6.75um:11.215um] 4.465um ------->
        <event:00000891 0:494.846:4.465um> &<id:972520 Horizontal n(3) Metal2 [22.5um 38um] [26.505um 38um] 0.29um rpD:0 bl:0 -----UCG--T-----------tb-- [22.25um:26.715um] [22.25um:26.715um] 4.465um ------->
        <event:00000892 0:494.846:4.465um> &<id:972956 Horizontal n(7) Metal2 [18.5um 83.5um] [22.505um 83.5um] 0.29um rpD:0 bl:0 -----UCG--T-----------tb-- [18.25um:22.715um] [18.25um:22.715um] 4.465um ------->
        <event:00000893 0:505.077:4.56um> &<id:975986 Horizontal abc_1342_new_n189 Metal2 [27.015um 8.5um] [31.155um 8.5um] 0.29um rpD:0 bl:0 -----UC---T-----------bb-- [26.805um:31.365um] [26.805um:31.365um] 4.56um ------->
        <event:00000894 4:505.077:4.56um> &<id:975986 Horizontal abc_1342_new_n189 Metal2 [27.015um 8.5um] [31.155um 8.5um] 0.29um rpD:0 bl:0 -----UC---T-----------bb-- [26.805um:31.365um] [26.805um:31.365um] 4.56um ------->
        <event:00000895 1:1300.7:7.665um> &<id:972674 Horizontal mem_inputs(12) Metal2 [22.5um 8.5um] [29.705um 8.5um] 0.29um rpD:1 bl:0 ------CG----W---------t--- [22.25um:29.915um] [22.25um:29.915um] 7.665um ------->
        <event:00000896 0:4.23077:0.42um> &<id:974788 Vertical mem_inputs(12) Metal2 [29.705um 9um] [29.705um 9.5um] 0.21um rpD:0 bl:0 -X---UC---TD---------Pb--- [8.5801um:9.92um] [29.495um:29.915um] 0.42um P------>
        <event:00000897 4:4.23077:0.42um> &<id:974788 Vertical mem_inputs(12) Metal2 [29.705um 9um] [29.705um 9.5um] 0.21um rpD:0 bl:0 -X---UC---TD---------Pb--- [8.5801um:9.92um] [29.495um:29.915um] 0.42um P------>
        <event:00000898 3:1860.76:6um> &<id:970960 Vertical init Metal3 [30um 9um] [30um 14.5um] 0.29um rpD:1 bl:0 ------CG----W---------bb-- [8.75um:14.75um] [8.75um:14.75um] 6um ------->
        <event:00000899 0:107.154:0.865um> &<id:974619 Horizontal init Metal2 [29.76um 9um] [30.415um 9um] 0.29um rpD:0 bl:0 ---a-UC---T-----------tb-- [29.655um:30.52um] [29.655um:30.52um] 0.865um ------->
        <event:00000900 4:107.154:0.865um> &<id:974619 Horizontal init Metal2 [29.76um 9um] [30.415um 9um] 0.29um rpD:0 bl:0 ---a-UC---T-----------tb-- [29.655um:30.52um] [29.655um:30.52um] 0.865um ------->
        <event:00000901 1:1300.7:7.665um> &<id:972674 Horizontal mem_inputs(12) Metal2 [22.5um 9.5um] [29.705um 9.5um] 0.29um rpD:1 bl:0 ------CG----W---------t--- [22.25um:29.915um] [22.25um:29.915um] 7.665um ------->
        <event:00000902 0:4.23077:0.42um> &<id:974788 Vertical mem_inputs(12) Metal2 [29.705um 9um] [29.705um 9.5um] 0.21um rpD:0 bl:0 -X---UC---TD---------Pb--- [8.5801um:9.92um] [29.495um:29.915um] 0.42um P------>
        <event:00000903 4:4.23077:0.42um> &<id:974788 Vertical mem_inputs(12) Metal2 [29.705um 9um] [29.705um 9.5um] 0.21um rpD:0 bl:0 -X---UC---TD---------Pb--- [8.5801um:9.92um] [29.495um:29.915um] 0.42um P------>
        <event:00000904 3:1860.76:6um> &<id:970960 Vertical init Metal3 [30um 9um] [30um 14.5um] 0.29um rpD:1 bl:0 ------CG----W---------bb-- [8.75um:14.75um] [8.75um:14.75um] 6um ------->
        <event:00000905 0:107.154:0.865um> &<id:974619 Horizontal init Metal2 [29.76um 9um] [30.415um 9um] 0.29um rpD:0 bl:0 ---a-UC---T-----------tb-- [29.655um:30.52um] [29.655um:30.52um] 0.865um ------->
        <event:00000906 4:107.154:0.865um> &<id:974619 Horizontal init Metal2 [29.76um 9um] [30.415um 9um] 0.29um rpD:0 bl:0 ---a-UC---T-----------tb-- [29.655um:30.52um] [29.655um:30.52um] 0.865um ------->
        <event:00000907 1:1300.7:7.665um> &<id:972674 Horizontal mem_inputs(12) Metal2 [22.5um 9.5um] [29.705um 9.5um] 0.29um rpD:1 bl:0 ------CG----W---------t--- [22.25um:29.915um] [22.25um:29.915um] 7.665um ------->
        <event:00000908 0:4.23077:0.42um> &<id:974788 Vertical mem_inputs(12) Metal2 [29.705um 9um] [29.705um 9.5um] 0.21um rpD:0 bl:0 -X---UC---TD---------Pb--- [8.5801um:9.92um] [29.495um:29.915um] 0.42um P------>
        <event:00000909 4:4.23077:0.42um> &<id:974788 Vertical mem_inputs(12) Metal2 [29.705um 9um] [29.705um 9.5um] 0.21um rpD:0 bl:0 -X---UC---TD---------Pb--- [8.5801um:9.92um] [29.495um:29.915um] 0.42um P------>
        <event:00000910 4:4.23077:0.42um> &<id:974788 Vertical mem_inputs(12) Metal2 [29.705um 9um] [29.705um 9.5um] 0.21um rpD:0 bl:0 -X---UC---TD---------Pb--- [8.5801um:9.92um] [29.495um:29.915um] 0.42um P------>
        <event:00000911 3:1300.7:7.665um> &<id:972674 Horizontal mem_inputs(12) Metal2 [22.5um 9.5um] [29.705um 9.5um] 0.29um rpD:1 bl:0 ------CG----W---------t--- [22.25um:29.915um] [22.25um:29.915um] 7.665um ------->
        <event:00000912 3:1860.76:6um> &<id:970960 Vertical init Metal3 [30um 9um] [30um 14.5um] 0.29um rpD:1 bl:0 ------CG----W---------bb-- [8.75um:14.75um] [8.75um:14.75um] 6um ------->
        <event:00000913 0:107.154:0.865um> &<id:974619 Horizontal init Metal2 [29.76um 9um] [30.415um 9um] 0.29um rpD:0 bl:0 ---a-UC---T-----------tb-- [29.655um:30.52um] [29.655um:30.52um] 0.865um ------->
        <event:00000914 4:107.154:0.865um> &<id:974619 Horizontal init Metal2 [29.76um 8um] [30.415um 8um] 0.29um rpD:0 bl:0 ---a-UC---T-----------tb-- [29.655um:30.52um] [29.655um:30.52um] 0.865um ------->
        <event:00000915 0:380.692:3.405um> &<id:971326 Horizontal abc_1342_new_n175 Metal2 [29.055um 8um] [32um 8um] 0.29um rpD:0 bl:0 -----UCG--T-----------bt-- [28.845um:32.25um] [28.845um:32.25um] 3.405um ------->
        <event:00000916 4:380.692:3.405um> &<id:971326 Horizontal abc_1342_new_n175 Metal2 [29.055um 9um] [32um 9um] 0.29um rpD:0 bl:0 -----UCG--T-----------bt-- [28.845um:32.25um] [28.845um:32.25um] 3.405um ------->
        <event:00000917 1:1300.7:7.665um> &<id:972674 Horizontal mem_inputs(12) Metal2 [22.5um 9.5um] [29.705um 9.5um] 0.29um rpD:1 bl:0 ------CG----W---------t--- [22.25um:29.915um] [22.25um:29.915um] 7.665um ------->
        <event:00000918 5:2316.09:7.5um> &<id:972674 Horizontal mem_inputs(12) Metal4 [22.5um 9.5um] [29.5um 9.5um] 0.29um rpD:2 bl:0 ------CG-----w--------bb-- [22.25um:29.75um] [22.25um:29.75um] 7.5um ------t>
        <event:00000919 3:141:0.715um> &<id:976665 Horizontal mem_inputs(12) Metal2 [29.33um 9.5um] [29.835um 9.5um] 0.29um rpD:1 bl:0 ---a--C-----W---------t--- [29.225um:29.94um] [29.225um:29.94um] 0.715um -----s->
        <event:00000920 3:254.982:1.5um> &<id:976664 Vertical mem_inputs(12) Metal3 [29.5um 8.5um] [29.5um 9.5um] 0.29um rpD:2 bl:0 ------C------wAS------tb-- [8.25um:9.75um] [8.25um:9.75um] 1.5um --S--st>
        <event:00000921 0:4.23077:0.42um> &<id:974788 Vertical mem_inputs(12) Metal2 [29.705um 9um] [29.705um 9.5um] 0.21um rpD:0 bl:0 -X---UC---TD---------Pb--- [8.5801um:9.92um] [29.495um:29.915um] 0.42um P------>
        <event:00000922 4:4.23077:0.42um> &<id:974788 Vertical mem_inputs(12) Metal2 [29.705um 9um] [29.705um 9.5um] 0.21um rpD:0 bl:0 -X---UC---TD---------Pb--- [8.5801um:9.92um] [29.495um:29.915um] 0.42um P------>
        <event:00000923 0:380.692:3.405um> &<id:971326 Horizontal abc_1342_new_n175 Metal2 [29.055um 9um] [32um 9um] 0.29um rpD:0 bl:0 -----UCG--T-----------bt-- [28.845um:32.25um] [28.845um:32.25um] 3.405um ------->
        <event:00000924 4:380.692:3.405um> &<id:971326 Horizontal abc_1342_new_n175 Metal2 [29.055um 9um] [32um 9um] 0.29um rpD:0 bl:0 -----UCG--T-----------bt-- [28.845um:32.25um] [28.845um:32.25um] 3.405um ------->
        <event:00000925 1:141:0.715um> &<id:976665 Horizontal mem_inputs(12) Metal2 [29.33um 9.5um] [29.835um 9.5um] 0.29um rpD:1 bl:0 ---a--C-----W---------t--- [29.225um:29.94um] [29.225um:29.94um] 0.715um -----s->
        <event:00000926 0:4.23077:0.42um> &<id:974788 Vertical mem_inputs(12) Metal2 [29.705um 9um] [29.705um 9.5um] 0.21um rpD:0 bl:0 -X---UC---TD---------Pb--- [8.5801um:9.92um] [29.495um:29.915um] 0.42um P------>
        <event:00000927 4:4.23077:0.42um> &<id:974788 Vertical mem_inputs(12) Metal2 [29.705um 9um] [29.705um 9.5um] 0.21um rpD:0 bl:0 -X---UC---TD---------Pb--- [8.5801um:9.92um] [29.495um:29.915um] 0.42um P------>
        <event:00000928 0:380.692:3.405um> &<id:971326 Horizontal abc_1342_new_n175 Metal2 [29.055um 9um] [32um 9um] 0.29um rpD:0 bl:0 -----UCG--T-----------bt-- [28.845um:32.25um] [28.845um:32.25um] 3.405um ------->
        <event:00000929 4:380.692:3.405um> &<id:971326 Horizontal abc_1342_new_n175 Metal2 [29.055um 8.5um] [32um 8.5um] 0.29um rpD:0 bl:0 -----UCG--T-----------bt-- [28.845um:32.25um] [28.845um:32.25um] 3.405um ------->
        <event:00000930 3:1557.21:5um> &<id:973029 Vertical abc_1342_new_n183 Metal3 [32.5um 4um] [32.5um 8.5um] 0.29um rpD:1 bl:0 ------CG----W---------bb-- [3.75um:8.75um] [3.75um:8.75um] 5um ------->
        <event:00000931 0:91:0.715um> &<id:974885 Horizontal abc_1342_new_n183 Metal2 [32.15um 8.5um] [32.655um 8.5um] 0.29um rpD:0 bl:0 ---a-UC---T-----------bt-- [32.045um:32.76um] [32.045um:32.76um] 0.715um ------->
        <event:00000932 0:505.077:4.56um> &<id:975986 Horizontal abc_1342_new_n189 Metal2 [27.015um 8.5um] [31.155um 8.5um] 0.29um rpD:0 bl:0 -----UC---T-----------bb-- [26.805um:31.365um] [26.805um:31.365um] 4.56um ------->
        <event:00000933 4:505.077:4.56um> &<id:975986 Horizontal abc_1342_new_n189 Metal2 [27.015um 9um] [31.155um 9um] 0.29um rpD:0 bl:0 -----UC---T-----------bb-- [26.805um:31.365um] [26.805um:31.365um] 4.56um ------->
        <event:00000934 1:141:0.715um> &<id:976665 Horizontal mem_inputs(12) Metal2 [29.33um 9.5um] [29.835um 9.5um] 0.29um rpD:1 bl:0 ---a--C-----W---------t--- [29.225um:29.94um] [29.225um:29.94um] 0.715um -----s->
        <event:00000935 0:4.23077:0.42um> &<id:974788 Vertical mem_inputs(12) Metal2 [29.705um 9um] [29.705um 9.5um] 0.21um rpD:0 bl:0 -X---UC---TD---------Pb--- [8.5801um:9.92um] [29.495um:29.915um] 0.42um P------>
        <event:00000936 4:141:0.715um> &<id:976665 Horizontal mem_inputs(12) Metal2 [29.33um 9.5um] [29.835um 9.5um] 0.29um rpD:1 bl:0 ---a--C-----W---------t--- [29.225um:29.94um] [29.225um:29.94um] 0.715um -----s->
        <event:00000937 3:4.23077:0.42um> &<id:974788 Vertical mem_inputs(12) Metal2 [29.705um 9um] [29.705um 9.5um] 0.21um rpD:0 bl:0 -X---UC---TD---------Pb--- [8.5801um:9.92um] [29.495um:29.915um] 0.42um P------>
        <event:00000938 4:4.23077:0.42um> &<id:974788 Vertical mem_inputs(12) Metal2 [29.705um 9um] [29.705um 9.5um] 0.21um rpD:0 bl:0 -X---UC---TD---------Pb--- [8.5801um:9.92um] [29.495um:29.915um] 0.42um P------>
        <event:00000939 0:505.077:4.56um> &<id:975986 Horizontal abc_1342_new_n189 Metal2 [27.015um 9um] [31.155um 9um] 0.29um rpD:0 bl:0 -----UC---T-----------bb-- [26.805um:31.365um] [26.805um:31.365um] 4.56um ------->
        <event:00000940 4:505.077:4.56um> &<id:975986 Horizontal abc_1342_new_n189 Metal2 [27.015um 9um] [31.155um 9um] 0.29um rpD:0 bl:0 -----UC---T-----------bb-- [26.805um:31.365um] [26.805um:31.365um] 4.56um ------->
        <event:00000941 1:141:0.715um> &<id:976665 Horizontal mem_inputs(12) Metal2 [29.33um 9.5um] [29.835um 9.5um] 0.29um rpD:1 bl:0 ---a--C-----W---------t--- [29.225um:29.94um] [29.225um:29.94um] 0.715um -----s->
        <event:00000942 0:4.23077:0.42um> &<id:974788 Vertical mem_inputs(12) Metal2 [29.705um 9um] [29.705um 9.5um] 0.21um rpD:0 bl:0 -X---UC---TD---------Pb--- [8.5801um:9.92um] [29.495um:29.915um] 0.42um P------>
        <event:00000943 4:4.23077:0.42um> &<id:974788 Vertical mem_inputs(12) Metal2 [29.705um 9um] [29.705um 9.5um] 0.21um rpD:0 bl:0 -X---UC---TD---------Pb--- [8.5801um:9.92um] [29.495um:29.915um] 0.42um P------>
        <event:00000944 0:505.077:4.56um> &<id:975986 Horizontal abc_1342_new_n189 Metal2 [27.015um 9um] [31.155um 9um] 0.29um rpD:0 bl:0 -----UC---T-----------bb-- [26.805um:31.365um] [26.805um:31.365um] 4.56um ------->
        <event:00000945 4:505.077:4.56um> &<id:975986 Horizontal abc_1342_new_n189 Metal2 [27.015um 9um] [31.155um 9um] 0.29um rpD:0 bl:0 -----UC---T-----------bb-- [26.805um:31.365um] [26.805um:31.365um] 4.56um ------->
        <event:00000946 1:141:0.715um> &<id:976665 Horizontal mem_inputs(12) Metal2 [29.33um 9.5um] [29.835um 9.5um] 0.29um rpD:1 bl:0 ---a--C-----W---------t--- [29.225um:29.94um] [29.225um:29.94um] 0.715um -----s->
        <event:00000947 0:4.23077:0.42um> &<id:974788 Vertical mem_inputs(12) Metal2 [29.705um 9um] [29.705um 9.5um] 0.21um rpD:0 bl:0 -X---UC---TD---------Pb--- [8.5801um:9.92um] [29.495um:29.915um] 0.42um P------>
        <event:00000948 4:4.23077:0.42um> &<id:974788 Vertical mem_inputs(12) Metal2 [29.705um 9um] [29.705um 9.5um] 0.21um rpD:0 bl:0 -X---UC---TD---------Pb--- [8.5801um:9.92um] [29.495um:29.915um] 0.42um P------>
        <event:00000949 0:505.077:4.56um> &<id:975986 Horizontal abc_1342_new_n189 Metal2 [27.015um 9um] [31.155um 9um] 0.29um rpD:0 bl:0 -----UC---T-----------bb-- [26.805um:31.365um] [26.805um:31.365um] 4.56um ------->
        <event:00000950 4:505.077:4.56um> &<id:975986 Horizontal abc_1342_new_n189 Metal2 [27.015um 8.5um] [31.155um 8.5um] 0.29um rpD:0 bl:0 -----UC---T-----------bb-- [26.805um:31.365um] [26.805um:31.365um] 4.56um ------->
        <event:00000951 0:380.692:3.405um> &<id:971326 Horizontal abc_1342_new_n175 Metal2 [29.055um 8.5um] [32um 8.5um] 0.29um rpD:0 bl:0 -----UCG--T-----------bt-- [28.845um:32.25um] [28.845um:32.25um] 3.405um ------->
        <event:00000952 4:380.692:3.405um> &<id:971326 Horizontal abc_1342_new_n175 Metal2 [29.055um 9um] [32um 9um] 0.29um rpD:0 bl:0 -----UCG--T-----------bt-- [28.845um:32.25um] [28.845um:32.25um] 3.405um ------->
        <event:00000953 1:141:0.715um> &<id:976665 Horizontal mem_inputs(12) Metal2 [29.33um 9.5um] [29.835um 9.5um] 0.29um rpD:1 bl:0 ---a--C-----W---------t--- [29.225um:29.94um] [29.225um:29.94um] 0.715um -----s->
        <event:00000954 0:4.23077:0.42um> &<id:974788 Vertical mem_inputs(12) Metal2 [29.705um 9um] [29.705um 9.5um] 0.21um rpD:0 bl:0 -X---UC---TD---------Pb--- [8.5801um:9.92um] [29.495um:29.915um] 0.42um P------>
        <event:00000955 0:4.23077:0.42um> &<id:974788 Vertical mem_inputs(12) Metal2 [29.705um 9um] [29.705um 9.5um] 0.21um rpD:0 bl:0 -X---UC---TD---------Pb--- [8.5801um:9.92um] [29.495um:29.915um] 0.42um P------>
        <event:00000956 1:343.012:1um> &<id:974788 Vertical mem_inputs(12) Metal3 [30um 9um] [30um 9.5um] 0.29um rpD:1 bl:0 -X---UC-----W---r-----bb-- [8.75um:9.75um] [8.75um:9.75um] 1um ------t>
        <event:00000957 0:95.3077:0.715um> &<id:976667 Horizontal mem_inputs(12) Metal2 [29.355um 9um] [29.86um 9um] 0.29um rpD:0 bl:0 ---a-UC---T---AS------tb-- [29.25um:29.965um] [29.25um:29.965um] 0.715um --S--st>
        <event:00000958 4:91:0.715um> &<id:976667 Horizontal mem_inputs(12) Metal2 [29.355um 8um] [29.86um 8um] 0.29um rpD:0 bl:0 ---a-UC---T---AS------tb-- [29.25um:29.965um] [29.25um:29.965um] 0.715um --S--st>
        <event:00000959 3:2164.31:7um> &<id:970960 Vertical init Metal3 [30um 8um] [30um 14.5um] 0.29um rpD:1 bl:0 ------CG----W---------bb-- [7.75um:14.75um] [7.75um:14.75um] 7um ------->
        <event:00000960 0:646.562:2um> &<id:974788 Vertical mem_inputs(12) Metal3 [29.5um 8um] [29.5um 9.5um] 0.29um rpD:1 bl:0 -X---UC-----W---------bb-- [7.75um:9.75um] [7.75um:9.75um] 2um ------t>
        <event:00000961 0:107.154:0.865um> &<id:974619 Horizontal init Metal2 [29.76um 8um] [30.415um 8um] 0.29um rpD:0 bl:0 ---a-UC---T-----------tb-- [29.655um:30.52um] [29.655um:30.52um] 0.865um ------->
        <event:00000962 4:107.154:0.865um> &<id:974619 Horizontal init Metal2 [29.76um 8um] [30.415um 8um] 0.29um rpD:0 bl:0 ---a-UC---T-----------tb-- [29.655um:30.52um] [29.655um:30.52um] 0.865um ------->
        <event:00000963 3:646.562:2um> &<id:974788 Vertical mem_inputs(12) Metal3 [29.5um 8um] [29.5um 9.5um] 0.29um rpD:1 bl:0 -X---UC-----W---------bb-- [7.75um:9.75um] [7.75um:9.75um] 2um ------t>
        <event:00000964 0:91:0.715um> &<id:976667 Horizontal mem_inputs(12) Metal2 [29.355um 8um] [29.86um 8um] 0.29um rpD:0 bl:0 ---a-UC---T---AS------tb-- [29.25um:29.965um] [29.25um:29.965um] 0.715um --S--st>
        <event:00000965 4:91:0.715um> &<id:976667 Horizontal mem_inputs(12) Metal2 [29.355um 8um] [29.86um 8um] 0.29um rpD:0 bl:0 ---a-UC---T---AS------tb-- [29.25um:29.965um] [29.25um:29.965um] 0.715um --S--st>
        <event:00000966 3:2164.31:7um> &<id:970960 Vertical init Metal3 [30um 8um] [30um 14.5um] 0.29um rpD:1 bl:0 ------CG----W---------bb-- [7.75um:14.75um] [7.75um:14.75um] 7um ------->
        <event:00000967 5:2164.31:7um> &<id:970960 Vertical init Metal3 [30um 8um] [30um 14.5um] 0.29um rpD:1 bl:0 ------CG----W---------bb-- [7.75um:14.75um] [7.75um:14.75um] 7um ------->
        <event:00000968 3:431.308:3.375um> &<id:970947 Horizontal init Metal2 [30.5um 14.5um] [33.415um 14.5um] 0.29um rpD:0 bl:0 -----UCG--T-----------tb-- [30.25um:33.625um] [30.25um:33.625um] 3.375um ------->
        <event:00000969 0:107.154:0.935um> &<id:974619 Horizontal init Metal2 [29.975um 8um] [30.7um 8um] 0.29um rpD:0 bl:0 ---a-UC---T-----------bt-- [29.87um:30.805um] [29.87um:30.805um] 0.935um ------->
        <event:00000970 4:114.692:0.935um> &<id:974619 Horizontal init Metal2 [29.975um 8um] [30.7um 8um] 0.29um rpD:0 bl:0 ---a-UC---T-----------bt-- [29.87um:30.805um] [29.87um:30.805um] 0.935um ------->
        <event:00000971 3:646.562:2um> &<id:974788 Vertical mem_inputs(12) Metal3 [29.5um 8um] [29.5um 9.5um] 0.29um rpD:1 bl:0 -X---UC-----W---------bb-- [7.75um:9.75um] [7.75um:9.75um] 2um ------t>
        <event:00000972 0:91:0.715um> &<id:976667 Horizontal mem_inputs(12) Metal2 [29.355um 8um] [29.86um 8um] 0.29um rpD:0 bl:0 ---a-UC---T---AS------tb-- [29.25um:29.965um] [29.25um:29.965um] 0.715um --S--st>
        <event:00000973 4:91:0.715um> &<id:976667 Horizontal mem_inputs(12) Metal2 [29.355um 8um] [29.86um 8um] 0.29um rpD:0 bl:0 ---a-UC---T---AS------tb-- [29.25um:29.965um] [29.25um:29.965um] 0.715um --S--st>
        <event:00000974 3:2164.31:7um> &<id:970960 Vertical init Metal3 [30.5um 8um] [30.5um 14.5um] 0.29um rpD:1 bl:0 ------CG----W---------bb-- [7.75um:14.75um] [7.75um:14.75um] 7um ------->
        <event:00000975 0:114.692:0.865um> &<id:974619 Horizontal init Metal2 [29.76um 8um] [30.415um 8um] 0.29um rpD:0 bl:0 ---a-UC---T-----------tb-- [29.655um:30.52um] [29.655um:30.52um] 0.865um ------->
        <event:00000976 4:107.154:0.865um> &<id:974619 Horizontal init Metal2 [29.76um 8um] [30.415um 8um] 0.29um rpD:0 bl:0 ---a-UC---T-----------tb-- [29.655um:30.52um] [29.655um:30.52um] 0.865um ------->
        <event:00000977 3:646.562:2um> &<id:974788 Vertical mem_inputs(12) Metal3 [29.5um 8um] [29.5um 9.5um] 0.29um rpD:1 bl:0 -X---UC-----W---------bb-- [7.75um:9.75um] [7.75um:9.75um] 2um ------t>
        <event:00000978 0:91:0.715um> &<id:976667 Horizontal mem_inputs(12) Metal2 [29.355um 8um] [29.86um 8um] 0.29um rpD:0 bl:0 ---a-UC---T---AS------tb-- [29.25um:29.965um] [29.25um:29.965um] 0.715um --S--st>
        <event:00000979 4:91:0.715um> &<id:976667 Horizontal mem_inputs(12) Metal2 [29.355um 9um] [29.86um 9um] 0.29um rpD:0 bl:0 ---a-UC---T---AS------tb-- [29.25um:29.965um] [29.25um:29.965um] 0.715um --S--st>
        <event:00000980 0:380.692:3.405um> &<id:971326 Horizontal abc_1342_new_n175 Metal2 [29.055um 9um] [32um 9um] 0.29um rpD:0 bl:0 -----UCG--T-----------bt-- [28.845um:32.25um] [28.845um:32.25um] 3.405um ------->
        <event:00000981 4:380.692:3.405um> &<id:971326 Horizontal abc_1342_new_n175 Metal2 [29.055um 9um] [32um 9um] 0.29um rpD:0 bl:0 -----UCG--T-----------bt-- [28.845um:32.25um] [28.845um:32.25um] 3.405um ------->
        <event:00000982 3:343.012:1um> &<id:974788 Vertical mem_inputs(12) Metal3 [29.5um 9um] [29.5um 9.5um] 0.29um rpD:1 bl:0 -X---UC-----W---r-----bb-- [8.75um:9.75um] [8.75um:9.75um] 1um ------t>
        <event:00000983 0:91:0.715um> &<id:976667 Horizontal mem_inputs(12) Metal2 [29.355um 9um] [29.86um 9um] 0.29um rpD:0 bl:0 ---a-UC---T---AS------tb-- [29.25um:29.965um] [29.25um:29.965um] 0.715um --S--st>
        <event:00000984 4:91:0.715um> &<id:976667 Horizontal mem_inputs(12) Metal2 [29.355um 9um] [29.86um 9um] 0.29um rpD:0 bl:0 ---a-UC---T---AS------tb-- [29.25um:29.965um] [29.25um:29.965um] 0.715um --S--st>
        <event:00000985 0:380.692:3.405um> &<id:971326 Horizontal abc_1342_new_n175 Metal2 [29.055um 9um] [32um 9um] 0.29um rpD:0 bl:0 -----UCG--T-----------bt-- [28.845um:32.25um] [28.845um:32.25um] 3.405um ------->
        <event:00000986 4:380.692:3.405um> &<id:971326 Horizontal abc_1342_new_n175 Metal2 [29.055um 9um] [32um 9um] 0.29um rpD:0 bl:0 -----UCG--T-----------bt-- [28.845um:32.25um] [28.845um:32.25um] 3.405um ------->
        <event:00000987 3:343.012:1um> &<id:974788 Vertical mem_inputs(12) Metal3 [29.5um 9um] [29.5um 9.5um] 0.29um rpD:1 bl:0 -X---UC-----W---r-----bb-- [8.75um:9.75um] [8.75um:9.75um] 1um ------t>
        <event:00000988 0:91:0.715um> &<id:976667 Horizontal mem_inputs(12) Metal2 [29.355um 9um] [29.86um 9um] 0.29um rpD:0 bl:0 ---a-UC---T---AS------tb-- [29.25um:29.965um] [29.25um:29.965um] 0.715um --S--st>
        <event:00000989 4:91:0.715um> &<id:976667 Horizontal mem_inputs(12) Metal2 [29.355um 9um] [29.86um 9um] 0.29um rpD:0 bl:0 ---a-UC---T---AS------tb-- [29.25um:29.965um] [29.25um:29.965um] 0.715um --S--st>
        <event:00000990 0:380.692:3.405um> &<id:971326 Horizontal abc_1342_new_n175 Metal2 [29.055um 9um] [32um 9um] 0.29um rpD:0 bl:0 -----UCG--T-----------bt-- [28.845um:32.25um] [28.845um:32.25um] 3.405um ------->
        <event:00000991 5:91:0.715um> &<id:971326 Horizontal abc_1342_new_n175 Metal2 [28.855um 9um] [29.36um 9um] 0.29um rpD:0 bl:0 ---a-UC---T----S------tb-- [28.75um:29.465um] [28.75um:29.465um] 0.715um --S---t>
        <event:00000992 3:494.787:1.5um> &<id:976670 Vertical abc_1342_new_n175 Metal3 [29um 8um] [29um 9um] 0.29um rpD:1 bl:0 ------C-----W-AS------bb-- [7.75um:9.25um] [7.75um:9.25um] 1.5um --S--st>
        <event:00000993 3:1101.89:3.5um> &<id:976671 Horizontal abc_1342_new_n175 Metal2 [29um 9um] [32um 9um] 0.29um rpD:2 bl:0 ------CG-----wA-------tt-- [28.75um:32.25um] [28.75um:32.25um] 3.5um -----s->
        <event:00000994 0:812.935:4.575um> &<id:971165 Horizontal clk_root_0 Metal2 [11.885um 8.5um] [16um 8.5um] 0.29um rpD:0 bl:0 -----UCG--T-----------bt-- [11.675um:16.25um] [11.675um:16.25um] 4.575um ------->
        <event:00000995 0:522.308:4.72um> &<id:975989 Horizontal abc_1342_new_n179 Metal2 [14.355um 20um] [18.655um 20um] 0.29um rpD:0 bl:0 -----UC---T-----------bb-- [14.145um:18.865um] [14.145um:18.865um] 4.72um ------->
        <event:00000996 0:522.308:4.72um> &<id:975865 Horizontal abc_1342_new_n261 Metal2 [20.755um 83.5um] [25.055um 83.5um] 0.29um rpD:0 bl:0 -----UC---T-----------bb-- [20.545um:25.265um] [20.545um:25.265um] 4.72um ------->
        <event:00000997 4:522.308:4.72um> &<id:975865 Horizontal abc_1342_new_n261 Metal2 [20.755um 83.5um] [25.055um 83.5um] 0.29um rpD:0 bl:0 -----UC---T-----------bb-- [20.545um:25.265um] [20.545um:25.265um] 4.72um ------->
        <event:00000998 1:710.84:4.13um> &<id:974388 Horizontal n(9) Metal2 [19.815um 83.5um] [23.525um 83.5um] 0.29um rpD:1 bl:0 -----UC-----W------------- [19.605um:23.735um] [19.605um:23.735um] 4.13um ------->
        <event:00000999 0:4.23077:0.42um> &<id:974384 Vertical n(9) Metal2 [19.815um 82.5um] [19.815um 83um] 0.21um rpD:0 bl:0 -X---UC---TD---------P-b-- [82.0801um:83.42um] [19.605um:20.025um] 0.42um P------>
        <event:00001000 4:4.23077:0.42um> &<id:974384 Vertical n(9) Metal2 [19.815um 82.5um] [19.815um 83um] 0.21um rpD:0 bl:0 -X---UC---TD---------P-b-- [82.0801um:83.42um] [19.605um:20.025um] 0.42um P------>
        <event:00001001 0:4.23077:0.42um> &<id:974387 Vertical n(9) Metal2 [23.525um 82.5um] [23.525um 83um] 0.21um rpD:0 bl:0 -X---UC---TD---------P-b-- [82.0801um:83.42um] [23.315um:23.735um] 0.42um P------>
        <event:00001002 4:4.23077:0.42um> &<id:974387 Vertical n(9) Metal2 [23.525um 82.5um] [23.525um 83um] 0.21um rpD:0 bl:0 -X---UC---TD---------P-b-- [82.0801um:83.42um] [23.315um:23.735um] 0.42um P------>
        <event:00001003 3:2012.54:6.5um> &<id:971968 Vertical n(10) Metal3 [23um 83um] [23um 89um] 0.29um rpD:1 bl:0 -----UCG----W---------bb-- [82.75um:89.25um] [82.75um:89.25um] 6.5um ------->
        <event:00001004 3:1405.44:4.5um> &<id:971965 Vertical n(10) Metal3 [25um 79um] [25um 83um] 0.29um rpD:1 bl:0 ------CG----W---------bb-- [78.75um:83.25um] [78.75um:83.25um] 4.5um ------->
        <event:00001005 0:409.769:2.675um> &<id:971966 Horizontal n(10) Metal2 [24um 83um] [26.215um 83um] 0.29um rpD:0 bl:0 -----UCG--T-----------tb-- [23.75um:26.425um] [23.75um:26.425um] 2.675um ------->
        <event:00001006 0:494.846:4.465um> &<id:972956 Horizontal n(7) Metal2 [18.5um 83um] [22.505um 83um] 0.29um rpD:0 bl:0 -----UCG--T-----------tb-- [18.25um:22.715um] [18.25um:22.715um] 4.465um ------->
        <event:00001007 4:494.846:4.465um> &<id:972956 Horizontal n(7) Metal2 [18.5um 83um] [22.505um 83um] 0.29um rpD:0 bl:0 -----UCG--T-----------tb-- [18.25um:22.715um] [18.25um:22.715um] 4.465um ------->
        <event:00001008 1:710.84:4.13um> &<id:974388 Horizontal n(9) Metal2 [19.815um 82.5um] [23.525um 82.5um] 0.29um rpD:1 bl:0 -----UC-----W------------- [19.605um:23.735um] [19.605um:23.735um] 4.13um ------->
        <event:00001009 0:4.23077:0.42um> &<id:974384 Vertical n(9) Metal2 [19.815um 82.5um] [19.815um 83um] 0.21um rpD:0 bl:0 -X---UC---TD---------P-b-- [82.0801um:83.42um] [19.605um:20.025um] 0.42um P------>
        <event:00001010 4:4.23077:0.42um> &<id:974384 Vertical n(9) Metal2 [19.815um 82.5um] [19.815um 83um] 0.21um rpD:0 bl:0 -X---UC---TD---------P-b-- [82.0801um:83.42um] [19.605um:20.025um] 0.42um P------>
        <event:00001011 0:494.846:4.465um> &<id:972956 Horizontal n(7) Metal2 [18.5um 83um] [22.505um 83um] 0.29um rpD:0 bl:0 -----UCG--T-----------tb-- [18.25um:22.715um] [18.25um:22.715um] 4.465um ------->
        <event:00001012 4:494.846:4.465um> &<id:972956 Horizontal n(7) Metal2 [18.5um 83um] [22.505um 83um] 0.29um rpD:0 bl:0 -----UCG--T-----------tb-- [18.25um:22.715um] [18.25um:22.715um] 4.465um ------->
        <event:00001013 1:710.84:4.13um> &<id:974388 Horizontal n(9) Metal2 [19.815um 82.5um] [23.525um 82.5um] 0.29um rpD:1 bl:0 -----UC-----W------------- [19.605um:23.735um] [19.605um:23.735um] 4.13um ------->
        <event:00001014 0:4.23077:0.42um> &<id:974384 Vertical n(9) Metal2 [19.815um 82.5um] [19.815um 83um] 0.21um rpD:0 bl:0 -X---UC---TD---------P-b-- [82.0801um:83.42um] [19.605um:20.025um] 0.42um P------>
        <event:00001015 4:4.23077:0.42um> &<id:974384 Vertical n(9) Metal2 [19.815um 82.5um] [19.815um 83um] 0.21um rpD:0 bl:0 -X---UC---TD---------P-b-- [82.0801um:83.42um] [19.605um:20.025um] 0.42um P------>
        <event:00001016 4:4.23077:0.42um> &<id:974384 Vertical n(9) Metal2 [19.815um 82.5um] [19.815um 83um] 0.21um rpD:0 bl:0 -X---UC---TD---------P-b-- [82.0801um:83.42um] [19.605um:20.025um] 0.42um P------>
        <event:00001017 3:710.84:4.13um> &<id:974388 Horizontal n(9) Metal2 [19.815um 82.5um] [23.525um 82.5um] 0.29um rpD:1 bl:0 -----UC-----W------------- [19.605um:23.735um] [19.605um:23.735um] 4.13um ------->
        <event:00001018 0:4.23077:0.42um> &<id:974384 Vertical n(9) Metal2 [19.815um 83um] [19.815um 83um] 0.21um rpD:0 bl:0 -X---UC---TD---------P-b-- [82.58um:83.42um] [19.605um:20.025um] 0.42um P------>
        <event:00001019 0:4.23077:0.42um> &<id:974387 Vertical n(9) Metal2 [23.525um 83um] [23.525um 83um] 0.21um rpD:0 bl:0 -X---UC---TD---------P-b-- [82.58um:83.42um] [23.315um:23.735um] 0.42um P------>
        <event:00001020 0:494.846:4.465um> &<id:972956 Horizontal n(7) Metal2 [18.5um 83um] [22.505um 83um] 0.29um rpD:0 bl:0 -----UCG--T-----------tb-- [18.25um:22.715um] [18.25um:22.715um] 4.465um ------->
        <event:00001021 4:494.846:4.465um> &<id:972956 Horizontal n(7) Metal2 [18.5um 83um] [22.505um 83um] 0.29um rpD:0 bl:0 -----UCG--T-----------tb-- [18.25um:22.715um] [18.25um:22.715um] 4.465um ------->
        <event:00001022 3:4.23077:0.42um> &<id:974384 Vertical n(9) Metal2 [19.815um 83um] [19.815um 83um] 0.21um rpD:0 bl:0 -X---UC---TD---------P-b-- [82.58um:83.42um] [19.605um:20.025um] 0.42um P------>
        <event:00001023 4:4.23077:0.42um> &<id:974384 Vertical n(9) Metal2 [19.815um 83um] [19.815um 83um] 0.21um rpD:0 bl:0 -X---UC---TD---------P-b-- [82.58um:83.42um] [19.605um:20.025um] 0.42um P------>
        <event:00001024 0:494.846:4.465um> &<id:972956 Horizontal n(7) Metal2 [18.5um 83um] [22.505um 83um] 0.29um rpD:0 bl:0 -----UCG--T-----------tb-- [18.25um:22.715um] [18.25um:22.715um] 4.465um ------->
        <event:00001025 4:494.846:4.465um> &<id:972956 Horizontal n(7) Metal2 [18.5um 83um] [22.505um 83um] 0.29um rpD:0 bl:0 -----UCG--T-----------tb-- [18.25um:22.715um] [18.25um:22.715um] 4.465um ------->
        <event:00001026 1:710.84:4.13um> &<id:974388 Horizontal n(9) Metal2 [19.815um 83um] [23.525um 83um] 0.29um rpD:1 bl:0 -----UC-----W------------- [19.605um:23.735um] [19.605um:23.735um] 4.13um ------->
        <event:00001027 0:4.23077:0.42um> &<id:974384 Vertical n(9) Metal2 [19.815um 82.5um] [19.815um 83um] 0.21um rpD:0 bl:0 -X---UC---TD---------P-b-- [82.0801um:83.42um] [19.605um:20.025um] 0.42um P------>
        <event:00001028 4:4.23077:0.42um> &<id:974384 Vertical n(9) Metal2 [19.815um 82.5um] [19.815um 83um] 0.21um rpD:0 bl:0 -X---UC---TD---------P-b-- [82.0801um:83.42um] [19.605um:20.025um] 0.42um P------>
        <event:00001029 0:4.23077:0.42um> &<id:974387 Vertical n(9) Metal2 [23.525um 82.5um] [23.525um 83um] 0.21um rpD:0 bl:0 -X---UC---TD---------P-b-- [82.0801um:83.42um] [23.315um:23.735um] 0.42um P------>
        <event:00001030 0:494.846:4.465um> &<id:972956 Horizontal n(7) Metal2 [18.5um 83um] [22.505um 83um] 0.29um rpD:0 bl:0 -----UCG--T-----------tb-- [18.25um:22.715um] [18.25um:22.715um] 4.465um ------->
        <event:00001031 4:494.846:4.465um> &<id:972956 Horizontal n(7) Metal2 [18.5um 84um] [22.505um 84um] 0.29um rpD:0 bl:0 -----UCG--T-----------tb-- [18.25um:22.715um] [18.25um:22.715um] 4.465um ------->
        <event:00001032 0:458.769:4.13um> &<id:974512 Horizontal n(8) Metal2 [19.305um 84um] [23.015um 84um] 0.29um rpD:0 bl:0 -----UC---T-----------bb-- [19.095um:23.225um] [19.095um:23.225um] 4.13um ------->
        <event:00001033 4:458.769:4.13um> &<id:974512 Horizontal n(8) Metal2 [19.305um 83.5um] [23.015um 83.5um] 0.29um rpD:0 bl:0 -----UC---T-----------bb-- [19.095um:23.225um] [19.095um:23.225um] 4.13um ------->
        <event:00001034 3:1860.76:6um> &<id:972377 Vertical n(9) Metal3 [19.5um 78um] [19.5um 83.5um] 0.29um rpD:1 bl:0 ------CG----W---------bb-- [77.75um:83.75um] [77.75um:83.75um] 6um ------->
        <event:00001035 0:114.692:0.935um> &<id:974391 Horizontal n(9) Metal2 [19.275um 83.5um] [20um 83.5um] 0.29um rpD:0 bl:0 ---a-UC---T-----------tb-- [19.17um:20.105um] [19.17um:20.105um] 0.935um ------->
        <event:00001036 0:522.308:4.72um> &<id:975865 Horizontal abc_1342_new_n261 Metal2 [20.755um 83.5um] [25.055um 83.5um] 0.29um rpD:0 bl:0 -----UC---T-----------bb-- [20.545um:25.265um] [20.545um:25.265um] 4.72um ------->
        <event:00001037 4:522.308:4.72um> &<id:975865 Horizontal abc_1342_new_n261 Metal2 [20.755um 83.5um] [25.055um 83.5um] 0.29um rpD:0 bl:0 -----UC---T-----------bb-- [20.545um:25.265um] [20.545um:25.265um] 4.72um ------->
        <event:00001038 0:458.769:4.13um> &<id:974512 Horizontal n(8) Metal2 [19.305um 83.5um] [23.015um 83.5um] 0.29um rpD:0 bl:0 -----UC---T-----------bb-- [19.095um:23.225um] [19.095um:23.225um] 4.13um ------->
        <event:00001039 4:458.769:4.13um> &<id:974512 Horizontal n(8) Metal2 [19.305um 83um] [23.015um 83um] 0.29um rpD:0 bl:0 -----UC---T-----------bb-- [19.095um:23.225um] [19.095um:23.225um] 4.13um ------->
        <event:00001040 3:1708.99:5.5um> &<id:972377 Vertical n(9) Metal3 [19.5um 78um] [19.5um 83um] 0.29um rpD:1 bl:0 ------CG----W---------bb-- [77.75um:83.25um] [77.75um:83.25um] 5.5um ------->
        <event:00001041 1:710.84:4.13um> &<id:974388 Horizontal n(9) Metal2 [19.815um 82.5um] [23.525um 82.5um] 0.29um rpD:1 bl:0 -----UC-----W------------- [19.605um:23.735um] [19.605um:23.735um] 4.13um ------->
        <event:00001042 0:4.23077:0.42um> &<id:974384 Vertical n(9) Metal2 [19.815um 82.5um] [19.815um 83um] 0.21um rpD:0 bl:0 -X---UC---TD---------P-b-- [82.0801um:83.42um] [19.605um:20.025um] 0.42um P------>
        <event:00001043 4:710.84:4.13um> &<id:974388 Horizontal n(9) Metal2 [19.815um 82.5um] [23.525um 82.5um] 0.29um rpD:1 bl:0 -----UC-----W------------- [19.605um:23.735um] [19.605um:23.735um] 4.13um ------->
        <event:00001044 3:4.23077:0.42um> &<id:974384 Vertical n(9) Metal2 [19.815um 82.5um] [19.815um 83um] 0.21um rpD:0 bl:0 -X---UC---TD---------P-b-- [82.0801um:83.42um] [19.605um:20.025um] 0.42um P------>
        <event:00001045 4:4.23077:0.42um> &<id:974384 Vertical n(9) Metal2 [19.815um 82.5um] [19.815um 83um] 0.21um rpD:0 bl:0 -X---UC---TD---------P-b-- [82.0801um:83.42um] [19.605um:20.025um] 0.42um P------>
        <event:00001046 0:114.692:0.935um> &<id:974391 Horizontal n(9) Metal2 [19.275um 83um] [20um 83um] 0.29um rpD:0 bl:0 ---a-UC---T-----------tb-- [19.17um:20.105um] [19.17um:20.105um] 0.935um ------->
        <event:00001047 0:458.769:4.13um> &<id:974512 Horizontal n(8) Metal2 [19.305um 83um] [23.015um 83um] 0.29um rpD:0 bl:0 -----UC---T-----------bb-- [19.095um:23.225um] [19.095um:23.225um] 4.13um ------->
        <event:00001048 4:458.769:4.13um> &<id:974512 Horizontal n(8) Metal2 [19.305um 83um] [23.015um 83um] 0.29um rpD:0 bl:0 -----UC---T-----------bb-- [19.095um:23.225um] [19.095um:23.225um] 4.13um ------->
        <event:00001049 3:1708.99:5.5um> &<id:972377 Vertical n(9) Metal3 [19.5um 78um] [19.5um 83um] 0.29um rpD:1 bl:0 ------CG----W---------bb-- [77.75um:83.25um] [77.75um:83.25um] 5.5um ------->
        <event:00001050 1:710.84:4.13um> &<id:974388 Horizontal n(9) Metal2 [19.815um 82.5um] [23.525um 82.5um] 0.29um rpD:1 bl:0 -----UC-----W------------- [19.605um:23.735um] [19.605um:23.735um] 4.13um ------->
        <event:00001051 0:4.23077:0.42um> &<id:974384 Vertical n(9) Metal2 [19.815um 82.5um] [19.815um 83um] 0.21um rpD:0 bl:0 -X---UC---TD---------P-b-- [82.0801um:83.42um] [19.605um:20.025um] 0.42um P------>
        <event:00001052 4:4.23077:0.42um> &<id:974384 Vertical n(9) Metal2 [19.815um 82.5um] [19.815um 83um] 0.21um rpD:0 bl:0 -X---UC---TD---------P-b-- [82.0801um:83.42um] [19.605um:20.025um] 0.42um P------>
        <event:00001053 0:114.692:0.935um> &<id:974391 Horizontal n(9) Metal2 [19.275um 83um] [20um 83um] 0.29um rpD:0 bl:0 ---a-UC---T-----------tb-- [19.17um:20.105um] [19.17um:20.105um] 0.935um ------->
        <event:00001054 0:458.769:4.13um> &<id:974512 Horizontal n(8) Metal2 [19.305um 83um] [23.015um 83um] 0.29um rpD:0 bl:0 -----UC---T-----------bb-- [19.095um:23.225um] [19.095um:23.225um] 4.13um ------->
        <event:00001055 4:458.769:4.13um> &<id:974512 Horizontal n(8) Metal2 [19.305um 83um] [23.015um 83um] 0.29um rpD:0 bl:0 -----UC---T-----------bb-- [19.095um:23.225um] [19.095um:23.225um] 4.13um ------->
        <event:00001056 3:1708.99:5.5um> &<id:972377 Vertical n(9) Metal3 [19.5um 78um] [19.5um 83um] 0.29um rpD:1 bl:0 ------CG----W---------bb-- [77.75um:83.25um] [77.75um:83.25um] 5.5um ------->
        <event:00001057 1:710.84:4.13um> &<id:974388 Horizontal n(9) Metal2 [19.815um 82.5um] [23.525um 82.5um] 0.29um rpD:1 bl:0 -----UC-----W------------- [19.605um:23.735um] [19.605um:23.735um] 4.13um ------->
        <event:00001058 0:4.23077:0.42um> &<id:974384 Vertical n(9) Metal2 [19.815um 82.5um] [19.815um 83um] 0.21um rpD:0 bl:0 -X---UC---TD---------P-b-- [82.0801um:83.42um] [19.605um:20.025um] 0.42um P------>
        <event:00001059 4:4.23077:0.42um> &<id:974384 Vertical n(9) Metal2 [19.815um 82.5um] [19.815um 83um] 0.21um rpD:0 bl:0 -X---UC---TD---------P-b-- [82.0801um:83.42um] [19.605um:20.025um] 0.42um P------>
        <event:00001060 0:114.692:0.935um> &<id:974391 Horizontal n(9) Metal2 [19.275um 83um] [20um 83um] 0.29um rpD:0 bl:0 ---a-UC---T-----------tb-- [19.17um:20.105um] [19.17um:20.105um] 0.935um ------->
        <event:00001061 0:458.769:4.13um> &<id:974512 Horizontal n(8) Metal2 [19.305um 83um] [23.015um 83um] 0.29um rpD:0 bl:0 -----UC---T-----------bb-- [19.095um:23.225um] [19.095um:23.225um] 4.13um ------->
        <event:00001062 4:458.769:4.13um> &<id:974512 Horizontal n(8) Metal2 [19.305um 83um] [23.015um 83um] 0.29um rpD:0 bl:0 -----UC---T-----------bb-- [19.095um:23.225um] [19.095um:23.225um] 4.13um ------->
        <event:00001063 3:1708.99:5.5um> &<id:972377 Vertical n(9) Metal3 [19.5um 78um] [19.5um 83um] 0.29um rpD:1 bl:0 ------CG----W---------bb-- [77.75um:83.25um] [77.75um:83.25um] 5.5um ------->
        <event:00001064 1:710.84:4.13um> &<id:974388 Horizontal n(9) Metal2 [19.815um 82.5um] [23.525um 82.5um] 0.29um rpD:1 bl:0 -----UC-----W------------- [19.605um:23.735um] [19.605um:23.735um] 4.13um ------->
        <event:00001065 0:4.23077:0.42um> &<id:974384 Vertical n(9) Metal2 [19.815um 82.5um] [19.815um 83um] 0.21um rpD:0 bl:0 -X---UC---TD---------P-b-- [82.0801um:83.42um] [19.605um:20.025um] 0.42um P------>
        <event:00001066 0:4.23077:0.42um> &<id:974384 Vertical n(9) Metal2 [19.815um 82.5um] [19.815um 83um] 0.21um rpD:0 bl:0 -X---UC---TD---------P-b-- [82.0801um:83.42um] [19.605um:20.025um] 0.42um P------>
        <event:00001067 1:343.012:1um> &<id:974384 Vertical n(9) Metal3 [19.5um 82.5um] [19.5um 83um] 0.29um rpD:1 bl:0 -X---UC-----W---r-----bb-- [82.25um:83.25um] [82.25um:83.25um] 1um ------t>
        <event:00001068 0:97.4615:0.775um> &<id:976673 Horizontal n(9) Metal2 [19.5um 83um] [19.815um 83um] 0.29um rpD:0 bl:0 -----UC---T---AS------tb-- [19.25um:20.025um] [19.25um:20.025um] 0.775um --S--st>
        <event:00001069 0:494.787:1.5um> &<id:974384 Vertical n(9) Metal3 [19.5um 82.5um] [19.5um 83.5um] 0.29um rpD:1 bl:0 -X---UC-----W---------bb-- [82.25um:83.75um] [82.25um:83.75um] 1.5um ------t>
        <event:00001070 0:114.692:0.935um> &<id:974391 Horizontal n(9) Metal2 [19.275um 83um] [20um 83um] 0.29um rpD:0 bl:0 ---a-UC---T-----------tb-- [19.17um:20.105um] [19.17um:20.105um] 0.935um ------->
        <event:00001071 0:856.13:4.825um> &<id:972295 Horizontal abc_1342_new_n147 Metal2 [38um 44.5um] [42.365um 44.5um] 0.29um rpD:0 bl:0 -----UCG--T-----------tb-- [37.75um:42.575um] [37.75um:42.575um] 4.825um ------->
        <event:00001072 0:875.136:4.935um> &<id:973223 Horizontal outputs(6) Metal2 [56.525um 33um] [61um 33um] 0.29um rpD:0 bl:0 -----UCG--T-----------bt-- [56.315um:61.25um] [56.315um:61.25um] 4.935um ------->
        <event:00001073 0:882.047:4.975um> &<id:971178 Horizontal clk_root_0 Metal2 [21.485um 25um] [26um 25um] 0.29um rpD:0 bl:0 -----UCG--T-----------bt-- [21.275um:26.25um] [21.275um:26.25um] 4.975um ------->
        <event:00001074 0:883.775:4.985um> &<id:972773 Horizontal outputs(4) Metal2 [44um 36.5um] [48.525um 36.5um] 0.29um rpD:0 bl:0 -----UCG--T-----------tb-- [43.75um:48.735um] [43.75um:48.735um] 4.985um ------->
        <event:00001075 0:886.367:5um> &<id:973587 Horizontal outputs(12) Metal2 [19.5um 26um] [19.725um 26um] 0.29um rpD:0 bl:0 -----UC---T-----------tb-- [19.25um:19.935um] [19.25um:24.25um] 5um ------->
        <event:00001076 0:553:5.005um> &<id:975194 Horizontal abc_1342_new_n280 Metal2 [39.455um 94.5um] [44um 94.5um] 0.29um rpD:0 bl:0 -----UC---T-----------bt-- [39.245um:44.25um] [39.245um:44.25um] 5.005um ------->
        <event:00001077 4:553:5.005um> &<id:975194 Horizontal abc_1342_new_n280 Metal2 [39.455um 94.5um] [44um 94.5um] 0.29um rpD:0 bl:0 -----UC---T-----------bt-- [39.245um:44.25um] [39.245um:44.25um] 5.005um ------->
        <event:00001078 3:1860.76:6um> &<id:971121 Vertical abc_1342_new_n255 Metal3 [41.5um 89um] [41.5um 94.5um] 0.29um rpD:1 bl:0 -----UCG----W---------bb-- [88.75um:94.75um] [88.75um:94.75um] 6um ------->
        <event:00001079 0:158.846:1.345um> &<id:975810 Horizontal abc_1342_new_n255 Metal2 [40.615um 94.5um] [41.5um 94.5um] 0.29um rpD:0 bl:0 -----UC---T-----------bt-- [40.405um:41.75um] [40.405um:41.75um] 1.345um ------->
        <event:00001080 4:158.846:1.345um> &<id:975810 Horizontal abc_1342_new_n255 Metal2 [40.615um 95um] [41.5um 95um] 0.29um rpD:0 bl:0 -----UC---T-----------bt-- [40.405um:41.75um] [40.405um:41.75um] 1.345um ------->
        <event:00001081 3:3378.51:11um> &<id:972133 Vertical abc_1342_new_n271 Metal3 [40um 84.5um] [40um 89.5um] 0.29um rpD:1 bl:0 ------CG----W---------bb-- [84.25um:89.75um] [84.25um:95.25um] 11um ------->
        <event:00001082 0:100.692:0.805um> &<id:975137 Horizontal abc_1342_new_n271 Metal2 [39.735um 95um] [40.33um 95um] 0.29um rpD:0 bl:0 ---a-UC---T-----------tb-- [39.63um:40.435um] [39.63um:40.435um] 0.805um ------->
        <event:00001083 0:559.462:5.065um> &<id:973582 Horizontal outputs(12) Metal2 [22.5um 20um] [24.105um 20um] 0.29um rpD:0 bl:0 -----UC---T-----------tb-- [22.25um:24.315um] [19.25um:24.315um] 5.065um ------->
        <event:00001084 0:560.538:5.075um> &<id:974648 Horizontal init Metal2 [44um 31.5um] [44.615um 31.5um] 0.29um rpD:0 bl:0 -----UC---T-----------tb-- [43.75um:44.825um] [39.75um:44.825um] 5.075um ------->
        <event:00001085 0:560.538:5.075um> &<id:975132 Horizontal abc_1342_new_n271 Metal2 [40um 90um] [44.615um 90um] 0.29um rpD:0 bl:0 -----UC---T-----------tb-- [39.75um:44.825um] [39.75um:44.825um] 5.075um ------->
        <event:00001086 0:575.077:5.21um> &<id:974273 Horizontal abc_1342_auto_rtlil_cc_2739_MuxGate_1331 Metal2 [38.715um 60um] [43.505um 60um] 0.29um rpD:0 bl:0 -----UC---T-----------bb-- [38.505um:43.715um] [38.505um:43.715um] 5.21um ------->
        <event:00001087 0:576.154:5.22um> &<id:975273 Horizontal abc_1342_new_n292 Metal2 [26.505um 66um] [31.305um 66um] 0.29um rpD:0 bl:0 -----UC---T-----------bb-- [26.295um:31.515um] [26.295um:31.515um] 5.22um ------->
        <event:00001088 4:576.154:5.22um> &<id:975273 Horizontal abc_1342_new_n292 Metal2 [26.505um 67um] [31.305um 67um] 0.29um rpD:0 bl:0 -----UC---T-----------bb-- [26.295um:31.515um] [26.295um:31.515um] 5.22um ------->
        <event:00001089 3:1708.99:5.5um> &<id:971788 Vertical n(20) Metal3 [27.5um 67um] [27.5um 69.5um] 0.29um rpD:1 bl:0 ------CG----W---------bb-- [66.75um:69.75um] [66.75um:72.25um] 5.5um ------->
        <event:00001090 0:91:0.715um> &<id:976507 Horizontal n(20) Metal2 [27.2um 67um] [27.705um 67um] 0.29um rpD:0 bl:0 ---a-UC---T-----------tb-- [27.095um:27.81um] [27.095um:27.81um] 0.715um ------->
        <event:00001091 0:576.154:5.22um> &<id:975768 Horizontal abc_1342_new_n255 Metal2 [27.015um 66um] [31.815um 66um] 0.29um rpD:0 bl:0 -----UC---T-----------bb-- [26.805um:32.025um] [26.805um:32.025um] 5.22um ------->
        <event:00001092 4:576.154:5.22um> &<id:975768 Horizontal abc_1342_new_n255 Metal2 [27.015um 66.5um] [31.815um 66.5um] 0.29um rpD:0 bl:0 -----UC---T-----------bb-- [26.805um:32.025um] [26.805um:32.025um] 5.22um ------->
        <event:00001093 3:1557.21:5um> &<id:971882 Vertical abc_1342_new_n302 Metal3 [27um 66.5um] [27um 71um] 0.29um rpD:1 bl:0 -----UCG----W---------bb-- [66.25um:71.25um] [66.25um:71.25um] 5um ------->
        <event:00001094 0:243.311:1.105um> &<id:975904 Horizontal abc_1342_new_n302 Metal2 [25.855um 66.5um] [26.5um 66.5um] 0.29um rpD:0 bl:0 -----UC---T-----------bt-- [25.645um:26.75um] [25.645um:26.75um] 1.105um ------->
        <event:00001095 0:581:5.265um> &<id:975278 Horizontal abc_1342_new_n292 Metal2 [38.5um 66um] [43.305um 66um] 0.29um rpD:0 bl:0 -----UC---T-----------tb-- [38.25um:43.515um] [38.25um:43.515um] 5.265um ------->
        <event:00001096 0:942.521:5.325um> &<id:975971 Horizontal abc_1342_new_n317 Metal2 [58um 59.5um] [62.865um 59.5um] 0.29um rpD:0 bl:0 -----UC---T-----------tb-- [57.75um:63.075um] [57.75um:63.075um] 5.325um ------->
        <event:00001097 0:590.692:5.355um> &<id:973533 Horizontal outputs(3) Metal2 [52.105um 26um] [57um 26um] 0.29um rpD:0 bl:0 -----UC---T-----------bt-- [51.895um:57.25um] [51.895um:57.25um] 5.355um ------->
        <event:00001098 0:600.385:5.445um> &<id:970942 Horizontal init Metal2 [11.015um 14.5um] [16um 14.5um] 0.29um rpD:0 bl:0 -----UCG--T-----------bt-- [10.805um:16.25um] [10.805um:16.25um] 5.445um ------->
        <event:00001099 0:968.438:5.475um> &<id:973926 Horizontal clk_root_0 Metal2 [13.485um 25um] [18.5um 25um] 0.29um rpD:0 bl:0 -----UC---T-----------bt-- [13.275um:18.75um] [13.275um:18.75um] 5.475um ------->
        <event:00001100 0:972.757:5.5um> &<id:976399 Horizontal n(29) Metal2 [63.455um 49um] [63.5um 49um] 0.29um rpD:0 bl:0 -----UC---T-----------bt-- [63.245um:63.75um] [58.25um:63.75um] 5.5um ------->
        <event:00001101 0:611.154:5.545um> &<id:970962 Horizontal init Metal2 [49.415um 8.5um] [54.5um 8.5um] 0.29um rpD:0 bl:0 -----UCG--T-----------bt-- [49.205um:54.75um] [49.205um:54.75um] 5.545um ------->
        <event:00001102 0:801.453:5.585um> &<id:970971 Horizontal init Metal2 [12um 54um] [17.125um 54um] 0.29um rpD:0 bl:0 -----UCG--T-----------tb-- [11.75um:17.335um] [11.75um:17.335um] 5.585um ------->
        <event:00001103 0:617.077:5.6um> &<id:973103 Horizontal outputs(10) Metal2 [27.725um 26um] [32.905um 26um] 0.29um rpD:0 bl:0 -----UCG--T-----------bb-- [27.515um:33.115um] [27.515um:33.115um] 5.6um ------->
        <event:00001104 4:617.077:5.6um> &<id:973103 Horizontal outputs(10) Metal2 [27.725um 26.5um] [32.905um 26.5um] 0.29um rpD:0 bl:0 -----UCG--T-----------bb-- [27.515um:33.115um] [27.515um:33.115um] 5.6um ------->
        <event:00001105 3:950.112:3um> &<id:973216 Vertical outputs(6) Metal3 [29.5um 26.5um] [29.5um 29um] 0.29um rpD:1 bl:0 ------CG----W---------bb-- [26.25um:29.25um] [26.25um:29.25um] 3um ------->
        <event:00001106 0:105:0.845um> &<id:973703 Horizontal outputs(6) Metal2 [29.265um 26.5um] [29.9um 26.5um] 0.29um rpD:0 bl:0 ---a-UC---T-----------tb-- [29.16um:30.005um] [29.16um:30.005um] 0.845um ------->
        <event:00001107 4:105:0.845um> &<id:973703 Horizontal outputs(6) Metal2 [29.265um 26um] [29.9um 26um] 0.29um rpD:0 bl:0 ---a-UC---T-----------tb-- [29.16um:30.005um] [29.16um:30.005um] 0.845um ------->
        <event:00001108 3:3378.51:11um> &<id:970974 Vertical init Metal3 [30um 28um] [30um 36.5um] 0.29um rpD:1 bl:0 ------CG----W---------bb-- [27.75um:36.75um] [25.75um:36.75um] 11um ------->
        <event:00001109 0:107.154:0.935um> &<id:974671 Horizontal init Metal2 [29.975um 26um] [30.7um 26um] 0.29um rpD:0 bl:0 ---a-UC---T-----------bt-- [29.87um:30.805um] [29.87um:30.805um] 0.935um ------->
        <event:00001110 0:990.899:5.605um> &<id:971930 Horizontal n(14) Metal2 [37.855um 88um] [43um 88um] 0.29um rpD:0 bl:0 -----UCG--T-----------bt-- [37.645um:43.25um] [37.645um:43.25um] 5.605um ------->
        <event:00001111 0:1015.09:5.745um> &<id:973866 Horizontal clk_root_1 Metal2 [49.5um 54.5um] [50.285um 54.5um] 0.29um rpD:0 bl:0 -----UC---T-----------tb-- [49.25um:50.495um] [44.75um:50.495um] 5.745um ------->
        <event:00001112 0:637:5.785um> &<id:971935 Horizontal n(14) Metal2 [31um 90um] [36.325um 90um] 0.29um rpD:0 bl:0 -----UCG--T-----------tb-- [30.75um:36.535um] [30.75um:36.535um] 5.785um ------->
        <event:00001113 0:859.651:6um> &<id:975283 Horizontal abc_1342_new_n292 Metal2 [38.5um 71.5um] [38.505um 71.5um] 0.29um rpD:0 bl:0 -----UC---T-----------tb-- [38.25um:38.75um] [38.25um:44.25um] 6um ------->
        <event:00001114 4:859.651:6um> &<id:975283 Horizontal abc_1342_new_n292 Metal2 [38.5um 71.5um] [38.505um 71.5um] 0.29um rpD:0 bl:0 -----UC---T-----------tb-- [38.25um:38.75um] [38.25um:44.25um] 6um ------->
        <event:00001115 3:1557.21:5um> &<id:971109 Vertical abc_1342_new_n255 Metal3 [41.5um 67um] [41.5um 71.5um] 0.29um rpD:1 bl:0 -----UCG----W---------bb-- [66.75um:71.75um] [66.75um:71.75um] 5um ------->
        <event:00001116 3:5655.14:18.5um> &<id:971111 Vertical abc_1342_new_n255 Metal3 [38.5um 71.5um] [38.5um 89.5um] 0.29um rpD:2 bl:0 ------CG-----w--------bb-- [71.25um:89.75um] [71.25um:89.75um] 18.5um ------->
        <event:00001117 0:509.059:2.945um> &<id:975802 Horizontal abc_1342_new_n255 Metal2 [39.015um 71.5um] [41.5um 71.5um] 0.29um rpD:0 bl:0 -----UC---T-----------bt-- [38.805um:41.75um] [38.805um:41.75um] 2.945um ------->
        <event:00001118 4:431.228:2.945um> &<id:975802 Horizontal abc_1342_new_n255 Metal2 [39.015um 71um] [41.5um 71um] 0.29um rpD:0 bl:0 -----UC---T-----------bt-- [38.805um:41.75um] [38.805um:41.75um] 2.945um ------->
        <event:00001119 3:2923.19:9.5um> &<id:972707 Vertical abc_1342_new_n310 Metal3 [39.5um 62um] [39.5um 71um] 0.29um rpD:1 bl:0 ------CG----W---------bb-- [61.75um:71.25um] [61.75um:71.25um] 9.5um ------->
        <event:00001120 0:154.639:0.765um> &<id:975926 Horizontal abc_1342_new_n310 Metal2 [39.175um 71um] [39.73um 71um] 0.29um rpD:0 bl:0 ---a-UC---T-----------bt-- [39.07um:39.835um] [39.07um:39.835um] 0.765um ------->
        <event:00001121 0:660.692:6.005um> &<id:975061 Horizontal abc_1342_new_n174 Metal2 [51.455um 26um] [51.5um 26um] 0.29um rpD:0 bl:0 -----UC---T-----------bt-- [51.245um:51.75um] [51.245um:57.25um] 6.005um ------->
        <event:00001122 0:862.456:6.02um> &<id:972051 Horizontal n(24) Metal2 [40.255um 66um] [45.855um 66um] 0.29um rpD:0 bl:0 -----UCG--T-----------b--- [40.045um:46.065um] [40.045um:46.065um] 6.02um ------->
        <event:00001123 0:4.23077:0.42um> &<id:976361 Vertical n(24) Metal2 [45.855um 65um] [45.855um 65um] 0.21um rpD:0 bl:0 -X---UC---TD---------P-b-- [64.58um:65.42um] [45.645um:46.065um] 0.42um P------>
        <event:00001124 0:662.308:6.02um> &<id:971274 Horizontal abc_1342_new_n123 Metal2 [7.305um 3um] [12.905um 3um] 0.29um rpD:0 bl:0 -----UCG--T------------b-- [7.095um:13.115um] [7.095um:13.115um] 6.02um ------->
        <event:00001125 4:662.308:6.02um> &<id:971274 Horizontal abc_1342_new_n123 Metal2 [7.305um 2.5um] [12.905um 2.5um] 0.29um rpD:0 bl:0 -----UCG--T------------b-- [7.095um:13.115um] [7.095um:13.115um] 6.02um ------->
        <event:00001126 3:2164.31:7um> &<id:970940 Vertical init Metal3 [9.5um 3.5um] [9.5um 9um] 0.29um rpD:1 bl:0 ------CG----W---------bb-- [3.25um:9.25um] [2.25um:9.25um] 7um ------->
        <event:00001127 0:4.23077:0.42um> &<id:975500 Vertical abc_1342_new_n123 Metal2 [7.305um 2.5um] [7.305um 2.5um] 0.21um rpD:0 bl:0 -X---UC---TD---------P-b-- [2.0801um:2.92um] [7.095um:7.515um] 0.42um P------>
        <event:00001128 0:140.538:1.175um> &<id:974562 Horizontal init Metal2 [9.5um 2.5um] [10.215um 2.5um] 0.29um rpD:0 bl:0 -----UC---T-----------tb-- [9.25um:10.425um] [9.25um:10.425um] 1.175um ------->
        <event:00001129 4:140.538:1.175um> &<id:974562 Horizontal init Metal2 [9.5um 3um] [10.215um 3um] 0.29um rpD:0 bl:0 -----UC---T-----------tb-- [9.25um:10.425um] [9.25um:10.425um] 1.175um ------->
        <event:00001130 3:1101.89:3.5um> &<id:971321 Vertical abc_1342_new_n175 Metal3 [9.5um 3um] [9.5um 6um] 0.29um rpD:1 bl:0 ------CG----W---------bb-- [2.75um:6.25um] [2.75um:6.25um] 3.5um ------->
        <event:00001131 0:111.462:0.715um> &<id:974913 Horizontal abc_1342_new_n175 Metal2 [8.855um 3um] [9.36um 3um] 0.29um rpD:0 bl:0 ---a-UC---T-----------tb-- [8.75um:9.465um] [8.75um:9.465um] 0.715um ------->
        <event:00001132 4:91:0.715um> &<id:974913 Horizontal abc_1342_new_n175 Metal2 [8.855um 3um] [9.36um 3um] 0.29um rpD:0 bl:0 ---a-UC---T-----------tb-- [8.75um:9.465um] [8.75um:9.465um] 0.715um ------->
        <event:00001133 3:2012.54:6.5um> &<id:970940 Vertical init Metal3 [9.5um 3.5um] [9.5um 9um] 0.29um rpD:1 bl:0 ------CG----W---------bb-- [3.25um:9.25um] [2.75um:9.25um] 6.5um ------->
        <event:00001134 0:140.538:1.175um> &<id:974562 Horizontal init Metal2 [9.5um 3um] [10.215um 3um] 0.29um rpD:0 bl:0 -----UC---T-----------tb-- [9.25um:10.425um] [9.25um:10.425um] 1.175um ------->
        <event:00001135 4:140.538:1.175um> &<id:974562 Horizontal init Metal2 [9.5um 3um] [10.215um 3um] 0.29um rpD:0 bl:0 -----UC---T-----------tb-- [9.25um:10.425um] [9.25um:10.425um] 1.175um ------->
        <event:00001136 3:1101.89:3.5um> &<id:971321 Vertical abc_1342_new_n175 Metal3 [9um 3um] [9um 6um] 0.29um rpD:1 bl:0 ------CG----W---------bb-- [2.75um:6.25um] [2.75um:6.25um] 3.5um ------->
        <event:00001137 0:91:0.715um> &<id:974913 Horizontal abc_1342_new_n175 Metal2 [8.855um 3um] [9.36um 3um] 0.29um rpD:0 bl:0 ---a-UC---T-----------tb-- [8.75um:9.465um] [8.75um:9.465um] 0.715um ------->
        <event:00001138 4:91:0.715um> &<id:974913 Horizontal abc_1342_new_n175 Metal2 [8.855um 3.5um] [9.36um 3.5um] 0.29um rpD:0 bl:0 ---a-UC---T-----------tb-- [8.75um:9.465um] [8.75um:9.465um] 0.715um ------->
        <event:00001139 3:2164.31:7um> &<id:973039 Vertical outputs(14) Metal3 [9.5um 3.5um] [9.5um 10um] 0.29um rpD:1 bl:0 -----UCG----W---------bb-- [3.25um:10.25um] [3.25um:10.25um] 7um ------->
        <event:00001140 0:101.769:0.905um> &<id:973636 Horizontal outputs(14) Metal2 [9.485um 3.5um] [10.18um 3.5um] 0.29um rpD:0 bl:0 ---a-UC---T-----------bt-- [9.38um:10.285um] [9.38um:10.285um] 0.905um ------->
        <event:00001141 4:111.462:0.905um> &<id:973636 Horizontal outputs(14) Metal2 [9.485um 3.5um] [10.18um 3.5um] 0.29um rpD:0 bl:0 ---a-UC---T-----------bt-- [9.38um:10.285um] [9.38um:10.285um] 0.905um ------->
        <event:00001142 3:950.112:3um> &<id:971321 Vertical abc_1342_new_n175 Metal3 [9um 3.5um] [9um 6um] 0.29um rpD:1 bl:0 ------CG----W---------bb-- [3.25um:6.25um] [3.25um:6.25um] 3um ------->
        <event:00001143 0:91:0.715um> &<id:974913 Horizontal abc_1342_new_n175 Metal2 [8.855um 3.5um] [9.36um 3.5um] 0.29um rpD:0 bl:0 ---a-UC---T-----------tb-- [8.75um:9.465um] [8.75um:9.465um] 0.715um ------->
        <event:00001144 4:91:0.715um> &<id:974913 Horizontal abc_1342_new_n175 Metal2 [8.855um 2.5um] [9.36um 2.5um] 0.29um rpD:0 bl:0 ---a-UC---T-----------tb-- [8.75um:9.465um] [8.75um:9.465um] 0.715um ------->
        <event:00001145 0:662.308:6.02um> &<id:971274 Horizontal abc_1342_new_n123 Metal2 [7.305um 2.5um] [12.905um 2.5um] 0.29um rpD:0 bl:0 -----UCG--T------------b-- [7.095um:13.115um] [7.095um:13.115um] 6.02um ------->
        <event:00001146 4:662.308:6.02um> &<id:971274 Horizontal abc_1342_new_n123 Metal2 [7.305um 3.5um] [12.905um 3.5um] 0.29um rpD:0 bl:0 -----UCG--T------------b-- [7.095um:13.115um] [7.095um:13.115um] 6.02um ------->
        <event:00001147 3:31.4231:3.955um> &<id:973358 Vertical inputs(8) Metal3 [11um 0um] [11um 3.5um] 0.29um rpD:0 bl:0 -----UC---T------------b-- [-0.205um:3.75um] [-0.205um:3.75um] 3.955um ------->
        <event:00001148 3:2164.31:7um> &<id:973039 Vertical outputs(14) Metal3 [10um 3.5um] [10um 10um] 0.29um rpD:1 bl:0 -----UCG----W---------bb-- [3.25um:10.25um] [3.25um:10.25um] 7um ------->
        <event:00001149 0:4.23077:0.42um> &<id:975500 Vertical abc_1342_new_n123 Metal2 [7.305um 3.5um] [7.305um 3.5um] 0.21um rpD:0 bl:0 -X---UC---TD---------P-b-- [3.0801um:3.92um] [7.095um:7.515um] 0.42um P------>
        <event:00001150 0:111.462:0.905um> &<id:973636 Horizontal outputs(14) Metal2 [9.485um 3.5um] [10.18um 3.5um] 0.29um rpD:0 bl:0 ---a-UC---T-----------bt-- [9.38um:10.285um] [9.38um:10.285um] 0.905um ------->
        <event:00001151 4:111.462:0.905um> &<id:973636 Horizontal outputs(14) Metal2 [9.485um 2.5um] [10.18um 2.5um] 0.29um rpD:0 bl:0 ---a-UC---T-----------bt-- [9.38um:10.285um] [9.38um:10.285um] 0.905um ------->
        <event:00001152 3:1253.66:4um> &<id:971321 Vertical abc_1342_new_n175 Metal3 [9um 2.5um] [9um 6um] 0.29um rpD:1 bl:0 ------CG----W---------bb-- [2.25um:6.25um] [2.25um:6.25um] 4um ------->
        <event:00001153 0:91:0.715um> &<id:974913 Horizontal abc_1342_new_n175 Metal2 [8.855um 2.5um] [9.36um 2.5um] 0.29um rpD:0 bl:0 ---a-UC---T-----------tb-- [8.75um:9.465um] [8.75um:9.465um] 0.715um ------->
        <event:00001154 4:91:0.715um> &<id:974913 Horizontal abc_1342_new_n175 Metal2 [8.855um 3.5um] [9.36um 3.5um] 0.29um rpD:0 bl:0 ---a-UC---T-----------tb-- [8.75um:9.465um] [8.75um:9.465um] 0.715um ------->
        <event:00001155 0:258.737:1.715um> &<id:973357 Horizontal inputs(8) Metal2 [11um 3.5um] [12.255um 3.5um] 0.29um rpD:0 bl:0 -----UC---T-----------tb-- [10.75um:12.465um] [10.75um:12.465um] 1.715um ------->
        <event:00001156 0:662.308:6.02um> &<id:971274 Horizontal abc_1342_new_n123 Metal2 [7.305um 3.5um] [12.905um 3.5um] 0.29um rpD:0 bl:0 -----UCG--T------------b-- [7.095um:13.115um] [7.095um:13.115um] 6.02um ------->
        <event:00001157 4:662.308:6.02um> &<id:971274 Horizontal abc_1342_new_n123 Metal2 [7.305um 2.5um] [12.905um 2.5um] 0.29um rpD:0 bl:0 -----UCG--T------------b-- [7.095um:13.115um] [7.095um:13.115um] 6.02um ------->
        <event:00001158 3:2467.86:8um> &<id:973039 Vertical outputs(14) Metal3 [10um 2.5um] [10um 10um] 0.29um rpD:1 bl:0 -----UCG----W---------bb-- [2.25um:10.25um] [2.25um:10.25um] 8um ------->
        <event:00001159 0:4.23077:0.42um> &<id:975500 Vertical abc_1342_new_n123 Metal2 [7.305um 2.5um] [7.305um 2.5um] 0.21um rpD:0 bl:0 -X---UC---TD---------P-b-- [2.0801um:2.92um] [7.095um:7.515um] 0.42um P------>
        <event:00001160 0:111.462:0.905um> &<id:973636 Horizontal outputs(14) Metal2 [9.485um 2.5um] [10.18um 2.5um] 0.29um rpD:0 bl:0 ---a-UC---T-----------bt-- [9.38um:10.285um] [9.38um:10.285um] 0.905um ------->
        <event:00001161 4:111.462:0.905um> &<id:973636 Horizontal outputs(14) Metal2 [9.485um 2.5um] [10.18um 2.5um] 0.29um rpD:0 bl:0 ---a-UC---T-----------bt-- [9.38um:10.285um] [9.38um:10.285um] 0.905um ------->
        <event:00001162 0:662.308:6.02um> &<id:971274 Horizontal abc_1342_new_n123 Metal2 [7.305um 2.5um] [12.905um 2.5um] 0.29um rpD:0 bl:0 -----UCG--T------------b-- [7.095um:13.115um] [7.095um:13.115um] 6.02um ------->
        <event:00001163 4:662.308:6.02um> &<id:971274 Horizontal abc_1342_new_n123 Metal2 [7.305um 2.5um] [12.905um 2.5um] 0.29um rpD:0 bl:0 -----UCG--T------------b-- [7.095um:13.115um] [7.095um:13.115um] 6.02um ------->
        <event:00001164 3:2467.86:8um> &<id:973039 Vertical outputs(14) Metal3 [10um 2.5um] [10um 10um] 0.29um rpD:1 bl:0 -----UCG----W---------bb-- [2.25um:10.25um] [2.25um:10.25um] 8um ------->
        <event:00001165 0:111.462:0.905um> &<id:973636 Horizontal outputs(14) Metal2 [9.485um 2.5um] [10.18um 2.5um] 0.29um rpD:0 bl:0 ---a-UC---T-----------bt-- [9.38um:10.285um] [9.38um:10.285um] 0.905um ------->
        <event:00001166 4:111.462:0.905um> &<id:973636 Horizontal outputs(14) Metal2 [9.485um 2.5um] [10.18um 2.5um] 0.29um rpD:0 bl:0 ---a-UC---T-----------bt-- [9.38um:10.285um] [9.38um:10.285um] 0.905um ------->
        <event:00001167 0:662.308:6.02um> &<id:971274 Horizontal abc_1342_new_n123 Metal2 [7.305um 2.5um] [12.905um 2.5um] 0.29um rpD:0 bl:0 -----UCG--T------------b-- [7.095um:13.115um] [7.095um:13.115um] 6.02um ------->
        <event:00001168 4:662.308:6.02um> &<id:971274 Horizontal abc_1342_new_n123 Metal2 [7.305um 3um] [12.905um 3um] 0.29um rpD:0 bl:0 -----UCG--T------------b-- [7.095um:13.115um] [7.095um:13.115um] 6.02um ------->
        <event:00001169 3:2012.54:6.5um> &<id:970940 Vertical init Metal3 [9.5um 3.5um] [9.5um 9um] 0.29um rpD:1 bl:0 ------CG----W---------bb-- [3.25um:9.25um] [2.75um:9.25um] 6.5um ------->
        <event:00001170 1:1183.07:6.96um> &<id:971757 Horizontal abc_1342_new_n209 Metal2 [4.615um 3um] [11.155um 3um] 0.29um rpD:1 bl:0 -----UCG----W------------- [4.405um:11.365um] [4.405um:11.365um] 6.96um ------->
        <event:00001171 4:1183.07:6.96um> &<id:971757 Horizontal abc_1342_new_n209 Metal2 [4.615um 4um] [11.155um 4um] 0.29um rpD:1 bl:0 -----UCG----W------------- [4.405um:11.365um] [4.405um:11.365um] 6.96um ------->
        <event:00001172 3:1405.44:4.5um> &<id:972209 Vertical abc_1342_auto_rtlil_cc_2739_MuxGate_1263 Metal3 [3um 4um] [3um 8um] 0.29um rpD:1 bl:0 -----UCG----W---------bb-- [3.75um:8.25um] [3.75um:8.25um] 4.5um ------->
        <event:00001173 1:782.592:4.56um> &<id:971550 Horizontal abc_1342_new_n210 Metal2 [4.105um 3um] [8.245um 3um] 0.29um rpD:1 bl:0 -----UCG----W------------- [3.895um:8.455um] [3.895um:8.455um] 4.56um ------->
        <event:00001174 0:4.23077:0.42um> &<id:975325 Vertical abc_1342_new_n210 Metal2 [4.105um 3.5um] [4.105um 3.5um] 0.21um rpD:0 bl:0 -X---UC---TD---------P-b-- [3.0801um:3.92um] [3.895um:4.315um] 0.42um P------>
        <event:00001175 0:4.23077:0.42um> &<id:976019 Vertical abc_1342_new_n209 Metal2 [4.615um 3.5um] [4.615um 4um] 0.21um rpD:0 bl:0 -X---UC---TD---------Pb--- [3.0801um:4.42um] [4.405um:4.825um] 0.42um P------>
        <event:00001176 4:4.23077:0.42um> &<id:976019 Vertical abc_1342_new_n209 Metal2 [4.615um 3.5um] [4.615um 4um] 0.21um rpD:0 bl:0 -X---UC---TD---------Pb--- [3.0801um:4.42um] [4.405um:4.825um] 0.42um P------>
        <event:00001177 0:4.23077:0.42um> &<id:975500 Vertical abc_1342_new_n123 Metal2 [7.305um 3um] [7.305um 3um] 0.21um rpD:0 bl:0 -X---UC---TD---------P-b-- [2.58um:3.42um] [7.095um:7.515um] 0.42um P------>
        <event:00001178 0:4.23077:0.42um> &<id:975328 Vertical abc_1342_new_n210 Metal2 [8.245um 3.5um] [8.245um 3.5um] 0.21um rpD:0 bl:0 -X---UC---TD---------P-b-- [3.0801um:3.92um] [8.035um:8.455um] 0.42um P------>
        <event:00001179 0:4.23077:0.42um> &<id:976022 Vertical abc_1342_new_n209 Metal2 [11.155um 4um] [11.155um 4um] 0.21um rpD:0 bl:0 -X---UC---TD---------P-b-- [3.5801um:4.42um] [10.945um:11.365um] 0.42um P------>
        <event:00001180 0:140.538:1.175um> &<id:974562 Horizontal init Metal2 [9.5um 3um] [10.215um 3um] 0.29um rpD:0 bl:0 -----UC---T-----------tb-- [9.25um:10.425um] [9.25um:10.425um] 1.175um ------->
        <event:00001181 4:140.538:1.175um> &<id:974562 Horizontal init Metal2 [9.5um 3um] [10.215um 3um] 0.29um rpD:0 bl:0 -----UC---T-----------tb-- [9.25um:10.425um] [9.25um:10.425um] 1.175um ------->
        <event:00001182 0:543.396:3.015um> &<id:974066 Horizontal abc_1342_auto_rtlil_cc_2739_MuxGate_1263 Metal2 [3um 4um] [5.555um 4um] 0.29um rpD:0 bl:0 -----UC---T-----------tb-- [2.75um:5.765um] [2.75um:5.765um] 3.015um ------->
        <event:00001183 0:662.308:6.02um> &<id:971274 Horizontal abc_1342_new_n123 Metal2 [7.305um 3um] [12.905um 3um] 0.29um rpD:0 bl:0 -----UCG--T------------b-- [7.095um:13.115um] [7.095um:13.115um] 6.02um ------->
        <event:00001184 4:662.308:6.02um> &<id:971274 Horizontal abc_1342_new_n123 Metal2 [7.305um 2.5um] [12.905um 2.5um] 0.29um rpD:0 bl:0 -----UCG--T------------b-- [7.095um:13.115um] [7.095um:13.115um] 6.02um ------->
        <event:00001185 3:2467.86:8um> &<id:973039 Vertical outputs(14) Metal3 [10um 2.5um] [10um 10um] 0.29um rpD:1 bl:0 -----UCG----W---------bb-- [2.25um:10.25um] [2.25um:10.25um] 8um ------->
        <event:00001186 0:4.23077:0.42um> &<id:975500 Vertical abc_1342_new_n123 Metal2 [7.305um 2.5um] [7.305um 2.5um] 0.21um rpD:0 bl:0 -X---UC---TD---------P-b-- [2.0801um:2.92um] [7.095um:7.515um] 0.42um P------>
        <event:00001187 0:111.462:0.905um> &<id:973636 Horizontal outputs(14) Metal2 [9.485um 2.5um] [10.18um 2.5um] 0.29um rpD:0 bl:0 ---a-UC---T-----------bt-- [9.38um:10.285um] [9.38um:10.285um] 0.905um ------->
        <event:00001188 4:111.462:0.905um> &<id:973636 Horizontal outputs(14) Metal2 [9.485um 3.5um] [10.18um 3.5um] 0.29um rpD:0 bl:0 ---a-UC---T-----------bt-- [9.38um:10.285um] [9.38um:10.285um] 0.905um ------->
        <event:00001189 3:950.112:3um> &<id:971321 Vertical abc_1342_new_n175 Metal3 [9um 3.5um] [9um 6um] 0.29um rpD:1 bl:0 ------CG----W---------bb-- [3.25um:6.25um] [3.25um:6.25um] 3um ------->
        <event:00001190 5:950.112:3um> &<id:971321 Vertical abc_1342_new_n175 Metal3 [9um 3.5um] [9um 6um] 0.29um rpD:1 bl:0 ------CG----W---------bb-- [3.25um:6.25um] [3.25um:6.25um] 3um ------->
        <event:00001191 0:91:0.715um> &<id:974913 Horizontal abc_1342_new_n175 Metal2 [8.855um 3.5um] [9.36um 3.5um] 0.29um rpD:0 bl:0 ---a-UC---T-----------tb-- [8.75um:9.465um] [8.75um:9.465um] 0.715um ------->
        <event:00001192 4:91:0.715um> &<id:974913 Horizontal abc_1342_new_n175 Metal2 [8.855um 3um] [9.36um 3um] 0.29um rpD:0 bl:0 ---a-UC---T-----------tb-- [8.75um:9.465um] [8.75um:9.465um] 0.715um ------->
        <event:00001193 3:2012.54:6.5um> &<id:970940 Vertical init Metal3 [9.5um 3.5um] [9.5um 9um] 0.29um rpD:1 bl:0 ------CG----W---------bb-- [3.25um:9.25um] [2.75um:9.25um] 6.5um ------->
        <event:00001194 0:140.538:1.175um> &<id:974562 Horizontal init Metal2 [9.5um 3um] [10.215um 3um] 0.29um rpD:0 bl:0 -----UC---T-----------tb-- [9.25um:10.425um] [9.25um:10.425um] 1.175um ------->
        <event:00001195 4:140.538:1.175um> &<id:974562 Horizontal init Metal2 [9.5um 2.5um] [10.215um 2.5um] 0.29um rpD:0 bl:0 -----UC---T-----------tb-- [9.25um:10.425um] [9.25um:10.425um] 1.175um ------->
        <event:00001196 0:662.308:6.02um> &<id:971274 Horizontal abc_1342_new_n123 Metal2 [7.305um 2.5um] [12.905um 2.5um] 0.29um rpD:0 bl:0 -----UCG--T------------b-- [7.095um:13.115um] [7.095um:13.115um] 6.02um ------->
        <event:00001197 4:662.308:6.02um> &<id:971274 Horizontal abc_1342_new_n123 Metal2 [7.305um 3um] [12.905um 3um] 0.29um rpD:0 bl:0 -----UCG--T------------b-- [7.095um:13.115um] [7.095um:13.115um] 6.02um ------->
        <event:00001198 3:1101.89:3.5um> &<id:971321 Vertical abc_1342_new_n175 Metal3 [9um 3um] [9um 6um] 0.29um rpD:1 bl:0 ------CG----W---------bb-- [2.75um:6.25um] [2.75um:6.25um] 3.5um ------->
        <event:00001199 0:4.23077:0.42um> &<id:975500 Vertical abc_1342_new_n123 Metal2 [7.305um 3um] [7.305um 3um] 0.21um rpD:0 bl:0 -X---UC---TD---------P-b-- [2.58um:3.42um] [7.095um:7.515um] 0.42um P------>
        <event:00001200 4:4.23077:0.42um> &<id:975500 Vertical abc_1342_new_n123 Metal2 [7.305um 3um] [7.305um 3um] 0.21um rpD:0 bl:0 -X---UC---TD---------P-b-- [2.58um:3.42um] [7.095um:7.515um] 0.42um P------>
        <event:00001201 3:662.308:6.02um> &<id:971274 Horizontal abc_1342_new_n123 Metal2 [7.305um 3um] [12.905um 3um] 0.29um rpD:0 bl:0 -----UCG--T------------b-- [7.095um:13.115um] [7.095um:13.115um] 6.02um ------->
        <event:00001202 0:91:0.715um> &<id:974913 Horizontal abc_1342_new_n175 Metal2 [8.855um 3um] [9.36um 3um] 0.29um rpD:0 bl:0 ---a-UC---T-----------tb-- [8.75um:9.465um] [8.75um:9.465um] 0.715um ------->
        <event:00001203 4:91:0.715um> &<id:974913 Horizontal abc_1342_new_n175 Metal2 [8.855um 3.5um] [9.36um 3.5um] 0.29um rpD:0 bl:0 ---a-UC---T-----------tb-- [8.75um:9.465um] [8.75um:9.465um] 0.715um ------->
        <event:00001204 3:2164.31:7um> &<id:973039 Vertical outputs(14) Metal3 [10um 3.5um] [10um 10um] 0.29um rpD:1 bl:0 -----UCG----W---------bb-- [3.25um:10.25um] [3.25um:10.25um] 7um ------->
        <event:00001205 0:111.462:0.905um> &<id:973636 Horizontal outputs(14) Metal2 [9.485um 3.5um] [10.18um 3.5um] 0.29um rpD:0 bl:0 ---a-UC---T-----------bt-- [9.38um:10.285um] [9.38um:10.285um] 0.905um ------->
        <event:00001206 4:111.462:0.905um> &<id:973636 Horizontal outputs(14) Metal2 [9.485um 2.5um] [10.18um 2.5um] 0.29um rpD:0 bl:0 ---a-UC---T-----------bt-- [9.38um:10.285um] [9.38um:10.285um] 0.905um ------->
        <event:00001207 3:2164.31:7um> &<id:970940 Vertical init Metal3 [9.5um 3.5um] [9.5um 9um] 0.29um rpD:1 bl:0 ------CG----W---------bb-- [3.25um:9.25um] [2.25um:9.25um] 7um ------->
        <event:00001208 0:140.538:1.745um> &<id:974562 Horizontal init Metal2 [10.215um 2.5um] [11.5um 2.5um] 0.29um rpD:0 bl:0 -----UC---T-----------bt-- [10.005um:11.75um] [10.005um:11.75um] 1.745um ------->
        <event:00001209 4:201.923:1.745um> &<id:974562 Horizontal init Metal2 [10.215um 3.5um] [11.5um 3.5um] 0.29um rpD:0 bl:0 -----UC---T-----------bt-- [10.005um:11.75um] [10.005um:11.75um] 1.745um ------->
        <event:00001210 3:31.4231:3.955um> &<id:973358 Vertical inputs(8) Metal3 [11um 0um] [11um 3.5um] 0.29um rpD:0 bl:0 -----UC---T------------b-- [-0.205um:3.75um] [-0.205um:3.75um] 3.955um ------->
        <event:00001211 0:258.737:1.715um> &<id:973357 Horizontal inputs(8) Metal2 [11um 3.5um] [12.255um 3.5um] 0.29um rpD:0 bl:0 -----UC---T-----------tb-- [10.75um:12.465um] [10.75um:12.465um] 1.715um ------->
        <event:00001212 0:662.308:6.02um> &<id:971837 Horizontal n(25) Metal2 [40.905um 66um] [46.505um 66um] 0.29um rpD:0 bl:0 -----UCG--T-----------b--- [40.695um:46.715um] [40.695um:46.715um] 6.02um ------->
        <event:00001213 4:662.308:6.02um> &<id:971837 Horizontal n(25) Metal2 [40.905um 65.5um] [46.505um 65.5um] 0.29um rpD:0 bl:0 -----UCG--T-----------b--- [40.695um:46.715um] [40.695um:46.715um] 6.02um ------->
        <event:00001214 3:1708.99:5.5um> &<id:971600 Vertical n(26) Metal3 [44um 63um] [44um 65.5um] 0.29um rpD:1 bl:0 ------CG----W---------bb-- [62.75um:65.75um] [60.25um:65.75um] 5.5um ------->
        <event:00001215 0:4.23077:0.42um> &<id:976346 Vertical n(25) Metal2 [46.505um 65.5um] [46.505um 65.5um] 0.21um rpD:0 bl:0 -X---UC---TD---------Pb--- [65.08um:65.92um] [46.295um:46.715um] 0.42um P------>
        <event:00001216 0:117.923:0.965um> &<id:976211 Horizontal n(26) Metal2 [43.765um 65.5um] [44.52um 65.5um] 0.29um rpD:0 bl:0 ---a-UC---T-----------tb-- [43.66um:44.625um] [43.66um:44.625um] 0.965um ------->
        <event:00001217 0:663.385:6.03um> &<id:971555 Horizontal n(5) Metal2 [17.405um 49um] [23.015um 49um] 0.29um rpD:0 bl:0 -----UCG--T-----------bb-- [17.195um:23.225um] [17.195um:23.225um] 6.03um ------->
        <event:00001218 4:663.385:6.03um> &<id:971555 Horizontal n(5) Metal2 [17.405um 48.5um] [23.015um 48.5um] 0.29um rpD:0 bl:0 -----UCG--T-----------bb-- [17.195um:23.225um] [17.195um:23.225um] 6.03um ------->
        <event:00001219 3:1860.76:6um> &<id:972203 Vertical n(2) Metal3 [16um 45.5um] [16um 48.5um] 0.29um rpD:1 bl:0 ------CG----W---------bb-- [45.25um:48.75um] [42.75um:48.75um] 6um ------->
        <event:00001220 3:1101.89:3.5um> &<id:972204 Vertical n(2) Metal3 [22um 45.5um] [22um 48.5um] 0.29um rpD:1 bl:0 ------CG----W---------bb-- [45.25um:48.75um] [45.25um:48.75um] 3.5um ------->
        <event:00001221 0:131.121:0.805um> &<id:974411 Horizontal n(2) Metal2 [21.61um 48.5um] [22.205um 48.5um] 0.29um rpD:0 bl:0 ---a-UC---T-----------bt-- [21.505um:22.31um] [21.505um:22.31um] 0.805um ------->
        <event:00001222 0:349.462:3.115um> &<id:974421 Horizontal n(2) Metal2 [16um 48.5um] [18.655um 48.5um] 0.29um rpD:0 bl:0 -----UC---T-----------tb-- [15.75um:18.865um] [15.75um:18.865um] 3.115um ------->
        <event:00001223 0:689.769:6.275um> &<id:975774 Horizontal abc_1342_new_n255 Metal2 [26um 67um] [31.815um 67um] 0.29um rpD:0 bl:0 -----UC---T-----------tb-- [25.75um:32.025um] [25.75um:32.025um] 6.275um ------->
        <event:00001224 4:689.769:6.275um> &<id:975774 Horizontal abc_1342_new_n255 Metal2 [26um 66.5um] [31.815um 66.5um] 0.29um rpD:0 bl:0 -----UC---T-----------tb-- [25.75um:32.025um] [25.75um:32.025um] 6.275um ------->
        <event:00001225 3:1557.21:5um> &<id:971882 Vertical abc_1342_new_n302 Metal3 [26.5um 66.5um] [26.5um 71um] 0.29um rpD:1 bl:0 -----UCG----W---------bb-- [66.25um:71.25um] [66.25um:71.25um] 5um ------->
        <event:00001226 0:173.192:1.105um> &<id:975904 Horizontal abc_1342_new_n302 Metal2 [25.855um 66.5um] [26.5um 66.5um] 0.29um rpD:0 bl:0 -----UC---T-----------bt-- [25.645um:26.75um] [25.645um:26.75um] 1.105um ------->
        <event:00001227 0:699.462:6.365um> &<id:971836 Horizontal n(25) Metal2 [35um 65.5um] [40.905um 65.5um] 0.29um rpD:0 bl:0 -----UCG--T-----------tb-- [34.75um:41.115um] [34.75um:41.115um] 6.365um ------->
        <event:00001228 0:709.692:6.46um> &<id:972070 Horizontal n(12) Metal2 [26.215um 89um] [32.255um 89um] 0.29um rpD:0 bl:0 -----UCG--T-----------bb-- [26.005um:32.465um] [26.005um:32.465um] 6.46um ------->
        <event:00001229 4:709.692:6.46um> &<id:972070 Horizontal n(12) Metal2 [26.215um 88.5um] [32.255um 88.5um] 0.29um rpD:0 bl:0 -----UCG--T-----------bb-- [26.005um:32.465um] [26.005um:32.465um] 6.46um ------->
        <event:00001230 3:1860.76:6um> &<id:971934 Vertical n(14) Metal3 [31um 88.5um] [31um 94um] 0.29um rpD:1 bl:0 -----UCG----W---------bb-- [88.25um:94.25um] [88.25um:94.25um] 6um ------->
        <event:00001231 0:637:5.785um> &<id:971935 Horizontal n(14) Metal2 [31um 88.5um] [36.325um 88.5um] 0.29um rpD:0 bl:0 -----UCG--T-----------tb-- [30.75um:36.535um] [30.75um:36.535um] 5.785um ------->
        <event:00001232 4:637:5.785um> &<id:971935 Horizontal n(14) Metal2 [31um 88.5um] [36.325um 88.5um] 0.29um rpD:0 bl:0 -----UCG--T-----------tb-- [30.75um:36.535um] [30.75um:36.535um] 5.785um ------->
        <event:00001233 0:709.692:6.46um> &<id:972070 Horizontal n(12) Metal2 [26.215um 88.5um] [32.255um 88.5um] 0.29um rpD:0 bl:0 -----UCG--T-----------bb-- [26.005um:32.465um] [26.005um:32.465um] 6.46um ------->
        <event:00001234 4:709.692:6.46um> &<id:972070 Horizontal n(12) Metal2 [26.215um 88.5um] [32.255um 88.5um] 0.29um rpD:0 bl:0 -----UCG--T-----------bb-- [26.005um:32.465um] [26.005um:32.465um] 6.46um ------->
        <event:00001235 3:1860.76:6um> &<id:971934 Vertical n(14) Metal3 [31um 88.5um] [31um 94um] 0.29um rpD:1 bl:0 -----UCG----W---------bb-- [88.25um:94.25um] [88.25um:94.25um] 6um ------->
        <event:00001236 0:637:5.785um> &<id:971935 Horizontal n(14) Metal2 [31um 88.5um] [36.325um 88.5um] 0.29um rpD:0 bl:0 -----UCG--T-----------tb-- [30.75um:36.535um] [30.75um:36.535um] 5.785um ------->
        <event:00001237 4:637:5.785um> &<id:971935 Horizontal n(14) Metal2 [31um 88.5um] [36.325um 88.5um] 0.29um rpD:0 bl:0 -----UCG--T-----------tb-- [30.75um:36.535um] [30.75um:36.535um] 5.785um ------->
        <event:00001238 0:709.692:6.46um> &<id:972070 Horizontal n(12) Metal2 [26.215um 88.5um] [32.255um 88.5um] 0.29um rpD:0 bl:0 -----UCG--T-----------bb-- [26.005um:32.465um] [26.005um:32.465um] 6.46um ------->
        <event:00001239 4:709.692:6.46um> &<id:972070 Horizontal n(12) Metal2 [26.215um 89um] [32.255um 89um] 0.29um rpD:0 bl:0 -----UCG--T-----------bb-- [26.005um:32.465um] [26.005um:32.465um] 6.46um ------->
        <event:00001240 0:597.408:4.13um> &<id:975642 Horizontal abc_1342_new_n140 Metal2 [27.455um 89um] [31.165um 89um] 0.29um rpD:0 bl:0 -----UC---T-----------bb-- [27.245um:31.375um] [27.245um:31.375um] 4.13um ------->
        <event:00001241 4:597.408:4.13um> &<id:975642 Horizontal abc_1342_new_n140 Metal2 [27.455um 90.5um] [31.165um 90.5um] 0.29um rpD:0 bl:0 -----UC---T-----------bb-- [27.245um:31.375um] [27.245um:31.375um] 4.13um ------->
        <event:00001242 1:2779.95:11.855um> &<id:972992 Horizontal abc_1342_auto_rtlil_cc_2739_MuxGate_1305 Metal2 [18um 90.5um] [29.395um 90.5um] 0.29um rpD:1 bl:0 ------CG----W---------t--- [17.75um:29.605um] [17.75um:29.605um] 11.855um ------->
        <event:00001243 0:4.23077:0.42um> &<id:974209 Vertical abc_1342_auto_rtlil_cc_2739_MuxGate_1305 Metal2 [29.395um 90.5um] [29.395um 91um] 0.21um rpD:0 bl:0 -X---UC---TD---------Pb--- [90.0801um:91.42um] [29.185um:29.605um] 0.42um P------>
        <event:00001244 4:4.23077:0.42um> &<id:974209 Vertical abc_1342_auto_rtlil_cc_2739_MuxGate_1305 Metal2 [29.395um 90.5um] [29.395um 91um] 0.21um rpD:0 bl:0 -X---UC---TD---------Pb--- [90.0801um:91.42um] [29.185um:29.605um] 0.42um P------>
        <event:00001245 0:597.408:4.13um> &<id:975642 Horizontal abc_1342_new_n140 Metal2 [27.455um 90.5um] [31.165um 90.5um] 0.29um rpD:0 bl:0 -----UC---T-----------bb-- [27.245um:31.375um] [27.245um:31.375um] 4.13um ------->
        <event:00001246 4:597.408:4.13um> &<id:975642 Horizontal abc_1342_new_n140 Metal2 [27.455um 90.5um] [31.165um 90.5um] 0.29um rpD:0 bl:0 -----UC---T-----------bb-- [27.245um:31.375um] [27.245um:31.375um] 4.13um ------->
        <event:00001247 1:2779.95:11.855um> &<id:972992 Horizontal abc_1342_auto_rtlil_cc_2739_MuxGate_1305 Metal2 [18um 91um] [29.395um 91um] 0.29um rpD:1 bl:0 ------CG----W---------t--- [17.75um:29.605um] [17.75um:29.605um] 11.855um ------->
        <event:00001248 0:4.23077:0.42um> &<id:974209 Vertical abc_1342_auto_rtlil_cc_2739_MuxGate_1305 Metal2 [29.395um 90.5um] [29.395um 91um] 0.21um rpD:0 bl:0 -X---UC---TD---------Pb--- [90.0801um:91.42um] [29.185um:29.605um] 0.42um P------>
        <event:00001249 4:4.23077:0.42um> &<id:974209 Vertical abc_1342_auto_rtlil_cc_2739_MuxGate_1305 Metal2 [29.395um 90.5um] [29.395um 91um] 0.21um rpD:0 bl:0 -X---UC---TD---------Pb--- [90.0801um:91.42um] [29.185um:29.605um] 0.42um P------>
        <event:00001250 0:597.408:4.13um> &<id:975642 Horizontal abc_1342_new_n140 Metal2 [27.455um 90.5um] [31.165um 90.5um] 0.29um rpD:0 bl:0 -----UC---T-----------bb-- [27.245um:31.375um] [27.245um:31.375um] 4.13um ------->
        <event:00001251 4:597.408:4.13um> &<id:975642 Horizontal abc_1342_new_n140 Metal2 [27.455um 90um] [31.165um 90um] 0.29um rpD:0 bl:0 -----UC---T-----------bb-- [27.245um:31.375um] [27.245um:31.375um] 4.13um ------->
        <event:00001252 1:1221.38:5.995um> &<id:971942 Horizontal abc_1342_new_n275 Metal2 [28.965um 90um] [34.5um 90um] 0.29um rpD:1 bl:0 ------CG----W----------t-- [28.755um:34.75um] [28.755um:34.75um] 5.995um ------->
        <event:00001253 0:4.23077:0.42um> &<id:975174 Vertical abc_1342_new_n275 Metal2 [28.965um 88um] [28.965um 88um] 0.21um rpD:0 bl:0 -X---UC---TD---------Pb--- [87.58um:88.42um] [28.755um:29.175um] 0.42um P------>
        <event:00001254 0:301.538:2.67um> &<id:972315 Horizontal n(13) Metal2 [30.655um 90um] [32.905um 90um] 0.29um rpD:0 bl:0 -----UCG--T-----------bb-- [30.445um:33.115um] [30.445um:33.115um] 2.67um ------->
        <event:00001255 4:301.538:2.67um> &<id:972315 Horizontal n(13) Metal2 [30.655um 89.5um] [32.905um 89.5um] 0.29um rpD:0 bl:0 -----UCG--T-----------bb-- [30.445um:33.115um] [30.445um:33.115um] 2.67um ------->
        <event:00001256 3:1708.99:5.5um> &<id:971522 Vertical abc_1342_new_n274 Metal3 [32.5um 89.5um] [32.5um 94.5um] 0.29um rpD:1 bl:0 -----UCG----W---------bb-- [89.25um:94.75um] [89.25um:94.75um] 5.5um ------->
        <event:00001257 0:334.331:1.805um> &<id:975168 Horizontal abc_1342_new_n274 Metal2 [32.5um 89.5um] [33.845um 89.5um] 0.29um rpD:0 bl:0 -----UC---T-----------tb-- [32.25um:34.055um] [32.25um:34.055um] 1.805um ------->
        <event:00001258 0:714:6.5um> &<id:974933 Horizontal abc_1342_new_n175 Metal2 [32um 14.5um] [32.255um 14.5um] 0.29um rpD:0 bl:0 -----UC---T-----------tb-- [31.75um:32.465um] [31.75um:38.25um] 6.5um ------->
        <event:00001259 4:714:6.5um> &<id:974933 Horizontal abc_1342_new_n175 Metal2 [32um 15um] [32.255um 15um] 0.29um rpD:0 bl:0 -----UC---T-----------tb-- [31.75um:32.465um] [31.75um:38.25um] 6.5um ------->
        <event:00001260 1:422.166:2.4um> &<id:972583 Horizontal mem_inputs(14) Metal2 [30.925um 15.5um] [32.905um 15.5um] 0.29um rpD:0 bl:0 -----UCG--T-----------b--- [30.715um:33.115um] [30.715um:33.115um] 2.4um ------->
        <event:00001261 0:4.23077:0.42um> &<id:974807 Vertical mem_inputs(14) Metal2 [32.905um 15um] [32.905um 15.5um] 0.21um rpD:0 bl:0 -X---UC---TD---------Pb--- [14.5801um:15.92um] [32.695um:33.115um] 0.42um P------>
        <event:00001262 4:4.23077:0.42um> &<id:974807 Vertical mem_inputs(14) Metal2 [32.905um 15um] [32.905um 15.5um] 0.21um rpD:0 bl:0 -X---UC---TD---------Pb--- [14.5801um:15.92um] [32.695um:33.115um] 0.42um P------>
        <event:00001263 3:2012.54:6.5um> &<id:971327 Vertical abc_1342_new_n175 Metal3 [32um 9um] [32um 15um] 0.29um rpD:1 bl:0 -----UCG----W---------bb-- [8.75um:15.25um] [8.75um:15.25um] 6.5um ------->
        <event:00001264 3:1860.76:6um> &<id:971328 Vertical abc_1342_new_n175 Metal3 [38um 15um] [38um 20.5um] 0.29um rpD:1 bl:0 ------CG----W---------bb-- [14.75um:20.75um] [14.75um:20.75um] 6um ------->
        <event:00001265 0:714:0.915um> &<id:974933 Horizontal abc_1342_new_n175 Metal2 [32.15um 15um] [32.655um 15um] 0.29um rpD:0 bl:0 ---a-UC---T-----------bt-- [32.045um:32.76um] [32.045um:32.96um] 0.915um ------->
        <event:00001266 0:1153.31:6.545um> &<id:973770 Horizontal clk_root_2 Metal2 [18.5um 54.5um] [19.085um 54.5um] 0.29um rpD:0 bl:0 -----UC---T-----------tb-- [18.25um:19.295um] [12.75um:19.295um] 6.545um ------->
        <event:00001267 0:718.846:6.545um> &<id:970949 Horizontal init Metal2 [33.415um 14.5um] [39.5um 14.5um] 0.29um rpD:0 bl:0 -----UCG--T-----------bt-- [33.205um:39.75um] [33.205um:39.75um] 6.545um ------->
        <event:00001268 0:721:6.565um> &<id:973214 Horizontal outputs(6) Metal2 [38um 31.5um] [44.105um 31.5um] 0.29um rpD:0 bl:0 -----UCG--T-----------tb-- [37.75um:44.315um] [37.75um:44.315um] 6.565um ------->
        <event:00001269 4:721:6.565um> &<id:973214 Horizontal outputs(6) Metal2 [38um 32.5um] [44.105um 32.5um] 0.29um rpD:0 bl:0 -----UCG--T-----------tb-- [37.75um:44.315um] [37.75um:44.315um] 6.565um ------->
        <event:00001270 3:3378.51:11um> &<id:970981 Vertical init Metal3 [40um 32.5um] [40um 43um] 0.29um rpD:1 bl:0 ------CG----W---------bb-- [32.25um:43.25um] [32.25um:43.25um] 11um ------->
        <event:00001271 3:2164.31:7um> &<id:970979 Vertical init Metal3 [44um 26um] [44um 32.5um] 0.29um rpD:1 bl:0 -----UCG----W---------bb-- [25.75um:32.75um] [25.75um:32.75um] 7um ------->
        <event:00001272 0:560.538:4.575um> &<id:974648 Horizontal init Metal2 [40.5um 32.5um] [44.615um 32.5um] 0.29um rpD:0 bl:0 -----UC---T-----------tb-- [40.25um:44.825um] [40.25um:44.825um] 4.575um ------->
        <event:00001273 4:506.692:4.575um> &<id:974648 Horizontal init Metal2 [40.5um 31.5um] [44.615um 31.5um] 0.29um rpD:0 bl:0 -----UC---T-----------tb-- [40.25um:44.825um] [40.25um:44.825um] 4.575um ------->
        <event:00001274 1:3697.7:22.03um> &<id:973143 Horizontal abc_1342_new_n231 Metal2 [18.645um 31.5um] [40.255um 31.5um] 0.29um rpD:1 bl:0 ------CG----W------------- [18.435um:40.465um] [18.435um:40.465um] 22.03um ------->
        <event:00001275 4:3697.7:22.03um> &<id:973143 Horizontal abc_1342_new_n231 Metal2 [18.645um 33um] [40.255um 33um] 0.29um rpD:1 bl:0 ------CG----W------------- [18.435um:40.465um] [18.435um:40.465um] 22.03um ------->
        <event:00001276 3:5048.04:16.5um> &<id:973175 Vertical abc_1342_new_n171 Metal3 [22.5um 33um] [22.5um 49um] 0.29um rpD:1 bl:0 ------CG----W---------bb-- [32.75um:49.25um] [32.75um:49.25um] 16.5um ------->
        <event:00001277 0:4.23077:0.42um> &<id:975694 Vertical abc_1342_new_n231 Metal2 [18.645um 33um] [18.645um 33um] 0.21um rpD:0 bl:0 -X---UC---TD---------Pb--- [32.58um:33.42um] [18.435um:18.855um] 0.42um P------>
        <event:00001278 0:4.23077:0.42um> &<id:975697 Vertical abc_1342_new_n231 Metal2 [40.255um 32.5um] [40.255um 33um] 0.21um rpD:0 bl:0 -X---UC---TD---------Pb--- [32.08um:33.42um] [40.045um:40.465um] 0.42um P------>
        <event:00001279 4:4.23077:0.42um> &<id:975697 Vertical abc_1342_new_n231 Metal2 [40.255um 32.5um] [40.255um 33um] 0.21um rpD:0 bl:0 -X---UC---TD---------Pb--- [32.08um:33.42um] [40.045um:40.465um] 0.42um P------>
        <event:00001280 0:163.278:0.815um> &<id:975105 Horizontal abc_1342_new_n171 Metal2 [22.145um 33um] [22.75um 33um] 0.29um rpD:0 bl:0 ---a-UC---T-----------bt-- [22.04um:22.855um] [22.04um:22.855um] 0.815um ------->
        <event:00001281 0:721:6.565um> &<id:973214 Horizontal outputs(6) Metal2 [38um 32.5um] [44.105um 32.5um] 0.29um rpD:0 bl:0 -----UCG--T-----------tb-- [37.75um:44.315um] [37.75um:44.315um] 6.565um ------->
        <event:00001282 4:721:6.565um> &<id:973214 Horizontal outputs(6) Metal2 [38um 32.5um] [44.105um 32.5um] 0.29um rpD:0 bl:0 -----UCG--T-----------tb-- [37.75um:44.315um] [37.75um:44.315um] 6.565um ------->
        <event:00001283 1:3697.7:22.03um> &<id:973143 Horizontal abc_1342_new_n231 Metal2 [18.645um 33um] [40.255um 33um] 0.29um rpD:1 bl:0 ------CG----W------------- [18.435um:40.465um] [18.435um:40.465um] 22.03um ------->
        <event:00001284 0:4.23077:0.42um> &<id:975697 Vertical abc_1342_new_n231 Metal2 [40.255um 32.5um] [40.255um 33um] 0.21um rpD:0 bl:0 -X---UC---TD---------Pb--- [32.08um:33.42um] [40.045um:40.465um] 0.42um P------>
        <event:00001285 4:4.23077:0.42um> &<id:975697 Vertical abc_1342_new_n231 Metal2 [40.255um 32.5um] [40.255um 33um] 0.21um rpD:0 bl:0 -X---UC---TD---------Pb--- [32.08um:33.42um] [40.045um:40.465um] 0.42um P------>
        <event:00001286 0:721:6.565um> &<id:973214 Horizontal outputs(6) Metal2 [38um 32.5um] [44.105um 32.5um] 0.29um rpD:0 bl:0 -----UCG--T-----------tb-- [37.75um:44.315um] [37.75um:44.315um] 6.565um ------->
        <event:00001287 4:721:6.565um> &<id:973214 Horizontal outputs(6) Metal2 [38um 32um] [44.105um 32um] 0.29um rpD:0 bl:0 -----UCG--T-----------tb-- [37.75um:44.315um] [37.75um:44.315um] 6.565um ------->
        <event:00001288 0:247.692:2.17um> &<id:975691 Horizontal abc_1342_new_n230 Metal2 [39.155um 32um] [40.905um 32um] 0.29um rpD:0 bl:0 -----UC---T-----------bb-- [38.945um:41.115um] [38.945um:41.115um] 2.17um ------->
        <event:00001289 0:940.287:6.575um> &<id:973233 Horizontal outputs(15) Metal2 [3um 21.5um] [9.115um 21.5um] 0.29um rpD:0 bl:0 -----UCG--T-----------tb-- [2.75um:9.325um] [2.75um:9.325um] 6.575um ------->
        <event:00001290 0:1162.82:6.6um> &<id:972229 Horizontal abc_1342_new_n303 Metal2 [22.285um 66um] [28.465um 66um] 0.29um rpD:0 bl:0 -----UCG--T-----------b--- [22.075um:28.675um] [22.075um:28.675um] 6.6um ------->
        <event:00001291 0:4.23077:0.42um> &<id:975916 Vertical abc_1342_new_n303 Metal2 [28.465um 67.5um] [28.465um 67.5um] 0.21um rpD:0 bl:0 -X---UC---TD---------Pb--- [67.0801um:67.92um] [28.255um:28.675um] 0.42um P------>
        <event:00001292 0:1201.69:6.825um> &<id:971277 Horizontal abc_1342_new_n123 Metal2 [16um 20um] [22.365um 20um] 0.29um rpD:0 bl:0 -----UCG--T-----------tb-- [15.75um:22.575um] [15.75um:22.575um] 6.825um ------->
        <event:00001293 0:750.077:6.835um> &<id:971124 Horizontal abc_1342_new_n255 Metal2 [45.125um 90um] [51.5um 90um] 0.29um rpD:0 bl:0 -----UCG--T-----------bt-- [44.915um:51.75um] [44.915um:51.75um] 6.835um ------->
        <event:00001294 4:750.077:6.835um> &<id:971124 Horizontal abc_1342_new_n255 Metal2 [45.125um 89um] [51.5um 89um] 0.29um rpD:0 bl:0 -----UCG--T-----------bt-- [44.915um:51.75um] [44.915um:51.75um] 6.835um ------->
        <event:00001295 3:1860.76:6um> &<id:971931 Vertical n(14) Metal3 [46um 83.5um] [46um 86.5um] 0.29um rpD:1 bl:0 ------CG----W---------bb-- [83.25um:86.75um] [83.25um:89.25um] 6um ------->
        <event:00001296 0:259:2.275um> &<id:976628 Horizontal n(14) Metal2 [46um 89um] [47.815um 89um] 0.29um rpD:0 bl:0 -----UC---T-----------tb-- [45.75um:48.025um] [45.75um:48.025um] 2.275um ------->
        <event:00001297 4:259:2.275um> &<id:976628 Horizontal n(14) Metal2 [46um 89.5um] [47.815um 89.5um] 0.29um rpD:0 bl:0 -----UC---T-----------tb-- [45.75um:48.025um] [45.75um:48.025um] 2.275um ------->
        <event:00001298 1:2590.91:11.04um> &<id:972449 Horizontal abc_1342_new_n286 Metal2 [46.065um 89.5um] [56.685um 89.5um] 0.29um rpD:1 bl:0 -----UCG----W------------- [45.855um:56.895um] [45.855um:56.895um] 11.04um ------->
        <event:00001299 0:4.23077:0.42um> &<id:975241 Vertical abc_1342_new_n286 Metal2 [46.065um 90.5um] [46.065um 91um] 0.21um rpD:0 bl:0 -X---UC---TD---------Pb--- [90.0801um:91.42um] [45.855um:46.275um] 0.42um P------>
        <event:00001300 0:4.23077:0.42um> &<id:975244 Vertical abc_1342_new_n286 Metal2 [56.685um 90.5um] [56.685um 91um] 0.21um rpD:0 bl:0 -X---UC---TD---------Pb--- [90.0801um:91.42um] [56.475um:56.895um] 0.42um P------>
        <event:00001301 0:766.231:6.985um> &<id:972496 Horizontal n(11) Metal2 [17um 88.5um] [23.525um 88.5um] 0.29um rpD:0 bl:0 -----UCG--T-----------tb-- [16.75um:23.735um] [16.75um:23.735um] 6.985um ------->
        <event:00001302 0:780.231:6.615um> &<id:971336 Horizontal abc_1342_new_n175 Metal2 [32.5um 9um] [38.655um 9um] 0.29um rpD:0 bl:0 -----UCG--T-----------tb-- [32.25um:38.865um] [32.25um:38.865um] 6.615um ------->
        <event:00001303 4:726.385:6.615um> &<id:971336 Horizontal abc_1342_new_n175 Metal2 [32.5um 8.5um] [38.655um 8.5um] 0.29um rpD:0 bl:0 -----UCG--T-----------tb-- [32.25um:38.865um] [32.25um:38.865um] 6.615um ------->
        <event:00001304 1:3939.66:23.48um> &<id:973167 Horizontal abc_1342_new_n181 Metal2 [10.355um 8.5um] [33.415um 8.5um] 0.29um rpD:1 bl:0 ------CG----W------------- [10.145um:33.625um] [10.145um:33.625um] 23.48um ------->
        <event:00001305 4:3939.66:23.48um> &<id:973167 Horizontal abc_1342_new_n181 Metal2 [10.355um 7.5um] [33.415um 7.5um] 0.29um rpD:1 bl:0 ------CG----W------------- [10.145um:33.625um] [10.145um:33.625um] 23.48um ------->
        <event:00001306 3:1405.44:4.5um> &<id:972824 Vertical abc_1342_auto_rtlil_cc_2739_MuxGate_1253 Metal3 [28um 3.5um] [28um 7.5um] 0.29um rpD:1 bl:0 ------CG----W---------bb-- [3.25um:7.75um] [3.25um:7.75um] 4.5um ------->
        <event:00001307 1:782.592:4.56um> &<id:971545 Horizontal abc_1342_new_n193 Metal2 [36.615um 8.5um] [40.755um 8.5um] 0.29um rpD:1 bl:0 -----UCG----W------------- [36.405um:40.965um] [36.405um:40.965um] 4.56um ------->
        <event:00001308 0:4.23077:0.42um> &<id:974894 Vertical abc_1342_new_n181 Metal2 [10.355um 7.5um] [10.355um 7.5um] 0.21um rpD:0 bl:0 -X---UC---TD---------Pb--- [7.0801um:7.92um] [10.145um:10.565um] 0.42um P------>
        <event:00001309 0:4.23077:0.42um> &<id:974897 Vertical abc_1342_new_n181 Metal2 [33.415um 7.5um] [33.415um 8um] 0.21um rpD:0 bl:0 -X---UC---TD---------P-b-- [7.0801um:8.42um] [33.205um:33.625um] 0.42um P------>
        <event:00001310 0:4.23077:0.42um> &<id:974841 Vertical abc_1342_new_n193 Metal2 [36.615um 8um] [36.615um 8um] 0.21um rpD:0 bl:0 -X---UC---TD---------Pb--- [7.5801um:8.42um] [36.405um:36.825um] 0.42um P------>
        <event:00001311 0:4.23077:0.42um> &<id:974844 Vertical abc_1342_new_n193 Metal2 [40.755um 8um] [40.755um 8um] 0.21um rpD:0 bl:0 -X---UC---TD---------Pb--- [7.5801um:8.42um] [40.545um:40.965um] 0.42um P------>
        <event:00001312 0:151.183:0.745um> &<id:974097 Horizontal abc_1342_auto_rtlil_cc_2739_MuxGate_1253 Metal2 [27.69um 7.5um] [28.225um 7.5um] 0.29um rpD:0 bl:0 ---a-UC---T-----------bt-- [27.585um:28.33um] [27.585um:28.33um] 0.745um ------->
        <event:00001313 0:1258.71:7.155um> &<id:972905 Horizontal outputs(12) Metal2 [15.805um 15.5um] [22.5um 15.5um] 0.29um rpD:0 bl:0 -----UCG--T-----------bt-- [15.595um:22.75um] [15.595um:22.75um] 7.155um ------->
        <event:00001314 4:1258.71:7.155um> &<id:972905 Horizontal outputs(12) Metal2 [15.805um 15.5um] [22.5um 15.5um] 0.29um rpD:0 bl:0 -----UCG--T-----------bt-- [15.595um:22.75um] [15.595um:22.75um] 7.155um ------->
        <event:00001315 3:2316.09:7.5um> &<id:972675 Vertical mem_inputs(12) Metal3 [22.5um 8.5um] [22.5um 15.5um] 0.29um rpD:1 bl:0 ------CG----W---------tb-- [8.25um:15.75um] [8.25um:15.75um] 7.5um ------->
        <event:00001316 0:415.538:2.275um> &<id:974785 Horizontal mem_inputs(12) Metal2 [20.685um 15.5um] [22.5um 15.5um] 0.29um rpD:0 bl:0 -----UC---T-----------bt-- [20.475um:22.75um] [20.475um:22.75um] 2.275um ------->
        <event:00001317 0:1272.53:7.235um> &<id:971875 Horizontal n(22) Metal2 [15.725um 67.5um] [22.5um 67.5um] 0.29um rpD:0 bl:0 -----UCG--T-----------bt-- [15.515um:22.75um] [15.515um:22.75um] 7.235um ------->
        <event:00001318 0:1284.63:7.305um> &<id:971116 Horizontal abc_1342_new_n255 Metal2 [2.655um 82.5um] [9.5um 82.5um] 0.29um rpD:0 bl:0 -----UCG--T-----------bt-- [2.445um:9.75um] [2.445um:9.75um] 7.305um ------->
        <event:00001319 4:1284.63:7.305um> &<id:971116 Horizontal abc_1342_new_n255 Metal2 [2.655um 83um] [9.5um 83um] 0.29um rpD:0 bl:0 -----UCG--T-----------bt-- [2.445um:9.75um] [2.445um:9.75um] 7.305um ------->
        <event:00001320 3:7021.12:23um> &<id:971235 Vertical clk_root_2 Metal3 [9.5um 62um] [9.5um 65um] 0.29um rpD:1 bl:0 ------CG----W---------bb-- [61.75um:65.25um] [60.25um:83.25um] 23um ------->
        <event:00001321 3:2164.31:7um> &<id:971247 Vertical clk_root_2 Metal3 [9.5um 83um] [9.5um 88um] 0.29um rpD:2 bl:0 ------CG-----w--------bb-- [82.75um:88.25um] [82.75um:89.75um] 7um ------->
        <event:00001322 0:375.799:1.545um> &<id:973811 Horizontal clk_root_2 Metal2 [10um 83um] [11.085um 83um] 0.29um rpD:0 bl:0 -----UC---T-----------tb-- [9.75um:11.295um] [9.75um:11.295um] 1.545um ------->
        <event:00001323 0:1080.52:7.575um> &<id:971056 Horizontal abc_1342_new_n174 Metal2 [9.5um 54um] [16.615um 54um] 0.29um rpD:0 bl:0 -----UCG--T-----------tb-- [9.25um:16.825um] [9.25um:16.825um] 7.575um ------->
        <event:00001324 4:1080.52:7.575um> &<id:971056 Horizontal abc_1342_new_n174 Metal2 [9.5um 54um] [16.615um 54um] 0.29um rpD:0 bl:0 -----UCG--T-----------tb-- [9.25um:16.825um] [9.25um:16.825um] 7.575um ------->
        <event:00001325 3:5048.04:16.5um> &<id:972852 Vertical abc_1342_new_n239 Metal3 [16um 38um] [16um 54um] 0.29um rpD:1 bl:0 ------CG----W---------bb-- [37.75um:54.25um] [37.75um:54.25um] 16.5um ------->
        <event:00001326 0:125.512:1.065um> &<id:976129 Horizontal abc_1342_new_n239 Metal2 [15.5um 54um] [16.105um 54um] 0.29um rpD:0 bl:0 -----UC---T-----------tb-- [15.25um:16.315um] [15.25um:16.315um] 1.065um ------->
        <event:00001327 4:167.583:1.065um> &<id:976129 Horizontal abc_1342_new_n239 Metal2 [15.5um 54.5um] [16.105um 54.5um] 0.29um rpD:0 bl:0 -----UC---T-----------tb-- [15.25um:16.315um] [15.25um:16.315um] 1.065um ------->
        <event:00001328 3:1557.21:5um> &<id:972118 Vertical abc_1342_new_n249 Metal3 [16um 50um] [16um 54.5um] 0.29um rpD:1 bl:0 -----UCG----W---------bb-- [49.75um:54.75um] [49.75um:54.75um] 5um ------->
        <event:00001329 0:370.615:1.515um> &<id:976153 Horizontal abc_1342_new_n249 Metal2 [16.5um 54.5um] [17.555um 54.5um] 0.29um rpD:0 bl:0 -----UC---T-----------tb-- [16.25um:17.765um] [16.25um:17.765um] 1.515um ------->
        <event:00001330 0:838.385:7.655um> &<id:972397 Horizontal abc_1342_new_n292 Metal2 [31.305um 67um] [38.5um 67um] 0.29um rpD:0 bl:0 ------CG--T-----------bt-- [31.095um:38.75um] [31.095um:38.75um] 7.655um ------->
        <event:00001331 4:838.385:7.655um> &<id:972397 Horizontal abc_1342_new_n292 Metal2 [31.305um 67um] [38.5um 67um] 0.29um rpD:0 bl:0 ------CG--T-----------bt-- [31.095um:38.75um] [31.095um:38.75um] 7.655um ------->
        <event:00001332 3:2164.31:7um> &<id:971835 Vertical n(25) Metal3 [35um 60.5um] [35um 67um] 0.29um rpD:1 bl:0 -----UCG----W---------bb-- [60.25um:67.25um] [60.25um:67.25um] 7um ------->
        <event:00001333 0:699.462:6.365um> &<id:971836 Horizontal n(25) Metal2 [35um 67um] [40.905um 67um] 0.29um rpD:0 bl:0 -----UCG--T-----------tb-- [34.75um:41.115um] [34.75um:41.115um] 6.365um ------->
        <event:00001334 4:699.462:6.365um> &<id:971836 Horizontal n(25) Metal2 [35um 65.5um] [40.905um 65.5um] 0.29um rpD:0 bl:0 -----UCG--T-----------tb-- [34.75um:41.115um] [34.75um:41.115um] 6.365um ------->
        <event:00001335 3:1557.21:5um> &<id:972353 Vertical abc_1342_auto_rtlil_cc_2739_MuxGate_1329 Metal3 [34.5um 61um] [34.5um 65.5um] 0.29um rpD:1 bl:0 ------CG----W---------bb-- [60.75um:65.75um] [60.75um:65.75um] 5um ------->
        <event:00001336 0:132.524:0.815um> &<id:974056 Horizontal abc_1342_auto_rtlil_cc_2739_MuxGate_1329 Metal2 [34.285um 65.5um] [34.89um 65.5um] 0.29um rpD:0 bl:0 ---a-UC---T-----------tb-- [34.18um:34.995um] [34.18um:34.995um] 0.815um ------->
        <event:00001337 0:1353.74:7.705um> &<id:971963 Horizontal n(10) Metal2 [28.255um 82.5um] [35.5um 82.5um] 0.29um rpD:0 bl:0 -----UCG--T-----------bt-- [28.045um:35.75um] [28.045um:35.75um] 7.705um ------->
        <event:00001338 4:1353.74:7.705um> &<id:971963 Horizontal n(10) Metal2 [28.255um 82.5um] [35.5um 82.5um] 0.29um rpD:0 bl:0 -----UCG--T-----------bt-- [28.045um:35.75um] [28.045um:35.75um] 7.705um ------->
        <event:00001339 3:1253.66:4um> &<id:971719 Vertical abc_1342_new_n143 Metal3 [29um 79um] [29um 82.5um] 0.29um rpD:1 bl:0 -----UCG----W---------bb-- [78.75um:82.75um] [78.75um:82.75um] 4um ------->
        <event:00001340 0:180.556:0.915um> &<id:975481 Horizontal abc_1342_new_n143 Metal2 [28.55um 82.5um] [29.255um 82.5um] 0.29um rpD:0 bl:0 ---a-UC---T-----------bt-- [28.445um:29.36um] [28.445um:29.36um] 0.915um ------->
        <event:00001341 0:1329.91:7.84um> &<id:971611 Horizontal mem_inputs(15) Metal2 [8.685um 20um] [16.105um 20um] 0.29um rpD:0 bl:0 -----UCG--T-----------b--- [8.475um:16.315um] [8.475um:16.315um] 7.84um ------->
        <event:00001342 0:4.23077:0.42um> &<id:974818 Vertical mem_inputs(15) Metal2 [16.105um 19um] [16.105um 19.5um] 0.21um rpD:0 bl:0 -X---UC---TD---------P-b-- [18.5801um:19.92um] [15.895um:16.315um] 0.42um P------>
        <event:00001343 0:1390.89:7.92um> &<id:972966 Horizontal abc_1342_new_n168 Metal2 [28.755um 54.5um] [36.255um 54.5um] 0.29um rpD:0 bl:0 -----UCG--T------------b-- [28.545um:36.465um] [28.545um:36.465um] 7.92um ------->
        <event:00001344 4:1390.89:7.92um> &<id:972966 Horizontal abc_1342_new_n168 Metal2 [28.755um 56um] [36.255um 56um] 0.29um rpD:0 bl:0 -----UCG--T------------b-- [28.545um:36.465um] [28.545um:36.465um] 7.92um ------->
        <event:00001345 1:1404.47:5.925um> &<id:971099 Horizontal abc_1342_new_n255 Metal2 [27um 56um] [32.465um 56um] 0.29um rpD:1 bl:0 ------CG----W---------t--- [26.75um:32.675um] [26.75um:32.675um] 5.925um ------->
        <event:00001346 0:4.23077:0.42um> &<id:976037 Vertical abc_1342_new_n168 Metal2 [28.755um 56um] [28.755um 56um] 0.21um rpD:0 bl:0 -X---UC---TD---------Pb--- [55.5801um:56.42um] [28.545um:28.965um] 0.42um P------>
        <event:00001347 0:4.23077:0.42um> &<id:975856 Vertical abc_1342_new_n255 Metal2 [32.465um 56um] [32.465um 56.5um] 0.21um rpD:0 bl:0 -X---UC---TD---------Pb--- [55.5801um:56.92um] [32.255um:32.675um] 0.42um P------>
        <event:00001348 4:4.23077:0.42um> &<id:975856 Vertical abc_1342_new_n255 Metal2 [32.465um 56um] [32.465um 56.5um] 0.21um rpD:0 bl:0 -X---UC---TD---------Pb--- [55.5801um:56.92um] [32.255um:32.675um] 0.42um P------>
        <event:00001349 0:1390.89:7.92um> &<id:972966 Horizontal abc_1342_new_n168 Metal2 [28.755um 56um] [36.255um 56um] 0.29um rpD:0 bl:0 -----UCG--T------------b-- [28.545um:36.465um] [28.545um:36.465um] 7.92um ------->
        <event:00001350 4:1390.89:7.92um> &<id:972966 Horizontal abc_1342_new_n168 Metal2 [28.755um 56um] [36.255um 56um] 0.29um rpD:0 bl:0 -----UCG--T------------b-- [28.545um:36.465um] [28.545um:36.465um] 7.92um ------->
        <event:00001351 1:1404.47:5.925um> &<id:971099 Horizontal abc_1342_new_n255 Metal2 [27um 56.5um] [32.465um 56.5um] 0.29um rpD:1 bl:0 ------CG----W---------t--- [26.75um:32.675um] [26.75um:32.675um] 5.925um ------->
        <event:00001352 0:4.23077:0.42um> &<id:975856 Vertical abc_1342_new_n255 Metal2 [32.465um 56um] [32.465um 56.5um] 0.21um rpD:0 bl:0 -X---UC---TD---------Pb--- [55.5801um:56.92um] [32.255um:32.675um] 0.42um P------>
        <event:00001353 4:4.23077:0.42um> &<id:975856 Vertical abc_1342_new_n255 Metal2 [32.465um 56um] [32.465um 56.5um] 0.21um rpD:0 bl:0 -X---UC---TD---------Pb--- [55.5801um:56.92um] [32.255um:32.675um] 0.42um P------>
        <event:00001354 0:1390.89:7.92um> &<id:972966 Horizontal abc_1342_new_n168 Metal2 [28.755um 56um] [36.255um 56um] 0.29um rpD:0 bl:0 -----UCG--T------------b-- [28.545um:36.465um] [28.545um:36.465um] 7.92um ------->
        <event:00001355 4:1390.89:7.92um> &<id:972966 Horizontal abc_1342_new_n168 Metal2 [28.755um 54um] [36.255um 54um] 0.29um rpD:0 bl:0 -----UCG--T------------b-- [28.545um:36.465um] [28.545um:36.465um] 7.92um ------->
        <event:00001356 3:1860.76:6um> &<id:972606 Vertical n(6) Metal3 [29um 50um] [29um 53.5um] 0.29um rpD:2 bl:0 ------CG-----w--------bb-- [49.75um:53.75um] [48.25um:54.25um] 6um ------->
        <event:00001357 0:4.23077:0.42um> &<id:976037 Vertical abc_1342_new_n168 Metal2 [28.755um 54um] [28.755um 54um] 0.21um rpD:0 bl:0 -X---UC---TD---------Pb--- [53.5801um:54.42um] [28.545um:28.965um] 0.42um P------>
        <event:00001358 0:280.538:2.475um> &<id:974497 Horizontal n(6) Metal2 [29um 54um] [31.015um 54um] 0.29um rpD:0 bl:0 -----UC---T-----------tb-- [28.75um:31.225um] [28.75um:31.225um] 2.475um ------->
        <event:00001359 0:871.769:7.965um> &<id:973194 Horizontal outputs(13) Metal2 [3um 15um] [10.505um 15um] 0.29um rpD:0 bl:0 -----UCG--T-----------tb-- [2.75um:10.715um] [2.75um:10.715um] 7.965um ------->
        <event:00001360 4:871.769:7.965um> &<id:973194 Horizontal outputs(13) Metal2 [3um 15um] [10.505um 15um] 0.29um rpD:0 bl:0 -----UCG--T-----------tb-- [2.75um:10.715um] [2.75um:10.715um] 7.965um ------->
        <event:00001361 1:733.367:4.265um> &<id:972549 Horizontal outputs(11) Metal2 [3.5um 15um] [7.305um 15um] 0.29um rpD:1 bl:0 ------CG----W---------t--- [3.25um:7.515um] [3.25um:7.515um] 4.265um ------->
        <event:00001362 4:733.367:4.265um> &<id:972549 Horizontal outputs(11) Metal2 [3.5um 15.5um] [7.305um 15.5um] 0.29um rpD:1 bl:0 ------CG----W---------t--- [3.25um:7.515um] [3.25um:7.515um] 4.265um ------->
        <event:00001363 3:3074.96:10um> &<id:973096 Vertical outputs(10) Metal3 [5.5um 15.5um] [5.5um 20um] 0.29um rpD:1 bl:0 ------CG----W---------bb-- [15.25um:20.25um] [15.25um:25.25um] 10um ------->
        <event:00001364 0:4.23077:0.42um> &<id:973564 Vertical outputs(11) Metal2 [7.305um 15um] [7.305um 15.5um] 0.21um rpD:0 bl:0 -X---UC---TD---------Pb--- [14.5801um:15.92um] [7.095um:7.515um] 0.42um P------>
        <event:00001365 4:4.23077:0.42um> &<id:973564 Vertical outputs(11) Metal2 [7.305um 15um] [7.305um 15.5um] 0.21um rpD:0 bl:0 -X---UC---TD---------Pb--- [14.5801um:15.92um] [7.095um:7.515um] 0.42um P------>
        <event:00001366 0:149.456:5.365um> &<id:973545 Horizontal outputs(10) Metal2 [0.5um 15.5um] [5.405um 15.5um] 0.29um rpD:0 bl:0 -----UC---T-----------tb-- [0.25um:5.615um] [0.25um:5.615um] 5.365um ------->
        <event:00001367 0:871.769:7.965um> &<id:973194 Horizontal outputs(13) Metal2 [3um 15um] [10.505um 15um] 0.29um rpD:0 bl:0 -----UCG--T-----------tb-- [2.75um:10.715um] [2.75um:10.715um] 7.965um ------->
        <event:00001368 4:871.769:7.965um> &<id:973194 Horizontal outputs(13) Metal2 [3um 15um] [10.505um 15um] 0.29um rpD:0 bl:0 -----UCG--T-----------tb-- [2.75um:10.715um] [2.75um:10.715um] 7.965um ------->
        <event:00001369 3:3226.74:10.5um> &<id:973096 Vertical outputs(10) Metal3 [0.5um 15um] [0.5um 20um] 0.29um rpD:1 bl:0 ------CG----W---------bb-- [14.75um:20.25um] [14.75um:25.25um] 10.5um ------->
        <event:00001370 1:733.367:4.265um> &<id:972549 Horizontal outputs(11) Metal2 [3.5um 15.5um] [7.305um 15.5um] 0.29um rpD:1 bl:0 ------CG----W---------t--- [3.25um:7.515um] [3.25um:7.515um] 4.265um ------->
        <event:00001371 0:4.23077:0.42um> &<id:973564 Vertical outputs(11) Metal2 [7.305um 15um] [7.305um 15.5um] 0.21um rpD:0 bl:0 -X---UC---TD---------Pb--- [14.5801um:15.92um] [7.095um:7.515um] 0.42um P------>
        <event:00001372 4:4.23077:0.42um> &<id:973564 Vertical outputs(11) Metal2 [7.305um 15um] [7.305um 15.5um] 0.21um rpD:0 bl:0 -X---UC---TD---------Pb--- [14.5801um:15.92um] [7.095um:7.515um] 0.42um P------>
        <event:00001373 0:949.432:5.365um> &<id:973545 Horizontal outputs(10) Metal2 [0.5um 15um] [5.405um 15um] 0.29um rpD:0 bl:0 -----UC---T-----------tb-- [0.25um:5.615um] [0.25um:5.615um] 5.365um ------->
        <event:00001374 0:871.769:7.965um> &<id:973194 Horizontal outputs(13) Metal2 [3um 15um] [10.505um 15um] 0.29um rpD:0 bl:0 -----UCG--T-----------tb-- [2.75um:10.715um] [2.75um:10.715um] 7.965um ------->
        <event:00001375 4:871.769:7.965um> &<id:973194 Horizontal outputs(13) Metal2 [3um 15um] [10.505um 15um] 0.29um rpD:0 bl:0 -----UCG--T-----------tb-- [2.75um:10.715um] [2.75um:10.715um] 7.965um ------->
        <event:00001376 3:3226.74:10.5um> &<id:973096 Vertical outputs(10) Metal3 [0.5um 15um] [0.5um 20um] 0.29um rpD:1 bl:0 ------CG----W---------bb-- [14.75um:20.25um] [14.75um:25.25um] 10.5um ------->
        <event:00001377 1:733.367:4.265um> &<id:972549 Horizontal outputs(11) Metal2 [3.5um 15.5um] [7.305um 15.5um] 0.29um rpD:1 bl:0 ------CG----W---------t--- [3.25um:7.515um] [3.25um:7.515um] 4.265um ------->
        <event:00001378 0:4.23077:0.42um> &<id:973564 Vertical outputs(11) Metal2 [7.305um 15um] [7.305um 15.5um] 0.21um rpD:0 bl:0 -X---UC---TD---------Pb--- [14.5801um:15.92um] [7.095um:7.515um] 0.42um P------>
        <event:00001379 4:4.23077:0.42um> &<id:973564 Vertical outputs(11) Metal2 [7.305um 15um] [7.305um 15.5um] 0.21um rpD:0 bl:0 -X---UC---TD---------Pb--- [14.5801um:15.92um] [7.095um:7.515um] 0.42um P------>
        <event:00001380 4:4.23077:0.42um> &<id:973564 Vertical outputs(11) Metal2 [7.305um 15um] [7.305um 15.5um] 0.21um rpD:0 bl:0 -X---UC---TD---------Pb--- [14.5801um:15.92um] [7.095um:7.515um] 0.42um P------>
        <event:00001381 3:733.367:4.265um> &<id:972549 Horizontal outputs(11) Metal2 [3.5um 15.5um] [7.305um 15.5um] 0.29um rpD:1 bl:0 ------CG----W---------t--- [3.25um:7.515um] [3.25um:7.515um] 4.265um ------->
        <event:00001382 5:1405.44:4.5um> &<id:972549 Horizontal outputs(11) Metal4 [3.5um 15.5um] [7.5um 15.5um] 0.29um rpD:2 bl:0 ------CG-----w--------bb-- [3.25um:7.75um] [3.25um:7.75um] 4.5um ------t>
        <event:00001383 3:141:0.715um> &<id:976677 Horizontal outputs(11) Metal2 [7.17um 15.5um] [7.675um 15.5um] 0.29um rpD:1 bl:0 ---a--C-----W----------t-- [7.065um:7.78um] [7.065um:7.78um] 0.715um -----s->
        <event:00001384 3:254.982:1um> &<id:976676 Vertical outputs(11) Metal3 [7.5um 15um] [7.5um 15.5um] 0.29um rpD:2 bl:0 ------C------wAS------tb-- [14.75um:15.75um] [14.75um:15.75um] 1um --S--st>
        <event:00001385 0:4.23077:0.42um> &<id:973564 Vertical outputs(11) Metal2 [7.305um 15um] [7.305um 15.5um] 0.21um rpD:0 bl:0 -X---UC---TD---------Pb--- [14.5801um:15.92um] [7.095um:7.515um] 0.42um P------>
        <event:00001386 0:949.432:5.365um> &<id:973545 Horizontal outputs(10) Metal2 [0.5um 15um] [5.405um 15um] 0.29um rpD:0 bl:0 -----UC---T-----------tb-- [0.25um:5.615um] [0.25um:5.615um] 5.365um ------->
        <event:00001387 0:871.769:7.965um> &<id:973194 Horizontal outputs(13) Metal2 [3um 15um] [10.505um 15um] 0.29um rpD:0 bl:0 -----UCG--T-----------tb-- [2.75um:10.715um] [2.75um:10.715um] 7.965um ------->
        <event:00001388 4:871.769:7.965um> &<id:973194 Horizontal outputs(13) Metal2 [3um 15um] [10.505um 15um] 0.29um rpD:0 bl:0 -----UCG--T-----------tb-- [2.75um:10.715um] [2.75um:10.715um] 7.965um ------->
        <event:00001389 1:141:0.715um> &<id:976677 Horizontal outputs(11) Metal2 [7.17um 15.5um] [7.675um 15.5um] 0.29um rpD:1 bl:0 ---a--C-----W----------t-- [7.065um:7.78um] [7.065um:7.78um] 0.715um -----s->
        <event:00001390 0:4.23077:0.42um> &<id:973564 Vertical outputs(11) Metal2 [7.305um 15um] [7.305um 15.5um] 0.21um rpD:0 bl:0 -X---UC---TD---------Pb--- [14.5801um:15.92um] [7.095um:7.515um] 0.42um P------>
        <event:00001391 4:4.23077:0.42um> &<id:973564 Vertical outputs(11) Metal2 [7.305um 15um] [7.305um 15.5um] 0.21um rpD:0 bl:0 -X---UC---TD---------Pb--- [14.5801um:15.92um] [7.095um:7.515um] 0.42um P------>
        <event:00001392 0:871.769:7.965um> &<id:973194 Horizontal outputs(13) Metal2 [3um 15um] [10.505um 15um] 0.29um rpD:0 bl:0 -----UCG--T-----------tb-- [2.75um:10.715um] [2.75um:10.715um] 7.965um ------->
        <event:00001393 4:871.769:7.965um> &<id:973194 Horizontal outputs(13) Metal2 [3um 15um] [10.505um 15um] 0.29um rpD:0 bl:0 -----UCG--T-----------tb-- [2.75um:10.715um] [2.75um:10.715um] 7.965um ------->
        <event:00001394 1:141:0.715um> &<id:976677 Horizontal outputs(11) Metal2 [7.17um 15.5um] [7.675um 15.5um] 0.29um rpD:1 bl:0 ---a--C-----W----------t-- [7.065um:7.78um] [7.065um:7.78um] 0.715um -----s->
        <event:00001395 0:4.23077:0.42um> &<id:973564 Vertical outputs(11) Metal2 [7.305um 15um] [7.305um 15.5um] 0.21um rpD:0 bl:0 -X---UC---TD---------Pb--- [14.5801um:15.92um] [7.095um:7.515um] 0.42um P------>
        <event:00001396 4:141:0.715um> &<id:976677 Horizontal outputs(11) Metal2 [7.17um 15.5um] [7.675um 15.5um] 0.29um rpD:1 bl:0 ---a--C-----W----------t-- [7.065um:7.78um] [7.065um:7.78um] 0.715um -----s->
        <event:00001397 3:4.23077:0.42um> &<id:973564 Vertical outputs(11) Metal2 [7.305um 15um] [7.305um 15.5um] 0.21um rpD:0 bl:0 -X---UC---TD---------Pb--- [14.5801um:15.92um] [7.095um:7.515um] 0.42um P------>
        <event:00001398 4:4.23077:0.42um> &<id:973564 Vertical outputs(11) Metal2 [7.305um 15um] [7.305um 15.5um] 0.21um rpD:0 bl:0 -X---UC---TD---------Pb--- [14.5801um:15.92um] [7.095um:7.515um] 0.42um P------>
        <event:00001399 0:871.769:7.965um> &<id:973194 Horizontal outputs(13) Metal2 [3um 15um] [10.505um 15um] 0.29um rpD:0 bl:0 -----UCG--T-----------tb-- [2.75um:10.715um] [2.75um:10.715um] 7.965um ------->
        <event:00001400 4:871.769:7.965um> &<id:973194 Horizontal outputs(13) Metal2 [3um 15um] [10.505um 15um] 0.29um rpD:0 bl:0 -----UCG--T-----------tb-- [2.75um:10.715um] [2.75um:10.715um] 7.965um ------->
        <event:00001401 3:871.769:7.965um> &<id:973194 Horizontal outputs(13) Metal2 [3um 14.5um] [10.505um 14.5um] 0.29um rpD:0 bl:0 -----UCG--T-----------tb-- [2.75um:10.715um] [2.75um:10.715um] 7.965um ------->
        <event:00001402 1:141:0.715um> &<id:976677 Horizontal outputs(11) Metal2 [7.17um 15.5um] [7.675um 15.5um] 0.29um rpD:1 bl:0 ---a--C-----W----------t-- [7.065um:7.78um] [7.065um:7.78um] 0.715um -----s->
        <event:00001403 0:4.23077:0.42um> &<id:973564 Vertical outputs(11) Metal2 [7.305um 15um] [7.305um 15.5um] 0.21um rpD:0 bl:0 -X---UC---TD---------Pb--- [14.5801um:15.92um] [7.095um:7.515um] 0.42um P------>
        <event:00001404 4:4.23077:0.42um> &<id:973564 Vertical outputs(11) Metal2 [7.305um 15um] [7.305um 15.5um] 0.21um rpD:0 bl:0 -X---UC---TD---------Pb--- [14.5801um:15.92um] [7.095um:7.515um] 0.42um P------>
        <event:00001405 0:98.5385:0.785um> &<id:974998 Horizontal abc_1342_new_n174 Metal2 [9.62um 14.5um] [10.195um 14.5um] 0.29um rpD:0 bl:0 ---a-UC---T-----------bt-- [9.515um:10.3um] [9.515um:10.3um] 0.785um ------->
        <event:00001406 0:403.846:3.62um> &<id:974992 Horizontal abc_1342_new_n174 Metal2 [6.655um 14.5um] [9.855um 14.5um] 0.29um rpD:0 bl:0 -----UC---T-----------bb-- [6.445um:10.065um] [6.445um:10.065um] 3.62um ------->
        <event:00001407 0:871.769:7.965um> &<id:973194 Horizontal outputs(13) Metal2 [3um 15um] [10.505um 15um] 0.29um rpD:0 bl:0 -----UCG--T-----------tb-- [2.75um:10.715um] [2.75um:10.715um] 7.965um ------->
        <event:00001408 4:871.769:7.965um> &<id:973194 Horizontal outputs(13) Metal2 [3um 15um] [10.505um 15um] 0.29um rpD:0 bl:0 -----UCG--T-----------tb-- [2.75um:10.715um] [2.75um:10.715um] 7.965um ------->
        <event:00001409 1:141:0.715um> &<id:976677 Horizontal outputs(11) Metal2 [7.17um 15.5um] [7.675um 15.5um] 0.29um rpD:1 bl:0 ---a--C-----W----------t-- [7.065um:7.78um] [7.065um:7.78um] 0.715um -----s->
        <event:00001410 0:4.23077:0.42um> &<id:973564 Vertical outputs(11) Metal2 [7.305um 15um] [7.305um 15.5um] 0.21um rpD:0 bl:0 -X---UC---TD---------Pb--- [14.5801um:15.92um] [7.095um:7.515um] 0.42um P------>
        <event:00001411 4:4.23077:0.42um> &<id:973564 Vertical outputs(11) Metal2 [7.305um 15um] [7.305um 15.5um] 0.21um rpD:0 bl:0 -X---UC---TD---------Pb--- [14.5801um:15.92um] [7.095um:7.515um] 0.42um P------>
        <event:00001412 0:871.769:7.965um> &<id:973194 Horizontal outputs(13) Metal2 [3um 15um] [10.505um 15um] 0.29um rpD:0 bl:0 -----UCG--T-----------tb-- [2.75um:10.715um] [2.75um:10.715um] 7.965um ------->
        <event:00001413 5:2467.86:8um> &<id:973194 Horizontal outputs(13) Metal2 [3um 15um] [10.5um 15um] 0.29um rpD:2 bl:0 -----UCG-----w-S------tt-- [2.75um:10.75um] [2.75um:10.75um] 8um --S---t>
        <event:00001414 3:91:0.715um> &<id:976681 Horizontal outputs(13) Metal2 [10.23um 15um] [10.735um 15um] 0.29um rpD:0 bl:0 ---a-UC---T---AS------tb-- [10.125um:10.84um] [10.125um:10.84um] 0.715um --S--s->
        <event:00001415 3:494.787:1.5um> &<id:976680 Vertical outputs(13) Metal3 [10.5um 15um] [10.5um 16um] 0.29um rpD:1 bl:0 ------C-----W-AS------bb-- [14.75um:16.25um] [14.75um:16.25um] 1.5um --S--st>
        <event:00001416 0:1407.3:8.015um> &<id:972531 Horizontal n(23) Metal2 [9.5um 65um] [17.055um 65um] 0.29um rpD:0 bl:0 -----UCG--T-----------tb-- [9.25um:17.265um] [9.25um:17.265um] 8.015um ------->
        <event:00001417 0:1424.58:8.115um> &<id:972318 Horizontal n(13) Metal2 [23um 90.5um] [30.655um 90.5um] 0.29um rpD:0 bl:0 -----UCG--T-----------tb-- [22.75um:30.865um] [22.75um:30.865um] 8.115um ------->
        <event:00001418 4:1424.58:8.115um> &<id:972318 Horizontal n(13) Metal2 [23um 88um] [30.655um 88um] 0.29um rpD:0 bl:0 -----UCG--T-----------tb-- [22.75um:30.865um] [22.75um:30.865um] 8.115um ------->
        <event:00001419 3:4.23077:0.42um> &<id:975174 Vertical abc_1342_new_n275 Metal2 [28.965um 88um] [28.965um 88um] 0.21um rpD:0 bl:0 -X---UC---TD---------Pb--- [87.58um:88.42um] [28.755um:29.175um] 0.42um P------>
        <event:00001420 4:4.23077:0.42um> &<id:975174 Vertical abc_1342_new_n275 Metal2 [28.965um 88um] [28.965um 88um] 0.21um rpD:0 bl:0 -X---UC---TD---------Pb--- [87.58um:88.42um] [28.755um:29.175um] 0.42um P------>
        <event:00001421 0:1424.58:8.115um> &<id:972318 Horizontal n(13) Metal2 [23um 88um] [30.655um 88um] 0.29um rpD:0 bl:0 -----UCG--T-----------tb-- [22.75um:30.865um] [22.75um:30.865um] 8.115um ------->
        <event:00001422 4:1424.58:8.115um> &<id:972318 Horizontal n(13) Metal2 [23um 88um] [30.655um 88um] 0.29um rpD:0 bl:0 -----UCG--T-----------tb-- [22.75um:30.865um] [22.75um:30.865um] 8.115um ------->
        <event:00001423 1:1221.38:5.995um> &<id:971942 Horizontal abc_1342_new_n275 Metal2 [28.965um 88um] [34.5um 88um] 0.29um rpD:1 bl:0 ------CG----W----------t-- [28.755um:34.75um] [28.755um:34.75um] 5.995um ------->
        <event:00001424 0:4.23077:0.42um> &<id:975174 Vertical abc_1342_new_n275 Metal2 [28.965um 87.5um] [28.965um 88um] 0.21um rpD:0 bl:0 -X---UC---TD---------P-b-- [87.0801um:88.42um] [28.755um:29.175um] 0.42um P------>
        <event:00001425 4:4.23077:0.42um> &<id:975174 Vertical abc_1342_new_n275 Metal2 [28.965um 87.5um] [28.965um 88um] 0.21um rpD:0 bl:0 -X---UC---TD---------P-b-- [87.0801um:88.42um] [28.755um:29.175um] 0.42um P------>
        <event:00001426 0:1424.58:8.115um> &<id:972318 Horizontal n(13) Metal2 [23um 88um] [30.655um 88um] 0.29um rpD:0 bl:0 -----UCG--T-----------tb-- [22.75um:30.865um] [22.75um:30.865um] 8.115um ------->
        <event:00001427 4:1424.58:8.115um> &<id:972318 Horizontal n(13) Metal2 [23um 89.5um] [30.655um 89.5um] 0.29um rpD:0 bl:0 -----UCG--T-----------tb-- [22.75um:30.865um] [22.75um:30.865um] 8.115um ------->
        <event:00001428 3:7172.89:23.5um> &<id:971107 Vertical abc_1342_new_n255 Metal3 [26um 66.5um] [26um 83.5um] 0.29um rpD:1 bl:0 ------CG----W---------bb-- [66.25um:83.75um] [66.25um:89.75um] 23.5um ------->
        <event:00001429 1:2443.62:10.405um> &<id:972135 Horizontal abc_1342_new_n271 Metal2 [25.055um 89.5um] [35um 89.5um] 0.29um rpD:1 bl:0 ------CG----W----------t-- [24.845um:35.25um] [24.845um:35.25um] 10.405um ------->
        <event:00001430 4:2443.62:10.405um> &<id:972135 Horizontal abc_1342_new_n271 Metal2 [25.055um 91um] [35um 91um] 0.29um rpD:1 bl:0 ------CG----W----------t-- [24.845um:35.25um] [24.845um:35.25um] 10.405um ------->
        <event:00001431 3:4.23077:0.42um> &<id:974209 Vertical abc_1342_auto_rtlil_cc_2739_MuxGate_1305 Metal2 [29.395um 90.5um] [29.395um 91um] 0.21um rpD:0 bl:0 -X---UC---TD---------Pb--- [90.0801um:91.42um] [29.185um:29.605um] 0.42um P------>
        <event:00001432 4:4.23077:0.42um> &<id:974209 Vertical abc_1342_auto_rtlil_cc_2739_MuxGate_1305 Metal2 [29.395um 90.5um] [29.395um 91um] 0.21um rpD:0 bl:0 -X---UC---TD---------Pb--- [90.0801um:91.42um] [29.185um:29.605um] 0.42um P------>
        <event:00001433 1:1561.04:6.6um> &<id:971699 Horizontal abc_1342_new_n267 Metal2 [18.285um 89.5um] [24.465um 89.5um] 0.29um rpD:1 bl:0 -----UCG----W------------- [18.075um:24.675um] [18.075um:24.675um] 6.6um ------->
        <event:00001434 0:4.23077:0.42um> &<id:975890 Vertical abc_1342_new_n267 Metal2 [18.285um 90.5um] [18.285um 91um] 0.21um rpD:0 bl:0 -X---UC---TD---------Pb--- [90.0801um:91.42um] [18.075um:18.495um] 0.42um P------>
        <event:00001435 0:4.23077:0.42um> &<id:975893 Vertical abc_1342_new_n267 Metal2 [24.465um 90.5um] [24.465um 91um] 0.21um rpD:0 bl:0 -X---UC---TD---------Pb--- [90.0801um:91.42um] [24.255um:24.675um] 0.42um P------>
        <event:00001436 0:4.23077:0.42um> &<id:975155 Vertical abc_1342_new_n271 Metal2 [25.055um 90.5um] [25.055um 91um] 0.21um rpD:0 bl:0 -X---UC---TD---------Pb--- [90.0801um:91.42um] [24.845um:25.265um] 0.42um P------>
        <event:00001437 0:145.145:0.905um> &<id:975782 Horizontal abc_1342_new_n255 Metal2 [25.485um 89.5um] [26.18um 89.5um] 0.29um rpD:0 bl:0 ---a-UC---T-----------bt-- [25.38um:26.285um] [25.38um:26.285um] 0.905um ------->
        <event:00001438 0:281.876:1.88um> &<id:975158 Horizontal abc_1342_new_n272 Metal2 [26.645um 89.5um] [28.105um 89.5um] 0.29um rpD:0 bl:0 -----UC---T-----------bb-- [26.435um:28.315um] [26.435um:28.315um] 1.88um ------->
        <event:00001439 0:1168.87:8.205um> &<id:972066 Horizontal n(12) Metal2 [32.255um 88um] [40um 88um] 0.29um rpD:0 bl:0 -----UCG--T-----------bt-- [32.045um:40.25um] [32.045um:40.25um] 8.205um ------->
        <event:00001440 0:1153.14:8.27um> &<id:972436 Horizontal abc_1342_new_n301 Metal2 [30.655um 66um] [38.505um 66um] 0.29um rpD:0 bl:0 ------CG--T-----------b--- [30.445um:38.715um] [30.445um:38.715um] 8.27um ------->
        <event:00001441 4:1153.14:8.27um> &<id:972436 Horizontal abc_1342_new_n301 Metal2 [30.655um 65um] [38.505um 65um] 0.29um rpD:0 bl:0 ------CG--T-----------b--- [30.445um:38.715um] [30.445um:38.715um] 8.27um ------->
        <event:00001442 3:1253.66:4um> &<id:971662 Vertical abc_1342_new_n125 Metal3 [36.5um 61.5um] [36.5um 65um] 0.29um rpD:1 bl:0 -----UCG----W---------bb-- [61.25um:65.25um] [61.25um:65.25um] 4um ------->
        <event:00001443 0:4.23077:0.42um> &<id:975901 Vertical abc_1342_new_n301 Metal2 [38.505um 65um] [38.505um 65.5um] 0.21um rpD:0 bl:0 -X---UC---TD---------P-b-- [64.58um:65.92um] [38.295um:38.715um] 0.42um P------>
        <event:00001444 4:4.23077:0.42um> &<id:975901 Vertical abc_1342_new_n301 Metal2 [38.505um 65um] [38.505um 65.5um] 0.21um rpD:0 bl:0 -X---UC---TD---------P-b-- [64.58um:65.92um] [38.295um:38.715um] 0.42um P------>
        <event:00001445 3:1708.99:5.5um> &<id:971835 Vertical n(25) Metal3 [35um 60.5um] [35um 65.5um] 0.29um rpD:1 bl:0 -----UCG----W---------bb-- [60.25um:65.75um] [60.25um:65.75um] 5.5um ------->
        <event:00001446 0:154.639:0.765um> &<id:975572 Horizontal abc_1342_new_n125 Metal2 [36.255um 65um] [36.81um 65um] 0.29um rpD:0 bl:0 ---a-UC---T-----------tb-- [36.15um:36.915um] [36.15um:36.915um] 0.765um ------->
        <event:00001447 0:699.462:6.365um> &<id:971836 Horizontal n(25) Metal2 [35um 65.5um] [40.905um 65.5um] 0.29um rpD:0 bl:0 -----UCG--T-----------tb-- [34.75um:41.115um] [34.75um:41.115um] 6.365um ------->
        <event:00001448 4:699.462:6.365um> &<id:971836 Horizontal n(25) Metal2 [35um 67um] [40.905um 67um] 0.29um rpD:0 bl:0 -----UCG--T-----------tb-- [34.75um:41.115um] [34.75um:41.115um] 6.365um ------->
        <event:00001449 3:1708.99:5.5um> &<id:972401 Vertical abc_1342_new_n292 Metal3 [38.5um 67um] [38.5um 71.5um] 0.29um rpD:1 bl:0 -----UCG----W---------bb-- [66.75um:71.75um] [66.25um:71.75um] 5.5um ------->
        <event:00001450 0:838.385:7.655um> &<id:972397 Horizontal abc_1342_new_n292 Metal2 [31.305um 67um] [38.5um 67um] 0.29um rpD:0 bl:0 ------CG--T-----------bt-- [31.095um:38.75um] [31.095um:38.75um] 7.655um ------->
        <event:00001451 4:838.385:7.655um> &<id:972397 Horizontal abc_1342_new_n292 Metal2 [31.305um 66um] [38.5um 66um] 0.29um rpD:0 bl:0 ------CG--T-----------bt-- [31.095um:38.75um] [31.095um:38.75um] 7.655um ------->
        <event:00001452 1:905.314:4.41um> &<id:971527 Horizontal abc_1342_new_n308 Metal2 [37.855um 66um] [41.845um 66um] 0.29um rpD:1 bl:0 -----UCG----W------------- [37.645um:42.055um] [37.645um:42.055um] 4.41um ------->
        <event:00001453 0:4.23077:0.42um> &<id:976166 Vertical abc_1342_new_n308 Metal2 [37.855um 64.5um] [37.855um 65um] 0.21um rpD:0 bl:0 -X---UC---TD---------P-b-- [64.08um:65.42um] [37.645um:38.065um] 0.42um P------>
        <event:00001454 4:4.23077:0.42um> &<id:976166 Vertical abc_1342_new_n308 Metal2 [37.855um 64.5um] [37.855um 65um] 0.21um rpD:0 bl:0 -X---UC---TD---------P-b-- [64.08um:65.42um] [37.645um:38.065um] 0.42um P------>
        <event:00001455 0:4.23077:0.42um> &<id:976169 Vertical abc_1342_new_n308 Metal2 [41.845um 64.5um] [41.845um 65um] 0.21um rpD:0 bl:0 -X---UC---TD---------P-b-- [64.08um:65.42um] [41.635um:42.055um] 0.42um P------>
        <event:00001456 4:4.23077:0.42um> &<id:976169 Vertical abc_1342_new_n308 Metal2 [41.845um 64.5um] [41.845um 65um] 0.21um rpD:0 bl:0 -X---UC---TD---------P-b-- [64.08um:65.42um] [41.635um:42.055um] 0.42um P------>
        <event:00001457 0:271.266:1.44um> &<id:975919 Horizontal abc_1342_new_n305 Metal2 [33.265um 66um] [34.285um 66um] 0.29um rpD:0 bl:0 -----UC---T-----------bb-- [33.055um:34.495um] [33.055um:34.495um] 1.44um ------->
        <event:00001458 0:862.456:6.02um> &<id:972051 Horizontal n(24) Metal2 [40.255um 65um] [45.855um 65um] 0.29um rpD:0 bl:0 -----UCG--T-----------b--- [40.045um:46.065um] [40.045um:46.065um] 6.02um ------->
        <event:00001459 4:862.456:6.02um> &<id:972051 Horizontal n(24) Metal2 [40.255um 65um] [45.855um 65um] 0.29um rpD:0 bl:0 -----UCG--T-----------b--- [40.045um:46.065um] [40.045um:46.065um] 6.02um ------->
        <event:00001460 1:905.314:4.41um> &<id:971527 Horizontal abc_1342_new_n308 Metal2 [37.855um 64.5um] [41.845um 64.5um] 0.29um rpD:1 bl:0 -----UCG----W------------- [37.645um:42.055um] [37.645um:42.055um] 4.41um ------->
        <event:00001461 0:4.23077:0.42um> &<id:976169 Vertical abc_1342_new_n308 Metal2 [41.845um 64.5um] [41.845um 65um] 0.21um rpD:0 bl:0 -X---UC---TD---------P-b-- [64.08um:65.42um] [41.635um:42.055um] 0.42um P------>
        <event:00001462 4:4.23077:0.42um> &<id:976169 Vertical abc_1342_new_n308 Metal2 [41.845um 64.5um] [41.845um 65um] 0.21um rpD:0 bl:0 -X---UC---TD---------P-b-- [64.08um:65.42um] [41.635um:42.055um] 0.42um P------>
        <event:00001463 0:862.456:6.02um> &<id:972051 Horizontal n(24) Metal2 [40.255um 65um] [45.855um 65um] 0.29um rpD:0 bl:0 -----UCG--T-----------b--- [40.045um:46.065um] [40.045um:46.065um] 6.02um ------->
        <event:00001464 4:862.456:6.02um> &<id:972051 Horizontal n(24) Metal2 [40.255um 66.5um] [45.855um 66.5um] 0.29um rpD:0 bl:0 -----UCG--T-----------b--- [40.045um:46.065um] [40.045um:46.065um] 6.02um ------->
        <event:00001465 3:1860.76:6um> &<id:972401 Vertical abc_1342_new_n292 Metal3 [38.5um 66um] [38.5um 71.5um] 0.29um rpD:1 bl:0 -----UCG----W---------bb-- [65.75um:71.75um] [65.75um:71.75um] 6um ------->
        <event:00001466 0:4.23077:0.42um> &<id:976361 Vertical n(24) Metal2 [45.855um 66.5um] [45.855um 66.5um] 0.21um rpD:0 bl:0 -X---UC---TD---------P-b-- [66.0801um:66.92um] [45.645um:46.065um] 0.42um P------>
        <event:00001467 0:581:5.265um> &<id:975278 Horizontal abc_1342_new_n292 Metal2 [38.5um 66.5um] [43.305um 66.5um] 0.29um rpD:0 bl:0 -----UC---T-----------tb-- [38.25um:43.515um] [38.25um:43.515um] 5.265um ------->
        <event:00001468 4:581:5.265um> &<id:975278 Horizontal abc_1342_new_n292 Metal2 [38.5um 66um] [43.305um 66um] 0.29um rpD:0 bl:0 -----UC---T-----------tb-- [38.25um:43.515um] [38.25um:43.515um] 5.265um ------->
        <event:00001469 1:749.775:3.63um> &<id:976176 Horizontal abc_1342_new_n309 Metal2 [39.445um 66um] [42.655um 66um] 0.29um rpD:1 bl:0 -----UC-----W------------- [39.235um:42.865um] [39.235um:42.865um] 3.63um ------->
        <event:00001470 0:4.23077:0.42um> &<id:976172 Vertical abc_1342_new_n309 Metal2 [39.445um 67.5um] [39.445um 67.5um] 0.21um rpD:0 bl:0 -X---UC---TD---------Pb--- [67.0801um:67.92um] [39.235um:39.655um] 0.42um P------>
        <event:00001471 0:4.23077:0.42um> &<id:976175 Vertical abc_1342_new_n309 Metal2 [42.655um 67um] [42.655um 67.5um] 0.21um rpD:0 bl:0 -X---UC---TD---------Pb--- [66.5801um:67.92um] [42.445um:42.865um] 0.42um P------>
        <event:00001472 4:4.23077:0.42um> &<id:976175 Vertical abc_1342_new_n309 Metal2 [42.655um 67um] [42.655um 67.5um] 0.21um rpD:0 bl:0 -X---UC---TD---------Pb--- [66.5801um:67.92um] [42.445um:42.865um] 0.42um P------>
        <event:00001473 3:1405.44:4.5um> &<id:971109 Vertical abc_1342_new_n255 Metal3 [41.5um 67um] [41.5um 71um] 0.29um rpD:1 bl:0 -----UCG----W---------bb-- [66.75um:71.25um] [66.75um:71.25um] 4.5um ------->
        <event:00001474 0:312.846:2.775um> &<id:975807 Horizontal abc_1342_new_n255 Metal2 [41.5um 67um] [43.815um 67um] 0.29um rpD:0 bl:0 -----UC---T-----------tb-- [41.25um:44.025um] [41.25um:44.025um] 2.775um ------->
        <event:00001475 4:312.846:2.775um> &<id:975807 Horizontal abc_1342_new_n255 Metal2 [41.5um 67um] [43.815um 67um] 0.29um rpD:0 bl:0 -----UC---T-----------tb-- [41.25um:44.025um] [41.25um:44.025um] 2.775um ------->
        <event:00001476 1:749.775:3.63um> &<id:976176 Horizontal abc_1342_new_n309 Metal2 [39.445um 67.5um] [42.655um 67.5um] 0.29um rpD:1 bl:0 -----UC-----W------------- [39.235um:42.865um] [39.235um:42.865um] 3.63um ------->
        <event:00001477 0:4.23077:0.42um> &<id:976175 Vertical abc_1342_new_n309 Metal2 [42.655um 67um] [42.655um 67.5um] 0.21um rpD:0 bl:0 -X---UC---TD---------Pb--- [66.5801um:67.92um] [42.445um:42.865um] 0.42um P------>
        <event:00001478 4:4.23077:0.42um> &<id:976175 Vertical abc_1342_new_n309 Metal2 [42.655um 67um] [42.655um 67.5um] 0.21um rpD:0 bl:0 -X---UC---TD---------Pb--- [66.5801um:67.92um] [42.445um:42.865um] 0.42um P------>
        <event:00001479 3:1405.44:4.5um> &<id:971109 Vertical abc_1342_new_n255 Metal3 [41.5um 67um] [41.5um 71um] 0.29um rpD:1 bl:0 -----UCG----W---------bb-- [66.75um:71.25um] [66.75um:71.25um] 4.5um ------->
        <event:00001480 0:312.846:2.775um> &<id:975807 Horizontal abc_1342_new_n255 Metal2 [41.5um 67um] [43.815um 67um] 0.29um rpD:0 bl:0 -----UC---T-----------tb-- [41.25um:44.025um] [41.25um:44.025um] 2.775um ------->
        <event:00001481 4:312.846:2.775um> &<id:975807 Horizontal abc_1342_new_n255 Metal2 [41.5um 67um] [43.815um 67um] 0.29um rpD:0 bl:0 -----UC---T-----------tb-- [41.25um:44.025um] [41.25um:44.025um] 2.775um ------->
        <event:00001482 1:749.775:3.63um> &<id:976176 Horizontal abc_1342_new_n309 Metal2 [39.445um 67.5um] [42.655um 67.5um] 0.29um rpD:1 bl:0 -----UC-----W------------- [39.235um:42.865um] [39.235um:42.865um] 3.63um ------->
        <event:00001483 0:4.23077:0.42um> &<id:976175 Vertical abc_1342_new_n309 Metal2 [42.655um 67um] [42.655um 67.5um] 0.21um rpD:0 bl:0 -X---UC---TD---------Pb--- [66.5801um:67.92um] [42.445um:42.865um] 0.42um P------>
        <event:00001484 4:4.23077:0.42um> &<id:976175 Vertical abc_1342_new_n309 Metal2 [42.655um 67um] [42.655um 67.5um] 0.21um rpD:0 bl:0 -X---UC---TD---------Pb--- [66.5801um:67.92um] [42.445um:42.865um] 0.42um P------>
        <event:00001485 4:4.23077:0.42um> &<id:976175 Vertical abc_1342_new_n309 Metal2 [42.655um 67um] [42.655um 67.5um] 0.21um rpD:0 bl:0 -X---UC---TD---------Pb--- [66.5801um:67.92um] [42.445um:42.865um] 0.42um P------>
        <event:00001486 3:749.775:3.63um> &<id:976176 Horizontal abc_1342_new_n309 Metal2 [39.445um 67.5um] [42.655um 67.5um] 0.29um rpD:1 bl:0 -----UC-----W------------- [39.235um:42.865um] [39.235um:42.865um] 3.63um ------->
        <event:00001487 3:1405.44:4.5um> &<id:971109 Vertical abc_1342_new_n255 Metal3 [41.5um 67um] [41.5um 71um] 0.29um rpD:1 bl:0 -----UCG----W---------bb-- [66.75um:71.25um] [66.75um:71.25um] 4.5um ------->
        <event:00001488 0:312.846:2.775um> &<id:975807 Horizontal abc_1342_new_n255 Metal2 [41.5um 67um] [43.815um 67um] 0.29um rpD:0 bl:0 -----UC---T-----------tb-- [41.25um:44.025um] [41.25um:44.025um] 2.775um ------->
        <event:00001489 4:312.846:2.775um> &<id:975807 Horizontal abc_1342_new_n255 Metal2 [41.5um 66.5um] [43.815um 66.5um] 0.29um rpD:0 bl:0 -----UC---T-----------tb-- [41.25um:44.025um] [41.25um:44.025um] 2.775um ------->
        <event:00001490 0:862.456:6.02um> &<id:972051 Horizontal n(24) Metal2 [40.255um 66.5um] [45.855um 66.5um] 0.29um rpD:0 bl:0 -----UCG--T-----------b--- [40.045um:46.065um] [40.045um:46.065um] 6.02um ------->
        <event:00001491 4:862.456:6.02um> &<id:972051 Horizontal n(24) Metal2 [40.255um 65um] [45.855um 65um] 0.29um rpD:0 bl:0 -----UCG--T-----------b--- [40.045um:46.065um] [40.045um:46.065um] 6.02um ------->
        <event:00001492 1:905.314:4.41um> &<id:971527 Horizontal abc_1342_new_n308 Metal2 [37.855um 64.5um] [41.845um 64.5um] 0.29um rpD:1 bl:0 -----UCG----W------------- [37.645um:42.055um] [37.645um:42.055um] 4.41um ------->
        <event:00001493 0:4.23077:0.42um> &<id:976169 Vertical abc_1342_new_n308 Metal2 [41.845um 64.5um] [41.845um 65um] 0.21um rpD:0 bl:0 -X---UC---TD---------P-b-- [64.08um:65.42um] [41.635um:42.055um] 0.42um P------>
        <event:00001494 4:4.23077:0.42um> &<id:976169 Vertical abc_1342_new_n308 Metal2 [41.845um 64.5um] [41.845um 65um] 0.21um rpD:0 bl:0 -X---UC---TD---------P-b-- [64.08um:65.42um] [41.635um:42.055um] 0.42um P------>
        <event:00001495 4:4.23077:0.42um> &<id:976169 Vertical abc_1342_new_n308 Metal2 [41.845um 64.5um] [41.845um 65um] 0.21um rpD:0 bl:0 -X---UC---TD---------P-b-- [64.08um:65.42um] [41.635um:42.055um] 0.42um P------>
        <event:00001496 3:905.314:4.41um> &<id:971527 Horizontal abc_1342_new_n308 Metal2 [37.855um 64.5um] [41.845um 64.5um] 0.29um rpD:1 bl:0 -----UCG----W------------- [37.645um:42.055um] [37.645um:42.055um] 4.41um ------->
        <event:00001497 0:4.23077:0.42um> &<id:976361 Vertical n(24) Metal2 [45.855um 65um] [45.855um 65um] 0.21um rpD:0 bl:0 -X---UC---TD---------P-b-- [64.58um:65.42um] [45.645um:46.065um] 0.42um P------>
        <event:00001498 0:862.456:6.02um> &<id:972051 Horizontal n(24) Metal2 [40.255um 65um] [45.855um 65um] 0.29um rpD:0 bl:0 -----UCG--T-----------b--- [40.045um:46.065um] [40.045um:46.065um] 6.02um ------->
        <event:00001499 4:862.456:6.02um> &<id:972051 Horizontal n(24) Metal2 [40.255um 65um] [45.855um 65um] 0.29um rpD:0 bl:0 -----UCG--T-----------b--- [40.045um:46.065um] [40.045um:46.065um] 6.02um ------->
        <event:00001500 1:905.314:4.41um> &<id:971527 Horizontal abc_1342_new_n308 Metal2 [37.855um 64.5um] [41.845um 64.5um] 0.29um rpD:1 bl:0 -----UCG----W------------- [37.645um:42.055um] [37.645um:42.055um] 4.41um ------->
        <event:00001501 0:4.23077:0.42um> &<id:976169 Vertical abc_1342_new_n308 Metal2 [41.845um 64.5um] [41.845um 65um] 0.21um rpD:0 bl:0 -X---UC---TD---------P-b-- [64.08um:65.42um] [41.635um:42.055um] 0.42um P------>
        <event:00001502 4:4.23077:0.42um> &<id:976169 Vertical abc_1342_new_n308 Metal2 [41.845um 64.5um] [41.845um 65um] 0.21um rpD:0 bl:0 -X---UC---TD---------P-b-- [64.08um:65.42um] [41.635um:42.055um] 0.42um P------>
        <event:00001503 0:862.456:6.02um> &<id:972051 Horizontal n(24) Metal2 [40.255um 65um] [45.855um 65um] 0.29um rpD:0 bl:0 -----UCG--T-----------b--- [40.045um:46.065um] [40.045um:46.065um] 6.02um ------->
        <event:00001504 4:862.456:6.02um> &<id:972051 Horizontal n(24) Metal2 [40.255um 65um] [45.855um 65um] 0.29um rpD:0 bl:0 -----UCG--T-----------b--- [40.045um:46.065um] [40.045um:46.065um] 6.02um ------->
        <event:00001505 1:905.314:4.41um> &<id:971527 Horizontal abc_1342_new_n308 Metal2 [37.855um 64.5um] [41.845um 64.5um] 0.29um rpD:1 bl:0 -----UCG----W------------- [37.645um:42.055um] [37.645um:42.055um] 4.41um ------->
        <event:00001506 0:4.23077:0.42um> &<id:976169 Vertical abc_1342_new_n308 Metal2 [41.845um 64.5um] [41.845um 65um] 0.21um rpD:0 bl:0 -X---UC---TD---------P-b-- [64.08um:65.42um] [41.635um:42.055um] 0.42um P------>
        <event:00001507 4:4.23077:0.42um> &<id:976169 Vertical abc_1342_new_n308 Metal2 [41.845um 64.5um] [41.845um 65um] 0.21um rpD:0 bl:0 -X---UC---TD---------P-b-- [64.08um:65.42um] [41.635um:42.055um] 0.42um P------>
        <event:00001508 0:862.456:6.02um> &<id:972051 Horizontal n(24) Metal2 [40.255um 65um] [45.855um 65um] 0.29um rpD:0 bl:0 -----UCG--T-----------b--- [40.045um:46.065um] [40.045um:46.065um] 6.02um ------->
        <event:00001509 4:862.456:6.02um> &<id:972051 Horizontal n(24) Metal2 [40.255um 65.5um] [45.855um 65.5um] 0.29um rpD:0 bl:0 -----UCG--T-----------b--- [40.045um:46.065um] [40.045um:46.065um] 6.02um ------->
        <event:00001510 0:4.23077:0.42um> &<id:976361 Vertical n(24) Metal2 [45.855um 65.5um] [45.855um 65.5um] 0.21um rpD:0 bl:0 -X---UC---TD---------P-b-- [65.08um:65.92um] [45.645um:46.065um] 0.42um P------>
        <event:00001511 0:662.308:6.02um> &<id:971837 Horizontal n(25) Metal2 [40.905um 65.5um] [46.505um 65.5um] 0.29um rpD:0 bl:0 -----UCG--T-----------b--- [40.695um:46.715um] [40.695um:46.715um] 6.02um ------->
        <event:00001512 4:662.308:6.02um> &<id:971837 Horizontal n(25) Metal2 [40.905um 67um] [46.505um 67um] 0.29um rpD:0 bl:0 -----UCG--T-----------b--- [40.695um:46.715um] [40.695um:46.715um] 6.02um ------->
        <event:00001513 1:749.775:3.63um> &<id:976176 Horizontal abc_1342_new_n309 Metal2 [39.445um 67.5um] [42.655um 67.5um] 0.29um rpD:1 bl:0 -----UC-----W------------- [39.235um:42.865um] [39.235um:42.865um] 3.63um ------->
        <event:00001514 0:4.23077:0.42um> &<id:976175 Vertical abc_1342_new_n309 Metal2 [42.655um 67um] [42.655um 67.5um] 0.21um rpD:0 bl:0 -X---UC---TD---------Pb--- [66.5801um:67.92um] [42.445um:42.865um] 0.42um P------>
        <event:00001515 4:4.23077:0.42um> &<id:976175 Vertical abc_1342_new_n309 Metal2 [42.655um 67um] [42.655um 67.5um] 0.21um rpD:0 bl:0 -X---UC---TD---------Pb--- [66.5801um:67.92um] [42.445um:42.865um] 0.42um P------>
        <event:00001516 0:4.23077:0.42um> &<id:976346 Vertical n(25) Metal2 [46.505um 67um] [46.505um 67um] 0.21um rpD:0 bl:0 -X---UC---TD---------Pb--- [66.5801um:67.42um] [46.295um:46.715um] 0.42um P------>
        <event:00001517 0:662.308:6.02um> &<id:971837 Horizontal n(25) Metal2 [40.905um 67um] [46.505um 67um] 0.29um rpD:0 bl:0 -----UCG--T-----------b--- [40.695um:46.715um] [40.695um:46.715um] 6.02um ------->
        <event:00001518 4:662.308:6.02um> &<id:971837 Horizontal n(25) Metal2 [40.905um 67um] [46.505um 67um] 0.29um rpD:0 bl:0 -----UCG--T-----------b--- [40.695um:46.715um] [40.695um:46.715um] 6.02um ------->
        <event:00001519 1:749.775:3.63um> &<id:976176 Horizontal abc_1342_new_n309 Metal2 [39.445um 67.5um] [42.655um 67.5um] 0.29um rpD:1 bl:0 -----UC-----W------------- [39.235um:42.865um] [39.235um:42.865um] 3.63um ------->
        <event:00001520 0:4.23077:0.42um> &<id:976175 Vertical abc_1342_new_n309 Metal2 [42.655um 67um] [42.655um 67.5um] 0.21um rpD:0 bl:0 -X---UC---TD---------Pb--- [66.5801um:67.92um] [42.445um:42.865um] 0.42um P------>
        <event:00001521 4:4.23077:0.42um> &<id:976175 Vertical abc_1342_new_n309 Metal2 [42.655um 67um] [42.655um 67.5um] 0.21um rpD:0 bl:0 -X---UC---TD---------Pb--- [66.5801um:67.92um] [42.445um:42.865um] 0.42um P------>
        <event:00001522 0:662.308:6.02um> &<id:971837 Horizontal n(25) Metal2 [40.905um 67um] [46.505um 67um] 0.29um rpD:0 bl:0 -----UCG--T-----------b--- [40.695um:46.715um] [40.695um:46.715um] 6.02um ------->
        <event:00001523 4:662.308:6.02um> &<id:971837 Horizontal n(25) Metal2 [40.905um 67um] [46.505um 67um] 0.29um rpD:0 bl:0 -----UCG--T-----------b--- [40.695um:46.715um] [40.695um:46.715um] 6.02um ------->
        <event:00001524 1:749.775:3.63um> &<id:976176 Horizontal abc_1342_new_n309 Metal2 [39.445um 67.5um] [42.655um 67.5um] 0.29um rpD:1 bl:0 -----UC-----W------------- [39.235um:42.865um] [39.235um:42.865um] 3.63um ------->
        <event:00001525 0:4.23077:0.42um> &<id:976175 Vertical abc_1342_new_n309 Metal2 [42.655um 67um] [42.655um 67.5um] 0.21um rpD:0 bl:0 -X---UC---TD---------Pb--- [66.5801um:67.92um] [42.445um:42.865um] 0.42um P------>
        <event:00001526 4:749.775:3.63um> &<id:976176 Horizontal abc_1342_new_n309 Metal2 [39.445um 67.5um] [42.655um 67.5um] 0.29um rpD:1 bl:0 -----UC-----W------------- [39.235um:42.865um] [39.235um:42.865um] 3.63um ------->
        <event:00001527 3:4.23077:0.42um> &<id:976175 Vertical abc_1342_new_n309 Metal2 [42.655um 67um] [42.655um 67.5um] 0.21um rpD:0 bl:0 -X---UC---TD---------Pb--- [66.5801um:67.92um] [42.445um:42.865um] 0.42um P------>
        <event:00001528 4:4.23077:0.42um> &<id:976175 Vertical abc_1342_new_n309 Metal2 [42.655um 67um] [42.655um 67.5um] 0.21um rpD:0 bl:0 -X---UC---TD---------Pb--- [66.5801um:67.92um] [42.445um:42.865um] 0.42um P------>
        <event:00001529 0:662.308:6.02um> &<id:971837 Horizontal n(25) Metal2 [40.905um 67um] [46.505um 67um] 0.29um rpD:0 bl:0 -----UCG--T-----------b--- [40.695um:46.715um] [40.695um:46.715um] 6.02um ------->
        <event:00001530 4:662.308:6.02um> &<id:971837 Horizontal n(25) Metal2 [40.905um 67um] [46.505um 67um] 0.29um rpD:0 bl:0 -----UCG--T-----------b--- [40.695um:46.715um] [40.695um:46.715um] 6.02um ------->
        <event:00001531 1:749.775:3.63um> &<id:976176 Horizontal abc_1342_new_n309 Metal2 [39.445um 67.5um] [42.655um 67.5um] 0.29um rpD:1 bl:0 -----UC-----W------------- [39.235um:42.865um] [39.235um:42.865um] 3.63um ------->
        <event:00001532 0:4.23077:0.42um> &<id:976175 Vertical abc_1342_new_n309 Metal2 [42.655um 67um] [42.655um 67.5um] 0.21um rpD:0 bl:0 -X---UC---TD---------Pb--- [66.5801um:67.92um] [42.445um:42.865um] 0.42um P------>
        <event:00001533 4:4.23077:0.42um> &<id:976175 Vertical abc_1342_new_n309 Metal2 [42.655um 67um] [42.655um 67.5um] 0.21um rpD:0 bl:0 -X---UC---TD---------Pb--- [66.5801um:67.92um] [42.445um:42.865um] 0.42um P------>
        <event:00001534 0:662.308:6.02um> &<id:971837 Horizontal n(25) Metal2 [40.905um 67um] [46.505um 67um] 0.29um rpD:0 bl:0 -----UCG--T-----------b--- [40.695um:46.715um] [40.695um:46.715um] 6.02um ------->
        <event:00001535 4:662.308:6.02um> &<id:971837 Horizontal n(25) Metal2 [40.905um 67um] [46.505um 67um] 0.29um rpD:0 bl:0 -----UCG--T-----------b--- [40.695um:46.715um] [40.695um:46.715um] 6.02um ------->
        <event:00001536 1:749.775:3.63um> &<id:976176 Horizontal abc_1342_new_n309 Metal2 [39.445um 67.5um] [42.655um 67.5um] 0.29um rpD:1 bl:0 -----UC-----W------------- [39.235um:42.865um] [39.235um:42.865um] 3.63um ------->
        <event:00001537 0:4.23077:0.42um> &<id:976175 Vertical abc_1342_new_n309 Metal2 [42.655um 67um] [42.655um 67.5um] 0.21um rpD:0 bl:0 -X---UC---TD---------Pb--- [66.5801um:67.92um] [42.445um:42.865um] 0.42um P------>
        <event:00001538 4:4.23077:0.42um> &<id:976175 Vertical abc_1342_new_n309 Metal2 [42.655um 67um] [42.655um 67.5um] 0.21um rpD:0 bl:0 -X---UC---TD---------Pb--- [66.5801um:67.92um] [42.445um:42.865um] 0.42um P------>
        <event:00001539 0:662.308:6.02um> &<id:971837 Horizontal n(25) Metal2 [40.905um 67um] [46.505um 67um] 0.29um rpD:0 bl:0 -----UCG--T-----------b--- [40.695um:46.715um] [40.695um:46.715um] 6.02um ------->
        <event:00001540 4:662.308:6.02um> &<id:971837 Horizontal n(25) Metal2 [40.905um 67um] [46.505um 67um] 0.29um rpD:0 bl:0 -----UCG--T-----------b--- [40.695um:46.715um] [40.695um:46.715um] 6.02um ------->
        <event:00001541 1:749.775:3.63um> &<id:976176 Horizontal abc_1342_new_n309 Metal2 [39.445um 67.5um] [42.655um 67.5um] 0.29um rpD:1 bl:0 -----UC-----W------------- [39.235um:42.865um] [39.235um:42.865um] 3.63um ------->
        <event:00001542 0:4.23077:0.42um> &<id:976175 Vertical abc_1342_new_n309 Metal2 [42.655um 67um] [42.655um 67.5um] 0.21um rpD:0 bl:0 -X---UC---TD---------Pb--- [66.5801um:67.92um] [42.445um:42.865um] 0.42um P------>
        <event:00001543 0:4.23077:0.42um> &<id:976175 Vertical abc_1342_new_n309 Metal2 [42.655um 67um] [42.655um 67.5um] 0.21um rpD:0 bl:0 -X---UC---TD---------Pb--- [66.5801um:67.92um] [42.445um:42.865um] 0.42um P------>
        <event:00001544 1:343.012:1um> &<id:976175 Vertical abc_1342_new_n309 Metal3 [43um 67um] [43um 67.5um] 0.29um rpD:1 bl:0 -X---UC-----W---r-----bb-- [66.75um:67.75um] [66.75um:67.75um] 1um ------t>
        <event:00001545 0:131.121:0.805um> &<id:976683 Horizontal abc_1342_new_n309 Metal2 [42.655um 67um] [43um 67um] 0.29um rpD:0 bl:0 -----UC---T---AS------bt-- [42.445um:43.25um] [42.445um:43.25um] 0.805um --S--st>
        <event:00001546 0:950.112:3um> &<id:976175 Vertical abc_1342_new_n309 Metal3 [43um 65um] [43um 67.5um] 0.29um rpD:1 bl:0 -X---UC-----W---------bb-- [64.75um:67.75um] [64.75um:67.75um] 3um ------t>
        <event:00001547 0:1153.14:8.27um> &<id:972436 Horizontal abc_1342_new_n301 Metal2 [30.655um 65um] [38.505um 65um] 0.29um rpD:0 bl:0 ------CG--T-----------b--- [30.445um:38.715um] [30.445um:38.715um] 8.27um ------->
        <event:00001548 4:1153.14:8.27um> &<id:972436 Horizontal abc_1342_new_n301 Metal2 [30.655um 65um] [38.505um 65um] 0.29um rpD:0 bl:0 ------CG--T-----------b--- [30.445um:38.715um] [30.445um:38.715um] 8.27um ------->
        <event:00001549 1:905.314:4.41um> &<id:971527 Horizontal abc_1342_new_n308 Metal2 [37.855um 64.5um] [41.845um 64.5um] 0.29um rpD:1 bl:0 -----UCG----W------------- [37.645um:42.055um] [37.645um:42.055um] 4.41um ------->
        <event:00001550 0:4.23077:0.42um> &<id:976166 Vertical abc_1342_new_n308 Metal2 [37.855um 64.5um] [37.855um 65um] 0.21um rpD:0 bl:0 -X---UC---TD---------P-b-- [64.08um:65.42um] [37.645um:38.065um] 0.42um P------>
        <event:00001551 4:4.23077:0.42um> &<id:976166 Vertical abc_1342_new_n308 Metal2 [37.855um 64.5um] [37.855um 65um] 0.21um rpD:0 bl:0 -X---UC---TD---------P-b-- [64.08um:65.42um] [37.645um:38.065um] 0.42um P------>
        <event:00001552 0:1153.14:8.27um> &<id:972436 Horizontal abc_1342_new_n301 Metal2 [30.655um 65um] [38.505um 65um] 0.29um rpD:0 bl:0 ------CG--T-----------b--- [30.445um:38.715um] [30.445um:38.715um] 8.27um ------->
        <event:00001553 5:118.5:0.715um> &<id:972436 Horizontal abc_1342_new_n301 Metal2 [30.355um 65um] [30.86um 65um] 0.29um rpD:0 bl:0 ---a-UC---T----S------tb-- [30.25um:30.965um] [30.25um:30.965um] 0.715um --S---t>
        <event:00001554 3:141:0.715um> &<id:976691 Horizontal abc_1342_new_n301 Metal2 [38.23um 65um] [38.735um 65um] 0.29um rpD:1 bl:0 ---a--C-----W-AS------t--- [38.125um:38.84um] [38.125um:38.84um] 0.715um --S--s->
        <event:00001555 3:494.787:1.5um> &<id:976686 Vertical abc_1342_new_n301 Metal3 [30.5um 65um] [30.5um 66um] 0.29um rpD:1 bl:0 ------C-----W-AS------bb-- [64.75um:66.25um] [64.75um:66.25um] 1.5um --S--st>
        <event:00001556 3:2619.64:8.5um> &<id:976687 Horizontal abc_1342_new_n301 Metal2 [30.5um 65um] [38.5um 65um] 0.29um rpD:2 bl:0 ------CG-----w--------tt-- [30.25um:38.75um] [30.25um:38.75um] 8.5um -----st>
        <event:00001557 3:494.787:1.5um> &<id:976690 Vertical abc_1342_new_n301 Metal3 [38.5um 64um] [38.5um 65um] 0.29um rpD:2 bl:0 ------C------wAS------bb-- [63.75um:65.25um] [63.75um:65.25um] 1.5um --S--st>
        <event:00001558 0:4.23077:0.42um> &<id:975901 Vertical abc_1342_new_n301 Metal2 [38.505um 65um] [38.505um 65.5um] 0.21um rpD:0 bl:0 -X---UC---TD---------P-b-- [64.58um:65.92um] [38.295um:38.715um] 0.42um P------>
        <event:00001559 0:1457.41:8.305um> &<id:972694 Horizontal abc_1342_new_n253 Metal2 [30um 44.5um] [37.845um 44.5um] 0.29um rpD:0 bl:0 -----UCG--T-----------tb-- [29.75um:38.055um] [29.75um:38.055um] 8.305um ------->
        <event:00001560 0:913.231:8.35um> &<id:972050 Horizontal n(24) Metal2 [32.325um 66um] [40.255um 66um] 0.29um rpD:0 bl:0 -----UCG--T-----------bb-- [32.115um:40.465um] [32.115um:40.465um] 8.35um ------->
        <event:00001561 4:913.231:8.35um> &<id:972050 Horizontal n(24) Metal2 [32.325um 66.5um] [40.255um 66.5um] 0.29um rpD:0 bl:0 -----UCG--T-----------bb-- [32.115um:40.465um] [32.115um:40.465um] 8.35um ------->
        <event:00001562 3:1860.76:6um> &<id:972353 Vertical abc_1342_auto_rtlil_cc_2739_MuxGate_1329 Metal3 [34.5um 61um] [34.5um 66.5um] 0.29um rpD:1 bl:0 ------CG----W---------bb-- [60.75um:66.75um] [60.75um:66.75um] 6um ------->
        <event:00001563 0:132.524:0.815um> &<id:974056 Horizontal abc_1342_auto_rtlil_cc_2739_MuxGate_1329 Metal2 [34.285um 66.5um] [34.89um 66.5um] 0.29um rpD:0 bl:0 ---a-UC---T-----------tb-- [34.18um:34.995um] [34.18um:34.995um] 0.815um ------->
        <event:00001564 0:1217.96:8.555um> &<id:972850 Horizontal abc_1342_new_n239 Metal2 [28.905um 38um] [37um 38um] 0.29um rpD:0 bl:0 -----UCG--T-----------bt-- [28.695um:37.25um] [28.695um:37.25um] 8.555um ------->
        <event:00001565 0:935.308:8.555um> &<id:972811 Horizontal mem_inputs(10) Metal2 [52.905um 21um] [61um 21um] 0.29um rpD:0 bl:0 -----UCG--T-----------bt-- [52.695um:61.25um] [52.695um:61.25um] 8.555um ------->
        <event:00001566 4:935.308:8.555um> &<id:972811 Horizontal mem_inputs(10) Metal2 [52.905um 19.5um] [61um 19.5um] 0.29um rpD:0 bl:0 -----UCG--T-----------bt-- [52.695um:61.25um] [52.695um:61.25um] 8.555um ------->
        <event:00001567 3:1708.99:5.5um> &<id:970955 Vertical init Metal3 [53.5um 14.5um] [53.5um 19.5um] 0.29um rpD:1 bl:0 ------CG----W---------bb-- [14.25um:19.75um] [14.25um:19.75um] 5.5um ------->
        <event:00001568 1:915.249:5.355um> &<id:972217 Horizontal outputs(1) Metal2 [56.105um 19um] [61um 19um] 0.29um rpD:1 bl:0 ------CG----W----------t-- [55.895um:61.25um] [55.895um:61.25um] 5.355um ------->
        <event:00001569 0:4.23077:0.42um> &<id:973502 Vertical outputs(1) Metal2 [56.105um 19um] [56.105um 19.5um] 0.21um rpD:0 bl:0 -X---UC---TD---------P-b-- [18.5801um:19.92um] [55.895um:56.315um] 0.42um P------>
        <event:00001570 4:4.23077:0.42um> &<id:973502 Vertical outputs(1) Metal2 [56.105um 19um] [56.105um 19.5um] 0.21um rpD:0 bl:0 -X---UC---TD---------P-b-- [18.5801um:19.92um] [55.895um:56.315um] 0.42um P------>
        <event:00001571 0:99.6154:0.795um> &<id:974708 Horizontal init Metal2 [53.145um 19.5um] [53.73um 19.5um] 0.29um rpD:0 bl:0 ---a-UC---T-----------bt-- [53.04um:53.835um] [53.04um:53.835um] 0.795um ------->
        <event:00001572 0:935.308:8.555um> &<id:972811 Horizontal mem_inputs(10) Metal2 [52.905um 19.5um] [61um 19.5um] 0.29um rpD:0 bl:0 -----UCG--T-----------bt-- [52.695um:61.25um] [52.695um:61.25um] 8.555um ------->
        <event:00001573 4:935.308:8.555um> &<id:972811 Horizontal mem_inputs(10) Metal2 [52.905um 19.5um] [61um 19.5um] 0.29um rpD:0 bl:0 -----UCG--T-----------bt-- [52.695um:61.25um] [52.695um:61.25um] 8.555um ------->
        <event:00001574 3:1708.99:5.5um> &<id:970955 Vertical init Metal3 [53.5um 14.5um] [53.5um 19.5um] 0.29um rpD:1 bl:0 ------CG----W---------bb-- [14.25um:19.75um] [14.25um:19.75um] 5.5um ------->
        <event:00001575 1:915.249:5.355um> &<id:972217 Horizontal outputs(1) Metal2 [56.105um 19um] [61um 19um] 0.29um rpD:1 bl:0 ------CG----W----------t-- [55.895um:61.25um] [55.895um:61.25um] 5.355um ------->
        <event:00001576 0:4.23077:0.42um> &<id:973502 Vertical outputs(1) Metal2 [56.105um 19um] [56.105um 19.5um] 0.21um rpD:0 bl:0 -X---UC---TD---------P-b-- [18.5801um:19.92um] [55.895um:56.315um] 0.42um P------>
        <event:00001577 4:4.23077:0.42um> &<id:973502 Vertical outputs(1) Metal2 [56.105um 19um] [56.105um 19.5um] 0.21um rpD:0 bl:0 -X---UC---TD---------P-b-- [18.5801um:19.92um] [55.895um:56.315um] 0.42um P------>
        <event:00001578 0:99.6154:0.795um> &<id:974708 Horizontal init Metal2 [53.145um 19.5um] [53.73um 19.5um] 0.29um rpD:0 bl:0 ---a-UC---T-----------bt-- [53.04um:53.835um] [53.04um:53.835um] 0.795um ------->
        <event:00001579 0:935.308:8.555um> &<id:972811 Horizontal mem_inputs(10) Metal2 [52.905um 19.5um] [61um 19.5um] 0.29um rpD:0 bl:0 -----UCG--T-----------bt-- [52.695um:61.25um] [52.695um:61.25um] 8.555um ------->
        <event:00001580 4:935.308:8.555um> &<id:972811 Horizontal mem_inputs(10) Metal2 [52.905um 20.5um] [61um 20.5um] 0.29um rpD:0 bl:0 -----UCG--T-----------bt-- [52.695um:61.25um] [52.695um:61.25um] 8.555um ------->
        <event:00001581 0:403.846:3.62um> &<id:974705 Horizontal init Metal2 [53.415um 20.5um] [56.615um 20.5um] 0.29um rpD:0 bl:0 -----UC---T-----------bb-- [53.205um:56.825um] [53.205um:56.825um] 3.62um ------->
        <event:00001582 4:403.846:3.62um> &<id:974705 Horizontal init Metal2 [53.415um 20um] [56.615um 20um] 0.29um rpD:0 bl:0 -----UC---T-----------bb-- [53.205um:56.825um] [53.205um:56.825um] 3.62um ------->
        <event:00001583 3:2012.54:6.5um> &<id:971340 Vertical abc_1342_new_n175 Metal3 [51.5um 20um] [51.5um 26um] 0.29um rpD:1 bl:0 ------CG----W---------bb-- [19.75um:26.25um] [19.75um:26.25um] 6.5um ------->
        <event:00001584 3:1708.99:5.5um> &<id:971339 Vertical abc_1342_new_n175 Metal3 [53um 15um] [53um 20um] 0.29um rpD:1 bl:0 -----UCG----W---------bb-- [14.75um:20.25um] [14.75um:20.25um] 5.5um ------->
        <event:00001585 0:229.385:1.205um> &<id:974967 Horizontal abc_1342_new_n175 Metal2 [52.255um 20um] [53um 20um] 0.29um rpD:0 bl:0 -----UC---T-----------bt-- [52.045um:53.25um] [52.045um:53.25um] 1.205um ------->
        <event:00001586 4:143.769:1.205um> &<id:974967 Horizontal abc_1342_new_n175 Metal2 [52.255um 19.5um] [53um 19.5um] 0.29um rpD:0 bl:0 -----UC---T-----------bt-- [52.045um:53.25um] [52.045um:53.25um] 1.205um ------->
        <event:00001587 3:1708.99:5.5um> &<id:970955 Vertical init Metal3 [53.5um 14.5um] [53.5um 19.5um] 0.29um rpD:1 bl:0 ------CG----W---------bb-- [14.25um:19.75um] [14.25um:19.75um] 5.5um ------->
        <event:00001588 0:99.6154:0.795um> &<id:974708 Horizontal init Metal2 [53.145um 19.5um] [53.73um 19.5um] 0.29um rpD:0 bl:0 ---a-UC---T-----------bt-- [53.04um:53.835um] [53.04um:53.835um] 0.795um ------->
        <event:00001589 0:1507.51:8.595um> &<id:971280 Horizontal abc_1342_new_n123 Metal2 [22.365um 20um] [26.5um 20um] 0.29um rpD:0 bl:0 -----UCG--T-----------bt-- [22.155um:26.75um] [22.155um:30.75um] 8.595um ------->
        <event:00001590 4:1507.51:8.595um> &<id:971280 Horizontal abc_1342_new_n123 Metal2 [22.365um 21.5um] [26.5um 21.5um] 0.29um rpD:0 bl:0 -----UCG--T-----------bt-- [22.155um:26.75um] [22.155um:30.75um] 8.595um ------->
        <event:00001591 3:2316.09:7.5um> &<id:971175 Vertical clk_root_0 Metal3 [29um 14.5um] [29um 21.5um] 0.29um rpD:1 bl:0 ------CG----W---------bb-- [14.25um:21.75um] [14.25um:21.75um] 7.5um ------->
        <event:00001592 3:1860.76:6um> &<id:971177 Vertical clk_root_0 Metal3 [26um 21.5um] [26um 27um] 0.29um rpD:1 bl:0 ------CG----W---------bb-- [21.25um:27.25um] [21.25um:27.25um] 6um ------->
        <event:00001593 0:627.195:3.5um> &<id:973953 Horizontal clk_root_0 Metal2 [27.085um 21.5um] [29um 21.5um] 0.29um rpD:0 bl:0 -----UC---T-----------bt-- [26.875um:29.25um] [25.75um:29.25um] 3.5um ------->
        <event:00001594 0:1485.95:8.62um> &<id:971874 Horizontal n(22) Metal2 [7.525um 66um] [15.725um 66um] 0.29um rpD:0 bl:0 -----UCG--T------------b-- [7.315um:15.935um] [7.315um:15.935um] 8.62um ------->
        <event:00001595 0:1516.15:8.645um> &<id:971250 Horizontal clk_root_2 Metal2 [16.5um 94um] [24.685um 94um] 0.29um rpD:0 bl:0 -----UCG--T-----------tb-- [16.25um:24.895um] [16.25um:24.895um] 8.645um ------->
        <event:00001596 0:1523.93:8.69um> &<id:972093 Horizontal n(16) Metal2 [53.855um 95um] [62.125um 95um] 0.29um rpD:0 bl:0 -----UCG--T-----------b--- [53.645um:62.335um] [53.645um:62.335um] 8.69um ------->
        <event:00001597 0:955.769:8.745um> &<id:970953 Horizontal init Metal2 [46.215um 25.5um] [54.5um 25.5um] 0.29um rpD:0 bl:0 -----UCG--T-----------bt-- [46.005um:54.75um] [46.005um:54.75um] 8.745um ------->
        <event:00001598 4:955.769:8.745um> &<id:970953 Horizontal init Metal2 [46.215um 26.5um] [54.5um 26.5um] 0.29um rpD:0 bl:0 -----UCG--T-----------bt-- [46.005um:54.75um] [46.005um:54.75um] 8.745um ------->
        <event:00001599 3:3682.07:12um> &<id:973073 Vertical outputs(3) Metal3 [57um 15um] [57um 26um] 0.29um rpD:1 bl:0 ------CG----W---------bb-- [14.75um:26.25um] [14.75um:26.75um] 12um ------->
        <event:00001600 1:5480.65:32.715um> &<id:973303 Horizontal abc_1342_new_n235 Metal2 [16um 26.5um] [48.255um 26.5um] 0.29um rpD:1 bl:0 ------CG----W---------t--- [15.75um:48.465um] [15.75um:48.465um] 32.715um ------->
        <event:00001601 4:5480.65:32.715um> &<id:973303 Horizontal abc_1342_new_n235 Metal2 [16um 25um] [48.255um 25um] 0.29um rpD:1 bl:0 ------CG----W---------t--- [15.75um:48.465um] [15.75um:48.465um] 32.715um ------->
        <event:00001602 3:1405.44:4.5um> &<id:972410 Vertical abc_1342_new_n221 Metal3 [40.5um 21um] [40.5um 25um] 0.29um rpD:1 bl:0 ------CG----W---------bb-- [20.75um:25.25um] [20.75um:25.25um] 4.5um ------->
        <event:00001603 0:4.23077:0.42um> &<id:975710 Vertical abc_1342_new_n235 Metal2 [48.255um 25um] [48.255um 25.5um] 0.21um rpD:0 bl:0 -X---UC---TD---------P-b-- [24.5801um:25.92um] [48.045um:48.465um] 0.42um P------>
        <event:00001604 0:187.467:0.955um> &<id:975659 Horizontal abc_1342_new_n221 Metal2 [40.235um 25um] [40.98um 25um] 0.29um rpD:0 bl:0 ---a-UC---T-----------tb-- [40.13um:41.085um] [40.13um:41.085um] 0.955um ------->
        <event:00001605 4:187.467:0.955um> &<id:975659 Horizontal abc_1342_new_n221 Metal2 [40.235um 25.5um] [40.98um 25.5um] 0.29um rpD:0 bl:0 ---a-UC---T-----------tb-- [40.13um:41.085um] [40.13um:41.085um] 0.955um ------->
        <event:00001606 3:1860.76:6um> &<id:971044 Vertical abc_1342_new_n174 Metal3 [41um 20um] [41um 25.5um] 0.29um rpD:1 bl:0 ------CG----W---------bb-- [19.75um:25.75um] [19.75um:25.75um] 6um ------->
        <event:00001607 0:316.077:2.805um> &<id:975039 Horizontal abc_1342_new_n174 Metal2 [38.655um 25.5um] [41um 25.5um] 0.29um rpD:0 bl:0 -----UC---T-----------bt-- [38.445um:41.25um] [38.445um:41.25um] 2.805um ------->
        <event:00001608 4:316.077:2.805um> &<id:975039 Horizontal abc_1342_new_n174 Metal2 [38.655um 26.5um] [41um 26.5um] 0.29um rpD:0 bl:0 -----UC---T-----------bt-- [38.445um:41.25um] [38.445um:41.25um] 2.805um ------->
        <event:00001609 3:1708.99:5.5um> &<id:972770 Vertical outputs(4) Metal3 [39um 26.5um] [39um 31.5um] 0.29um rpD:1 bl:0 ------CG----W---------bb-- [26.25um:31.75um] [26.25um:31.75um] 5.5um ------->
        <event:00001610 0:110.385:0.895um> &<id:973657 Horizontal outputs(4) Metal2 [38.79um 26.5um] [39.475um 26.5um] 0.29um rpD:0 bl:0 ---a-UC---T-----------tb-- [38.685um:39.58um] [38.685um:39.58um] 0.895um ------->
        <event:00001611 0:403.846:3.62um> &<id:975036 Horizontal abc_1342_new_n174 Metal2 [38.655um 25.5um] [41.855um 25.5um] 0.29um rpD:0 bl:0 -----UC---T-----------bb-- [38.445um:42.065um] [38.445um:42.065um] 3.62um ------->
        <event:00001612 0:590.692:5.355um> &<id:973533 Horizontal outputs(3) Metal2 [52.105um 26.5um] [57um 26.5um] 0.29um rpD:0 bl:0 -----UC---T-----------bt-- [51.895um:57.25um] [51.895um:57.25um] 5.355um ------->
        <event:00001613 4:590.692:5.355um> &<id:973533 Horizontal outputs(3) Metal2 [52.105um 25.5um] [57um 25.5um] 0.29um rpD:0 bl:0 -----UC---T-----------bt-- [51.895um:57.25um] [51.895um:57.25um] 5.355um ------->
        <event:00001614 3:1557.21:5um> &<id:971050 Vertical abc_1342_new_n174 Metal3 [51.5um 22.5um] [51.5um 25.5um] 0.29um rpD:1 bl:0 ------CG----W---------bb-- [22.25um:25.75um] [20.75um:25.75um] 5um ------->
        <event:00001615 3:1708.99:5.5um> &<id:971053 Vertical abc_1342_new_n174 Metal3 [57um 25.5um] [57um 30.5um] 0.29um rpD:2 bl:0 ------CG-----w--------bb-- [25.25um:30.75um] [25.25um:30.75um] 5.5um ------->
        <event:00001616 0:660.692:0.715um> &<id:975061 Horizontal abc_1342_new_n174 Metal2 [51.35um 25.5um] [51.855um 25.5um] 0.29um rpD:0 bl:0 ---a-UC---T-----------bt-- [51.245um:51.96um] [51.245um:51.96um] 0.715um ------->
        <event:00001617 0:1557.62:8.885um> &<id:971573 Horizontal n(27) Metal2 [50.5um 61.5um] [58.925um 61.5um] 0.29um rpD:0 bl:0 ------CG--T-----------tb-- [50.25um:59.135um] [50.25um:59.135um] 8.885um ------->
        <event:00001618 0:973:8.905um> &<id:971334 Horizontal abc_1342_new_n175 Metal2 [45.055um 26um] [53um 26um] 0.29um rpD:0 bl:0 -----UCG--T-----------bt-- [44.845um:53.25um] [44.845um:53.75um] 8.905um ------->
        <event:00001619 4:973:8.905um> &<id:971334 Horizontal abc_1342_new_n175 Metal2 [45.055um 26.5um] [53um 26.5um] 0.29um rpD:0 bl:0 -----UCG--T-----------bt-- [44.845um:53.25um] [44.845um:53.75um] 8.905um ------->
        <event:00001620 3:1860.76:6um> &<id:970954 Vertical init Metal3 [54.5um 21um] [54.5um 26.5um] 0.29um rpD:1 bl:0 -----UCG----W---------bb-- [20.75um:26.75um] [20.75um:26.75um] 6um ------->
        <event:00001621 0:955.769:8.745um> &<id:970953 Horizontal init Metal2 [46.215um 26.5um] [54.5um 26.5um] 0.29um rpD:0 bl:0 -----UCG--T-----------bt-- [46.005um:54.75um] [46.005um:54.75um] 8.745um ------->
        <event:00001622 4:955.769:8.745um> &<id:970953 Horizontal init Metal2 [46.215um 26.5um] [54.5um 26.5um] 0.29um rpD:0 bl:0 -----UCG--T-----------bt-- [46.005um:54.75um] [46.005um:54.75um] 8.745um ------->
        <event:00001623 3:6717.57:22um> &<id:971335 Vertical abc_1342_new_n175 Metal3 [53.5um 26.5um] [53.5um 48um] 0.29um rpD:1 bl:0 ------CG----W---------bb-- [26.25um:48.25um] [26.25um:48.25um] 22um ------->
        <event:00001624 3:2316.09:7.5um> &<id:971340 Vertical abc_1342_new_n175 Metal3 [53um 19.5um] [53um 26.5um] 0.29um rpD:1 bl:0 ------CG----W---------bb-- [19.25um:26.75um] [19.25um:26.75um] 7.5um ------->
        <event:00001625 0:973:8.905um> &<id:971334 Horizontal abc_1342_new_n175 Metal2 [45.055um 26.5um] [53um 26.5um] 0.29um rpD:0 bl:0 -----UCG--T-----------bt-- [44.845um:53.25um] [44.845um:53.75um] 8.905um ------->
        <event:00001626 4:973:8.905um> &<id:971334 Horizontal abc_1342_new_n175 Metal2 [45.055um 26.5um] [53um 26.5um] 0.29um rpD:0 bl:0 -----UCG--T-----------bt-- [44.845um:53.25um] [44.845um:53.75um] 8.905um ------->
        <event:00001627 3:1860.76:6um> &<id:970954 Vertical init Metal3 [54.5um 21um] [54.5um 26.5um] 0.29um rpD:1 bl:0 -----UCG----W---------bb-- [20.75um:26.75um] [20.75um:26.75um] 6um ------->
        <event:00001628 0:955.769:8.745um> &<id:970953 Horizontal init Metal2 [46.215um 26.5um] [54.5um 26.5um] 0.29um rpD:0 bl:0 -----UCG--T-----------bt-- [46.005um:54.75um] [46.005um:54.75um] 8.745um ------->
        <event:00001629 4:955.769:8.745um> &<id:970953 Horizontal init Metal2 [46.215um 26.5um] [54.5um 26.5um] 0.29um rpD:0 bl:0 -----UCG--T-----------bt-- [46.005um:54.75um] [46.005um:54.75um] 8.745um ------->
        <event:00001630 3:6717.57:22um> &<id:971335 Vertical abc_1342_new_n175 Metal3 [53.5um 26.5um] [53.5um 48um] 0.29um rpD:1 bl:0 ------CG----W---------bb-- [26.25um:48.25um] [26.25um:48.25um] 22um ------->
        <event:00001631 3:2316.09:7.5um> &<id:971340 Vertical abc_1342_new_n175 Metal3 [53um 19.5um] [53um 26.5um] 0.29um rpD:1 bl:0 ------CG----W---------bb-- [19.25um:26.75um] [19.25um:26.75um] 7.5um ------->
        <event:00001632 0:973:8.905um> &<id:971334 Horizontal abc_1342_new_n175 Metal2 [45.055um 26.5um] [53um 26.5um] 0.29um rpD:0 bl:0 -----UCG--T-----------bt-- [44.845um:53.25um] [44.845um:53.75um] 8.905um ------->
        <event:00001633 4:973:8.905um> &<id:971334 Horizontal abc_1342_new_n175 Metal2 [45.055um 26.5um] [53um 26.5um] 0.29um rpD:0 bl:0 -----UCG--T-----------bt-- [44.845um:53.25um] [44.845um:53.75um] 8.905um ------->
        <event:00001634 3:1860.76:6um> &<id:970954 Vertical init Metal3 [54.5um 21um] [54.5um 26.5um] 0.29um rpD:1 bl:0 -----UCG----W---------bb-- [20.75um:26.75um] [20.75um:26.75um] 6um ------->
        <event:00001635 0:955.769:8.745um> &<id:970953 Horizontal init Metal2 [46.215um 26.5um] [54.5um 26.5um] 0.29um rpD:0 bl:0 -----UCG--T-----------bt-- [46.005um:54.75um] [46.005um:54.75um] 8.745um ------->
        <event:00001636 4:955.769:8.745um> &<id:970953 Horizontal init Metal2 [46.215um 26.5um] [54.5um 26.5um] 0.29um rpD:0 bl:0 -----UCG--T-----------bt-- [46.005um:54.75um] [46.005um:54.75um] 8.745um ------->
        <event:00001637 3:6717.57:22um> &<id:971335 Vertical abc_1342_new_n175 Metal3 [53.5um 26.5um] [53.5um 48um] 0.29um rpD:1 bl:0 ------CG----W---------bb-- [26.25um:48.25um] [26.25um:48.25um] 22um ------->
        <event:00001638 3:2316.09:7.5um> &<id:971340 Vertical abc_1342_new_n175 Metal3 [53um 19.5um] [53um 26.5um] 0.29um rpD:1 bl:0 ------CG----W---------bb-- [19.25um:26.75um] [19.25um:26.75um] 7.5um ------->
        <event:00001639 0:973:8.905um> &<id:971334 Horizontal abc_1342_new_n175 Metal2 [45.055um 26.5um] [53um 26.5um] 0.29um rpD:0 bl:0 -----UCG--T-----------bt-- [44.845um:53.25um] [44.845um:53.75um] 8.905um ------->
        <event:00001640 4:973:8.905um> &<id:971334 Horizontal abc_1342_new_n175 Metal2 [45.055um 25.5um] [53um 25.5um] 0.29um rpD:0 bl:0 -----UCG--T-----------bt-- [44.845um:53.25um] [44.845um:53.75um] 8.905um ------->
        <event:00001641 3:3530.29:11.5um> &<id:973073 Vertical outputs(3) Metal3 [57um 15um] [57um 26um] 0.29um rpD:1 bl:0 ------CG----W---------bb-- [14.75um:26.25um] [14.75um:26.25um] 11.5um ------->
        <event:00001642 3:1405.44:4.5um> &<id:972831 Vertical abc_1342_new_n234 Metal3 [49um 21.5um] [49um 25.5um] 0.29um rpD:1 bl:0 ------CG----W---------bb-- [21.25um:25.75um] [21.25um:25.75um] 4.5um ------->
        <event:00001643 1:5480.65:32.715um> &<id:973303 Horizontal abc_1342_new_n235 Metal2 [16um 25um] [48.255um 25um] 0.29um rpD:1 bl:0 ------CG----W---------t--- [15.75um:48.465um] [15.75um:48.465um] 32.715um ------->
        <event:00001644 0:4.23077:0.42um> &<id:975710 Vertical abc_1342_new_n235 Metal2 [48.255um 25um] [48.255um 25.5um] 0.21um rpD:0 bl:0 -X---UC---TD---------P-b-- [24.5801um:25.92um] [48.045um:48.465um] 0.42um P------>
        <event:00001645 4:4.23077:0.42um> &<id:975710 Vertical abc_1342_new_n235 Metal2 [48.255um 25um] [48.255um 25.5um] 0.21um rpD:0 bl:0 -X---UC---TD---------P-b-- [24.5801um:25.92um] [48.045um:48.465um] 0.42um P------>
        <event:00001646 0:93.1538:0.735um> &<id:975707 Horizontal abc_1342_new_n234 Metal2 [48.67um 25.5um] [49.195um 25.5um] 0.29um rpD:0 bl:0 ---a-UC---T-----------bt-- [48.565um:49.3um] [48.565um:49.3um] 0.735um ------->
        <event:00001647 0:403.846:3.62um> &<id:972563 Horizontal outputs(2) Metal2 [42.505um 25.5um] [45.705um 25.5um] 0.29um rpD:0 bl:0 -----UCG--T------------b-- [42.295um:45.915um] [42.295um:45.915um] 3.62um ------->
        <event:00001648 0:590.692:5.355um> &<id:973533 Horizontal outputs(3) Metal2 [52.105um 25.5um] [57um 25.5um] 0.29um rpD:0 bl:0 -----UC---T-----------bt-- [51.895um:57.25um] [51.895um:57.25um] 5.355um ------->
        <event:00001649 0:973:8.905um> &<id:971334 Horizontal abc_1342_new_n175 Metal2 [45.055um 25.5um] [53um 25.5um] 0.29um rpD:0 bl:0 -----UCG--T-----------bt-- [44.845um:53.25um] [44.845um:53.75um] 8.905um ------->
        <event:00001650 4:973:8.905um> &<id:971334 Horizontal abc_1342_new_n175 Metal2 [45.055um 25.5um] [53um 25.5um] 0.29um rpD:0 bl:0 -----UCG--T-----------bt-- [44.845um:53.25um] [44.845um:53.75um] 8.905um ------->
        <event:00001651 3:3530.29:11.5um> &<id:973073 Vertical outputs(3) Metal3 [57um 15um] [57um 26um] 0.29um rpD:1 bl:0 ------CG----W---------bb-- [14.75um:26.25um] [14.75um:26.25um] 11.5um ------->
        <event:00001652 3:1405.44:4.5um> &<id:972831 Vertical abc_1342_new_n234 Metal3 [49um 21.5um] [49um 25.5um] 0.29um rpD:1 bl:0 ------CG----W---------bb-- [21.25um:25.75um] [21.25um:25.75um] 4.5um ------->
        <event:00001653 1:5480.65:32.715um> &<id:973303 Horizontal abc_1342_new_n235 Metal2 [16um 25um] [48.255um 25um] 0.29um rpD:1 bl:0 ------CG----W---------t--- [15.75um:48.465um] [15.75um:48.465um] 32.715um ------->
        <event:00001654 0:4.23077:0.42um> &<id:975710 Vertical abc_1342_new_n235 Metal2 [48.255um 25um] [48.255um 25.5um] 0.21um rpD:0 bl:0 -X---UC---TD---------P-b-- [24.5801um:25.92um] [48.045um:48.465um] 0.42um P------>
        <event:00001655 4:4.23077:0.42um> &<id:975710 Vertical abc_1342_new_n235 Metal2 [48.255um 25um] [48.255um 25.5um] 0.21um rpD:0 bl:0 -X---UC---TD---------P-b-- [24.5801um:25.92um] [48.045um:48.465um] 0.42um P------>
        <event:00001656 0:93.1538:0.735um> &<id:975707 Horizontal abc_1342_new_n234 Metal2 [48.67um 25.5um] [49.195um 25.5um] 0.29um rpD:0 bl:0 ---a-UC---T-----------bt-- [48.565um:49.3um] [48.565um:49.3um] 0.735um ------->
        <event:00001657 0:403.846:3.62um> &<id:972563 Horizontal outputs(2) Metal2 [42.505um 25.5um] [45.705um 25.5um] 0.29um rpD:0 bl:0 -----UCG--T------------b-- [42.295um:45.915um] [42.295um:45.915um] 3.62um ------->
        <event:00001658 0:590.692:5.355um> &<id:973533 Horizontal outputs(3) Metal2 [52.105um 25.5um] [57um 25.5um] 0.29um rpD:0 bl:0 -----UC---T-----------bt-- [51.895um:57.25um] [51.895um:57.25um] 5.355um ------->
        <event:00001659 0:973:8.905um> &<id:971334 Horizontal abc_1342_new_n175 Metal2 [45.055um 25.5um] [53um 25.5um] 0.29um rpD:0 bl:0 -----UCG--T-----------bt-- [44.845um:53.25um] [44.845um:53.75um] 8.905um ------->
        <event:00001660 4:973:8.905um> &<id:971334 Horizontal abc_1342_new_n175 Metal2 [45.055um 26um] [53um 26um] 0.29um rpD:0 bl:0 -----UCG--T-----------bt-- [44.845um:53.25um] [44.845um:53.75um] 8.905um ------->
        <event:00001661 3:1860.76:6um> &<id:970954 Vertical init Metal3 [54.5um 21um] [54.5um 26.5um] 0.29um rpD:1 bl:0 -----UCG----W---------bb-- [20.75um:26.75um] [20.75um:26.75um] 6um ------->
        <event:00001662 3:1708.99:5.5um> &<id:971050 Vertical abc_1342_new_n174 Metal3 [51.5um 22.5um] [51.5um 26um] 0.29um rpD:1 bl:0 ------CG----W---------bb-- [22.25um:26.25um] [20.75um:26.25um] 5.5um ------->
        <event:00001663 3:1557.21:5um> &<id:971053 Vertical abc_1342_new_n174 Metal3 [51.5um 26um] [51.5um 30.5um] 0.29um rpD:2 bl:0 ------CG-----w--------bb-- [25.75um:30.75um] [25.75um:30.75um] 5um ------->
        <event:00001664 1:1084.62:6.37um> &<id:971689 Horizontal abc_1342_auto_rtlil_cc_2739_MuxGate_1275 Metal2 [50.355um 26um] [56.305um 26um] 0.29um rpD:1 bl:0 -----UCG----W------------- [50.145um:56.515um] [50.145um:56.515um] 6.37um ------->
        <event:00001665 0:4.23077:0.42um> &<id:974137 Vertical abc_1342_auto_rtlil_cc_2739_MuxGate_1275 Metal2 [50.355um 25um] [50.355um 25um] 0.21um rpD:0 bl:0 -X---UC---TD---------P-b-- [24.5801um:25.42um] [50.145um:50.565um] 0.42um P------>
        <event:00001666 0:4.23077:0.42um> &<id:974140 Vertical abc_1342_auto_rtlil_cc_2739_MuxGate_1275 Metal2 [56.305um 25um] [56.305um 25.5um] 0.21um rpD:0 bl:0 -X---UC---TD---------P-b-- [24.5801um:25.92um] [56.095um:56.515um] 0.42um P------>
        <event:00001667 4:4.23077:0.42um> &<id:974140 Vertical abc_1342_auto_rtlil_cc_2739_MuxGate_1275 Metal2 [56.305um 25um] [56.305um 25.5um] 0.21um rpD:0 bl:0 -X---UC---TD---------P-b-- [24.5801um:25.92um] [56.095um:56.515um] 0.42um P------>
        <event:00001668 3:3530.29:11.5um> &<id:973073 Vertical outputs(3) Metal3 [57um 15um] [57um 26um] 0.29um rpD:1 bl:0 ------CG----W---------bb-- [14.75um:26.25um] [14.75um:26.25um] 11.5um ------->
        <event:00001669 0:91:0.715um> &<id:975061 Horizontal abc_1342_new_n174 Metal2 [51.35um 26um] [51.855um 26um] 0.29um rpD:0 bl:0 ---a-UC---T-----------bt-- [51.245um:51.96um] [51.245um:51.96um] 0.715um ------->
        <event:00001670 0:266.538:2.345um> &<id:974700 Horizontal init Metal2 [52.615um 26um] [54.5um 26um] 0.29um rpD:0 bl:0 -----UC---T-----------bt-- [52.405um:54.75um] [52.405um:54.75um] 2.345um ------->
        <event:00001671 0:302.615:2.68um> &<id:975700 Horizontal abc_1342_new_n233 Metal2 [47.155um 26um] [49.415um 26um] 0.29um rpD:0 bl:0 -----UC---T-----------bb-- [46.945um:49.625um] [46.945um:49.625um] 2.68um ------->
        <event:00001672 4:302.615:2.68um> &<id:975700 Horizontal abc_1342_new_n233 Metal2 [47.155um 25.5um] [49.415um 25.5um] 0.29um rpD:0 bl:0 -----UC---T-----------bb-- [46.945um:49.625um] [46.945um:49.625um] 2.68um ------->
        <event:00001673 3:1405.44:4.5um> &<id:972831 Vertical abc_1342_new_n234 Metal3 [49um 21.5um] [49um 25.5um] 0.29um rpD:1 bl:0 ------CG----W---------bb-- [21.25um:25.75um] [21.25um:25.75um] 4.5um ------->
        <event:00001674 1:5480.65:32.715um> &<id:973303 Horizontal abc_1342_new_n235 Metal2 [16um 25um] [48.255um 25um] 0.29um rpD:1 bl:0 ------CG----W---------t--- [15.75um:48.465um] [15.75um:48.465um] 32.715um ------->
        <event:00001675 5:10056.6:33um> &<id:973303 Horizontal abc_1342_new_n235 Metal4 [16um 25um] [48.5um 25um] 0.29um rpD:2 bl:0 ------CG-----w--------bb-- [15.75um:48.75um] [15.75um:48.75um] 33um ------t>
        <event:00001676 3:141:0.715um> &<id:976695 Horizontal abc_1342_new_n235 Metal2 [48.145um 25um] [48.65um 25um] 0.29um rpD:1 bl:0 ---a--C-----W----------t-- [48.04um:48.755um] [48.04um:48.755um] 0.715um -----s->
        <event:00001677 3:254.982:2um> &<id:976694 Vertical abc_1342_new_n235 Metal3 [48.5um 25um] [48.5um 26.5um] 0.29um rpD:2 bl:0 ------C------wAS------bt-- [24.75um:26.75um] [24.75um:26.75um] 2um --S--st>
        <event:00001678 0:4.23077:0.42um> &<id:975710 Vertical abc_1342_new_n235 Metal2 [48.255um 25um] [48.255um 25.5um] 0.21um rpD:0 bl:0 -X---UC---TD---------P-b-- [24.5801um:25.92um] [48.045um:48.465um] 0.42um P------>
        <event:00001679 4:4.23077:0.42um> &<id:975710 Vertical abc_1342_new_n235 Metal2 [48.255um 25um] [48.255um 25.5um] 0.21um rpD:0 bl:0 -X---UC---TD---------P-b-- [24.5801um:25.92um] [48.045um:48.465um] 0.42um P------>
        <event:00001680 4:4.23077:0.42um> &<id:975710 Vertical abc_1342_new_n235 Metal2 [48.255um 25um] [48.255um 25.5um] 0.21um rpD:0 bl:0 -X---UC---TD---------P-b-- [24.5801um:25.92um] [48.045um:48.465um] 0.42um P------>
        <event:00001681 3:141:0.715um> &<id:976695 Horizontal abc_1342_new_n235 Metal2 [48.145um 25um] [48.65um 25um] 0.29um rpD:1 bl:0 ---a--C-----W----------t-- [48.04um:48.755um] [48.04um:48.755um] 0.715um -----s->
        <event:00001682 0:4.23077:0.42um> &<id:975710 Vertical abc_1342_new_n235 Metal2 [48.255um 25.5um] [48.255um 25.5um] 0.21um rpD:0 bl:0 -X---UC---TD---------P-b-- [25.08um:25.92um] [48.045um:48.465um] 0.42um P------>
        <event:00001683 0:93.1538:0.735um> &<id:975707 Horizontal abc_1342_new_n234 Metal2 [48.67um 25.5um] [49.195um 25.5um] 0.29um rpD:0 bl:0 ---a-UC---T-----------bt-- [48.565um:49.3um] [48.565um:49.3um] 0.735um ------->
        <event:00001684 4:93.1538:0.735um> &<id:975707 Horizontal abc_1342_new_n234 Metal2 [48.67um 25.5um] [49.195um 25.5um] 0.29um rpD:0 bl:0 ---a-UC---T-----------bt-- [48.565um:49.3um] [48.565um:49.3um] 0.735um ------->
        <event:00001685 3:494.787:1.5um> &<id:976694 Vertical abc_1342_new_n235 Metal3 [48.5um 25.5um] [48.5um 26.5um] 0.29um rpD:2 bl:0 ------C------wAS------bt-- [25.25um:26.75um] [25.25um:26.75um] 1.5um --S--st>
        <event:00001686 0:302.615:2.68um> &<id:975700 Horizontal abc_1342_new_n233 Metal2 [47.155um 25.5um] [49.415um 25.5um] 0.29um rpD:0 bl:0 -----UC---T-----------bb-- [46.945um:49.625um] [46.945um:49.625um] 2.68um ------->
        <event:00001687 4:302.615:2.68um> &<id:975700 Horizontal abc_1342_new_n233 Metal2 [47.155um 25.5um] [49.415um 25.5um] 0.29um rpD:0 bl:0 -----UC---T-----------bb-- [46.945um:49.625um] [46.945um:49.625um] 2.68um ------->
        <event:00001688 3:1405.44:4.5um> &<id:972831 Vertical abc_1342_new_n234 Metal3 [49um 21.5um] [49um 25.5um] 0.29um rpD:1 bl:0 ------CG----W---------bb-- [21.25um:25.75um] [21.25um:25.75um] 4.5um ------->
        <event:00001689 1:141:0.715um> &<id:976695 Horizontal abc_1342_new_n235 Metal2 [48.145um 25.5um] [48.65um 25.5um] 0.29um rpD:1 bl:0 ---a--C-----W----------t-- [48.04um:48.755um] [48.04um:48.755um] 0.715um -----s->
        <event:00001690 0:4.23077:0.42um> &<id:975710 Vertical abc_1342_new_n235 Metal2 [48.255um 25um] [48.255um 25.5um] 0.21um rpD:0 bl:0 -X---UC---TD---------P-b-- [24.5801um:25.92um] [48.045um:48.465um] 0.42um P------>
        <event:00001691 4:4.23077:0.42um> &<id:975710 Vertical abc_1342_new_n235 Metal2 [48.255um 25um] [48.255um 25.5um] 0.21um rpD:0 bl:0 -X---UC---TD---------P-b-- [24.5801um:25.92um] [48.045um:48.465um] 0.42um P------>
        <event:00001692 0:93.1538:0.735um> &<id:975707 Horizontal abc_1342_new_n234 Metal2 [48.67um 25.5um] [49.195um 25.5um] 0.29um rpD:0 bl:0 ---a-UC---T-----------bt-- [48.565um:49.3um] [48.565um:49.3um] 0.735um ------->
        <event:00001693 0:302.615:2.68um> &<id:975700 Horizontal abc_1342_new_n233 Metal2 [47.155um 25.5um] [49.415um 25.5um] 0.29um rpD:0 bl:0 -----UC---T-----------bb-- [46.945um:49.625um] [46.945um:49.625um] 2.68um ------->
        <event:00001694 4:302.615:2.68um> &<id:975700 Horizontal abc_1342_new_n233 Metal2 [47.155um 26.5um] [49.415um 26.5um] 0.29um rpD:0 bl:0 -----UC---T-----------bb-- [46.945um:49.625um] [46.945um:49.625um] 2.68um ------->
        <event:00001695 0:590.692:4.355um> &<id:973533 Horizontal outputs(3) Metal2 [52.105um 25.5um] [56um 25.5um] 0.29um rpD:0 bl:0 -----UC---T-----------bt-- [51.895um:56.25um] [51.895um:56.25um] 4.355um ------->
        <event:00001696 4:483:4.355um> &<id:973533 Horizontal outputs(3) Metal2 [52.105um 26.5um] [56um 26.5um] 0.29um rpD:0 bl:0 -----UC---T-----------bt-- [51.895um:56.25um] [51.895um:56.25um] 4.355um ------->
        <event:00001697 3:1860.76:6um> &<id:970954 Vertical init Metal3 [54.5um 21um] [54.5um 26.5um] 0.29um rpD:1 bl:0 -----UCG----W---------bb-- [20.75um:26.75um] [20.75um:26.75um] 6um ------->
        <event:00001698 0:266.538:2.345um> &<id:974700 Horizontal init Metal2 [52.615um 26.5um] [54.5um 26.5um] 0.29um rpD:0 bl:0 -----UC---T-----------bt-- [52.405um:54.75um] [52.405um:54.75um] 2.345um ------->
        <event:00001699 0:679:6.175um> &<id:970952 Horizontal init Metal2 [40.5um 26um] [46.215um 26um] 0.29um rpD:0 bl:0 -----UCG--T-----------tb-- [40.25um:46.425um] [40.25um:46.425um] 6.175um ------->
        <event:00001700 4:679:6.175um> &<id:970952 Horizontal init Metal2 [40.5um 26.5um] [46.215um 26.5um] 0.29um rpD:0 bl:0 -----UCG--T-----------tb-- [40.25um:46.425um] [40.25um:46.425um] 6.175um ------->
        <event:00001701 3:2771.41:9um> &<id:971045 Vertical abc_1342_new_n174 Metal3 [41.5um 26.5um] [41.5um 35um] 0.29um rpD:1 bl:0 ------CG----W---------bb-- [26.25um:35.25um] [26.25um:35.25um] 9um ------->
        <event:00001702 3:2164.31:7um> &<id:971044 Vertical abc_1342_new_n174 Metal3 [41um 20um] [41um 26.5um] 0.29um rpD:1 bl:0 ------CG----W---------bb-- [19.75um:26.75um] [19.75um:26.75um] 7um ------->
        <event:00001703 3:1557.21:5um> &<id:971344 Vertical abc_1342_new_n175 Metal3 [43.5um 26.5um] [43.5um 31um] 0.29um rpD:1 bl:0 -----UCG----W---------bb-- [26.25um:31.25um] [26.25um:31.25um] 5um ------->
        <event:00001704 0:101.769:1.315um> &<id:975042 Horizontal abc_1342_new_n174 Metal2 [41um 26.5um] [41.855um 26.5um] 0.29um rpD:0 bl:0 -----UC---T-----------tb-- [40.75um:42.065um] [40.75um:42.065um] 1.315um ------->
        <event:00001705 4:155.615:1.315um> &<id:975042 Horizontal abc_1342_new_n174 Metal2 [41um 25.5um] [41.855um 25.5um] 0.29um rpD:0 bl:0 -----UC---T-----------tb-- [40.75um:42.065um] [40.75um:42.065um] 1.315um ------->
        <event:00001706 3:1557.21:5um> &<id:972410 Vertical abc_1342_new_n221 Metal3 [40.5um 21um] [40.5um 25.5um] 0.29um rpD:1 bl:0 ------CG----W---------bb-- [20.75um:25.75um] [20.75um:25.75um] 5um ------->
        <event:00001707 0:187.467:0.955um> &<id:975659 Horizontal abc_1342_new_n221 Metal2 [40.235um 25.5um] [40.98um 25.5um] 0.29um rpD:0 bl:0 ---a-UC---T-----------tb-- [40.13um:41.085um] [40.13um:41.085um] 0.955um ------->
        <event:00001708 0:231:2.015um> &<id:971332 Horizontal abc_1342_new_n175 Metal2 [43.5um 26.5um] [45.055um 26.5um] 0.29um rpD:0 bl:0 -----UCG--T-----------tb-- [43.25um:45.265um] [43.25um:45.265um] 2.015um ------->
        <event:00001709 0:316.077:2.805um> &<id:975039 Horizontal abc_1342_new_n174 Metal2 [38.655um 26.5um] [41um 26.5um] 0.29um rpD:0 bl:0 -----UC---T-----------bt-- [38.445um:41.25um] [38.445um:41.25um] 2.805um ------->
        <event:00001710 0:403.846:3.62um> &<id:975036 Horizontal abc_1342_new_n174 Metal2 [38.655um 26.5um] [41.855um 26.5um] 0.29um rpD:0 bl:0 -----UC---T-----------bb-- [38.445um:42.065um] [38.445um:42.065um] 3.62um ------->
        <event:00001711 0:955.769:8.745um> &<id:970953 Horizontal init Metal2 [46.215um 26.5um] [54.5um 26.5um] 0.29um rpD:0 bl:0 -----UCG--T-----------bt-- [46.005um:54.75um] [46.005um:54.75um] 8.745um ------->
        <event:00001712 4:955.769:8.745um> &<id:970953 Horizontal init Metal2 [46.215um 25.5um] [54.5um 25.5um] 0.29um rpD:0 bl:0 -----UCG--T-----------bt-- [46.005um:54.75um] [46.005um:54.75um] 8.745um ------->
        <event:00001713 3:1557.21:5um> &<id:971050 Vertical abc_1342_new_n174 Metal3 [51.5um 22.5um] [51.5um 25.5um] 0.29um rpD:1 bl:0 ------CG----W---------bb-- [22.25um:25.75um] [20.75um:25.75um] 5um ------->
        <event:00001714 3:1405.44:4.5um> &<id:972831 Vertical abc_1342_new_n234 Metal3 [49um 21.5um] [49um 25.5um] 0.29um rpD:1 bl:0 ------CG----W---------bb-- [21.25um:25.75um] [21.25um:25.75um] 4.5um ------->
        <event:00001715 3:1708.99:5.5um> &<id:971053 Vertical abc_1342_new_n174 Metal3 [51.5um 25.5um] [51.5um 30.5um] 0.29um rpD:2 bl:0 ------CG-----w--------bb-- [25.25um:30.75um] [25.25um:30.75um] 5.5um ------->
        <event:00001716 1:141:0.715um> &<id:976695 Horizontal abc_1342_new_n235 Metal2 [48.145um 25um] [48.65um 25um] 0.29um rpD:1 bl:0 ---a--C-----W----------t-- [48.04um:48.755um] [48.04um:48.755um] 0.715um -----s->
        <event:00001717 0:4.23077:0.42um> &<id:975710 Vertical abc_1342_new_n235 Metal2 [48.255um 25um] [48.255um 25.5um] 0.21um rpD:0 bl:0 -X---UC---TD---------P-b-- [24.5801um:25.92um] [48.045um:48.465um] 0.42um P------>
        <event:00001718 4:141:0.715um> &<id:976695 Horizontal abc_1342_new_n235 Metal2 [48.145um 25um] [48.65um 25um] 0.29um rpD:1 bl:0 ---a--C-----W----------t-- [48.04um:48.755um] [48.04um:48.755um] 0.715um -----s->
        <event:00001719 3:4.23077:0.42um> &<id:975710 Vertical abc_1342_new_n235 Metal2 [48.255um 25um] [48.255um 25.5um] 0.21um rpD:0 bl:0 -X---UC---TD---------P-b-- [24.5801um:25.92um] [48.045um:48.465um] 0.42um P------>
        <event:00001720 4:4.23077:0.42um> &<id:975710 Vertical abc_1342_new_n235 Metal2 [48.255um 25um] [48.255um 25.5um] 0.21um rpD:0 bl:0 -X---UC---TD---------P-b-- [24.5801um:25.92um] [48.045um:48.465um] 0.42um P------>
        <event:00001721 0:91:0.715um> &<id:975061 Horizontal abc_1342_new_n174 Metal2 [51.35um 25.5um] [51.855um 25.5um] 0.29um rpD:0 bl:0 ---a-UC---T-----------bt-- [51.245um:51.96um] [51.245um:51.96um] 0.715um ------->
        <event:00001722 0:93.1538:0.735um> &<id:975707 Horizontal abc_1342_new_n234 Metal2 [48.67um 25.5um] [49.195um 25.5um] 0.29um rpD:0 bl:0 ---a-UC---T-----------bt-- [48.565um:49.3um] [48.565um:49.3um] 0.735um ------->
        <event:00001723 0:955.769:8.745um> &<id:970953 Horizontal init Metal2 [46.215um 25.5um] [54.5um 25.5um] 0.29um rpD:0 bl:0 -----UCG--T-----------bt-- [46.005um:54.75um] [46.005um:54.75um] 8.745um ------->
        <event:00001724 4:955.769:8.745um> &<id:970953 Horizontal init Metal2 [46.215um 25.5um] [54.5um 25.5um] 0.29um rpD:0 bl:0 -----UCG--T-----------bt-- [46.005um:54.75um] [46.005um:54.75um] 8.745um ------->
        <event:00001725 3:1557.21:5um> &<id:971050 Vertical abc_1342_new_n174 Metal3 [51.5um 22.5um] [51.5um 25.5um] 0.29um rpD:1 bl:0 ------CG----W---------bb-- [22.25um:25.75um] [20.75um:25.75um] 5um ------->
        <event:00001726 3:1405.44:4.5um> &<id:972831 Vertical abc_1342_new_n234 Metal3 [49um 21.5um] [49um 25.5um] 0.29um rpD:1 bl:0 ------CG----W---------bb-- [21.25um:25.75um] [21.25um:25.75um] 4.5um ------->
        <event:00001727 3:1708.99:5.5um> &<id:971053 Vertical abc_1342_new_n174 Metal3 [51.5um 25.5um] [51.5um 30.5um] 0.29um rpD:2 bl:0 ------CG-----w--------bb-- [25.25um:30.75um] [25.25um:30.75um] 5.5um ------->
        <event:00001728 1:141:0.715um> &<id:976695 Horizontal abc_1342_new_n235 Metal2 [48.145um 25um] [48.65um 25um] 0.29um rpD:1 bl:0 ---a--C-----W----------t-- [48.04um:48.755um] [48.04um:48.755um] 0.715um -----s->
        <event:00001729 0:4.23077:0.42um> &<id:975710 Vertical abc_1342_new_n235 Metal2 [48.255um 25um] [48.255um 25.5um] 0.21um rpD:0 bl:0 -X---UC---TD---------P-b-- [24.5801um:25.92um] [48.045um:48.465um] 0.42um P------>
        <event:00001730 4:4.23077:0.42um> &<id:975710 Vertical abc_1342_new_n235 Metal2 [48.255um 25um] [48.255um 25.5um] 0.21um rpD:0 bl:0 -X---UC---TD---------P-b-- [24.5801um:25.92um] [48.045um:48.465um] 0.42um P------>
        <event:00001731 0:91:0.715um> &<id:975061 Horizontal abc_1342_new_n174 Metal2 [51.35um 25.5um] [51.855um 25.5um] 0.29um rpD:0 bl:0 ---a-UC---T-----------bt-- [51.245um:51.96um] [51.245um:51.96um] 0.715um ------->
        <event:00001732 0:93.1538:0.735um> &<id:975707 Horizontal abc_1342_new_n234 Metal2 [48.67um 25.5um] [49.195um 25.5um] 0.29um rpD:0 bl:0 ---a-UC---T-----------bt-- [48.565um:49.3um] [48.565um:49.3um] 0.735um ------->
        <event:00001733 0:955.769:8.745um> &<id:970953 Horizontal init Metal2 [46.215um 25.5um] [54.5um 25.5um] 0.29um rpD:0 bl:0 -----UCG--T-----------bt-- [46.005um:54.75um] [46.005um:54.75um] 8.745um ------->
        <event:00001734 4:955.769:8.745um> &<id:970953 Horizontal init Metal2 [46.215um 25.5um] [54.5um 25.5um] 0.29um rpD:0 bl:0 -----UCG--T-----------bt-- [46.005um:54.75um] [46.005um:54.75um] 8.745um ------->
        <event:00001735 3:1557.21:5um> &<id:971050 Vertical abc_1342_new_n174 Metal3 [51.5um 22.5um] [51.5um 25.5um] 0.29um rpD:1 bl:0 ------CG----W---------bb-- [22.25um:25.75um] [20.75um:25.75um] 5um ------->
        <event:00001736 3:1405.44:4.5um> &<id:972831 Vertical abc_1342_new_n234 Metal3 [49um 21.5um] [49um 25.5um] 0.29um rpD:1 bl:0 ------CG----W---------bb-- [21.25um:25.75um] [21.25um:25.75um] 4.5um ------->
        <event:00001737 3:1708.99:5.5um> &<id:971053 Vertical abc_1342_new_n174 Metal3 [51.5um 25.5um] [51.5um 30.5um] 0.29um rpD:2 bl:0 ------CG-----w--------bb-- [25.25um:30.75um] [25.25um:30.75um] 5.5um ------->
        <event:00001738 1:141:0.715um> &<id:976695 Horizontal abc_1342_new_n235 Metal2 [48.145um 25um] [48.65um 25um] 0.29um rpD:1 bl:0 ---a--C-----W----------t-- [48.04um:48.755um] [48.04um:48.755um] 0.715um -----s->
        <event:00001739 0:4.23077:0.42um> &<id:975710 Vertical abc_1342_new_n235 Metal2 [48.255um 25um] [48.255um 25.5um] 0.21um rpD:0 bl:0 -X---UC---TD---------P-b-- [24.5801um:25.92um] [48.045um:48.465um] 0.42um P------>
        <event:00001740 4:4.23077:0.42um> &<id:975710 Vertical abc_1342_new_n235 Metal2 [48.255um 25um] [48.255um 25.5um] 0.21um rpD:0 bl:0 -X---UC---TD---------P-b-- [24.5801um:25.92um] [48.045um:48.465um] 0.42um P------>
        <event:00001741 0:91:0.715um> &<id:975061 Horizontal abc_1342_new_n174 Metal2 [51.35um 25.5um] [51.855um 25.5um] 0.29um rpD:0 bl:0 ---a-UC---T-----------bt-- [51.245um:51.96um] [51.245um:51.96um] 0.715um ------->
        <event:00001742 0:93.1538:0.735um> &<id:975707 Horizontal abc_1342_new_n234 Metal2 [48.67um 25.5um] [49.195um 25.5um] 0.29um rpD:0 bl:0 ---a-UC---T-----------bt-- [48.565um:49.3um] [48.565um:49.3um] 0.735um ------->
        <event:00001743 0:955.769:8.745um> &<id:970953 Horizontal init Metal2 [46.215um 25.5um] [54.5um 25.5um] 0.29um rpD:0 bl:0 -----UCG--T-----------bt-- [46.005um:54.75um] [46.005um:54.75um] 8.745um ------->
        <event:00001744 5:91:0.715um> &<id:970953 Horizontal init Metal2 [45.855um 25.5um] [46.36um 25.5um] 0.29um rpD:0 bl:0 ---a-UC---T----S------tb-- [45.75um:46.465um] [45.75um:46.465um] 0.715um --S---t>
        <event:00001745 3:494.787:1.5um> &<id:976698 Vertical init Metal3 [46um 25.5um] [46um 26.5um] 0.29um rpD:1 bl:0 ------C-----W-AS------bb-- [25.25um:26.75um] [25.25um:26.75um] 1.5um --S--st>
        <event:00001746 3:2771.41:9um> &<id:976699 Horizontal init Metal2 [46um 25.5um] [54.5um 25.5um] 0.29um rpD:2 bl:0 ------CG-----wA-------tt-- [45.75um:54.75um] [45.75um:54.75um] 9um -----s->
        <event:00001747 0:989.154:9.055um> &<id:973102 Horizontal outputs(10) Metal2 [32.905um 25.5um] [41.5um 25.5um] 0.29um rpD:0 bl:0 -----UCG--T-----------bt-- [32.695um:41.75um] [32.695um:41.75um] 9.055um ------->
        <event:00001748 4:989.154:9.055um> &<id:973102 Horizontal outputs(10) Metal2 [32.905um 26.5um] [41.5um 26.5um] 0.29um rpD:0 bl:0 -----UCG--T-----------bt-- [32.695um:41.75um] [32.695um:41.75um] 9.055um ------->
        <event:00001749 3:1708.99:5.5um> &<id:970978 Vertical init Metal3 [34.5um 26um] [34.5um 31um] 0.29um rpD:1 bl:0 ------CG----W---------bb-- [25.75um:31.25um] [25.75um:31.25um] 5.5um ------->
        <event:00001750 3:1708.99:5.5um> &<id:970979 Vertical init Metal3 [40.5um 26.5um] [40.5um 31.5um] 0.29um rpD:1 bl:0 -----UCG----W---------bb-- [26.25um:31.75um] [26.25um:31.75um] 5.5um ------->
        <event:00001751 1:4194.12:25.005um> &<id:973270 Horizontal abc_1342_new_n219 Metal2 [35.455um 27um] [60um 27um] 0.29um rpD:1 bl:0 ------CG----W----------t-- [35.245um:60.25um] [35.245um:60.25um] 25.005um ------->
        <event:00001752 5:141:0.715um> &<id:973270 Horizontal abc_1342_new_n219 Metal2 [35.35um 27um] [35.855um 27um] 0.29um rpD:1 bl:0 ---a--C-----W----------t-- [35.245um:35.96um] [35.245um:35.96um] 0.715um ------t>
        <event:00001753 3:254.982:0.71um> &<id:976702 Vertical abc_1342_new_n219 Metal3 [35.5um 26.75um] [35.5um 27.25um] 0.29um rpD:2 bl:0 ---a--C------wAS------bt-- [26.645um:27.355um] [26.645um:27.355um] 0.71um --S--st>
        <event:00001754 3:7628.22:24.5um> &<id:976703 Horizontal abc_1342_new_n219 Metal4 [36um 27um] [60um 27um] 0.29um rpD:2 bl:0 ------CG-----w--------bb-- [35.75um:60.25um] [35.75um:60.25um] 24.5um -----s->
        <event:00001755 0:4.23077:0.42um> &<id:976102 Vertical abc_1342_new_n219 Metal2 [35.455um 26.5um] [35.455um 27um] 0.21um rpD:0 bl:0 -X---UC---TD---------Pb--- [26.0801um:27.42um] [35.245um:35.665um] 0.42um P------>
        <event:00001756 4:4.23077:0.42um> &<id:976102 Vertical abc_1342_new_n219 Metal2 [35.455um 26.5um] [35.455um 27um] 0.21um rpD:0 bl:0 -X---UC---TD---------Pb--- [26.0801um:27.42um] [35.245um:35.665um] 0.42um P------>
        <event:00001757 4:4.23077:0.42um> &<id:976102 Vertical abc_1342_new_n219 Metal2 [35.455um 26.5um] [35.455um 27um] 0.21um rpD:0 bl:0 -X---UC---TD---------Pb--- [26.0801um:27.42um] [35.245um:35.665um] 0.42um P------>
        <event:00001758 3:189.391:1.005um> &<id:973270 Horizontal abc_1342_new_n219 Metal2 [35.455um 27um] [36um 27um] 0.29um rpD:1 bl:0 ------C-----W----------t-- [35.245um:36.25um] [35.245um:36.25um] 1.005um ------t>
        <event:00001759 0:180.385:2.545um> &<id:974661 Horizontal init Metal2 [33.415um 26.5um] [35.5um 26.5um] 0.29um rpD:0 bl:0 -----UC---T-----------bt-- [33.205um:35.75um] [33.205um:35.75um] 2.545um ------->
        <event:00001760 4:288.077:2.545um> &<id:974661 Horizontal init Metal2 [33.415um 26.5um] [35.5um 26.5um] 0.29um rpD:0 bl:0 -----UC---T-----------bt-- [33.205um:35.75um] [33.205um:35.75um] 2.545um ------->
        <event:00001761 1:189.391:1.005um> &<id:973270 Horizontal abc_1342_new_n219 Metal2 [35.455um 27um] [36um 27um] 0.29um rpD:1 bl:0 ------C-----W----------t-- [35.245um:36.25um] [35.245um:36.25um] 1.005um ------t>
        <event:00001762 0:4.23077:0.42um> &<id:976102 Vertical abc_1342_new_n219 Metal2 [35.455um 26.5um] [35.455um 27um] 0.21um rpD:0 bl:0 -X---UC---TD---------Pb--- [26.0801um:27.42um] [35.245um:35.665um] 0.42um P------>
        <event:00001763 4:4.23077:0.42um> &<id:976102 Vertical abc_1342_new_n219 Metal2 [35.455um 26.5um] [35.455um 27um] 0.21um rpD:0 bl:0 -X---UC---TD---------Pb--- [26.0801um:27.42um] [35.245um:35.665um] 0.42um P------>
        <event:00001764 3:1708.99:5.5um> &<id:970978 Vertical init Metal3 [35.5um 26um] [35.5um 31um] 0.29um rpD:1 bl:0 ------CG----W---------bb-- [25.75um:31.25um] [25.75um:31.25um] 5.5um ------->
        <event:00001765 0:288.077:1.545um> &<id:974661 Horizontal init Metal2 [33.415um 26.5um] [34.5um 26.5um] 0.29um rpD:0 bl:0 -----UC---T-----------bt-- [33.205um:34.75um] [33.205um:34.75um] 1.545um ------->
        <event:00001766 0:679:6.175um> &<id:970952 Horizontal init Metal2 [40.5um 26.5um] [46.215um 26.5um] 0.29um rpD:0 bl:0 -----UCG--T-----------tb-- [40.25um:46.425um] [40.25um:46.425um] 6.175um ------->
        <event:00001767 0:989.154:9.055um> &<id:973102 Horizontal outputs(10) Metal2 [32.905um 26.5um] [41.5um 26.5um] 0.29um rpD:0 bl:0 -----UCG--T-----------bt-- [32.695um:41.75um] [32.695um:41.75um] 9.055um ------->
        <event:00001768 4:989.154:9.055um> &<id:973102 Horizontal outputs(10) Metal2 [32.905um 26.5um] [41.5um 26.5um] 0.29um rpD:0 bl:0 -----UCG--T-----------bt-- [32.695um:41.75um] [32.695um:41.75um] 9.055um ------->
        <event:00001769 3:1708.99:5.5um> &<id:970978 Vertical init Metal3 [34.5um 26um] [34.5um 31um] 0.29um rpD:1 bl:0 ------CG----W---------bb-- [25.75um:31.25um] [25.75um:31.25um] 5.5um ------->
        <event:00001770 3:1708.99:5.5um> &<id:970979 Vertical init Metal3 [40.5um 26.5um] [40.5um 31.5um] 0.29um rpD:1 bl:0 -----UCG----W---------bb-- [26.25um:31.75um] [26.25um:31.75um] 5.5um ------->
        <event:00001771 1:189.391:1.005um> &<id:973270 Horizontal abc_1342_new_n219 Metal2 [35.455um 27um] [36um 27um] 0.29um rpD:1 bl:0 ------C-----W----------t-- [35.245um:36.25um] [35.245um:36.25um] 1.005um ------t>
        <event:00001772 0:4.23077:0.42um> &<id:976102 Vertical abc_1342_new_n219 Metal2 [35.455um 26.5um] [35.455um 27um] 0.21um rpD:0 bl:0 -X---UC---TD---------Pb--- [26.0801um:27.42um] [35.245um:35.665um] 0.42um P------>
        <event:00001773 4:4.23077:0.42um> &<id:976102 Vertical abc_1342_new_n219 Metal2 [35.455um 26.5um] [35.455um 27um] 0.21um rpD:0 bl:0 -X---UC---TD---------Pb--- [26.0801um:27.42um] [35.245um:35.665um] 0.42um P------>
        <event:00001774 0:180.385:1.545um> &<id:974661 Horizontal init Metal2 [33.415um 26.5um] [34.5um 26.5um] 0.29um rpD:0 bl:0 -----UC---T-----------bt-- [33.205um:34.75um] [33.205um:34.75um] 1.545um ------->
        <event:00001775 0:679:6.175um> &<id:970952 Horizontal init Metal2 [40.5um 26.5um] [46.215um 26.5um] 0.29um rpD:0 bl:0 -----UCG--T-----------tb-- [40.25um:46.425um] [40.25um:46.425um] 6.175um ------->
        <event:00001776 0:989.154:9.055um> &<id:973102 Horizontal outputs(10) Metal2 [32.905um 26.5um] [41.5um 26.5um] 0.29um rpD:0 bl:0 -----UCG--T-----------bt-- [32.695um:41.75um] [32.695um:41.75um] 9.055um ------->
        <event:00001777 4:989.154:9.055um> &<id:973102 Horizontal outputs(10) Metal2 [32.905um 26.5um] [41.5um 26.5um] 0.29um rpD:0 bl:0 -----UCG--T-----------bt-- [32.695um:41.75um] [32.695um:41.75um] 9.055um ------->
        <event:00001778 3:1708.99:5.5um> &<id:970978 Vertical init Metal3 [34.5um 26um] [34.5um 31um] 0.29um rpD:1 bl:0 ------CG----W---------bb-- [25.75um:31.25um] [25.75um:31.25um] 5.5um ------->
        <event:00001779 3:1708.99:5.5um> &<id:970979 Vertical init Metal3 [40.5um 26.5um] [40.5um 31.5um] 0.29um rpD:1 bl:0 -----UCG----W---------bb-- [26.25um:31.75um] [26.25um:31.75um] 5.5um ------->
        <event:00001780 1:189.391:1.005um> &<id:973270 Horizontal abc_1342_new_n219 Metal2 [35.455um 27um] [36um 27um] 0.29um rpD:1 bl:0 ------C-----W----------t-- [35.245um:36.25um] [35.245um:36.25um] 1.005um ------t>
        <event:00001781 0:4.23077:0.42um> &<id:976102 Vertical abc_1342_new_n219 Metal2 [35.455um 26.5um] [35.455um 27um] 0.21um rpD:0 bl:0 -X---UC---TD---------Pb--- [26.0801um:27.42um] [35.245um:35.665um] 0.42um P------>
        <event:00001782 4:189.391:1.005um> &<id:973270 Horizontal abc_1342_new_n219 Metal2 [35.455um 27um] [36um 27um] 0.29um rpD:1 bl:0 ------C-----W----------t-- [35.245um:36.25um] [35.245um:36.25um] 1.005um ------t>
        <event:00001783 3:4.23077:0.42um> &<id:976102 Vertical abc_1342_new_n219 Metal2 [35.455um 26.5um] [35.455um 27um] 0.21um rpD:0 bl:0 -X---UC---TD---------Pb--- [26.0801um:27.42um] [35.245um:35.665um] 0.42um P------>
        <event:00001784 4:4.23077:0.42um> &<id:976102 Vertical abc_1342_new_n219 Metal2 [35.455um 26.5um] [35.455um 27um] 0.21um rpD:0 bl:0 -X---UC---TD---------Pb--- [26.0801um:27.42um] [35.245um:35.665um] 0.42um P------>
        <event:00001785 0:180.385:1.545um> &<id:974661 Horizontal init Metal2 [33.415um 26.5um] [34.5um 26.5um] 0.29um rpD:0 bl:0 -----UC---T-----------bt-- [33.205um:34.75um] [33.205um:34.75um] 1.545um ------->
        <event:00001786 0:679:6.175um> &<id:970952 Horizontal init Metal2 [40.5um 26.5um] [46.215um 26.5um] 0.29um rpD:0 bl:0 -----UCG--T-----------tb-- [40.25um:46.425um] [40.25um:46.425um] 6.175um ------->
        <event:00001787 0:989.154:9.055um> &<id:973102 Horizontal outputs(10) Metal2 [32.905um 26.5um] [41.5um 26.5um] 0.29um rpD:0 bl:0 -----UCG--T-----------bt-- [32.695um:41.75um] [32.695um:41.75um] 9.055um ------->
        <event:00001788 4:989.154:9.055um> &<id:973102 Horizontal outputs(10) Metal2 [32.905um 26.5um] [41.5um 26.5um] 0.29um rpD:0 bl:0 -----UCG--T-----------bt-- [32.695um:41.75um] [32.695um:41.75um] 9.055um ------->
        <event:00001789 3:1708.99:5.5um> &<id:970978 Vertical init Metal3 [34.5um 26um] [34.5um 31um] 0.29um rpD:1 bl:0 ------CG----W---------bb-- [25.75um:31.25um] [25.75um:31.25um] 5.5um ------->
        <event:00001790 3:1708.99:5.5um> &<id:970979 Vertical init Metal3 [40.5um 26.5um] [40.5um 31.5um] 0.29um rpD:1 bl:0 -----UCG----W---------bb-- [26.25um:31.75um] [26.25um:31.75um] 5.5um ------->
        <event:00001791 1:189.391:1.005um> &<id:973270 Horizontal abc_1342_new_n219 Metal2 [35.455um 27um] [36um 27um] 0.29um rpD:1 bl:0 ------C-----W----------t-- [35.245um:36.25um] [35.245um:36.25um] 1.005um ------t>
        <event:00001792 0:4.23077:0.42um> &<id:976102 Vertical abc_1342_new_n219 Metal2 [35.455um 26.5um] [35.455um 27um] 0.21um rpD:0 bl:0 -X---UC---TD---------Pb--- [26.0801um:27.42um] [35.245um:35.665um] 0.42um P------>
        <event:00001793 4:4.23077:0.42um> &<id:976102 Vertical abc_1342_new_n219 Metal2 [35.455um 26.5um] [35.455um 27um] 0.21um rpD:0 bl:0 -X---UC---TD---------Pb--- [26.0801um:27.42um] [35.245um:35.665um] 0.42um P------>
        <event:00001794 0:180.385:1.545um> &<id:974661 Horizontal init Metal2 [33.415um 26.5um] [34.5um 26.5um] 0.29um rpD:0 bl:0 -----UC---T-----------bt-- [33.205um:34.75um] [33.205um:34.75um] 1.545um ------->
        <event:00001795 0:679:6.175um> &<id:970952 Horizontal init Metal2 [40.5um 26.5um] [46.215um 26.5um] 0.29um rpD:0 bl:0 -----UCG--T-----------tb-- [40.25um:46.425um] [40.25um:46.425um] 6.175um ------->
        <event:00001796 0:989.154:9.055um> &<id:973102 Horizontal outputs(10) Metal2 [32.905um 26.5um] [41.5um 26.5um] 0.29um rpD:0 bl:0 -----UCG--T-----------bt-- [32.695um:41.75um] [32.695um:41.75um] 9.055um ------->
        <event:00001797 4:989.154:9.055um> &<id:973102 Horizontal outputs(10) Metal2 [32.905um 26.5um] [41.5um 26.5um] 0.29um rpD:0 bl:0 -----UCG--T-----------bt-- [32.695um:41.75um] [32.695um:41.75um] 9.055um ------->
        <event:00001798 3:1708.99:5.5um> &<id:970978 Vertical init Metal3 [34.5um 26um] [34.5um 31um] 0.29um rpD:1 bl:0 ------CG----W---------bb-- [25.75um:31.25um] [25.75um:31.25um] 5.5um ------->
        <event:00001799 3:1708.99:5.5um> &<id:970979 Vertical init Metal3 [40.5um 26.5um] [40.5um 31.5um] 0.29um rpD:1 bl:0 -----UCG----W---------bb-- [26.25um:31.75um] [26.25um:31.75um] 5.5um ------->
        <event:00001800 1:189.391:1.005um> &<id:973270 Horizontal abc_1342_new_n219 Metal2 [35.455um 27um] [36um 27um] 0.29um rpD:1 bl:0 ------C-----W----------t-- [35.245um:36.25um] [35.245um:36.25um] 1.005um ------t>
        <event:00001801 0:4.23077:0.42um> &<id:976102 Vertical abc_1342_new_n219 Metal2 [35.455um 26.5um] [35.455um 27um] 0.21um rpD:0 bl:0 -X---UC---TD---------Pb--- [26.0801um:27.42um] [35.245um:35.665um] 0.42um P------>
        <event:00001802 4:4.23077:0.42um> &<id:976102 Vertical abc_1342_new_n219 Metal2 [35.455um 26.5um] [35.455um 27um] 0.21um rpD:0 bl:0 -X---UC---TD---------Pb--- [26.0801um:27.42um] [35.245um:35.665um] 0.42um P------>
        <event:00001803 0:180.385:1.545um> &<id:974661 Horizontal init Metal2 [33.415um 26.5um] [34.5um 26.5um] 0.29um rpD:0 bl:0 -----UC---T-----------bt-- [33.205um:34.75um] [33.205um:34.75um] 1.545um ------->
        <event:00001804 0:679:6.175um> &<id:970952 Horizontal init Metal2 [40.5um 26.5um] [46.215um 26.5um] 0.29um rpD:0 bl:0 -----UCG--T-----------tb-- [40.25um:46.425um] [40.25um:46.425um] 6.175um ------->
        <event:00001805 0:989.154:9.055um> &<id:973102 Horizontal outputs(10) Metal2 [32.905um 26.5um] [41.5um 26.5um] 0.29um rpD:0 bl:0 -----UCG--T-----------bt-- [32.695um:41.75um] [32.695um:41.75um] 9.055um ------->
        <event:00001806 4:989.154:9.055um> &<id:973102 Horizontal outputs(10) Metal2 [32.905um 26.5um] [41.5um 26.5um] 0.29um rpD:0 bl:0 -----UCG--T-----------bt-- [32.695um:41.75um] [32.695um:41.75um] 9.055um ------->
        <event:00001807 3:1708.99:5.5um> &<id:970978 Vertical init Metal3 [34.5um 26um] [34.5um 31um] 0.29um rpD:1 bl:0 ------CG----W---------bb-- [25.75um:31.25um] [25.75um:31.25um] 5.5um ------->
        <event:00001808 3:1708.99:5.5um> &<id:970979 Vertical init Metal3 [40.5um 26.5um] [40.5um 31.5um] 0.29um rpD:1 bl:0 -----UCG----W---------bb-- [26.25um:31.75um] [26.25um:31.75um] 5.5um ------->
        <event:00001809 1:189.391:1.005um> &<id:973270 Horizontal abc_1342_new_n219 Metal2 [35.455um 27um] [36um 27um] 0.29um rpD:1 bl:0 ------C-----W----------t-- [35.245um:36.25um] [35.245um:36.25um] 1.005um ------t>
        <event:00001810 5:189.391:1.005um> &<id:973270 Horizontal abc_1342_new_n219 Metal2 [35.455um 27um] [36um 27um] 0.29um rpD:1 bl:0 ------C-----W----------t-- [35.245um:36.25um] [35.245um:36.25um] 1.005um ------t>
        <event:00001811 3:254.982:2.5um> &<id:976702 Vertical abc_1342_new_n219 Metal3 [36um 25um] [36um 27um] 0.29um rpD:2 bl:0 ------C------wAS------bt-- [24.75um:27.25um] [24.75um:27.25um] 2.5um --S--st>
        <event:00001812 0:4.23077:0.42um> &<id:976102 Vertical abc_1342_new_n219 Metal2 [35.455um 25um] [35.455um 25.5um] 0.21um rpD:0 bl:0 -X---UC---TD---------P-b-- [24.5801um:25.92um] [35.245um:35.665um] 0.42um P------>
        <event:00001813 0:4.23077:0.42um> &<id:976102 Vertical abc_1342_new_n219 Metal2 [35.455um 25um] [35.455um 25.5um] 0.21um rpD:0 bl:0 -X---UC---TD---------P-b-- [24.5801um:25.92um] [35.245um:35.665um] 0.42um P------>
        <event:00001814 1:343.012:1um> &<id:976102 Vertical abc_1342_new_n219 Metal3 [35um 25um] [35um 25.5um] 0.29um rpD:1 bl:0 -X---UC-----W---------bb-- [24.75um:25.75um] [24.75um:25.75um] 1um ------t>
        <event:00001815 0:112.538:0.715um> &<id:976705 Horizontal abc_1342_new_n219 Metal2 [35.14um 25.5um] [35.645um 25.5um] 0.29um rpD:0 bl:0 ---a-UC---T---AS------bt-- [35.035um:35.75um] [35.035um:35.75um] 0.715um --S--st>
        <event:00001816 4:91:0.715um> &<id:976705 Horizontal abc_1342_new_n219 Metal2 [35.14um 25.5um] [35.645um 25.5um] 0.29um rpD:0 bl:0 ---a-UC---T---AS------bt-- [35.035um:35.75um] [35.035um:35.75um] 0.715um --S--st>
        <event:00001817 0:180.385:1.545um> &<id:974661 Horizontal init Metal2 [33.415um 26.5um] [34.5um 26.5um] 0.29um rpD:0 bl:0 -----UC---T-----------bt-- [33.205um:34.75um] [33.205um:34.75um] 1.545um ------->
        <event:00001818 0:302.615:2.68um> &<id:975652 Horizontal abc_1342_new_n217 Metal2 [34.355um 25.5um] [36.615um 25.5um] 0.29um rpD:0 bl:0 -----UC---T-----------bb-- [34.145um:36.825um] [34.145um:36.825um] 2.68um ------->
        <event:00001819 4:302.615:2.68um> &<id:975652 Horizontal abc_1342_new_n217 Metal2 [34.355um 26um] [36.615um 26um] 0.29um rpD:0 bl:0 -----UC---T-----------bb-- [34.145um:36.825um] [34.145um:36.825um] 2.68um ------->
        <event:00001820 3:3530.29:11.5um> &<id:971329 Vertical abc_1342_new_n175 Metal3 [35um 20.5um] [35um 26um] 0.29um rpD:1 bl:0 ------CG----W---------bb-- [20.25um:26.25um] [20.25um:31.75um] 11.5um ------->
        <event:00001821 3:1557.21:5um> &<id:971647 Vertical abc_1342_new_n218 Metal3 [36um 26um] [36um 30.5um] 0.29um rpD:1 bl:0 -----UCG----W---------bb-- [25.75um:30.75um] [25.75um:30.75um] 5um ------->
        <event:00001822 0:94.2308:0.745um> &<id:976096 Horizontal abc_1342_new_n218 Metal2 [35.765um 26um] [36.3um 26um] 0.29um rpD:0 bl:0 ---a-UC---T-----------tb-- [35.66um:36.405um] [35.66um:36.405um] 0.745um ------->
        <event:00001823 4:94.2308:0.745um> &<id:976096 Horizontal abc_1342_new_n218 Metal2 [35.765um 25.5um] [36.3um 25.5um] 0.29um rpD:0 bl:0 ---a-UC---T-----------tb-- [35.66um:36.405um] [35.66um:36.405um] 0.745um ------->
        <event:00001824 3:343.012:1um> &<id:976102 Vertical abc_1342_new_n219 Metal3 [35.5um 25um] [35.5um 25.5um] 0.29um rpD:1 bl:0 -X---UC-----W---------bb-- [24.75um:25.75um] [24.75um:25.75um] 1um ------t>
        <event:00001825 0:91:0.715um> &<id:976705 Horizontal abc_1342_new_n219 Metal2 [35.14um 25.5um] [35.645um 25.5um] 0.29um rpD:0 bl:0 ---a-UC---T---AS------bt-- [35.035um:35.75um] [35.035um:35.75um] 0.715um --S--st>
        <event:00001826 4:91:0.715um> &<id:976705 Horizontal abc_1342_new_n219 Metal2 [35.14um 25.5um] [35.645um 25.5um] 0.29um rpD:0 bl:0 ---a-UC---T---AS------bt-- [35.035um:35.75um] [35.035um:35.75um] 0.715um --S--st>
        <event:00001827 3:1708.99:5.5um> &<id:971647 Vertical abc_1342_new_n218 Metal3 [36um 25.5um] [36um 30.5um] 0.29um rpD:1 bl:0 -----UCG----W---------bb-- [25.25um:30.75um] [25.25um:30.75um] 5.5um ------->
        <event:00001828 0:94.2308:0.745um> &<id:976096 Horizontal abc_1342_new_n218 Metal2 [35.765um 25.5um] [36.3um 25.5um] 0.29um rpD:0 bl:0 ---a-UC---T-----------tb-- [35.66um:36.405um] [35.66um:36.405um] 0.745um ------->
        <event:00001829 4:94.2308:0.745um> &<id:976096 Horizontal abc_1342_new_n218 Metal2 [35.765um 25.5um] [36.3um 25.5um] 0.29um rpD:0 bl:0 ---a-UC---T-----------tb-- [35.66um:36.405um] [35.66um:36.405um] 0.745um ------->
        <event:00001830 3:343.012:1um> &<id:976102 Vertical abc_1342_new_n219 Metal3 [35.5um 25um] [35.5um 25.5um] 0.29um rpD:1 bl:0 -X---UC-----W---------bb-- [24.75um:25.75um] [24.75um:25.75um] 1um ------t>
        <event:00001831 0:91:0.715um> &<id:976705 Horizontal abc_1342_new_n219 Metal2 [35.14um 25.5um] [35.645um 25.5um] 0.29um rpD:0 bl:0 ---a-UC---T---AS------bt-- [35.035um:35.75um] [35.035um:35.75um] 0.715um --S--st>
        <event:00001832 4:91:0.715um> &<id:976705 Horizontal abc_1342_new_n219 Metal2 [35.14um 25.5um] [35.645um 25.5um] 0.29um rpD:0 bl:0 ---a-UC---T---AS------bt-- [35.035um:35.75um] [35.035um:35.75um] 0.715um --S--st>
        <event:00001833 3:1708.99:5.5um> &<id:971647 Vertical abc_1342_new_n218 Metal3 [36um 25.5um] [36um 30.5um] 0.29um rpD:1 bl:0 -----UCG----W---------bb-- [25.25um:30.75um] [25.25um:30.75um] 5.5um ------->
        <event:00001834 0:94.2308:0.745um> &<id:976096 Horizontal abc_1342_new_n218 Metal2 [35.765um 25.5um] [36.3um 25.5um] 0.29um rpD:0 bl:0 ---a-UC---T-----------tb-- [35.66um:36.405um] [35.66um:36.405um] 0.745um ------->
        <event:00001835 4:94.2308:0.745um> &<id:976096 Horizontal abc_1342_new_n218 Metal2 [35.765um 25.5um] [36.3um 25.5um] 0.29um rpD:0 bl:0 ---a-UC---T-----------tb-- [35.66um:36.405um] [35.66um:36.405um] 0.745um ------->
        <event:00001836 3:343.012:1um> &<id:976102 Vertical abc_1342_new_n219 Metal3 [35.5um 25um] [35.5um 25.5um] 0.29um rpD:1 bl:0 -X---UC-----W---------bb-- [24.75um:25.75um] [24.75um:25.75um] 1um ------t>
        <event:00001837 0:91:0.715um> &<id:976705 Horizontal abc_1342_new_n219 Metal2 [35.14um 25.5um] [35.645um 25.5um] 0.29um rpD:0 bl:0 ---a-UC---T---AS------bt-- [35.035um:35.75um] [35.035um:35.75um] 0.715um --S--st>
        <event:00001838 4:91:0.715um> &<id:976705 Horizontal abc_1342_new_n219 Metal2 [35.14um 26um] [35.645um 26um] 0.29um rpD:0 bl:0 ---a-UC---T---AS------bt-- [35.035um:35.75um] [35.035um:35.75um] 0.715um --S--st>
        <event:00001839 0:302.615:2.68um> &<id:975652 Horizontal abc_1342_new_n217 Metal2 [34.355um 26um] [36.615um 26um] 0.29um rpD:0 bl:0 -----UC---T-----------bb-- [34.145um:36.825um] [34.145um:36.825um] 2.68um ------->
        <event:00001840 4:302.615:2.68um> &<id:975652 Horizontal abc_1342_new_n217 Metal2 [34.355um 26um] [36.615um 26um] 0.29um rpD:0 bl:0 -----UC---T-----------bb-- [34.145um:36.825um] [34.145um:36.825um] 2.68um ------->
        <event:00001841 3:494.787:1.5um> &<id:976102 Vertical abc_1342_new_n219 Metal3 [35.5um 25um] [35.5um 26um] 0.29um rpD:1 bl:0 -X---UC-----W---------bb-- [24.75um:26.25um] [24.75um:26.25um] 1.5um ------t>
        <event:00001842 0:91:0.715um> &<id:976705 Horizontal abc_1342_new_n219 Metal2 [35.14um 26um] [35.645um 26um] 0.29um rpD:0 bl:0 ---a-UC---T---AS------bt-- [35.035um:35.75um] [35.035um:35.75um] 0.715um --S--st>
        <event:00001843 4:91:0.715um> &<id:976705 Horizontal abc_1342_new_n219 Metal2 [35.14um 25.5um] [35.645um 25.5um] 0.29um rpD:0 bl:0 ---a-UC---T---AS------bt-- [35.035um:35.75um] [35.035um:35.75um] 0.715um --S--st>
        <event:00001844 3:1708.99:5.5um> &<id:971647 Vertical abc_1342_new_n218 Metal3 [36um 25.5um] [36um 30.5um] 0.29um rpD:1 bl:0 -----UCG----W---------bb-- [25.25um:30.75um] [25.25um:30.75um] 5.5um ------->
        <event:00001845 0:94.2308:0.745um> &<id:976096 Horizontal abc_1342_new_n218 Metal2 [35.765um 25.5um] [36.3um 25.5um] 0.29um rpD:0 bl:0 ---a-UC---T-----------tb-- [35.66um:36.405um] [35.66um:36.405um] 0.745um ------->
        <event:00001846 4:94.2308:0.745um> &<id:976096 Horizontal abc_1342_new_n218 Metal2 [35.765um 26um] [36.3um 26um] 0.29um rpD:0 bl:0 ---a-UC---T-----------tb-- [35.66um:36.405um] [35.66um:36.405um] 0.745um ------->
        <event:00001847 0:302.615:2.68um> &<id:975652 Horizontal abc_1342_new_n217 Metal2 [34.355um 26um] [36.615um 26um] 0.29um rpD:0 bl:0 -----UC---T-----------bb-- [34.145um:36.825um] [34.145um:36.825um] 2.68um ------->
        <event:00001848 4:302.615:2.68um> &<id:975652 Horizontal abc_1342_new_n217 Metal2 [34.355um 26.5um] [36.615um 26.5um] 0.29um rpD:0 bl:0 -----UC---T-----------bb-- [34.145um:36.825um] [34.145um:36.825um] 2.68um ------->
        <event:00001849 0:359.154:3.205um> &<id:974943 Horizontal abc_1342_new_n175 Metal2 [32.255um 26um] [35um 26um] 0.29um rpD:0 bl:0 -----UC---T-----------bt-- [32.045um:35.25um] [32.045um:35.25um] 3.205um ------->
        <event:00001850 0:679:6.175um> &<id:970952 Horizontal init Metal2 [40.5um 26.5um] [46.215um 26.5um] 0.29um rpD:0 bl:0 -----UCG--T-----------tb-- [40.25um:46.425um] [40.25um:46.425um] 6.175um ------->
        <event:00001851 0:989.154:9.055um> &<id:973102 Horizontal outputs(10) Metal2 [32.905um 26.5um] [41.5um 26.5um] 0.29um rpD:0 bl:0 -----UCG--T-----------bt-- [32.695um:41.75um] [32.695um:41.75um] 9.055um ------->
        <event:00001852 4:989.154:9.055um> &<id:973102 Horizontal outputs(10) Metal2 [32.905um 26um] [41.5um 26um] 0.29um rpD:0 bl:0 -----UCG--T-----------bt-- [32.695um:41.75um] [32.695um:41.75um] 9.055um ------->
        <event:00001853 3:3530.29:11.5um> &<id:971329 Vertical abc_1342_new_n175 Metal3 [35um 20.5um] [35um 26um] 0.29um rpD:1 bl:0 ------CG----W---------bb-- [20.25um:26.25um] [20.25um:31.75um] 11.5um ------->
        <event:00001854 3:1860.76:6um> &<id:972770 Vertical outputs(4) Metal3 [39um 26um] [39um 31.5um] 0.29um rpD:1 bl:0 ------CG----W---------bb-- [25.75um:31.75um] [25.75um:31.75um] 6um ------->
        <event:00001855 3:1557.21:5um> &<id:971647 Vertical abc_1342_new_n218 Metal3 [36um 26um] [36um 30.5um] 0.29um rpD:1 bl:0 -----UCG----W---------bb-- [25.75um:30.75um] [25.75um:30.75um] 5um ------->
        <event:00001856 1:2569.7:15.27um> &<id:972927 Horizontal abc_1342_auto_rtlil_cc_2739_MuxGate_1267 Metal2 [22.705um 26um] [37.555um 26um] 0.29um rpD:1 bl:0 ------CG----W------------- [22.495um:37.765um] [22.495um:37.765um] 15.27um ------->
        <event:00001857 0:4.23077:0.42um> &<id:974119 Vertical abc_1342_auto_rtlil_cc_2739_MuxGate_1267 Metal2 [22.705um 25um] [22.705um 25.5um] 0.21um rpD:0 bl:0 -X---UC---TD---------P-b-- [24.5801um:25.92um] [22.495um:22.915um] 0.42um P------>
        <event:00001858 0:4.23077:0.42um> &<id:974122 Vertical abc_1342_auto_rtlil_cc_2739_MuxGate_1267 Metal2 [37.555um 25um] [37.555um 25um] 0.21um rpD:0 bl:0 -X---UC---TD---------P-b-- [24.5801um:25.42um] [37.345um:37.765um] 0.42um P------>
        <event:00001859 0:94.2308:0.745um> &<id:976096 Horizontal abc_1342_new_n218 Metal2 [35.765um 26um] [36.3um 26um] 0.29um rpD:0 bl:0 ---a-UC---T-----------tb-- [35.66um:36.405um] [35.66um:36.405um] 0.745um ------->
        <event:00001860 4:94.2308:0.745um> &<id:976096 Horizontal abc_1342_new_n218 Metal2 [35.765um 25.5um] [36.3um 25.5um] 0.29um rpD:0 bl:0 ---a-UC---T-----------tb-- [35.66um:36.405um] [35.66um:36.405um] 0.745um ------->
        <event:00001861 3:343.012:1um> &<id:976102 Vertical abc_1342_new_n219 Metal3 [35.5um 25um] [35.5um 25.5um] 0.29um rpD:1 bl:0 -X---UC-----W---------bb-- [24.75um:25.75um] [24.75um:25.75um] 1um ------t>
        <event:00001862 0:91:0.715um> &<id:976705 Horizontal abc_1342_new_n219 Metal2 [35.14um 25.5um] [35.645um 25.5um] 0.29um rpD:0 bl:0 ---a-UC---T---AS------bt-- [35.035um:35.75um] [35.035um:35.75um] 0.715um --S--st>
        <event:00001863 4:91:0.715um> &<id:976705 Horizontal abc_1342_new_n219 Metal2 [35.14um 26.5um] [35.645um 26.5um] 0.29um rpD:0 bl:0 ---a-UC---T---AS------bt-- [35.035um:35.75um] [35.035um:35.75um] 0.715um --S--st>
        <event:00001864 0:110.385:0.895um> &<id:973657 Horizontal outputs(4) Metal2 [38.79um 26um] [39.475um 26um] 0.29um rpD:0 bl:0 ---a-UC---T-----------tb-- [38.685um:39.58um] [38.685um:39.58um] 0.895um ------->
        <event:00001865 0:302.615:2.68um> &<id:975652 Horizontal abc_1342_new_n217 Metal2 [34.355um 26.5um] [36.615um 26.5um] 0.29um rpD:0 bl:0 -----UC---T-----------bb-- [34.145um:36.825um] [34.145um:36.825um] 2.68um ------->
        <event:00001866 4:302.615:2.68um> &<id:975652 Horizontal abc_1342_new_n217 Metal2 [34.355um 26um] [36.615um 26um] 0.29um rpD:0 bl:0 -----UC---T-----------bb-- [34.145um:36.825um] [34.145um:36.825um] 2.68um ------->
        <event:00001867 0:359.154:3.205um> &<id:974943 Horizontal abc_1342_new_n175 Metal2 [32.255um 26um] [35um 26um] 0.29um rpD:0 bl:0 -----UC---T-----------bt-- [32.045um:35.25um] [32.045um:35.25um] 3.205um ------->
        <event:00001868 4:359.154:3.205um> &<id:974943 Horizontal abc_1342_new_n175 Metal2 [32.255um 26.5um] [35um 26.5um] 0.29um rpD:0 bl:0 -----UC---T-----------bt-- [32.045um:35.25um] [32.045um:35.25um] 3.205um ------->
        <event:00001869 3:646.562:2um> &<id:976102 Vertical abc_1342_new_n219 Metal3 [35.5um 25um] [35.5um 26.5um] 0.29um rpD:1 bl:0 -X---UC-----W---------bb-- [24.75um:26.75um] [24.75um:26.75um] 2um ------t>
        <event:00001870 0:91:0.715um> &<id:976705 Horizontal abc_1342_new_n219 Metal2 [35.14um 26.5um] [35.645um 26.5um] 0.29um rpD:0 bl:0 ---a-UC---T---AS------bt-- [35.035um:35.75um] [35.035um:35.75um] 0.715um --S--st>
        <event:00001871 4:91:0.715um> &<id:976705 Horizontal abc_1342_new_n219 Metal2 [35.14um 25.5um] [35.645um 25.5um] 0.29um rpD:0 bl:0 ---a-UC---T---AS------bt-- [35.035um:35.75um] [35.035um:35.75um] 0.715um --S--st>
        <event:00001872 3:1708.99:5.5um> &<id:971647 Vertical abc_1342_new_n218 Metal3 [36um 25.5um] [36um 30.5um] 0.29um rpD:1 bl:0 -----UCG----W---------bb-- [25.25um:30.75um] [25.25um:30.75um] 5.5um ------->
        <event:00001873 0:94.2308:1.035um> &<id:976096 Horizontal abc_1342_new_n218 Metal2 [35.87um 25.5um] [36.695um 25.5um] 0.29um rpD:0 bl:0 ---a-UC---T-----------bt-- [35.765um:36.8um] [35.765um:36.8um] 1.035um ------->
        <event:00001874 0:403.846:3.62um> &<id:974639 Horizontal init Metal2 [39.815um 26um] [43.015um 26um] 0.29um rpD:0 bl:0 -----UC---T-----------bb-- [39.605um:43.225um] [39.605um:43.225um] 3.62um ------->
        <event:00001875 0:617.077:5.6um> &<id:973103 Horizontal outputs(10) Metal2 [27.725um 26.5um] [32.905um 26.5um] 0.29um rpD:0 bl:0 -----UCG--T-----------bb-- [27.515um:33.115um] [27.515um:33.115um] 5.6um ------->
        <event:00001876 4:617.077:5.6um> &<id:973103 Horizontal outputs(10) Metal2 [27.725um 26um] [32.905um 26um] 0.29um rpD:0 bl:0 -----UCG--T-----------bb-- [27.515um:33.115um] [27.515um:33.115um] 5.6um ------->
        <event:00001877 3:1101.89:3.5um> &<id:973216 Vertical outputs(6) Metal3 [29.5um 26um] [29.5um 29um] 0.29um rpD:1 bl:0 ------CG----W---------bb-- [25.75um:29.25um] [25.75um:29.25um] 3.5um ------->
        <event:00001878 0:105:0.845um> &<id:973703 Horizontal outputs(6) Metal2 [29.265um 26um] [29.9um 26um] 0.29um rpD:0 bl:0 ---a-UC---T-----------tb-- [29.16um:30.005um] [29.16um:30.005um] 0.845um ------->
        <event:00001879 0:989.154:9.055um> &<id:973102 Horizontal outputs(10) Metal2 [32.905um 26um] [41.5um 26um] 0.29um rpD:0 bl:0 -----UCG--T-----------bt-- [32.695um:41.75um] [32.695um:41.75um] 9.055um ------->
        <event:00001880 5:107.154:0.865um> &<id:973102 Horizontal outputs(10) Metal2 [32.5um 26um] [32.905um 26um] 0.29um rpD:0 bl:0 -----UC---T----S------tb-- [32.25um:33.115um] [32.25um:33.115um] 0.865um --S---t>
        <event:00001881 3:254.982:0.71um> &<id:976708 Vertical outputs(10) Metal3 [32.5um 25.75um] [32.5um 26.25um] 0.29um rpD:1 bl:0 ---a--C-----W-ASr-----bb-- [25.645um:26.355um] [25.645um:26.355um] 0.71um --S--st>
        <event:00001882 3:2923.19:9.5um> &<id:976709 Horizontal outputs(10) Metal2 [32.5um 26um] [41.5um 26um] 0.29um rpD:2 bl:0 ------CG-----wA-------tt-- [32.25um:41.75um] [32.25um:41.75um] 9.5um -----s->
        <event:00001883 0:997.769:9.135um> &<id:972535 Horizontal n(23) Metal2 [20.325um 67um] [29um 67um] 0.29um rpD:0 bl:0 -----UCG--T-----------bt-- [20.115um:29.25um] [20.115um:29.25um] 9.135um ------->
        <event:00001884 4:997.769:9.135um> &<id:972535 Horizontal n(23) Metal2 [20.325um 67um] [29um 67um] 0.29um rpD:0 bl:0 -----UCG--T-----------bt-- [20.115um:29.25um] [20.115um:29.25um] 9.135um ------->
        <event:00001885 3:1860.76:6um> &<id:972034 Vertical n(21) Metal3 [22.5um 67um] [22.5um 72um] 0.29um rpD:1 bl:0 ------CG----W---------bb-- [66.75um:72.25um] [66.75um:72.75um] 6um ------->
        <event:00001886 0:407.615:1.155um> &<id:976205 Horizontal n(21) Metal2 [19.305um 67um] [20um 67um] 0.29um rpD:0 bl:0 -----UC---T-----------bt-- [19.095um:20.25um] [19.095um:20.25um] 1.155um ------->
        <event:00001887 0:576.154:5.22um> &<id:975273 Horizontal abc_1342_new_n292 Metal2 [26.505um 67um] [31.305um 67um] 0.29um rpD:0 bl:0 -----UC---T-----------bb-- [26.295um:31.515um] [26.295um:31.515um] 5.22um ------->
        <event:00001888 4:576.154:5.22um> &<id:975273 Horizontal abc_1342_new_n292 Metal2 [26.505um 66.5um] [31.305um 66.5um] 0.29um rpD:0 bl:0 -----UC---T-----------bb-- [26.295um:31.515um] [26.295um:31.515um] 5.22um ------->
        <event:00001889 3:7324.67:24um> &<id:971107 Vertical abc_1342_new_n255 Metal3 [26um 66.5um] [26um 83.5um] 0.29um rpD:1 bl:0 ------CG----W---------bb-- [66.25um:83.75um] [66.25um:90.25um] 24um ------->
        <event:00001890 0:576.154:5.22um> &<id:975768 Horizontal abc_1342_new_n255 Metal2 [27.015um 66.5um] [31.815um 66.5um] 0.29um rpD:0 bl:0 -----UC---T-----------bb-- [26.805um:32.025um] [26.805um:32.025um] 5.22um ------->
        <event:00001891 4:576.154:5.22um> &<id:975768 Horizontal abc_1342_new_n255 Metal2 [27.015um 66.5um] [31.815um 66.5um] 0.29um rpD:0 bl:0 -----UC---T-----------bb-- [26.805um:32.025um] [26.805um:32.025um] 5.22um ------->
        <event:00001892 0:576.154:5.22um> &<id:975273 Horizontal abc_1342_new_n292 Metal2 [26.505um 66.5um] [31.305um 66.5um] 0.29um rpD:0 bl:0 -----UC---T-----------bb-- [26.295um:31.515um] [26.295um:31.515um] 5.22um ------->
        <event:00001893 4:576.154:5.22um> &<id:975273 Horizontal abc_1342_new_n292 Metal2 [26.505um 66.5um] [31.305um 66.5um] 0.29um rpD:0 bl:0 -----UC---T-----------bb-- [26.295um:31.515um] [26.295um:31.515um] 5.22um ------->
        <event:00001894 0:576.154:5.22um> &<id:975768 Horizontal abc_1342_new_n255 Metal2 [27.015um 66.5um] [31.815um 66.5um] 0.29um rpD:0 bl:0 -----UC---T-----------bb-- [26.805um:32.025um] [26.805um:32.025um] 5.22um ------->
        <event:00001895 4:576.154:5.22um> &<id:975768 Horizontal abc_1342_new_n255 Metal2 [27.015um 66.5um] [31.815um 66.5um] 0.29um rpD:0 bl:0 -----UC---T-----------bb-- [26.805um:32.025um] [26.805um:32.025um] 5.22um ------->
        <event:00001896 0:576.154:5.22um> &<id:975273 Horizontal abc_1342_new_n292 Metal2 [26.505um 66.5um] [31.305um 66.5um] 0.29um rpD:0 bl:0 -----UC---T-----------bb-- [26.295um:31.515um] [26.295um:31.515um] 5.22um ------->
        <event:00001897 4:576.154:5.22um> &<id:975273 Horizontal abc_1342_new_n292 Metal2 [26.505um 67um] [31.305um 67um] 0.29um rpD:0 bl:0 -----UC---T-----------bb-- [26.295um:31.515um] [26.295um:31.515um] 5.22um ------->
        <event:00001898 3:1557.21:5um> &<id:972534 Vertical n(23) Metal3 [29um 67um] [29um 71.5um] 0.29um rpD:1 bl:0 -----UCG----W---------bb-- [66.75um:71.75um] [66.75um:71.75um] 5um ------->
        <event:00001899 0:689.769:6.275um> &<id:975774 Horizontal abc_1342_new_n255 Metal2 [26um 66.5um] [31.815um 66.5um] 0.29um rpD:0 bl:0 -----UC---T-----------tb-- [25.75um:32.025um] [25.75um:32.025um] 6.275um ------->
        <event:00001900 0:997.769:7.135um> &<id:972535 Horizontal n(23) Metal2 [20.325um 67um] [27um 67um] 0.29um rpD:0 bl:0 -----UCG--T-----------bt-- [20.115um:27.25um] [20.115um:27.25um] 7.135um ------->
        <event:00001901 4:782.385:7.135um> &<id:972535 Horizontal n(23) Metal2 [20.325um 65.5um] [27um 65.5um] 0.29um rpD:0 bl:0 -----UCG--T-----------bt-- [20.115um:27.25um] [20.115um:27.25um] 7.135um ------->
        <event:00001902 3:3530.29:11.5um> &<id:971108 Vertical abc_1342_new_n255 Metal3 [27um 56.5um] [27um 65.5um] 0.29um rpD:1 bl:0 ------CG----W---------bb-- [56.25um:65.75um] [54.25um:65.75um] 11.5um ------->
        <event:00001903 3:2316.09:7.5um> &<id:972034 Vertical n(21) Metal3 [20um 65.5um] [20um 72um] 0.29um rpD:1 bl:0 ------CG----W---------bb-- [65.25um:72.25um] [65.25um:72.75um] 7.5um ------->
        <event:00001904 3:1557.21:5um> &<id:971694 Vertical abc_1342_auto_rtlil_cc_2739_MuxGate_1327 Metal3 [22.5um 61um] [22.5um 65.5um] 0.29um rpD:1 bl:0 -----UCG----W---------bb-- [60.75um:65.75um] [60.75um:65.75um] 5um ------->
        <event:00001905 0:118.5:0.715um> &<id:974270 Horizontal abc_1342_auto_rtlil_cc_2739_MuxGate_1327 Metal2 [22.315um 65.5um] [22.82um 65.5um] 0.29um rpD:0 bl:0 ---a-UC---T-----------tb-- [22.21um:22.925um] [22.21um:22.925um] 0.715um ------->
        <event:00001906 0:91:0.975um> &<id:975771 Horizontal abc_1342_new_n255 Metal2 [26.5um 65.5um] [27.015um 65.5um] 0.29um rpD:0 bl:0 -----UC---T-----------tb-- [26.25um:27.225um] [26.25um:27.225um] 0.975um ------->
        <event:00001907 4:119:0.975um> &<id:975771 Horizontal abc_1342_new_n255 Metal2 [26.5um 65.5um] [27.015um 65.5um] 0.29um rpD:0 bl:0 -----UC---T-----------tb-- [26.25um:27.225um] [26.25um:27.225um] 0.975um ------->
        <event:00001908 3:2012.54:6.5um> &<id:972534 Vertical n(23) Metal3 [27um 65.5um] [27um 71.5um] 0.29um rpD:1 bl:0 -----UCG----W---------bb-- [65.25um:71.75um] [65.25um:71.75um] 6.5um ------->
        <event:00001909 0:138.385:1.155um> &<id:976205 Horizontal n(21) Metal2 [19.305um 65.5um] [20um 65.5um] 0.29um rpD:0 bl:0 -----UC---T-----------bt-- [19.095um:20.25um] [19.095um:20.25um] 1.155um ------->
        <event:00001910 0:782.385:7.135um> &<id:972535 Horizontal n(23) Metal2 [20.325um 65.5um] [27um 65.5um] 0.29um rpD:0 bl:0 -----UCG--T-----------bt-- [20.115um:27.25um] [20.115um:27.25um] 7.135um ------->
        <event:00001911 4:782.385:7.135um> &<id:972535 Horizontal n(23) Metal2 [20.325um 65.5um] [27um 65.5um] 0.29um rpD:0 bl:0 -----UCG--T-----------bt-- [20.115um:27.25um] [20.115um:27.25um] 7.135um ------->
        <event:00001912 3:3530.29:11.5um> &<id:971108 Vertical abc_1342_new_n255 Metal3 [26.5um 56.5um] [26.5um 65.5um] 0.29um rpD:1 bl:0 ------CG----W---------bb-- [56.25um:65.75um] [54.25um:65.75um] 11.5um ------->
        <event:00001913 0:119:0.975um> &<id:975771 Horizontal abc_1342_new_n255 Metal2 [26.5um 65.5um] [27.015um 65.5um] 0.29um rpD:0 bl:0 -----UC---T-----------tb-- [26.25um:27.225um] [26.25um:27.225um] 0.975um ------->
        <event:00001914 4:119:0.975um> &<id:975771 Horizontal abc_1342_new_n255 Metal2 [26.5um 65.5um] [27.015um 65.5um] 0.29um rpD:0 bl:0 -----UC---T-----------tb-- [26.25um:27.225um] [26.25um:27.225um] 0.975um ------->
        <event:00001915 3:2012.54:6.5um> &<id:972534 Vertical n(23) Metal3 [27um 65.5um] [27um 71.5um] 0.29um rpD:1 bl:0 -----UCG----W---------bb-- [65.25um:71.75um] [65.25um:71.75um] 6.5um ------->
        <event:00001916 0:782.385:7.135um> &<id:972535 Horizontal n(23) Metal2 [20.325um 65.5um] [27um 65.5um] 0.29um rpD:0 bl:0 -----UCG--T-----------bt-- [20.115um:27.25um] [20.115um:27.25um] 7.135um ------->
        <event:00001917 4:782.385:7.135um> &<id:972535 Horizontal n(23) Metal2 [20.325um 65.5um] [27um 65.5um] 0.29um rpD:0 bl:0 -----UCG--T-----------bt-- [20.115um:27.25um] [20.115um:27.25um] 7.135um ------->
        <event:00001918 3:3530.29:11.5um> &<id:971108 Vertical abc_1342_new_n255 Metal3 [26.5um 56.5um] [26.5um 65.5um] 0.29um rpD:1 bl:0 ------CG----W---------bb-- [56.25um:65.75um] [54.25um:65.75um] 11.5um ------->
        <event:00001919 0:119:0.975um> &<id:975771 Horizontal abc_1342_new_n255 Metal2 [26.5um 65.5um] [27.015um 65.5um] 0.29um rpD:0 bl:0 -----UC---T-----------tb-- [26.25um:27.225um] [26.25um:27.225um] 0.975um ------->
        <event:00001920 4:119:0.975um> &<id:975771 Horizontal abc_1342_new_n255 Metal2 [26.5um 65.5um] [27.015um 65.5um] 0.29um rpD:0 bl:0 -----UC---T-----------tb-- [26.25um:27.225um] [26.25um:27.225um] 0.975um ------->
        <event:00001921 3:2012.54:6.5um> &<id:972534 Vertical n(23) Metal3 [27um 65.5um] [27um 71.5um] 0.29um rpD:1 bl:0 -----UCG----W---------bb-- [65.25um:71.75um] [65.25um:71.75um] 6.5um ------->
        <event:00001922 0:782.385:7.135um> &<id:972535 Horizontal n(23) Metal2 [20.325um 65.5um] [27um 65.5um] 0.29um rpD:0 bl:0 -----UCG--T-----------bt-- [20.115um:27.25um] [20.115um:27.25um] 7.135um ------->
        <event:00001923 4:782.385:7.135um> &<id:972535 Horizontal n(23) Metal2 [20.325um 66um] [27um 66um] 0.29um rpD:0 bl:0 -----UCG--T-----------bt-- [20.115um:27.25um] [20.115um:27.25um] 7.135um ------->
        <event:00001924 3:2012.54:6.5um> &<id:971788 Vertical n(20) Metal3 [27.5um 66um] [27.5um 69.5um] 0.29um rpD:1 bl:0 ------CG----W---------bb-- [65.75um:69.75um] [65.75um:72.25um] 6.5um ------->
        <event:00001925 3:1708.99:5.5um> &<id:971694 Vertical abc_1342_auto_rtlil_cc_2739_MuxGate_1327 Metal3 [22.5um 61um] [22.5um 66um] 0.29um rpD:1 bl:0 -----UCG----W---------bb-- [60.75um:66.25um] [60.75um:66.25um] 5.5um ------->
        <event:00001926 3:1708.99:5.5um> &<id:971882 Vertical abc_1342_new_n302 Metal3 [26.5um 66um] [26.5um 71um] 0.29um rpD:1 bl:0 -----UCG----W---------bb-- [65.75um:71.25um] [65.75um:71.25um] 5.5um ------->
        <event:00001927 1:1393.95:9.81um> &<id:972435 Horizontal abc_1342_new_n301 Metal2 [21.265um 66um] [30.655um 66um] 0.29um rpD:0 bl:0 -----UCG--T------------b-- [21.055um:30.865um] [21.055um:30.865um] 9.81um ------->
        <event:00001928 1:1278.06:5.38um> &<id:971606 Horizontal abc_1342_new_n126 Metal2 [24.605um 66um] [29.565um 66um] 0.29um rpD:1 bl:0 -----UCG----W------------- [24.395um:29.775um] [24.395um:29.775um] 5.38um ------->
        <event:00001929 0:4.23077:0.42um> &<id:975896 Vertical abc_1342_new_n301 Metal2 [21.265um 65um] [21.265um 65um] 0.21um rpD:0 bl:0 -X---UC---TD---------P-b-- [64.58um:65.42um] [21.055um:21.475um] 0.42um P------>
        <event:00001930 0:4.23077:0.42um> &<id:975575 Vertical abc_1342_new_n126 Metal2 [24.605um 67.5um] [24.605um 68um] 0.21um rpD:0 bl:0 -X---UC---TD---------Pb--- [67.0801um:68.42um] [24.395um:24.815um] 0.42um P------>
        <event:00001931 4:4.23077:0.42um> &<id:975575 Vertical abc_1342_new_n126 Metal2 [24.605um 67.5um] [24.605um 68um] 0.21um rpD:0 bl:0 -X---UC---TD---------Pb--- [67.0801um:68.42um] [24.395um:24.815um] 0.42um P------>
        <event:00001932 0:4.23077:0.42um> &<id:975578 Vertical abc_1342_new_n126 Metal2 [29.565um 67.5um] [29.565um 68um] 0.21um rpD:0 bl:0 -X---UC---TD---------Pb--- [67.0801um:68.42um] [29.355um:29.775um] 0.42um P------>
        <event:00001933 0:118.5:0.715um> &<id:974270 Horizontal abc_1342_auto_rtlil_cc_2739_MuxGate_1327 Metal2 [22.315um 66um] [22.82um 66um] 0.29um rpD:0 bl:0 ---a-UC---T-----------tb-- [22.21um:22.925um] [22.21um:22.925um] 0.715um ------->
        <event:00001934 0:91:0.715um> &<id:976507 Horizontal n(20) Metal2 [27.2um 66um] [27.705um 66um] 0.29um rpD:0 bl:0 ---a-UC---T-----------tb-- [27.095um:27.81um] [27.095um:27.81um] 0.715um ------->
        <event:00001935 4:91:0.715um> &<id:976507 Horizontal n(20) Metal2 [27.2um 65.5um] [27.705um 65.5um] 0.29um rpD:0 bl:0 ---a-UC---T-----------tb-- [27.095um:27.81um] [27.095um:27.81um] 0.715um ------->
        <event:00001936 3:3530.29:11.5um> &<id:971108 Vertical abc_1342_new_n255 Metal3 [26.5um 56.5um] [26.5um 65.5um] 0.29um rpD:1 bl:0 ------CG----W---------bb-- [56.25um:65.75um] [54.25um:65.75um] 11.5um ------->
        <event:00001937 0:93.6923:0.74um> &<id:975771 Horizontal abc_1342_new_n255 Metal2 [26.615um 65.5um] [27.12um 65.5um] 0.29um rpD:0 bl:0 ---a-UC---T------i----tb-- [26.51um:27.25um] [26.51um:27.25um] 0.74um ------->
        <event:00001938 4:93.6923:0.74um> &<id:975771 Horizontal abc_1342_new_n255 Metal2 [26.615um 65.5um] [27.12um 65.5um] 0.29um rpD:0 bl:0 ---a-UC---T-----------tb-- [26.51um:27.25um] [26.51um:27.25um] 0.74um ------->
        <event:00001939 3:2164.31:7um> &<id:971788 Vertical n(20) Metal3 [27.5um 65.5um] [27.5um 69.5um] 0.29um rpD:1 bl:0 ------CG----W---------bb-- [65.25um:69.75um] [65.25um:72.25um] 7um ------->
        <event:00001940 0:91:0.715um> &<id:976507 Horizontal n(20) Metal2 [27.2um 65.5um] [27.705um 65.5um] 0.29um rpD:0 bl:0 ---a-UC---T-----------tb-- [27.095um:27.81um] [27.095um:27.81um] 0.715um ------->
        <event:00001941 4:91:0.715um> &<id:976507 Horizontal n(20) Metal2 [27.2um 65.5um] [27.705um 65.5um] 0.29um rpD:0 bl:0 ---a-UC---T-----------tb-- [27.095um:27.81um] [27.095um:27.81um] 0.715um ------->
        <event:00001942 3:3530.29:11.5um> &<id:971108 Vertical abc_1342_new_n255 Metal3 [27um 56.5um] [27um 65.5um] 0.29um rpD:1 bl:0 ------CG----W---------bb-- [56.25um:65.75um] [54.25um:65.75um] 11.5um ------->
        <event:00001943 0:93.6923:0.74um> &<id:975771 Horizontal abc_1342_new_n255 Metal2 [26.615um 65.5um] [27.12um 65.5um] 0.29um rpD:0 bl:0 ---a-UC---T-----------tb-- [26.51um:27.25um] [26.51um:27.25um] 0.74um ------->
        <event:00001944 4:93.6923:0.74um> &<id:975771 Horizontal abc_1342_new_n255 Metal2 [26.615um 65.5um] [27.12um 65.5um] 0.29um rpD:0 bl:0 ---a-UC---T-----------tb-- [26.51um:27.25um] [26.51um:27.25um] 0.74um ------->
        <event:00001945 3:2164.31:7um> &<id:971788 Vertical n(20) Metal3 [27.5um 65.5um] [27.5um 69.5um] 0.29um rpD:1 bl:0 ------CG----W---------bb-- [65.25um:69.75um] [65.25um:72.25um] 7um ------->
        <event:00001946 0:91:0.715um> &<id:976507 Horizontal n(20) Metal2 [27.2um 65.5um] [27.705um 65.5um] 0.29um rpD:0 bl:0 ---a-UC---T-----------tb-- [27.095um:27.81um] [27.095um:27.81um] 0.715um ------->
        <event:00001947 4:91:0.715um> &<id:976507 Horizontal n(20) Metal2 [27.2um 67um] [27.705um 67um] 0.29um rpD:0 bl:0 ---a-UC---T-----------tb-- [27.095um:27.81um] [27.095um:27.81um] 0.715um ------->
        <event:00001948 0:173.192:1.105um> &<id:975904 Horizontal abc_1342_new_n302 Metal2 [25.855um 66um] [26.5um 66um] 0.29um rpD:0 bl:0 -----UC---T-----------bt-- [25.645um:26.75um] [25.645um:26.75um] 1.105um ------->
        <event:00001949 0:576.154:5.22um> &<id:975273 Horizontal abc_1342_new_n292 Metal2 [26.505um 67um] [31.305um 67um] 0.29um rpD:0 bl:0 -----UC---T-----------bb-- [26.295um:31.515um] [26.295um:31.515um] 5.22um ------->
        <event:00001950 4:576.154:5.22um> &<id:975273 Horizontal abc_1342_new_n292 Metal2 [26.505um 67um] [31.305um 67um] 0.29um rpD:0 bl:0 -----UC---T-----------bb-- [26.295um:31.515um] [26.295um:31.515um] 5.22um ------->
        <event:00001951 3:1708.99:5.5um> &<id:971788 Vertical n(20) Metal3 [27.5um 67um] [27.5um 69.5um] 0.29um rpD:1 bl:0 ------CG----W---------bb-- [66.75um:69.75um] [66.75um:72.25um] 5.5um ------->
        <event:00001952 3:1405.44:4.5um> &<id:971882 Vertical abc_1342_new_n302 Metal3 [26.5um 67um] [26.5um 71um] 0.29um rpD:1 bl:0 -----UCG----W---------bb-- [66.75um:71.25um] [66.75um:71.25um] 4.5um ------->
        <event:00001953 0:91:0.715um> &<id:976507 Horizontal n(20) Metal2 [27.2um 67um] [27.705um 67um] 0.29um rpD:0 bl:0 ---a-UC---T-----------tb-- [27.095um:27.81um] [27.095um:27.81um] 0.715um ------->
        <event:00001954 4:91:0.715um> &<id:976507 Horizontal n(20) Metal2 [27.2um 66.5um] [27.705um 66.5um] 0.29um rpD:0 bl:0 ---a-UC---T-----------tb-- [27.095um:27.81um] [27.095um:27.81um] 0.715um ------->
        <event:00001955 3:7324.67:24um> &<id:971107 Vertical abc_1342_new_n255 Metal3 [26um 66.5um] [26um 83.5um] 0.29um rpD:1 bl:0 ------CG----W---------bb-- [66.25um:83.75um] [66.25um:90.25um] 24um ------->
        <event:00001956 0:173.192:1.105um> &<id:975904 Horizontal abc_1342_new_n302 Metal2 [25.855um 67um] [26.5um 67um] 0.29um rpD:0 bl:0 -----UC---T-----------bt-- [25.645um:26.75um] [25.645um:26.75um] 1.105um ------->
        <event:00001957 0:576.154:5.22um> &<id:975768 Horizontal abc_1342_new_n255 Metal2 [27.015um 66.5um] [31.815um 66.5um] 0.29um rpD:0 bl:0 -----UC---T-----------bb-- [26.805um:32.025um] [26.805um:32.025um] 5.22um ------->
        <event:00001958 4:576.154:5.22um> &<id:975768 Horizontal abc_1342_new_n255 Metal2 [27.015um 65.5um] [31.815um 65.5um] 0.29um rpD:0 bl:0 -----UC---T-----------bb-- [26.805um:32.025um] [26.805um:32.025um] 5.22um ------->
        <event:00001959 3:1557.21:5um> &<id:972048 Vertical n(24) Metal3 [29um 61um] [29um 65.5um] 0.29um rpD:1 bl:0 -----UCG----W---------bb-- [60.75um:65.75um] [60.75um:65.75um] 5um ------->
        <event:00001960 0:146:0.715um> &<id:976352 Horizontal n(24) Metal2 [28.745um 65.5um] [29.25um 65.5um] 0.29um rpD:0 bl:0 ---a-UC---T-----------tb-- [28.64um:29.355um] [28.64um:29.355um] 0.715um ------->
        <event:00001961 0:421.615:3.785um> &<id:972049 Horizontal n(24) Metal2 [29um 65.5um] [32.325um 65.5um] 0.29um rpD:0 bl:0 -----UCG--T-----------tb-- [28.75um:32.535um] [28.75um:32.535um] 3.785um ------->
        <event:00001962 0:689.769:6.275um> &<id:975774 Horizontal abc_1342_new_n255 Metal2 [26um 66.5um] [31.815um 66.5um] 0.29um rpD:0 bl:0 -----UC---T-----------tb-- [25.75um:32.025um] [25.75um:32.025um] 6.275um ------->
        <event:00001963 0:1162.82:6.6um> &<id:972229 Horizontal abc_1342_new_n303 Metal2 [22.285um 67.5um] [28.465um 67.5um] 0.29um rpD:0 bl:0 -----UCG--T-----------b--- [22.075um:28.675um] [22.075um:28.675um] 6.6um ------->
        <event:00001964 4:1162.82:6.6um> &<id:972229 Horizontal abc_1342_new_n303 Metal2 [22.285um 67.5um] [28.465um 67.5um] 0.29um rpD:0 bl:0 -----UCG--T-----------b--- [22.075um:28.675um] [22.075um:28.675um] 6.6um ------->
        <event:00001965 1:1278.06:5.38um> &<id:971606 Horizontal abc_1342_new_n126 Metal2 [24.605um 68um] [29.565um 68um] 0.29um rpD:1 bl:0 -----UCG----W------------- [24.395um:29.775um] [24.395um:29.775um] 5.38um ------->
        <event:00001966 0:4.23077:0.42um> &<id:975575 Vertical abc_1342_new_n126 Metal2 [24.605um 67.5um] [24.605um 68um] 0.21um rpD:0 bl:0 -X---UC---TD---------Pb--- [67.0801um:68.42um] [24.395um:24.815um] 0.42um P------>
        <event:00001967 4:4.23077:0.42um> &<id:975575 Vertical abc_1342_new_n126 Metal2 [24.605um 67.5um] [24.605um 68um] 0.21um rpD:0 bl:0 -X---UC---TD---------Pb--- [67.0801um:68.42um] [24.395um:24.815um] 0.42um P------>
        <event:00001968 0:1162.82:6.6um> &<id:972229 Horizontal abc_1342_new_n303 Metal2 [22.285um 67.5um] [28.465um 67.5um] 0.29um rpD:0 bl:0 -----UCG--T-----------b--- [22.075um:28.675um] [22.075um:28.675um] 6.6um ------->
        <event:00001969 4:1162.82:6.6um> &<id:972229 Horizontal abc_1342_new_n303 Metal2 [22.285um 65um] [28.465um 65um] 0.29um rpD:0 bl:0 -----UCG--T-----------b--- [22.075um:28.675um] [22.075um:28.675um] 6.6um ------->
        <event:00001970 0:4.23077:0.42um> &<id:975916 Vertical abc_1342_new_n303 Metal2 [28.465um 65um] [28.465um 65um] 0.21um rpD:0 bl:0 -X---UC---TD---------Pb--- [64.58um:65.42um] [28.255um:28.675um] 0.42um P------>
        <event:00001971 0:1393.95:9.81um> &<id:972435 Horizontal abc_1342_new_n301 Metal2 [21.265um 65um] [30.655um 65um] 0.29um rpD:0 bl:0 -----UCG--T------------b-- [21.055um:30.865um] [21.055um:30.865um] 9.81um ------->
        <event:00001972 4:1393.95:9.81um> &<id:972435 Horizontal abc_1342_new_n301 Metal2 [21.265um 65um] [30.655um 65um] 0.29um rpD:0 bl:0 -----UCG--T------------b-- [21.055um:30.865um] [21.055um:30.865um] 9.81um ------->
        <event:00001973 3:4.23077:0.42um> &<id:975916 Vertical abc_1342_new_n303 Metal2 [28.465um 65um] [28.465um 65um] 0.21um rpD:0 bl:0 -X---UC---TD---------Pb--- [64.58um:65.42um] [28.255um:28.675um] 0.42um P------>
        <event:00001974 4:4.23077:0.42um> &<id:975916 Vertical abc_1342_new_n303 Metal2 [28.465um 65um] [28.465um 65um] 0.21um rpD:0 bl:0 -X---UC---TD---------Pb--- [64.58um:65.42um] [28.255um:28.675um] 0.42um P------>
        <event:00001975 0:1162.82:6.6um> &<id:972229 Horizontal abc_1342_new_n303 Metal2 [22.285um 65um] [28.465um 65um] 0.29um rpD:0 bl:0 -----UCG--T-----------b--- [22.075um:28.675um] [22.075um:28.675um] 6.6um ------->
        <event:00001976 0:1393.95:9.81um> &<id:972435 Horizontal abc_1342_new_n301 Metal2 [21.265um 65um] [30.655um 65um] 0.29um rpD:0 bl:0 -----UCG--T------------b-- [21.055um:30.865um] [21.055um:30.865um] 9.81um ------->
        <event:00001977 4:1393.95:9.81um> &<id:972435 Horizontal abc_1342_new_n301 Metal2 [21.265um 65um] [30.655um 65um] 0.29um rpD:0 bl:0 -----UCG--T------------b-- [21.055um:30.865um] [21.055um:30.865um] 9.81um ------->
        <event:00001978 3:4.23077:0.42um> &<id:975916 Vertical abc_1342_new_n303 Metal2 [28.465um 65um] [28.465um 65um] 0.21um rpD:0 bl:0 -X---UC---TD---------Pb--- [64.58um:65.42um] [28.255um:28.675um] 0.42um P------>
        <event:00001979 4:4.23077:0.42um> &<id:975916 Vertical abc_1342_new_n303 Metal2 [28.465um 65um] [28.465um 65um] 0.21um rpD:0 bl:0 -X---UC---TD---------Pb--- [64.58um:65.42um] [28.255um:28.675um] 0.42um P------>
        <event:00001980 0:1162.82:6.6um> &<id:972229 Horizontal abc_1342_new_n303 Metal2 [22.285um 65um] [28.465um 65um] 0.29um rpD:0 bl:0 -----UCG--T-----------b--- [22.075um:28.675um] [22.075um:28.675um] 6.6um ------->
        <event:00001981 0:1393.95:9.81um> &<id:972435 Horizontal abc_1342_new_n301 Metal2 [21.265um 65um] [30.655um 65um] 0.29um rpD:0 bl:0 -----UCG--T------------b-- [21.055um:30.865um] [21.055um:30.865um] 9.81um ------->
        <event:00001982 4:1393.95:9.81um> &<id:972435 Horizontal abc_1342_new_n301 Metal2 [21.265um 67um] [30.655um 67um] 0.29um rpD:0 bl:0 -----UCG--T------------b-- [21.055um:30.865um] [21.055um:30.865um] 9.81um ------->
        <event:00001983 0:4.23077:0.42um> &<id:975896 Vertical abc_1342_new_n301 Metal2 [21.265um 67um] [21.265um 67um] 0.21um rpD:0 bl:0 -X---UC---TD---------P-b-- [66.5801um:67.42um] [21.055um:21.475um] 0.42um P------>
        <event:00001984 0:576.154:5.22um> &<id:975273 Horizontal abc_1342_new_n292 Metal2 [26.505um 67um] [31.305um 67um] 0.29um rpD:0 bl:0 -----UC---T-----------bb-- [26.295um:31.515um] [26.295um:31.515um] 5.22um ------->
        <event:00001985 4:576.154:5.22um> &<id:975273 Horizontal abc_1342_new_n292 Metal2 [26.505um 67um] [31.305um 67um] 0.29um rpD:0 bl:0 -----UC---T-----------bb-- [26.295um:31.515um] [26.295um:31.515um] 5.22um ------->
        <event:00001986 0:1393.95:9.81um> &<id:972435 Horizontal abc_1342_new_n301 Metal2 [21.265um 67um] [30.655um 67um] 0.29um rpD:0 bl:0 -----UCG--T------------b-- [21.055um:30.865um] [21.055um:30.865um] 9.81um ------->
        <event:00001987 4:1393.95:9.81um> &<id:972435 Horizontal abc_1342_new_n301 Metal2 [21.265um 67um] [30.655um 67um] 0.29um rpD:0 bl:0 -----UCG--T------------b-- [21.055um:30.865um] [21.055um:30.865um] 9.81um ------->
        <event:00001988 0:576.154:5.22um> &<id:975273 Horizontal abc_1342_new_n292 Metal2 [26.505um 67um] [31.305um 67um] 0.29um rpD:0 bl:0 -----UC---T-----------bb-- [26.295um:31.515um] [26.295um:31.515um] 5.22um ------->
        <event:00001989 4:576.154:5.22um> &<id:975273 Horizontal abc_1342_new_n292 Metal2 [26.505um 67um] [31.305um 67um] 0.29um rpD:0 bl:0 -----UC---T-----------bb-- [26.295um:31.515um] [26.295um:31.515um] 5.22um ------->
        <event:00001990 0:1393.95:9.81um> &<id:972435 Horizontal abc_1342_new_n301 Metal2 [21.265um 67um] [30.655um 67um] 0.29um rpD:0 bl:0 -----UCG--T------------b-- [21.055um:30.865um] [21.055um:30.865um] 9.81um ------->
        <event:00001991 4:1393.95:9.81um> &<id:972435 Horizontal abc_1342_new_n301 Metal2 [21.265um 66um] [30.655um 66um] 0.29um rpD:0 bl:0 -----UCG--T------------b-- [21.055um:30.865um] [21.055um:30.865um] 9.81um ------->
        <event:00001992 3:1860.76:6um> &<id:972534 Vertical n(23) Metal3 [27um 66um] [27um 71.5um] 0.29um rpD:1 bl:0 -----UCG----W---------bb-- [65.75um:71.75um] [65.75um:71.75um] 6um ------->
        <event:00001993 3:1860.76:6um> &<id:972048 Vertical n(24) Metal3 [29um 61um] [29um 66.5um] 0.29um rpD:1 bl:0 -----UCG----W---------bb-- [60.75um:66.75um] [60.75um:66.75um] 6um ------->
        <event:00001994 0:4.23077:0.42um> &<id:975896 Vertical abc_1342_new_n301 Metal2 [21.265um 66um] [21.265um 66um] 0.21um rpD:0 bl:0 -X---UC---TD---------P-b-- [65.58um:66.42um] [21.055um:21.475um] 0.42um P------>
        <event:00001995 0:146:0.715um> &<id:976352 Horizontal n(24) Metal2 [28.745um 66um] [29.25um 66um] 0.29um rpD:0 bl:0 ---a-UC---T-----------tb-- [28.64um:29.355um] [28.64um:29.355um] 0.715um ------->
        <event:00001996 0:782.385:7.135um> &<id:972535 Horizontal n(23) Metal2 [20.325um 66um] [27um 66um] 0.29um rpD:0 bl:0 -----UCG--T-----------bt-- [20.115um:27.25um] [20.115um:27.25um] 7.135um ------->
        <event:00001997 4:782.385:7.135um> &<id:972535 Horizontal n(23) Metal2 [20.325um 66um] [27um 66um] 0.29um rpD:0 bl:0 -----UCG--T-----------bt-- [20.115um:27.25um] [20.115um:27.25um] 7.135um ------->
        <event:00001998 3:4.23077:0.42um> &<id:975896 Vertical abc_1342_new_n301 Metal2 [21.265um 66um] [21.265um 66um] 0.21um rpD:0 bl:0 -X---UC---TD---------P-b-- [65.58um:66.42um] [21.055um:21.475um] 0.42um P------>
        <event:00001999 4:4.23077:0.42um> &<id:975896 Vertical abc_1342_new_n301 Metal2 [21.265um 66um] [21.265um 66um] 0.21um rpD:0 bl:0 -X---UC---TD---------P-b-- [65.58um:66.42um] [21.055um:21.475um] 0.42um P------>
        <event:00002000 0:782.385:7.135um> &<id:972535 Horizontal n(23) Metal2 [20.325um 66um] [27um 66um] 0.29um rpD:0 bl:0 -----UCG--T-----------bt-- [20.115um:27.25um] [20.115um:27.25um] 7.135um ------->
        <event:00002001 4:782.385:7.135um> &<id:972535 Horizontal n(23) Metal2 [20.325um 66um] [27um 66um] 0.29um rpD:0 bl:0 -----UCG--T-----------bt-- [20.115um:27.25um] [20.115um:27.25um] 7.135um ------->
        <event:00002002 1:1393.95:9.81um> &<id:972435 Horizontal abc_1342_new_n301 Metal2 [21.265um 66um] [30.655um 66um] 0.29um rpD:0 bl:0 -----UCG--T------------b-- [21.055um:30.865um] [21.055um:30.865um] 9.81um ------->
        <event:00002003 4:1393.95:9.81um> &<id:972435 Horizontal abc_1342_new_n301 Metal2 [21.265um 65um] [30.655um 65um] 0.29um rpD:0 bl:0 -----UCG--T------------b-- [21.055um:30.865um] [21.055um:30.865um] 9.81um ------->
        <event:00002004 3:4.23077:0.42um> &<id:975916 Vertical abc_1342_new_n303 Metal2 [28.465um 65um] [28.465um 65um] 0.21um rpD:0 bl:0 -X---UC---TD---------Pb--- [64.58um:65.42um] [28.255um:28.675um] 0.42um P------>
        <event:00002005 4:4.23077:0.42um> &<id:975916 Vertical abc_1342_new_n303 Metal2 [28.465um 65um] [28.465um 65um] 0.21um rpD:0 bl:0 -X---UC---TD---------Pb--- [64.58um:65.42um] [28.255um:28.675um] 0.42um P------>
        <event:00002006 0:4.23077:0.42um> &<id:975896 Vertical abc_1342_new_n301 Metal2 [21.265um 65um] [21.265um 65um] 0.21um rpD:0 bl:0 -X---UC---TD---------P-b-- [64.58um:65.42um] [21.055um:21.475um] 0.42um P------>
        <event:00002007 0:1162.82:6.6um> &<id:972229 Horizontal abc_1342_new_n303 Metal2 [22.285um 65um] [28.465um 65um] 0.29um rpD:0 bl:0 -----UCG--T-----------b--- [22.075um:28.675um] [22.075um:28.675um] 6.6um ------->
        <event:00002008 0:1393.95:9.81um> &<id:972435 Horizontal abc_1342_new_n301 Metal2 [21.265um 65um] [30.655um 65um] 0.29um rpD:0 bl:0 -----UCG--T------------b-- [21.055um:30.865um] [21.055um:30.865um] 9.81um ------->
        <event:00002009 4:1393.95:9.81um> &<id:972435 Horizontal abc_1342_new_n301 Metal2 [21.265um 65um] [30.655um 65um] 0.29um rpD:0 bl:0 -----UCG--T------------b-- [21.055um:30.865um] [21.055um:30.865um] 9.81um ------->
        <event:00002010 3:4.23077:0.42um> &<id:975916 Vertical abc_1342_new_n303 Metal2 [28.465um 65um] [28.465um 65um] 0.21um rpD:0 bl:0 -X---UC---TD---------Pb--- [64.58um:65.42um] [28.255um:28.675um] 0.42um P------>
        <event:00002011 4:4.23077:0.42um> &<id:975916 Vertical abc_1342_new_n303 Metal2 [28.465um 65um] [28.465um 65um] 0.21um rpD:0 bl:0 -X---UC---TD---------Pb--- [64.58um:65.42um] [28.255um:28.675um] 0.42um P------>
        <event:00002012 4:4.23077:0.42um> &<id:975916 Vertical abc_1342_new_n303 Metal2 [28.465um 65um] [28.465um 65um] 0.21um rpD:0 bl:0 -X---UC---TD---------Pb--- [64.58um:65.42um] [28.255um:28.675um] 0.42um P------>
        <event:00002013 4:1162.82:6.6um> &<id:972229 Horizontal abc_1342_new_n303 Metal2 [22.285um 65um] [28.465um 65um] 0.29um rpD:0 bl:0 -----UCG--T-----------b--- [22.075um:28.675um] [22.075um:28.675um] 6.6um ------->
        <event:00002014 0:1393.95:9.81um> &<id:972435 Horizontal abc_1342_new_n301 Metal2 [21.265um 65um] [30.655um 65um] 0.29um rpD:0 bl:0 -----UCG--T------------b-- [21.055um:30.865um] [21.055um:30.865um] 9.81um ------->
        <event:00002015 5:196:0.715um> &<id:972435 Horizontal abc_1342_new_n301 Metal2 [21.16um 65um] [21.665um 65um] 0.29um rpD:1 bl:0 ---a-UC-----W--S-------t-- [21.055um:21.77um] [21.055um:21.77um] 0.715um --S---t>
        <event:00002016 3:131.121:0.805um> &<id:976717 Horizontal abc_1342_new_n301 Metal2 [30.655um 65um] [31um 65um] 0.29um rpD:0 bl:0 -----UC---T---AS------bt-- [30.445um:31.25um] [30.445um:31.25um] 0.805um --S--s->
        <event:00002017 3:254.982:0.71um> &<id:976716 Vertical abc_1342_new_n301 Metal3 [31um 64.75um] [31um 65.25um] 0.29um rpD:1 bl:0 ---a--C-----W-ASr-----bb-- [64.645um:65.355um] [64.645um:65.355um] 0.71um --S--st>
        <event:00002018 3:3074.96:9.5um> &<id:976713 Horizontal abc_1342_new_n301 Metal2 [21.5um 65um] [30.5um 65um] 0.29um rpD:2 bl:0 ------CG-----w--------tt-- [21.25um:30.75um] [21.25um:30.75um] 9.5um -----st>
        <event:00002019 3:646.562:2um> &<id:976712 Vertical abc_1342_new_n301 Metal3 [21.5um 64um] [21.5um 65.5um] 0.29um rpD:2 bl:0 ------C------wAS------bb-- [63.75um:65.75um] [63.75um:65.75um] 2um --S--st>
        <event:00002020 0:4.23077:0.42um> &<id:975896 Vertical abc_1342_new_n301 Metal2 [21.265um 65.5um] [21.265um 65.5um] 0.21um rpD:0 bl:0 -X---UC---TD---------P-b-- [65.08um:65.92um] [21.055um:21.475um] 0.42um P------>
        <event:00002021 4:4.23077:0.42um> &<id:975896 Vertical abc_1342_new_n301 Metal2 [21.265um 65.5um] [21.265um 65.5um] 0.21um rpD:0 bl:0 -X---UC---TD---------P-b-- [65.08um:65.92um] [21.055um:21.475um] 0.42um P------>
        <event:00002022 3:196:0.715um> &<id:972435 Horizontal abc_1342_new_n301 Metal2 [21.16um 65.5um] [21.665um 65.5um] 0.29um rpD:1 bl:0 ---a-UC-----W--S-------t-- [21.055um:21.77um] [21.055um:21.77um] 0.715um --S---t>
        <event:00002023 0:1093.08:10.02um> &<id:971337 Horizontal abc_1342_new_n175 Metal2 [38.655um 8.5um] [48.255um 8.5um] 0.29um rpD:0 bl:0 -----UCG--T-----------b--- [38.445um:48.465um] [38.445um:48.465um] 10.02um ------->
        <event:00002024 4:1093.08:10.02um> &<id:971337 Horizontal abc_1342_new_n175 Metal2 [38.655um 8um] [48.255um 8um] 0.29um rpD:0 bl:0 -----UCG--T-----------b--- [38.445um:48.465um] [38.445um:48.465um] 10.02um ------->
        <event:00002025 3:4.23077:0.42um> &<id:974844 Vertical abc_1342_new_n193 Metal2 [40.755um 8um] [40.755um 8um] 0.21um rpD:0 bl:0 -X---UC---TD---------Pb--- [7.5801um:8.42um] [40.545um:40.965um] 0.42um P------>
        <event:00002026 4:4.23077:0.42um> &<id:974844 Vertical abc_1342_new_n193 Metal2 [40.755um 8um] [40.755um 8um] 0.21um rpD:0 bl:0 -X---UC---TD---------Pb--- [7.5801um:8.42um] [40.545um:40.965um] 0.42um P------>
        <event:00002027 3:1405.44:4.5um> &<id:973283 Vertical abc_1342_new_n202 Metal3 [41.5um 4um] [41.5um 8um] 0.29um rpD:1 bl:0 ------CG----W---------bb-- [3.75um:8.25um] [3.75um:8.25um] 4.5um ------->
        <event:00002028 0:4.23077:0.42um> &<id:974980 Vertical abc_1342_new_n175 Metal2 [48.255um 8um] [48.255um 8um] 0.21um rpD:0 bl:0 -X---UC---TD---------Pb--- [7.5801um:8.42um] [48.045um:48.465um] 0.42um P------>
        <event:00002029 0:171.769:1.465um> &<id:975359 Horizontal abc_1342_new_n202 Metal2 [41.5um 8um] [42.505um 8um] 0.29um rpD:0 bl:0 -----UC---T-----------tb-- [41.25um:42.715um] [41.25um:42.715um] 1.465um ------->
        <event:00002030 0:1093.08:10.02um> &<id:971337 Horizontal abc_1342_new_n175 Metal2 [38.655um 8um] [48.255um 8um] 0.29um rpD:0 bl:0 -----UCG--T-----------b--- [38.445um:48.465um] [38.445um:48.465um] 10.02um ------->
        <event:00002031 4:1093.08:10.02um> &<id:971337 Horizontal abc_1342_new_n175 Metal2 [38.655um 8um] [48.255um 8um] 0.29um rpD:0 bl:0 -----UCG--T-----------b--- [38.445um:48.465um] [38.445um:48.465um] 10.02um ------->
        <event:00002032 3:1405.44:4.5um> &<id:973283 Vertical abc_1342_new_n202 Metal3 [41.5um 4um] [41.5um 8um] 0.29um rpD:1 bl:0 ------CG----W---------bb-- [3.75um:8.25um] [3.75um:8.25um] 4.5um ------->
        <event:00002033 1:782.592:4.56um> &<id:971545 Horizontal abc_1342_new_n193 Metal2 [36.615um 8um] [40.755um 8um] 0.29um rpD:1 bl:0 -----UCG----W------------- [36.405um:40.965um] [36.405um:40.965um] 4.56um ------->
        <event:00002034 0:4.23077:0.42um> &<id:974841 Vertical abc_1342_new_n193 Metal2 [36.615um 7.5um] [36.615um 8um] 0.21um rpD:0 bl:0 -X---UC---TD---------P-b-- [7.0801um:8.42um] [36.405um:36.825um] 0.42um P------>
        <event:00002035 0:4.23077:0.42um> &<id:974844 Vertical abc_1342_new_n193 Metal2 [40.755um 7.5um] [40.755um 7.5um] 0.21um rpD:0 bl:0 -X---UC---TD---------Pb--- [7.0801um:7.92um] [40.545um:40.965um] 0.42um P------>
        <event:00002036 0:171.769:1.465um> &<id:975359 Horizontal abc_1342_new_n202 Metal2 [41.5um 8um] [42.505um 8um] 0.29um rpD:0 bl:0 -----UC---T-----------tb-- [41.25um:42.715um] [41.25um:42.715um] 1.465um ------->
        <event:00002037 0:1096.85:10.055um> &<id:972312 Horizontal n(13) Metal2 [32.905um 88.5um] [42.5um 88.5um] 0.29um rpD:0 bl:0 -----UCG--T-----------bt-- [32.695um:42.75um] [32.695um:42.75um] 10.055um ------->
        <event:00002038 4:1096.85:10.055um> &<id:972312 Horizontal n(13) Metal2 [32.905um 89um] [42.5um 89um] 0.29um rpD:0 bl:0 -----UCG--T-----------bt-- [32.695um:42.75um] [32.695um:42.75um] 10.055um ------->
        <event:00002039 3:2619.64:8.5um> &<id:971120 Vertical abc_1342_new_n255 Metal3 [35um 89.5um] [35um 94.5um] 0.29um rpD:1 bl:0 ------CG----W---------bb-- [89.25um:94.75um] [86.25um:94.75um] 8.5um ------->
        <event:00002040 3:2012.54:6.5um> &<id:971121 Vertical abc_1342_new_n255 Metal3 [41.5um 89um] [41.5um 95um] 0.29um rpD:1 bl:0 -----UCG----W---------bb-- [88.75um:95.25um] [88.75um:95.25um] 6.5um ------->
        <event:00002041 0:151.308:1.275um> &<id:975787 Horizontal abc_1342_new_n255 Metal2 [35um 89um] [35.815um 89um] 0.29um rpD:0 bl:0 -----UC---T-----------tb-- [34.75um:36.025um] [34.75um:36.025um] 1.275um ------->
        <event:00002042 4:151.308:1.275um> &<id:975787 Horizontal abc_1342_new_n255 Metal2 [35um 89.5um] [35.815um 89.5um] 0.29um rpD:0 bl:0 -----UC---T-----------tb-- [34.75um:36.025um] [34.75um:36.025um] 1.275um ------->
        <event:00002043 1:271.195:1.23um> &<id:975165 Horizontal abc_1342_new_n274 Metal2 [33.845um 89.5um] [34.655um 89.5um] 0.29um rpD:1 bl:0 -----UC-----W------------- [33.635um:34.865um] [33.635um:34.865um] 1.23um ------->
        <event:00002044 0:4.23077:0.42um> &<id:975161 Vertical abc_1342_new_n274 Metal2 [33.845um 90.5um] [33.845um 90.5um] 0.21um rpD:0 bl:0 -X---UC---TD---------P-b-- [90.0801um:90.92um] [33.635um:34.055um] 0.42um P------>
        <event:00002045 0:4.23077:0.42um> &<id:975164 Vertical abc_1342_new_n274 Metal2 [34.655um 90um] [34.655um 90.5um] 0.21um rpD:0 bl:0 -X---UC---TD---------Pb--- [89.5801um:90.92um] [34.445um:34.865um] 0.42um P------>
        <event:00002046 4:4.23077:0.42um> &<id:975164 Vertical abc_1342_new_n274 Metal2 [34.655um 90um] [34.655um 90.5um] 0.21um rpD:0 bl:0 -X---UC---TD---------Pb--- [89.5801um:90.92um] [34.445um:34.865um] 0.42um P------>
        <event:00002047 3:2012.54:6.5um> &<id:972136 Vertical abc_1342_new_n271 Metal3 [35um 89.5um] [35um 95.5um] 0.29um rpD:1 bl:0 ------CG----W---------bb-- [89.25um:95.75um] [89.25um:95.75um] 6.5um ------->
        <event:00002048 0:112.538:0.805um> &<id:975145 Horizontal abc_1342_new_n271 Metal2 [35.085um 90um] [35.68um 90um] 0.29um rpD:0 bl:0 ---a-UC---T-----------bt-- [34.98um:35.785um] [34.98um:35.785um] 0.805um ------->
        <event:00002049 0:453.923:4.085um> &<id:971119 Horizontal abc_1342_new_n255 Metal2 [41.5um 89um] [45.125um 89um] 0.29um rpD:0 bl:0 -----UCG--T-----------tb-- [41.25um:45.335um] [41.25um:45.335um] 4.085um ------->
        <event:00002050 4:453.923:4.085um> &<id:971119 Horizontal abc_1342_new_n255 Metal2 [41.5um 89um] [45.125um 89um] 0.29um rpD:0 bl:0 -----UCG--T-----------tb-- [41.25um:45.335um] [41.25um:45.335um] 4.085um ------->
        <event:00002051 3:1557.21:5um> &<id:972311 Vertical n(13) Metal3 [42.5um 84.5um] [42.5um 89um] 0.29um rpD:1 bl:0 -----UCG----W---------bb-- [84.25um:89.25um] [84.25um:89.25um] 5um ------->
        <event:00002052 0:1096.85:9.555um> &<id:972312 Horizontal n(13) Metal2 [32.905um 89um] [42um 89um] 0.29um rpD:0 bl:0 -----UCG--T-----------bt-- [32.695um:42.25um] [32.695um:42.25um] 9.555um ------->
        <event:00002053 4:1043:9.555um> &<id:972312 Horizontal n(13) Metal2 [32.905um 89um] [42um 89um] 0.29um rpD:0 bl:0 -----UCG--T-----------bt-- [32.695um:42.25um] [32.695um:42.25um] 9.555um ------->
        <event:00002054 3:2012.54:6.5um> &<id:971121 Vertical abc_1342_new_n255 Metal3 [41.5um 89um] [41.5um 95um] 0.29um rpD:1 bl:0 -----UCG----W---------bb-- [88.75um:95.25um] [88.75um:95.25um] 6.5um ------->
        <event:00002055 0:453.923:4.085um> &<id:971119 Horizontal abc_1342_new_n255 Metal2 [41.5um 89um] [45.125um 89um] 0.29um rpD:0 bl:0 -----UCG--T-----------tb-- [41.25um:45.335um] [41.25um:45.335um] 4.085um ------->
        <event:00002056 4:453.923:4.085um> &<id:971119 Horizontal abc_1342_new_n255 Metal2 [41.5um 89um] [45.125um 89um] 0.29um rpD:0 bl:0 -----UCG--T-----------tb-- [41.25um:45.335um] [41.25um:45.335um] 4.085um ------->
        <event:00002057 3:1557.21:5um> &<id:972311 Vertical n(13) Metal3 [42um 84.5um] [42um 89um] 0.29um rpD:1 bl:0 -----UCG----W---------bb-- [84.25um:89.25um] [84.25um:89.25um] 5um ------->
        <event:00002058 0:1043:9.555um> &<id:972312 Horizontal n(13) Metal2 [32.905um 89um] [42um 89um] 0.29um rpD:0 bl:0 -----UCG--T-----------bt-- [32.695um:42.25um] [32.695um:42.25um] 9.555um ------->
        <event:00002059 4:1043:9.555um> &<id:972312 Horizontal n(13) Metal2 [32.905um 89um] [42um 89um] 0.29um rpD:0 bl:0 -----UCG--T-----------bt-- [32.695um:42.25um] [32.695um:42.25um] 9.555um ------->
        <event:00002060 3:2012.54:6.5um> &<id:971121 Vertical abc_1342_new_n255 Metal3 [41.5um 89um] [41.5um 95um] 0.29um rpD:1 bl:0 -----UCG----W---------bb-- [88.75um:95.25um] [88.75um:95.25um] 6.5um ------->
        <event:00002061 0:453.923:4.085um> &<id:971119 Horizontal abc_1342_new_n255 Metal2 [41.5um 89um] [45.125um 89um] 0.29um rpD:0 bl:0 -----UCG--T-----------tb-- [41.25um:45.335um] [41.25um:45.335um] 4.085um ------->
        <event:00002062 4:453.923:4.085um> &<id:971119 Horizontal abc_1342_new_n255 Metal2 [41.5um 88.5um] [45.125um 88.5um] 0.29um rpD:0 bl:0 -----UCG--T-----------tb-- [41.25um:45.335um] [41.25um:45.335um] 4.085um ------->
        <event:00002063 3:1708.99:5.5um> &<id:971929 Vertical n(14) Metal3 [43um 83.5um] [43um 88.5um] 0.29um rpD:1 bl:0 -----UCG----W---------bb-- [83.25um:88.75um] [83.25um:88.75um] 5.5um ------->
        <event:00002064 0:990.899:5.105um> &<id:971930 Horizontal n(14) Metal2 [37.855um 88.5um] [42.5um 88.5um] 0.29um rpD:0 bl:0 -----UCG--T-----------bt-- [37.645um:42.75um] [37.645um:42.75um] 5.105um ------->
        <event:00002065 4:904.509:5.105um> &<id:971930 Horizontal n(14) Metal2 [37.855um 89.5um] [42.5um 89.5um] 0.29um rpD:0 bl:0 -----UCG--T-----------bt-- [37.645um:42.75um] [37.645um:42.75um] 5.105um ------->
        <event:00002066 1:735.29:3.04um> &<id:971478 Horizontal abc_1342_new_n277 Metal2 [37.265um 89.5um] [39.885um 89.5um] 0.29um rpD:1 bl:0 -----UCG----W------------- [37.055um:40.095um] [37.055um:40.095um] 3.04um ------->
        <event:00002067 0:4.23077:0.42um> &<id:975188 Vertical abc_1342_new_n277 Metal2 [37.265um 90.5um] [37.265um 91um] 0.21um rpD:0 bl:0 -X---UC---TD---------Pb--- [90.0801um:91.42um] [37.055um:37.475um] 0.42um P------>
        <event:00002068 0:4.23077:0.42um> &<id:975191 Vertical abc_1342_new_n277 Metal2 [39.885um 90.5um] [39.885um 91um] 0.21um rpD:0 bl:0 -X---UC---TD---------Pb--- [90.0801um:91.42um] [39.675um:40.095um] 0.42um P------>
        <event:00002069 0:1436.02:10.11um> &<id:972069 Horizontal n(12) Metal2 [16.525um 89.5um] [26.215um 89.5um] 0.29um rpD:0 bl:0 ------CG--T------------b-- [16.315um:26.425um] [16.315um:26.425um] 10.11um ------->
        <event:00002070 4:1436.02:10.11um> &<id:972069 Horizontal n(12) Metal2 [16.525um 88.5um] [26.215um 88.5um] 0.29um rpD:0 bl:0 ------CG--T------------b-- [16.315um:26.425um] [16.315um:26.425um] 10.11um ------->
        <event:00002071 3:1708.99:5.5um> &<id:971118 Vertical abc_1342_new_n255 Metal3 [22.5um 83.5um] [22.5um 88.5um] 0.29um rpD:1 bl:0 ------CG----W---------bb-- [83.25um:88.75um] [83.25um:88.75um] 5.5um ------->
        <event:00002072 0:4.23077:0.42um> &<id:976297 Vertical n(12) Metal2 [16.525um 88.5um] [16.525um 88.5um] 0.21um rpD:0 bl:0 -X---UC---TD---------Pb--- [88.08um:88.92um] [16.315um:16.735um] 0.42um P------>
        <event:00002073 0:91:0.715um> &<id:975826 Horizontal abc_1342_new_n255 Metal2 [22.18um 88.5um] [22.685um 88.5um] 0.29um rpD:0 bl:0 ---a-UC---T-----------tb-- [22.075um:22.79um] [22.075um:22.79um] 0.715um ------->
        <event:00002074 0:1139.92:10.455um> &<id:971058 Horizontal abc_1342_new_n174 Metal2 [30.505um 54um] [40.5um 54um] 0.29um rpD:0 bl:0 ------CG--T-----------bt-- [30.295um:40.75um] [30.295um:40.75um] 10.455um ------->
        <event:00002075 4:1139.92:10.455um> &<id:971058 Horizontal abc_1342_new_n174 Metal2 [30.505um 55um] [40.5um 55um] 0.29um rpD:0 bl:0 ------CG--T-----------bt-- [30.295um:40.75um] [30.295um:40.75um] 10.455um ------->
        <event:00002076 3:5806.92:19um> &<id:970973 Vertical init Metal3 [29um 36.5um] [29um 54um] 0.29um rpD:1 bl:0 ------CG----W---------bb-- [36.25um:54.25um] [36.25um:55.25um] 19um ------->
        <event:00002077 3:2316.09:7.5um> &<id:972297 Vertical abc_1342_new_n147 Metal3 [34.5um 48um] [34.5um 54um] 0.29um rpD:2 bl:0 ------CG-----w--------bb-- [47.75um:54.25um] [47.75um:55.25um] 7.5um ------->
        <event:00002078 0:101.769:0.815um> &<id:975458 Horizontal abc_1342_new_n147 Metal2 [34.29um 55um] [34.895um 55um] 0.29um rpD:0 bl:0 ---a-UC---T-----------tb-- [34.185um:35um] [34.185um:35um] 0.815um ------->
        <event:00002079 4:101.769:0.815um> &<id:975458 Horizontal abc_1342_new_n147 Metal2 [34.29um 54.5um] [34.895um 54.5um] 0.29um rpD:0 bl:0 ---a-UC---T-----------tb-- [34.185um:35um] [34.185um:35um] 0.815um ------->
        <event:00002080 1:625.74:3.62um> &<id:976044 Horizontal abc_1342_new_n159 Metal2 [34.215um 54.5um] [37.415um 54.5um] 0.29um rpD:1 bl:0 -----UC-----W------------- [34.005um:37.625um] [34.005um:37.625um] 3.62um ------->
        <event:00002081 0:4.23077:0.42um> &<id:976040 Vertical abc_1342_new_n159 Metal2 [34.215um 53.5um] [34.215um 54um] 0.21um rpD:0 bl:0 -X---UC---TD---------P-b-- [53.0801um:54.42um] [34.005um:34.425um] 0.42um P------>
        <event:00002082 4:4.23077:0.42um> &<id:976040 Vertical abc_1342_new_n159 Metal2 [34.215um 53.5um] [34.215um 54um] 0.21um rpD:0 bl:0 -X---UC---TD---------P-b-- [53.0801um:54.42um] [34.005um:34.425um] 0.42um P------>
        <event:00002083 0:4.23077:0.42um> &<id:976043 Vertical abc_1342_new_n159 Metal2 [37.415um 53.5um] [37.415um 54um] 0.21um rpD:0 bl:0 -X---UC---TD---------P-b-- [53.0801um:54.42um] [37.205um:37.625um] 0.42um P------>
        <event:00002084 0:335.462:1.485um> &<id:974681 Horizontal init Metal2 [30.5um 55um] [31.525um 55um] 0.29um rpD:0 bl:0 -----UC---T-----------tb-- [30.25um:31.735um] [30.25um:31.735um] 1.485um ------->
        <event:00002085 0:1390.89:7.92um> &<id:972966 Horizontal abc_1342_new_n168 Metal2 [28.755um 54um] [36.255um 54um] 0.29um rpD:0 bl:0 -----UCG--T------------b-- [28.545um:36.465um] [28.545um:36.465um] 7.92um ------->
        <event:00002086 4:1390.89:7.92um> &<id:972966 Horizontal abc_1342_new_n168 Metal2 [28.755um 56um] [36.255um 56um] 0.29um rpD:0 bl:0 -----UCG--T------------b-- [28.545um:36.465um] [28.545um:36.465um] 7.92um ------->
        <event:00002087 1:1404.47:5.925um> &<id:971099 Horizontal abc_1342_new_n255 Metal2 [27um 56.5um] [32.465um 56.5um] 0.29um rpD:1 bl:0 ------CG----W---------t--- [26.75um:32.675um] [26.75um:32.675um] 5.925um ------->
        <event:00002088 0:4.23077:0.42um> &<id:976037 Vertical abc_1342_new_n168 Metal2 [28.755um 56um] [28.755um 56um] 0.21um rpD:0 bl:0 -X---UC---TD---------Pb--- [55.5801um:56.42um] [28.545um:28.965um] 0.42um P------>
        <event:00002089 0:4.23077:0.42um> &<id:975856 Vertical abc_1342_new_n255 Metal2 [32.465um 56um] [32.465um 56.5um] 0.21um rpD:0 bl:0 -X---UC---TD---------Pb--- [55.5801um:56.92um] [32.255um:32.675um] 0.42um P------>
        <event:00002090 4:4.23077:0.42um> &<id:975856 Vertical abc_1342_new_n255 Metal2 [32.465um 56um] [32.465um 56.5um] 0.21um rpD:0 bl:0 -X---UC---TD---------Pb--- [55.5801um:56.92um] [32.255um:32.675um] 0.42um P------>
        <event:00002091 4:4.23077:0.42um> &<id:975856 Vertical abc_1342_new_n255 Metal2 [32.465um 56um] [32.465um 56.5um] 0.21um rpD:0 bl:0 -X---UC---TD---------Pb--- [55.5801um:56.92um] [32.255um:32.675um] 0.42um P------>
        <event:00002092 3:1404.47:5.925um> &<id:971099 Horizontal abc_1342_new_n255 Metal2 [27um 56.5um] [32.465um 56.5um] 0.29um rpD:1 bl:0 ------CG----W---------t--- [26.75um:32.675um] [26.75um:32.675um] 5.925um ------->
        <event:00002093 0:1390.89:7.92um> &<id:972966 Horizontal abc_1342_new_n168 Metal2 [28.755um 56um] [36.255um 56um] 0.29um rpD:0 bl:0 -----UCG--T------------b-- [28.545um:36.465um] [28.545um:36.465um] 7.92um ------->
        <event:00002094 4:1390.89:7.92um> &<id:972966 Horizontal abc_1342_new_n168 Metal2 [28.755um 56um] [36.255um 56um] 0.29um rpD:0 bl:0 -----UCG--T------------b-- [28.545um:36.465um] [28.545um:36.465um] 7.92um ------->
        <event:00002095 1:1404.47:5.925um> &<id:971099 Horizontal abc_1342_new_n255 Metal2 [27um 56.5um] [32.465um 56.5um] 0.29um rpD:1 bl:0 ------CG----W---------t--- [26.75um:32.675um] [26.75um:32.675um] 5.925um ------->
        <event:00002096 5:1860.76:6um> &<id:971099 Horizontal abc_1342_new_n255 Metal4 [27um 56.5um] [32.5um 56.5um] 0.29um rpD:2 bl:0 ------CG-----w--------bb-- [26.75um:32.75um] [26.75um:32.75um] 6um ------t>
        <event:00002097 3:196:0.715um> &<id:976721 Horizontal abc_1342_new_n255 Metal2 [32.25um 56.5um] [32.755um 56.5um] 0.29um rpD:1 bl:0 ---a--C-----W----------t-- [32.145um:32.86um] [32.145um:32.86um] 0.715um -----s->
        <event:00002098 3:254.982:1um> &<id:976720 Vertical abc_1342_new_n255 Metal3 [32.5um 56um] [32.5um 56.5um] 0.29um rpD:2 bl:0 ------C------wAS------tb-- [55.75um:56.75um] [55.75um:56.75um] 1um --S--st>
        <event:00002099 0:4.23077:0.42um> &<id:975856 Vertical abc_1342_new_n255 Metal2 [32.465um 56um] [32.465um 56.5um] 0.21um rpD:0 bl:0 -X---UC---TD---------Pb--- [55.5801um:56.92um] [32.255um:32.675um] 0.42um P------>
        <event:00002100 4:4.23077:0.42um> &<id:975856 Vertical abc_1342_new_n255 Metal2 [32.465um 56um] [32.465um 56.5um] 0.21um rpD:0 bl:0 -X---UC---TD---------Pb--- [55.5801um:56.92um] [32.255um:32.675um] 0.42um P------>
        <event:00002101 0:1390.89:7.92um> &<id:972966 Horizontal abc_1342_new_n168 Metal2 [28.755um 56um] [36.255um 56um] 0.29um rpD:0 bl:0 -----UCG--T------------b-- [28.545um:36.465um] [28.545um:36.465um] 7.92um ------->
        <event:00002102 4:1390.89:7.92um> &<id:972966 Horizontal abc_1342_new_n168 Metal2 [28.755um 56um] [36.255um 56um] 0.29um rpD:0 bl:0 -----UCG--T------------b-- [28.545um:36.465um] [28.545um:36.465um] 7.92um ------->
        <event:00002103 1:196:0.715um> &<id:976721 Horizontal abc_1342_new_n255 Metal2 [32.25um 56.5um] [32.755um 56.5um] 0.29um rpD:1 bl:0 ---a--C-----W----------t-- [32.145um:32.86um] [32.145um:32.86um] 0.715um -----s->
        <event:00002104 0:4.23077:0.42um> &<id:975856 Vertical abc_1342_new_n255 Metal2 [32.465um 56um] [32.465um 56.5um] 0.21um rpD:0 bl:0 -X---UC---TD---------Pb--- [55.5801um:56.92um] [32.255um:32.675um] 0.42um P------>
        <event:00002105 4:4.23077:0.42um> &<id:975856 Vertical abc_1342_new_n255 Metal2 [32.465um 56um] [32.465um 56.5um] 0.21um rpD:0 bl:0 -X---UC---TD---------Pb--- [55.5801um:56.92um] [32.255um:32.675um] 0.42um P------>
        <event:00002106 0:1390.89:7.92um> &<id:972966 Horizontal abc_1342_new_n168 Metal2 [28.755um 56um] [36.255um 56um] 0.29um rpD:0 bl:0 -----UCG--T------------b-- [28.545um:36.465um] [28.545um:36.465um] 7.92um ------->
        <event:00002107 4:1390.89:7.92um> &<id:972966 Horizontal abc_1342_new_n168 Metal2 [28.755um 55um] [36.255um 55um] 0.29um rpD:0 bl:0 -----UCG--T------------b-- [28.545um:36.465um] [28.545um:36.465um] 7.92um ------->
        <event:00002108 0:4.23077:0.42um> &<id:976037 Vertical abc_1342_new_n168 Metal2 [28.755um 55um] [28.755um 55um] 0.21um rpD:0 bl:0 -X---UC---TD---------Pb--- [54.58um:55.42um] [28.545um:28.965um] 0.42um P------>
        <event:00002109 0:1139.92:10.455um> &<id:971058 Horizontal abc_1342_new_n174 Metal2 [30.505um 55um] [40.5um 55um] 0.29um rpD:0 bl:0 ------CG--T-----------bt-- [30.295um:40.75um] [30.295um:40.75um] 10.455um ------->
        <event:00002110 4:1139.92:10.455um> &<id:971058 Horizontal abc_1342_new_n174 Metal2 [30.505um 55.5um] [40.5um 55.5um] 0.29um rpD:0 bl:0 ------CG--T-----------bt-- [30.295um:40.75um] [30.295um:40.75um] 10.455um ------->
        <event:00002111 3:2316.09:7.5um> &<id:972787 Vertical abc_1342_new_n164 Metal3 [37um 49.5um] [37um 55.5um] 0.29um rpD:1 bl:0 ------CG----W---------bb-- [49.25um:55.75um] [48.25um:55.75um] 7.5um ------->
        <event:00002112 0:403.846:3.62um> &<id:975403 Horizontal abc_1342_new_n164 Metal2 [33.705um 55.5um] [36.905um 55.5um] 0.29um rpD:0 bl:0 -----UC---T-----------bb-- [33.495um:37.115um] [33.495um:37.115um] 3.62um ------->
        <event:00002113 4:403.846:3.62um> &<id:975403 Horizontal abc_1342_new_n164 Metal2 [33.705um 54um] [36.905um 54um] 0.29um rpD:0 bl:0 -----UC---T-----------bb-- [33.495um:37.115um] [33.495um:37.115um] 3.62um ------->
        <event:00002114 3:1708.99:5.5um> &<id:971729 Vertical abc_1342_new_n159 Metal3 [37.5um 51.5um] [37.5um 54um] 0.29um rpD:1 bl:0 ------CG----W---------bb-- [51.25um:54.25um] [48.75um:54.25um] 5.5um ------->
        <event:00002115 1:625.74:3.62um> &<id:976044 Horizontal abc_1342_new_n159 Metal2 [34.215um 53.5um] [37.415um 53.5um] 0.29um rpD:1 bl:0 -----UC-----W------------- [34.005um:37.625um] [34.005um:37.625um] 3.62um ------->
        <event:00002116 0:4.23077:0.42um> &<id:976040 Vertical abc_1342_new_n159 Metal2 [34.215um 53.5um] [34.215um 54um] 0.21um rpD:0 bl:0 -X---UC---TD---------P-b-- [53.0801um:54.42um] [34.005um:34.425um] 0.42um P------>
        <event:00002117 4:4.23077:0.42um> &<id:976040 Vertical abc_1342_new_n159 Metal2 [34.215um 53.5um] [34.215um 54um] 0.21um rpD:0 bl:0 -X---UC---TD---------P-b-- [53.0801um:54.42um] [34.005um:34.425um] 0.42um P------>
        <event:00002118 0:118.5:0.715um> &<id:976047 Horizontal abc_1342_new_n159 Metal2 [37.185um 54um] [37.69um 54um] 0.29um rpD:0 bl:0 ---a-UC---T-----------bt-- [37.08um:37.795um] [37.08um:37.795um] 0.715um ------->
        <event:00002119 0:403.846:3.62um> &<id:975403 Horizontal abc_1342_new_n164 Metal2 [33.705um 54um] [36.905um 54um] 0.29um rpD:0 bl:0 -----UC---T-----------bb-- [33.495um:37.115um] [33.495um:37.115um] 3.62um ------->
        <event:00002120 4:403.846:3.62um> &<id:975403 Horizontal abc_1342_new_n164 Metal2 [33.705um 54um] [36.905um 54um] 0.29um rpD:0 bl:0 -----UC---T-----------bb-- [33.495um:37.115um] [33.495um:37.115um] 3.62um ------->
        <event:00002121 3:1708.99:5.5um> &<id:971729 Vertical abc_1342_new_n159 Metal3 [37.5um 51.5um] [37.5um 54um] 0.29um rpD:1 bl:0 ------CG----W---------bb-- [51.25um:54.25um] [48.75um:54.25um] 5.5um ------->
        <event:00002122 1:625.74:3.62um> &<id:976044 Horizontal abc_1342_new_n159 Metal2 [34.215um 53.5um] [37.415um 53.5um] 0.29um rpD:1 bl:0 -----UC-----W------------- [34.005um:37.625um] [34.005um:37.625um] 3.62um ------->
        <event:00002123 0:4.23077:0.42um> &<id:976040 Vertical abc_1342_new_n159 Metal2 [34.215um 53.5um] [34.215um 54um] 0.21um rpD:0 bl:0 -X---UC---TD---------P-b-- [53.0801um:54.42um] [34.005um:34.425um] 0.42um P------>
        <event:00002124 4:4.23077:0.42um> &<id:976040 Vertical abc_1342_new_n159 Metal2 [34.215um 53.5um] [34.215um 54um] 0.21um rpD:0 bl:0 -X---UC---TD---------P-b-- [53.0801um:54.42um] [34.005um:34.425um] 0.42um P------>
        <event:00002125 4:4.23077:0.42um> &<id:976040 Vertical abc_1342_new_n159 Metal2 [34.215um 53.5um] [34.215um 54um] 0.21um rpD:0 bl:0 -X---UC---TD---------P-b-- [53.0801um:54.42um] [34.005um:34.425um] 0.42um P------>
        <event:00002126 3:625.74:3.62um> &<id:976044 Horizontal abc_1342_new_n159 Metal2 [34.215um 53.5um] [37.415um 53.5um] 0.29um rpD:1 bl:0 -----UC-----W------------- [34.005um:37.625um] [34.005um:37.625um] 3.62um ------->
        <event:00002127 0:4.23077:0.42um> &<id:976040 Vertical abc_1342_new_n159 Metal2 [34.215um 54um] [34.215um 54um] 0.21um rpD:0 bl:0 -X---UC---TD---------P-b-- [53.5801um:54.42um] [34.005um:34.425um] 0.42um P------>
        <event:00002128 0:4.23077:0.42um> &<id:976043 Vertical abc_1342_new_n159 Metal2 [37.415um 54um] [37.415um 54um] 0.21um rpD:0 bl:0 -X---UC---TD---------P-b-- [53.5801um:54.42um] [37.205um:37.625um] 0.42um P------>
        <event:00002129 0:118.5:0.715um> &<id:976047 Horizontal abc_1342_new_n159 Metal2 [37.185um 54um] [37.69um 54um] 0.29um rpD:0 bl:0 ---a-UC---T-----------bt-- [37.08um:37.795um] [37.08um:37.795um] 0.715um ------->
        <event:00002130 0:403.846:3.62um> &<id:975403 Horizontal abc_1342_new_n164 Metal2 [33.705um 54um] [36.905um 54um] 0.29um rpD:0 bl:0 -----UC---T-----------bb-- [33.495um:37.115um] [33.495um:37.115um] 3.62um ------->
        <event:00002131 4:403.846:3.62um> &<id:975403 Horizontal abc_1342_new_n164 Metal2 [33.705um 55.5um] [36.905um 55.5um] 0.29um rpD:0 bl:0 -----UC---T-----------bb-- [33.495um:37.115um] [33.495um:37.115um] 3.62um ------->
        <event:00002132 0:418.385:3.755um> &<id:975406 Horizontal abc_1342_new_n164 Metal2 [33.705um 55.5um] [37um 55.5um] 0.29um rpD:0 bl:0 -----UC---T-----------bt-- [33.495um:37.25um] [33.495um:37.25um] 3.755um ------->
        <event:00002133 0:1139.92:10.455um> &<id:971058 Horizontal abc_1342_new_n174 Metal2 [30.505um 55.5um] [40.5um 55.5um] 0.29um rpD:0 bl:0 ------CG--T-----------bt-- [30.295um:40.75um] [30.295um:40.75um] 10.455um ------->
        <event:00002134 5:91:0.715um> &<id:971058 Horizontal abc_1342_new_n174 Metal2 [30.355um 55.5um] [30.86um 55.5um] 0.29um rpD:0 bl:0 ---a-UC---T----S------tb-- [30.25um:30.965um] [30.25um:30.965um] 0.715um --S---t>
        <event:00002135 3:254.982:0.71um> &<id:976724 Vertical abc_1342_new_n174 Metal3 [30.5um 55.25um] [30.5um 55.75um] 0.29um rpD:1 bl:0 ---a--C-----W-ASr-----bb-- [55.145um:55.855um] [55.145um:55.855um] 0.71um --S--st>
        <event:00002136 3:3226.74:10.5um> &<id:976725 Horizontal abc_1342_new_n174 Metal2 [30.5um 55.5um] [40.5um 55.5um] 0.29um rpD:2 bl:0 ------CG-----wA-------tt-- [30.25um:40.75um] [30.25um:40.75um] 10.5um -----s->
        <event:00002137 0:1173.31:10.765um> &<id:972734 Horizontal n(8) Metal2 [9um 84um] [19.305um 84um] 0.29um rpD:0 bl:0 ------CG--T-----------tb-- [8.75um:19.515um] [8.75um:19.515um] 10.765um ------->
        <event:00002138 4:1173.31:10.765um> &<id:972734 Horizontal n(8) Metal2 [9um 83um] [19.305um 83um] 0.29um rpD:0 bl:0 ------CG--T-----------tb-- [8.75um:19.515um] [8.75um:19.515um] 10.765um ------->
        <event:00002139 3:1708.99:5.5um> &<id:971104 Vertical abc_1342_new_n255 Metal3 [9.5um 78.5um] [9.5um 83um] 0.29um rpD:1 bl:0 ------CG----W---------bb-- [78.25um:83.25um] [78.25um:83.75um] 5.5um ------->
        <event:00002140 0:1284.63:6.305um> &<id:971116 Horizontal abc_1342_new_n255 Metal2 [2.655um 83um] [8.5um 83um] 0.29um rpD:0 bl:0 -----UCG--T-----------bt-- [2.445um:8.75um] [2.445um:8.75um] 6.305um ------->
        <event:00002141 0:1184.08:10.865um> &<id:971281 Horizontal abc_1342_new_n123 Metal2 [26.5um 3.5um] [36.905um 3.5um] 0.29um rpD:0 bl:0 -----UCG--T-----------tb-- [26.25um:37.115um] [26.25um:37.115um] 10.865um ------->
        <event:00002142 0:1191.62:10.935um> &<id:972498 Horizontal n(11) Metal2 [23.525um 88.5um] [34um 88.5um] 0.29um rpD:0 bl:0 ------CG--T-----------bt-- [23.315um:34.25um] [23.315um:34.25um] 10.935um ------->
        <event:00002143 4:1191.62:10.935um> &<id:972498 Horizontal n(11) Metal2 [23.525um 90um] [34um 90um] 0.29um rpD:0 bl:0 ------CG--T-----------bt-- [23.315um:34.25um] [23.315um:34.25um] 10.935um ------->
        <event:00002144 3:7628.22:25um> &<id:971107 Vertical abc_1342_new_n255 Metal3 [26um 65.5um] [26um 83.5um] 0.29um rpD:1 bl:0 ------CG----W---------bb-- [65.25um:83.75um] [65.25um:90.25um] 25um ------->
        <event:00002145 0:145.145:0.905um> &<id:975782 Horizontal abc_1342_new_n255 Metal2 [25.485um 90um] [26.18um 90um] 0.29um rpD:0 bl:0 ---a-UC---T-----------bt-- [25.38um:26.285um] [25.38um:26.285um] 0.905um ------->
        <event:00002146 0:597.408:4.13um> &<id:975642 Horizontal abc_1342_new_n140 Metal2 [27.455um 90um] [31.165um 90um] 0.29um rpD:0 bl:0 -----UC---T-----------bb-- [27.245um:31.375um] [27.245um:31.375um] 4.13um ------->
        <event:00002147 4:597.408:4.13um> &<id:975642 Horizontal abc_1342_new_n140 Metal2 [27.455um 90um] [31.165um 90um] 0.29um rpD:0 bl:0 -----UC---T-----------bb-- [27.245um:31.375um] [27.245um:31.375um] 4.13um ------->
        <event:00002148 0:1191.62:10.935um> &<id:972498 Horizontal n(11) Metal2 [23.525um 90um] [34um 90um] 0.29um rpD:0 bl:0 ------CG--T-----------bt-- [23.315um:34.25um] [23.315um:34.25um] 10.935um ------->
        <event:00002149 4:1191.62:10.935um> &<id:972498 Horizontal n(11) Metal2 [23.525um 90um] [34um 90um] 0.29um rpD:0 bl:0 ------CG--T-----------bt-- [23.315um:34.25um] [23.315um:34.25um] 10.935um ------->
        <event:00002150 0:597.408:4.13um> &<id:975642 Horizontal abc_1342_new_n140 Metal2 [27.455um 90um] [31.165um 90um] 0.29um rpD:0 bl:0 -----UC---T-----------bb-- [27.245um:31.375um] [27.245um:31.375um] 4.13um ------->
        <event:00002151 4:597.408:4.13um> &<id:975642 Horizontal abc_1342_new_n140 Metal2 [27.455um 89.5um] [31.165um 89.5um] 0.29um rpD:0 bl:0 -----UC---T-----------bb-- [27.245um:31.375um] [27.245um:31.375um] 4.13um ------->
        <event:00002152 0:301.538:2.67um> &<id:972315 Horizontal n(13) Metal2 [30.655um 89.5um] [32.905um 89.5um] 0.29um rpD:0 bl:0 -----UCG--T-----------bb-- [30.445um:33.115um] [30.445um:33.115um] 2.67um ------->
        <event:00002153 4:301.538:2.67um> &<id:972315 Horizontal n(13) Metal2 [30.655um 88.5um] [32.905um 88.5um] 0.29um rpD:0 bl:0 -----UCG--T-----------bb-- [30.445um:33.115um] [30.445um:33.115um] 2.67um ------->
        <event:00002154 3:1860.76:6um> &<id:971934 Vertical n(14) Metal3 [31um 88.5um] [31um 94um] 0.29um rpD:1 bl:0 -----UCG----W---------bb-- [88.25um:94.25um] [88.25um:94.25um] 6um ------->
        <event:00002155 0:637:5.785um> &<id:971935 Horizontal n(14) Metal2 [31um 88.5um] [36.325um 88.5um] 0.29um rpD:0 bl:0 -----UCG--T-----------tb-- [30.75um:36.535um] [30.75um:36.535um] 5.785um ------->
        <event:00002156 4:637:5.785um> &<id:971935 Horizontal n(14) Metal2 [31um 88.5um] [36.325um 88.5um] 0.29um rpD:0 bl:0 -----UCG--T-----------tb-- [30.75um:36.535um] [30.75um:36.535um] 5.785um ------->
        <event:00002157 0:301.538:2.67um> &<id:972315 Horizontal n(13) Metal2 [30.655um 88.5um] [32.905um 88.5um] 0.29um rpD:0 bl:0 -----UCG--T-----------bb-- [30.445um:33.115um] [30.445um:33.115um] 2.67um ------->
        <event:00002158 4:301.538:2.67um> &<id:972315 Horizontal n(13) Metal2 [30.655um 88.5um] [32.905um 88.5um] 0.29um rpD:0 bl:0 -----UCG--T-----------bb-- [30.445um:33.115um] [30.445um:33.115um] 2.67um ------->
        <event:00002159 3:1860.76:6um> &<id:971934 Vertical n(14) Metal3 [31um 88.5um] [31um 94um] 0.29um rpD:1 bl:0 -----UCG----W---------bb-- [88.25um:94.25um] [88.25um:94.25um] 6um ------->
        <event:00002160 0:637:5.785um> &<id:971935 Horizontal n(14) Metal2 [31um 88.5um] [36.325um 88.5um] 0.29um rpD:0 bl:0 -----UCG--T-----------tb-- [30.75um:36.535um] [30.75um:36.535um] 5.785um ------->
        <event:00002161 4:637:5.785um> &<id:971935 Horizontal n(14) Metal2 [31um 88.5um] [36.325um 88.5um] 0.29um rpD:0 bl:0 -----UCG--T-----------tb-- [30.75um:36.535um] [30.75um:36.535um] 5.785um ------->
        <event:00002162 0:301.538:2.67um> &<id:972315 Horizontal n(13) Metal2 [30.655um 88.5um] [32.905um 88.5um] 0.29um rpD:0 bl:0 -----UCG--T-----------bb-- [30.445um:33.115um] [30.445um:33.115um] 2.67um ------->
        <event:00002163 4:301.538:2.67um> &<id:972315 Horizontal n(13) Metal2 [30.655um 90um] [32.905um 90um] 0.29um rpD:0 bl:0 -----UCG--T-----------bb-- [30.445um:33.115um] [30.445um:33.115um] 2.67um ------->
        <event:00002164 3:1860.76:6um> &<id:972499 Vertical n(11) Metal3 [34um 84.5um] [34um 90um] 0.29um rpD:1 bl:0 -----UCG----W---------bb-- [84.25um:90.25um] [84.25um:90.25um] 6um ------->
        <event:00002165 0:1424.58:8.115um> &<id:972318 Horizontal n(13) Metal2 [23um 89.5um] [30.655um 89.5um] 0.29um rpD:0 bl:0 -----UCG--T-----------tb-- [22.75um:30.865um] [22.75um:30.865um] 8.115um ------->
        <event:00002166 4:1424.58:8.115um> &<id:972318 Horizontal n(13) Metal2 [23um 90um] [30.655um 90um] 0.29um rpD:0 bl:0 -----UCG--T-----------tb-- [22.75um:30.865um] [22.75um:30.865um] 8.115um ------->
        <event:00002167 0:766.231:6.985um> &<id:972496 Horizontal n(11) Metal2 [17um 90um] [23.525um 90um] 0.29um rpD:0 bl:0 -----UCG--T-----------tb-- [16.75um:23.735um] [16.75um:23.735um] 6.985um ------->
        <event:00002168 4:766.231:6.985um> &<id:972496 Horizontal n(11) Metal2 [17um 89.5um] [23.525um 89.5um] 0.29um rpD:0 bl:0 -----UCG--T-----------tb-- [16.75um:23.735um] [16.75um:23.735um] 6.985um ------->
        <event:00002169 1:1294.86:7.63um> &<id:971815 Horizontal abc_1342_auto_rtlil_cc_2739_MuxGate_1303 Metal2 [11.505um 89.5um] [18.715um 89.5um] 0.29um rpD:1 bl:0 -----UCG----W------------- [11.295um:18.925um] [11.295um:18.925um] 7.63um ------->
        <event:00002170 0:4.23077:0.42um> &<id:974203 Vertical abc_1342_auto_rtlil_cc_2739_MuxGate_1303 Metal2 [11.505um 89um] [11.505um 89um] 0.21um rpD:0 bl:0 -X---UC---TD---------P-b-- [88.58um:89.42um] [11.295um:11.715um] 0.42um P------>
        <event:00002171 0:4.23077:0.42um> &<id:974206 Vertical abc_1342_auto_rtlil_cc_2739_MuxGate_1303 Metal2 [18.715um 89um] [18.715um 89um] 0.21um rpD:0 bl:0 -X---UC---TD---------P-b-- [88.58um:89.42um] [18.505um:18.925um] 0.42um P------>
        <event:00002172 0:1191.62:10.935um> &<id:972498 Horizontal n(11) Metal2 [23.525um 90um] [34um 90um] 0.29um rpD:0 bl:0 ------CG--T-----------bt-- [23.315um:34.25um] [23.315um:34.25um] 10.935um ------->
        <event:00002173 5:91:0.715um> &<id:972498 Horizontal n(11) Metal2 [23.355um 90um] [23.86um 90um] 0.29um rpD:0 bl:0 ---a-UC---T----S------tb-- [23.25um:23.965um] [23.25um:23.965um] 0.715um --S---t>
        <event:00002174 3:254.982:1um> &<id:976728 Vertical n(11) Metal3 [23.5um 89.5um] [23.5um 90um] 0.29um rpD:1 bl:0 ------C-----W-ASr-----bb-- [89.25um:90.25um] [89.25um:90.25um] 1um --S--st>
        <event:00002175 3:3378.51:11um> &<id:976729 Horizontal n(11) Metal2 [23.5um 90um] [34um 90um] 0.29um rpD:2 bl:0 ------CG-----wA-------tt-- [23.25um:34.25um] [23.25um:34.25um] 11um -----s->
        <event:00002176 0:1194.85:10.965um> &<id:972396 Horizontal abc_1342_new_n292 Metal2 [16um 67um] [26.505um 67um] 0.29um rpD:0 bl:0 ------CG--T-----------tb-- [15.75um:26.715um] [15.75um:26.715um] 10.965um ------->
        <event:00002177 4:1194.85:10.965um> &<id:972396 Horizontal abc_1342_new_n292 Metal2 [16um 67um] [26.505um 67um] 0.29um rpD:0 bl:0 ------CG--T-----------tb-- [15.75um:26.715um] [15.75um:26.715um] 10.965um ------->
        <event:00002178 3:1860.76:6um> &<id:972034 Vertical n(21) Metal3 [20um 67um] [20um 72um] 0.29um rpD:1 bl:0 ------CG----W---------bb-- [66.75um:72.25um] [66.75um:72.75um] 6um ------->
        <event:00002179 3:1708.99:5.5um> &<id:971787 Vertical n(20) Metal3 [17.5um 67um] [17.5um 72um] 0.29um rpD:1 bl:0 ------CG----W---------bb-- [66.75um:72.25um] [66.75um:72.25um] 5.5um ------->
        <event:00002180 0:138.385:1.155um> &<id:976205 Horizontal n(21) Metal2 [19.305um 67um] [20um 67um] 0.29um rpD:0 bl:0 -----UC---T-----------bt-- [19.095um:20.25um] [19.095um:20.25um] 1.155um ------->
        <event:00002181 0:244.713:1.615um> &<id:976499 Horizontal n(20) Metal2 [17.5um 67um] [18.655um 67um] 0.29um rpD:0 bl:0 -----UC---T-----------tb-- [17.25um:18.865um] [17.25um:18.865um] 1.615um ------->
        <event:00002182 0:1989.57:11.385um> &<id:972033 Horizontal n(21) Metal2 [4um 71um] [14.925um 71um] 0.29um rpD:0 bl:0 ------CG--T-----------tb-- [3.75um:15.135um] [3.75um:15.135um] 11.385um ------->
        <event:00002183 0:2069.05:11.845um> &<id:971163 Horizontal clk_root_0 Metal2 [0.5um 10um] [11.885um 10um] 0.29um rpD:0 bl:0 -----UCG--T-----------tb-- [0.25um:12.095um] [0.25um:12.095um] 11.845um ------->
        <event:00002184 0:2112.25:12.095um> &<id:971171 Horizontal clk_root_0 Metal2 [18.5um 42um] [30.135um 42um] 0.29um rpD:0 bl:0 ------CG--T-----------tb-- [18.25um:30.345um] [18.25um:30.345um] 12.095um ------->
        <event:00002185 0:2131.25:12.205um> &<id:972965 Horizontal abc_1342_new_n168 Metal2 [36.255um 53.5um] [48um 53.5um] 0.29um rpD:0 bl:0 ------CG--T-----------bt-- [36.045um:48.25um] [36.045um:48.25um] 12.205um ------->
        <event:00002186 0:1748.05:13.835um> &<id:970972 Horizontal init Metal2 [17.125um 54um] [30.5um 54um] 0.29um rpD:0 bl:0 ------CG--T-----------bt-- [16.915um:30.75um] [16.915um:30.75um] 13.835um ------->
        <event:00002187 4:1958.41:13.835um> &<id:970972 Horizontal init Metal2 [17.125um 56um] [30.5um 56um] 0.29um rpD:0 bl:0 ------CG--T-----------bt-- [16.915um:30.75um] [16.915um:30.75um] 13.835um ------->
        <event:00002188 3:2316.09:7.5um> &<id:971239 Vertical clk_root_2 Metal3 [18.5um 51.5um] [18.5um 56um] 0.29um rpD:1 bl:0 ------CG----W---------bb-- [51.25um:56.25um] [48.75um:56.25um] 7.5um ------->
        <event:00002189 3:3985.62:13um> &<id:971238 Vertical clk_root_2 Metal3 [13um 56um] [13um 68.5um] 0.29um rpD:2 bl:0 ------CG-----w--------bb-- [55.75um:68.75um] [55.75um:68.75um] 13um ------->
        <event:00002190 0:1153.31:1.045um> &<id:973770 Horizontal clk_root_2 Metal2 [18.5um 56um] [19.085um 56um] 0.29um rpD:0 bl:0 -----UC---T-----------tb-- [18.25um:19.295um] [18.25um:19.295um] 1.045um ------->
        <event:00002191 0:1354.23:12.445um> &<id:972732 Horizontal n(8) Metal2 [23.015um 83um] [35um 83um] 0.29um rpD:0 bl:0 ------CG--T-----------bt-- [22.805um:35.25um] [22.805um:35.25um] 12.445um ------->
        <event:00002192 4:1354.23:12.445um> &<id:972732 Horizontal n(8) Metal2 [23.015um 84um] [35um 84um] 0.29um rpD:0 bl:0 ------CG--T-----------bt-- [22.805um:35.25um] [22.805um:35.25um] 12.445um ------->
        <event:00002193 3:7779.99:25.5um> &<id:971107 Vertical abc_1342_new_n255 Metal3 [26um 65.5um] [26um 83.5um] 0.29um rpD:1 bl:0 ------CG----W---------bb-- [65.25um:83.75um] [65.25um:90.75um] 25.5um ------->
        <event:00002194 3:2012.54:6.5um> &<id:971962 Vertical n(10) Metal3 [35.5um 78um] [35.5um 82.5um] 0.29um rpD:1 bl:0 ------CG----W---------bb-- [77.75um:82.75um] [77.75um:84.25um] 6.5um ------->
        <event:00002195 0:118.5:0.715um> &<id:976233 Horizontal n(10) Metal2 [35.145um 84um] [35.65um 84um] 0.29um rpD:0 bl:0 ---a-UC---T-----------bt-- [35.04um:35.755um] [35.04um:35.755um] 0.715um ------->
        <event:00002196 0:111.462:2.755um> &<id:975777 Horizontal abc_1342_new_n255 Metal2 [25.705um 84um] [28um 84um] 0.29um rpD:0 bl:0 -----UC---T-----------bt-- [25.495um:28.25um] [25.495um:28.25um] 2.755um ------->
        <event:00002197 4:310.692:2.755um> &<id:975777 Horizontal abc_1342_new_n255 Metal2 [25.705um 83.5um] [28um 83.5um] 0.29um rpD:0 bl:0 -----UC---T-----------bt-- [25.495um:28.25um] [25.495um:28.25um] 2.755um ------->
        <event:00002198 0:278.923:2.46um> &<id:976238 Horizontal n(10) Metal2 [26.215um 83.5um] [28.255um 83.5um] 0.29um rpD:0 bl:0 -----UC---T-----------bb-- [26.005um:28.465um] [26.005um:28.465um] 2.46um ------->
        <event:00002199 4:278.923:2.46um> &<id:976238 Horizontal n(10) Metal2 [26.215um 83um] [28.255um 83um] 0.29um rpD:0 bl:0 -----UC---T-----------bb-- [26.005um:28.465um] [26.005um:28.465um] 2.46um ------->
        <event:00002200 3:1405.44:4.5um> &<id:971719 Vertical abc_1342_new_n143 Metal3 [29um 79um] [29um 83um] 0.29um rpD:1 bl:0 -----UCG----W---------bb-- [78.75um:83.25um] [78.75um:83.25um] 4.5um ------->
        <event:00002201 0:180.556:0.945um> &<id:975481 Horizontal abc_1342_new_n143 Metal2 [28.285um 83um] [29.02um 83um] 0.29um rpD:0 bl:0 ---a-UC---T-----------tb-- [28.18um:29.125um] [28.18um:29.125um] 0.945um ------->
        <event:00002202 0:635.834:3.55um> &<id:975887 Horizontal abc_1342_new_n265 Metal2 [27.155um 84um] [30.285um 84um] 0.29um rpD:0 bl:0 -----UC---T-----------bb-- [26.945um:30.495um] [26.945um:30.495um] 3.55um ------->
        <event:00002203 4:635.834:3.55um> &<id:975887 Horizontal abc_1342_new_n265 Metal2 [27.155um 84.5um] [30.285um 84.5um] 0.29um rpD:0 bl:0 -----UC---T-----------bb-- [26.945um:30.495um] [26.945um:30.495um] 3.55um ------->
        <event:00002204 3:1860.76:6um> &<id:971719 Vertical abc_1342_new_n143 Metal3 [28.5um 79um] [28.5um 84.5um] 0.29um rpD:1 bl:0 -----UCG----W---------bb-- [78.75um:84.75um] [78.75um:84.75um] 6um ------->
        <event:00002205 0:185.74:0.945um> &<id:975481 Horizontal abc_1342_new_n143 Metal2 [28.285um 84.5um] [29.02um 84.5um] 0.29um rpD:0 bl:0 ---a-UC---T-----------tb-- [28.18um:29.125um] [28.18um:29.125um] 0.945um ------->
        <event:00002206 4:185.74:0.945um> &<id:975481 Horizontal abc_1342_new_n143 Metal2 [28.285um 83.5um] [29.02um 83.5um] 0.29um rpD:0 bl:0 ---a-UC---T-----------tb-- [28.18um:29.125um] [28.18um:29.125um] 0.945um ------->
        <event:00002207 3:7779.99:25.5um> &<id:971107 Vertical abc_1342_new_n255 Metal3 [28um 65.5um] [28um 83.5um] 0.29um rpD:1 bl:0 ------CG----W---------bb-- [65.25um:83.75um] [65.25um:90.75um] 25.5um ------->
        <event:00002208 0:310.692:2.755um> &<id:975777 Horizontal abc_1342_new_n255 Metal2 [25.705um 83.5um] [28um 83.5um] 0.29um rpD:0 bl:0 -----UC---T-----------bt-- [25.495um:28.25um] [25.495um:28.25um] 2.755um ------->
        <event:00002209 4:310.692:2.755um> &<id:975777 Horizontal abc_1342_new_n255 Metal2 [25.705um 83.5um] [28um 83.5um] 0.29um rpD:0 bl:0 -----UC---T-----------bt-- [25.495um:28.25um] [25.495um:28.25um] 2.755um ------->
        <event:00002210 3:1557.21:5um> &<id:971719 Vertical abc_1342_new_n143 Metal3 [28.5um 79um] [28.5um 83.5um] 0.29um rpD:1 bl:0 -----UCG----W---------bb-- [78.75um:83.75um] [78.75um:83.75um] 5um ------->
        <event:00002211 0:185.74:0.945um> &<id:975481 Horizontal abc_1342_new_n143 Metal2 [28.285um 83.5um] [29.02um 83.5um] 0.29um rpD:0 bl:0 ---a-UC---T-----------tb-- [28.18um:29.125um] [28.18um:29.125um] 0.945um ------->
        <event:00002212 4:185.74:0.945um> &<id:975481 Horizontal abc_1342_new_n143 Metal2 [28.285um 82.5um] [29.02um 82.5um] 0.29um rpD:0 bl:0 ---a-UC---T-----------tb-- [28.18um:29.125um] [28.18um:29.125um] 0.945um ------->
        <event:00002213 0:1353.74:7.705um> &<id:971963 Horizontal n(10) Metal2 [28.255um 82.5um] [35.5um 82.5um] 0.29um rpD:0 bl:0 -----UCG--T-----------bt-- [28.045um:35.75um] [28.045um:35.75um] 7.705um ------->
        <event:00002214 4:1353.74:7.705um> &<id:971963 Horizontal n(10) Metal2 [28.255um 84um] [35.5um 84um] 0.29um rpD:0 bl:0 -----UCG--T-----------bt-- [28.045um:35.75um] [28.045um:35.75um] 7.705um ------->
        <event:00002215 3:2012.54:6.5um> &<id:972731 Vertical n(8) Metal3 [35um 78um] [35um 84um] 0.29um rpD:1 bl:0 ------CG----W---------bb-- [77.75um:84.25um] [77.75um:84.25um] 6.5um ------->
        <event:00002216 0:1354.23:12.445um> &<id:972732 Horizontal n(8) Metal2 [23.015um 84um] [35um 84um] 0.29um rpD:0 bl:0 ------CG--T-----------bt-- [22.805um:35.25um] [22.805um:35.25um] 12.445um ------->
        <event:00002217 4:1354.23:12.445um> &<id:972732 Horizontal n(8) Metal2 [23.015um 84um] [35um 84um] 0.29um rpD:0 bl:0 ------CG--T-----------bt-- [22.805um:35.25um] [22.805um:35.25um] 12.445um ------->
        <event:00002218 3:2012.54:6.5um> &<id:971962 Vertical n(10) Metal3 [35.5um 78um] [35.5um 84um] 0.29um rpD:1 bl:0 ------CG----W---------bb-- [77.75um:84.25um] [77.75um:84.25um] 6.5um ------->
        <event:00002219 0:1353.74:7.705um> &<id:971963 Horizontal n(10) Metal2 [28.255um 84um] [35.5um 84um] 0.29um rpD:0 bl:0 -----UCG--T-----------bt-- [28.045um:35.75um] [28.045um:35.75um] 7.705um ------->
        <event:00002220 4:1353.74:7.705um> &<id:971963 Horizontal n(10) Metal2 [28.255um 84um] [35.5um 84um] 0.29um rpD:0 bl:0 -----UCG--T-----------bt-- [28.045um:35.75um] [28.045um:35.75um] 7.705um ------->
        <event:00002221 3:2012.54:6.5um> &<id:972731 Vertical n(8) Metal3 [35um 78um] [35um 84um] 0.29um rpD:1 bl:0 ------CG----W---------bb-- [77.75um:84.25um] [77.75um:84.25um] 6.5um ------->
        <event:00002222 0:1354.23:12.445um> &<id:972732 Horizontal n(8) Metal2 [23.015um 84um] [35um 84um] 0.29um rpD:0 bl:0 ------CG--T-----------bt-- [22.805um:35.25um] [22.805um:35.25um] 12.445um ------->
        <event:00002223 5:91:0.715um> &<id:972732 Horizontal n(8) Metal2 [22.855um 84um] [23.36um 84um] 0.29um rpD:0 bl:0 ---a-UC---T----S------tb-- [22.75um:23.465um] [22.75um:23.465um] 0.715um --S---t>
        <event:00002224 3:254.982:0.71um> &<id:976732 Vertical n(8) Metal3 [23um 83.75um] [23um 84.25um] 0.29um rpD:1 bl:0 ---a--C-----W-ASr-----bb-- [83.645um:84.355um] [83.645um:84.355um] 0.71um --S--st>
        <event:00002225 3:3833.84:12.5um> &<id:976733 Horizontal n(8) Metal2 [23um 84um] [35um 84um] 0.29um rpD:2 bl:0 ------CG-----wA-------tt-- [22.75um:35.25um] [22.75um:35.25um] 12.5um -----s->
        <event:00002226 0:2174.45:12.455um> &<id:973136 Horizontal outputs(8) Metal2 [23.005um 14.5um] [35um 14.5um] 0.29um rpD:0 bl:0 ------CG--T-----------bt-- [22.795um:35.25um] [22.795um:35.25um] 12.455um ------->
        <event:00002227 4:2174.45:12.455um> &<id:973136 Horizontal outputs(8) Metal2 [23.005um 15um] [35um 15um] 0.29um rpD:0 bl:0 ------CG--T-----------bt-- [22.795um:35.25um] [22.795um:35.25um] 12.455um ------->
        <event:00002228 1:422.166:2.4um> &<id:972583 Horizontal mem_inputs(14) Metal2 [30.925um 15.5um] [32.905um 15.5um] 0.29um rpD:0 bl:0 -----UCG--T-----------b--- [30.715um:33.115um] [30.715um:33.115um] 2.4um ------->
        <event:00002229 0:4.23077:0.42um> &<id:974807 Vertical mem_inputs(14) Metal2 [32.905um 15um] [32.905um 15um] 0.21um rpD:0 bl:0 -X---UC---TD---------Pb--- [14.5801um:15.42um] [32.695um:33.115um] 0.42um P------>
        <event:00002230 0:1361.77:12.515um> &<id:971324 Horizontal abc_1342_new_n175 Metal2 [17um 9um] [29.055um 9um] 0.29um rpD:0 bl:0 ------CG--T-----------tb-- [16.75um:29.265um] [16.75um:29.265um] 12.515um ------->
        <event:00002231 4:1361.77:12.515um> &<id:971324 Horizontal abc_1342_new_n175 Metal2 [17um 8um] [29.055um 8um] 0.29um rpD:0 bl:0 ------CG--T-----------tb-- [16.75um:29.265um] [16.75um:29.265um] 12.515um ------->
        <event:00002232 3:2012.54:6.5um> &<id:973060 Vertical outputs(9) Metal3 [23um 8um] [23um 12um] 0.29um rpD:1 bl:0 ------CG----W---------bb-- [7.75um:12.25um] [7.75um:14.25um] 6.5um ------->
        <event:00002233 3:1405.44:4.5um> &<id:973200 Vertical abc_1342_new_n186 Metal3 [22.5um 4um] [22.5um 8um] 0.29um rpD:1 bl:0 ------CG----W---------bb-- [3.75um:8.25um] [3.75um:8.25um] 4.5um ------->
        <event:00002234 3:1405.44:4.5um> &<id:971842 Vertical abc_1342_new_n191 Metal3 [27.5um 4um] [27.5um 8um] 0.29um rpD:1 bl:0 -----UCG----W---------bb-- [3.75um:8.25um] [3.75um:8.25um] 4.5um ------->
        <event:00002235 0:96.3846:0.765um> &<id:973751 Horizontal outputs(9) Metal2 [23um 8um] [23.305um 8um] 0.29um rpD:0 bl:0 -----UC---T-----------tb-- [22.75um:23.515um] [22.75um:23.515um] 0.765um ------->
        <event:00002236 4:96.3846:0.765um> &<id:973751 Horizontal outputs(9) Metal2 [23um 9um] [23.305um 9um] 0.29um rpD:0 bl:0 -----UC---T-----------tb-- [22.75um:23.515um] [22.75um:23.515um] 0.765um ------->
        <event:00002237 3:4289.17:14um> &<id:971040 Vertical abc_1342_new_n174 Metal3 [22.5um 9um] [22.5um 17.5um] 0.29um rpD:1 bl:0 ------CG----W---------bb-- [8.75um:17.75um] [8.75um:22.75um] 14um ------->
        <event:00002238 0:99.6154:1.115um> &<id:975019 Horizontal abc_1342_new_n174 Metal2 [22um 9um] [22.655um 9um] 0.29um rpD:0 bl:0 -----UC---T-----------tb-- [21.75um:22.865um] [21.75um:22.865um] 1.115um ------->
        <event:00002239 4:134.077:1.115um> &<id:975019 Horizontal abc_1342_new_n174 Metal2 [22um 9um] [22.655um 9um] 0.29um rpD:0 bl:0 -----UC---T-----------tb-- [21.75um:22.865um] [21.75um:22.865um] 1.115um ------->
        <event:00002240 3:1708.99:5.5um> &<id:973060 Vertical outputs(9) Metal3 [23um 9um] [23um 12um] 0.29um rpD:1 bl:0 ------CG----W---------bb-- [8.75um:12.25um] [8.75um:14.25um] 5.5um ------->
        <event:00002241 0:96.3846:0.765um> &<id:973751 Horizontal outputs(9) Metal2 [23um 9um] [23.305um 9um] 0.29um rpD:0 bl:0 -----UC---T-----------tb-- [22.75um:23.515um] [22.75um:23.515um] 0.765um ------->
        <event:00002242 4:96.3846:0.765um> &<id:973751 Horizontal outputs(9) Metal2 [23um 9um] [23.305um 9um] 0.29um rpD:0 bl:0 -----UC---T-----------tb-- [22.75um:23.515um] [22.75um:23.515um] 0.765um ------->
        <event:00002243 3:4289.17:14um> &<id:971040 Vertical abc_1342_new_n174 Metal3 [22um 9um] [22um 17.5um] 0.29um rpD:1 bl:0 ------CG----W---------bb-- [8.75um:17.75um] [8.75um:22.75um] 14um ------->
        <event:00002244 0:134.077:1.115um> &<id:975019 Horizontal abc_1342_new_n174 Metal2 [22um 9um] [22.655um 9um] 0.29um rpD:0 bl:0 -----UC---T-----------tb-- [21.75um:22.865um] [21.75um:22.865um] 1.115um ------->
        <event:00002245 4:134.077:1.115um> &<id:975019 Horizontal abc_1342_new_n174 Metal2 [22um 8.5um] [22.655um 8.5um] 0.29um rpD:0 bl:0 -----UC---T-----------tb-- [21.75um:22.865um] [21.75um:22.865um] 1.115um ------->
        <event:00002246 3:2012.54:6.5um> &<id:970959 Vertical init Metal3 [22.5um 8.5um] [22.5um 14.5um] 0.29um rpD:1 bl:0 ------CG----W---------bb-- [8.25um:14.75um] [8.25um:14.75um] 6.5um ------->
        <event:00002247 1:1501.78:8.87um> &<id:972150 Horizontal abc_1342_auto_rtlil_cc_2739_MuxGate_1251 Metal2 [13.105um 8.5um] [21.555um 8.5um] 0.29um rpD:1 bl:0 -----UCG----W------------- [12.895um:21.765um] [12.895um:21.765um] 8.87um ------->
        <event:00002248 4:1501.78:8.87um> &<id:972150 Horizontal abc_1342_auto_rtlil_cc_2739_MuxGate_1251 Metal2 [13.105um 7.5um] [21.555um 7.5um] 0.29um rpD:1 bl:0 -----UCG----W------------- [12.895um:21.765um] [12.895um:21.765um] 8.87um ------->
        <event:00002249 0:4.23077:0.42um> &<id:974100 Vertical abc_1342_auto_rtlil_cc_2739_MuxGate_1251 Metal2 [13.105um 7.5um] [13.105um 8um] 0.21um rpD:0 bl:0 -X---UC---TD---------P-b-- [7.0801um:8.42um] [12.895um:13.315um] 0.42um P------>
        <event:00002250 0:4.23077:0.42um> &<id:974103 Vertical abc_1342_auto_rtlil_cc_2739_MuxGate_1251 Metal2 [21.555um 7.5um] [21.555um 7.5um] 0.21um rpD:0 bl:0 -X---UC---TD---------Pb--- [7.0801um:7.92um] [21.345um:21.765um] 0.42um P------>
        <event:00002251 0:205.154:0.775um> &<id:974601 Horizontal init Metal2 [23.5um 8.5um] [23.815um 8.5um] 0.29um rpD:0 bl:0 -----UC---T-----------tb-- [23.25um:24.025um] [23.25um:24.025um] 0.775um ------->
        <event:00002252 0:240.692:2.105um> &<id:974850 Horizontal abc_1342_new_n191 Metal2 [25.855um 8um] [27.5um 8um] 0.29um rpD:0 bl:0 -----UC---T-----------bt-- [25.645um:27.75um] [25.645um:27.75um] 2.105um ------->
        <event:00002253 4:240.692:2.105um> &<id:974850 Horizontal abc_1342_new_n191 Metal2 [25.855um 9um] [27.5um 9um] 0.29um rpD:0 bl:0 -----UC---T-----------bt-- [25.645um:27.75um] [25.645um:27.75um] 2.105um ------->
        <event:00002254 3:3074.96:10um> &<id:972612 Vertical abc_1342_new_n190 Metal3 [26.5um 9um] [26.5um 18.5um] 0.29um rpD:1 bl:0 ------CG----W---------bb-- [8.75um:18.75um] [8.75um:18.75um] 10um ------->
        <event:00002255 3:1860.76:6um> &<id:972824 Vertical abc_1342_auto_rtlil_cc_2739_MuxGate_1253 Metal3 [28um 3.5um] [28um 9um] 0.29um rpD:1 bl:0 ------CG----W---------bb-- [3.25um:9.25um] [3.25um:9.25um] 6um ------->
        <event:00002256 0:91:0.715um> &<id:974853 Horizontal abc_1342_new_n190 Metal2 [26.17um 9um] [26.675um 9um] 0.29um rpD:0 bl:0 ---a-UC---T-----------tb-- [26.065um:26.78um] [26.065um:26.78um] 0.715um ------->
        <event:00002257 0:151.183:0.745um> &<id:974097 Horizontal abc_1342_auto_rtlil_cc_2739_MuxGate_1253 Metal2 [27.69um 9um] [28.225um 9um] 0.29um rpD:0 bl:0 ---a-UC---T-----------bt-- [27.585um:28.33um] [27.585um:28.33um] 0.745um ------->
        <event:00002258 0:321.462:2.855um> &<id:974871 Horizontal abc_1342_new_n186 Metal2 [20.105um 8um] [22.5um 8um] 0.29um rpD:0 bl:0 -----UC---T-----------bt-- [19.895um:22.75um] [19.895um:22.75um] 2.855um ------->
        <event:00002259 4:321.462:2.855um> &<id:974871 Horizontal abc_1342_new_n186 Metal2 [20.105um 8um] [22.5um 8um] 0.29um rpD:0 bl:0 -----UC---T-----------bt-- [19.895um:22.75um] [19.895um:22.75um] 2.855um ------->
        <event:00002260 0:1361.77:12.515um> &<id:971324 Horizontal abc_1342_new_n175 Metal2 [17um 8um] [29.055um 8um] 0.29um rpD:0 bl:0 ------CG--T-----------tb-- [16.75um:29.265um] [16.75um:29.265um] 12.515um ------->
        <event:00002261 4:1361.77:12.515um> &<id:971324 Horizontal abc_1342_new_n175 Metal2 [17um 8um] [29.055um 8um] 0.29um rpD:0 bl:0 ------CG--T-----------tb-- [16.75um:29.265um] [16.75um:29.265um] 12.515um ------->
        <event:00002262 3:1405.44:4.5um> &<id:973200 Vertical abc_1342_new_n186 Metal3 [22.5um 4um] [22.5um 8um] 0.29um rpD:1 bl:0 ------CG----W---------bb-- [3.75um:8.25um] [3.75um:8.25um] 4.5um ------->
        <event:00002263 0:321.462:2.855um> &<id:974871 Horizontal abc_1342_new_n186 Metal2 [20.105um 8um] [22.5um 8um] 0.29um rpD:0 bl:0 -----UC---T-----------bt-- [19.895um:22.75um] [19.895um:22.75um] 2.855um ------->
        <event:00002264 4:321.462:2.855um> &<id:974871 Horizontal abc_1342_new_n186 Metal2 [20.105um 8um] [22.5um 8um] 0.29um rpD:0 bl:0 -----UC---T-----------bt-- [19.895um:22.75um] [19.895um:22.75um] 2.855um ------->
        <event:00002265 0:1361.77:12.515um> &<id:971324 Horizontal abc_1342_new_n175 Metal2 [17um 8um] [29.055um 8um] 0.29um rpD:0 bl:0 ------CG--T-----------tb-- [16.75um:29.265um] [16.75um:29.265um] 12.515um ------->
        <event:00002266 5:3985.62:13um> &<id:971324 Horizontal abc_1342_new_n175 Metal2 [17um 8um] [29.5um 8um] 0.29um rpD:2 bl:0 ------CG-----w-S------tt-- [16.75um:29.75um] [16.75um:29.75um] 13um --S---t>
        <event:00002267 3:111.462:0.905um> &<id:976737 Horizontal abc_1342_new_n175 Metal2 [29.055um 8um] [29.5um 8um] 0.29um rpD:0 bl:0 -----UC---T---AS------bt-- [28.845um:29.75um] [28.845um:29.75um] 0.905um --S--s->
        <event:00002268 4:111.462:0.905um> &<id:976737 Horizontal abc_1342_new_n175 Metal2 [29.055um 8um] [29.5um 8um] 0.29um rpD:0 bl:0 -----UC---T---AS------bt-- [28.845um:29.75um] [28.845um:29.75um] 0.905um --S--s->
        <event:00002269 3:2164.31:7um> &<id:970960 Vertical init Metal3 [30um 8um] [30um 14.5um] 0.29um rpD:1 bl:0 ------CG----W---------bb-- [7.75um:14.75um] [7.75um:14.75um] 7um ------->
        <event:00002270 3:950.112:3um> &<id:976736 Vertical abc_1342_new_n175 Metal3 [29.5um 8um] [29.5um 10.5um] 0.29um rpD:1 bl:0 ------C-----W-AS------bb-- [7.75um:10.75um] [7.75um:10.75um] 3um --S--st>
        <event:00002271 0:107.154:0.935um> &<id:974619 Horizontal init Metal2 [29.975um 8um] [30.7um 8um] 0.29um rpD:0 bl:0 ---a-UC---T-----------bt-- [29.87um:30.805um] [29.87um:30.805um] 0.935um ------->
        <event:00002272 0:1396.77:12.84um> &<id:973218 Horizontal outputs(6) Metal2 [44.105um 31.5um] [56.525um 31.5um] 0.29um rpD:0 bl:0 ------CG--T-----------bb-- [43.895um:56.735um] [43.895um:56.735um] 12.84um ------->
        <event:00002273 0:2314.4:13.265um> &<id:972908 Horizontal outputs(12) Metal2 [3um 15.5um] [15.805um 15.5um] 0.29um rpD:0 bl:0 ------CG--T-----------tb-- [2.75um:16.015um] [2.75um:16.015um] 13.265um ------->
        <event:00002274 4:2314.4:13.265um> &<id:972908 Horizontal outputs(12) Metal2 [3um 13.5um] [15.805um 13.5um] 0.29um rpD:0 bl:0 ------CG--T-----------tb-- [2.75um:16.015um] [2.75um:16.015um] 13.265um ------->
        <event:00002275 3:3480.45:14.875um> &<id:972744 Horizontal mem_inputs(13) Metal2 [3.085um 13um] [17.5um 13um] 0.29um rpD:1 bl:0 ------CG----W----------t-- [2.875um:17.75um] [2.875um:17.75um] 14.875um ------->
        <event:00002276 3:1405.44:4.5um> &<id:972714 Vertical abc_1342_new_n187 Metal3 [12um 9.5um] [12um 13.5um] 0.29um rpD:1 bl:0 ------CG----W---------bb-- [9.25um:13.75um] [9.25um:13.75um] 4.5um ------->
        <event:00002277 0:4.23077:0.42um> &<id:974799 Vertical mem_inputs(13) Metal2 [3.085um 13um] [3.085um 13.5um] 0.21um rpD:0 bl:0 -X---UC---TD---------P-b-- [12.58um:13.92um] [2.875um:3.295um] 0.42um P------>
        <event:00002278 4:4.23077:0.42um> &<id:974799 Vertical mem_inputs(13) Metal2 [3.085um 13um] [3.085um 13.5um] 0.21um rpD:0 bl:0 -X---UC---TD---------P-b-- [12.58um:13.92um] [2.875um:3.295um] 0.42um P------>
        <event:00002279 3:6110.47:20um> &<id:972907 Vertical outputs(12) Metal3 [3um 13.5um] [3um 33um] 0.29um rpD:1 bl:0 ------CG----W---------bb-- [13.25um:33.25um] [13.25um:33.25um] 20um ------->
        <event:00002280 0:146:0.715um> &<id:974864 Horizontal abc_1342_new_n187 Metal2 [11.64um 13.5um] [12.145um 13.5um] 0.29um rpD:0 bl:0 ---a-UC---T-----------bt-- [11.535um:12.25um] [11.535um:12.25um] 0.715um ------->
        <event:00002281 0:2314.4:12.765um> &<id:972908 Horizontal outputs(12) Metal2 [3.5um 13.5um] [15.805um 13.5um] 0.29um rpD:0 bl:0 ------CG--T-----------tb-- [3.25um:16.015um] [3.25um:16.015um] 12.765um ------->
        <event:00002282 4:2228.01:12.765um> &<id:972908 Horizontal outputs(12) Metal2 [3.5um 15.5um] [15.805um 15.5um] 0.29um rpD:0 bl:0 ------CG--T-----------tb-- [3.25um:16.015um] [3.25um:16.015um] 12.765um ------->
        <event:00002283 3:4.23077:0.42um> &<id:973564 Vertical outputs(11) Metal2 [7.305um 15um] [7.305um 15.5um] 0.21um rpD:0 bl:0 -X---UC---TD---------Pb--- [14.5801um:15.92um] [7.095um:7.515um] 0.42um P------>
        <event:00002284 3:141:0.715um> &<id:976677 Horizontal outputs(11) Metal2 [7.17um 15.5um] [7.675um 15.5um] 0.29um rpD:1 bl:0 ---a--C-----W----------t-- [7.065um:7.78um] [7.065um:7.78um] 0.715um -----s->
        <event:00002285 3:3074.96:10um> &<id:973096 Vertical outputs(10) Metal3 [0.5um 15.5um] [0.5um 20um] 0.29um rpD:1 bl:0 ------CG----W---------bb-- [15.25um:20.25um] [15.25um:25.25um] 10um ------->
        <event:00002286 3:2012.54:6.5um> &<id:973290 Vertical abc_1342_new_n195 Metal3 [9.5um 9.5um] [9.5um 15.5um] 0.29um rpD:1 bl:0 ------CG----W---------bb-- [9.25um:15.75um] [9.25um:15.75um] 6.5um ------->
        <event:00002287 3:343.012:0.71um> &<id:976676 Vertical outputs(11) Metal3 [7.5um 14.855um] [7.5um 15.355um] 0.29um rpD:2 bl:0 ---a--C------wAS------tb-- [14.75um:15.46um] [14.75um:15.46um] 0.71um --S--st>
        <event:00002288 0:4.23077:0.42um> &<id:973564 Vertical outputs(11) Metal2 [7.305um 15um] [7.305um 15um] 0.21um rpD:0 bl:0 -X---UC---TD---------Pb--- [14.5801um:15.42um] [7.095um:7.515um] 0.42um P------>
        <event:00002289 1:254.982:0.71um> &<id:973564 Vertical outputs(11) Metal3 [7um 14.75um] [7um 15.25um] 0.29um rpD:1 bl:0 -X-a-UC-----W---------bb-- [14.645um:15.355um] [14.645um:15.355um] 0.71um ------t>
        <event:00002290 0:96.3846:0.715um> &<id:976739 Horizontal outputs(11) Metal2 [7.14um 15um] [7.645um 15um] 0.29um rpD:0 bl:0 ---a-UC---T---AS------bt-- [7.035um:7.75um] [7.035um:7.75um] 0.715um --S--st>
        <event:00002291 0:230.663:1.205um> &<id:974832 Horizontal abc_1342_new_n195 Metal2 [8.755um 15.5um] [9.5um 15.5um] 0.29um rpD:0 bl:0 -----UC---T-----------bt-- [8.545um:9.75um] [8.545um:9.75um] 1.205um ------->
        <event:00002292 0:949.432:5.365um> &<id:973545 Horizontal outputs(10) Metal2 [0.5um 15.5um] [5.405um 15.5um] 0.29um rpD:0 bl:0 -----UC---T-----------tb-- [0.25um:5.615um] [0.25um:5.615um] 5.365um ------->
        <event:00002293 0:1892.49:13.865um> &<id:972844 Horizontal abc_1342_new_n239 Metal2 [15.5um 38um] [28.905um 38um] 0.29um rpD:0 bl:0 ------CG--T-----------tb-- [15.25um:29.115um] [15.25um:29.115um] 13.865um ------->
        <event:00002294 4:1962.61:13.865um> &<id:972844 Horizontal abc_1342_new_n239 Metal2 [15.5um 37um] [28.905um 37um] 0.29um rpD:0 bl:0 ------CG--T-----------tb-- [15.25um:29.115um] [15.25um:29.115um] 13.865um ------->
        <event:00002295 3:3682.07:12um> &<id:971034 Vertical abc_1342_new_n174 Metal3 [29.5um 25.5um] [29.5um 35um] 0.29um rpD:2 bl:0 ------CG-----w--------bb-- [25.25um:35.25um] [25.25um:37.25um] 12um ------->
        <event:00002296 0:124.109:1.085um> &<id:975028 Horizontal abc_1342_new_n174 Metal2 [28.75um 37um] [29.625um 37um] 0.29um rpD:0 bl:0 ---a-UC---T-----------tb-- [28.645um:29.73um] [28.645um:29.73um] 1.085um ------->
        <event:00002297 0:1996.27:14.105um> &<id:972202 Horizontal n(2) Metal2 [25.855um 38.5um] [39.5um 38.5um] 0.29um rpD:0 bl:0 ------CG--T-----------bt-- [25.645um:39.75um] [25.645um:39.75um] 14.105um ------->
        <event:00002298 4:1996.27:14.105um> &<id:972202 Horizontal n(2) Metal2 [25.855um 38.5um] [39.5um 38.5um] 0.29um rpD:0 bl:0 ------CG--T-----------bt-- [25.645um:39.75um] [25.645um:39.75um] 14.105um ------->
        <event:00002299 3:1522.48:7.505um> &<id:973322 Horizontal inputs(6) Metal2 [31.455um 38.5um] [38.5um 38.5um] 0.29um rpD:1 bl:0 ------CG----W----------t-- [31.245um:38.75um] [31.245um:38.75um] 7.505um ------->
        <event:00002300 3:1494.93:6.315um> &<id:972507 Horizontal abc_1342_new_n246 Metal2 [24.5um 38.5um] [30.355um 38.5um] 0.29um rpD:1 bl:0 ------CG----W---------t--- [24.25um:30.565um] [24.25um:30.565um] 6.315um ------->
        <event:00002301 3:1405.44:4.5um> &<id:971193 Vertical clk_root_0 Metal3 [34um 38.5um] [34um 42.5um] 0.29um rpD:1 bl:0 -----UCG----W---------bb-- [38.25um:42.75um] [38.25um:42.75um] 4.5um ------->
        <event:00002302 0:4.23077:0.42um> &<id:975735 Vertical abc_1342_new_n246 Metal2 [30.355um 38.5um] [30.355um 39um] 0.21um rpD:0 bl:0 -X---UC---TD---------Pb--- [38.08um:39.42um] [30.145um:30.565um] 0.42um P------>
        <event:00002303 4:4.23077:0.42um> &<id:975735 Vertical abc_1342_new_n246 Metal2 [30.355um 38.5um] [30.355um 39um] 0.21um rpD:0 bl:0 -X---UC---TD---------Pb--- [38.08um:39.42um] [30.145um:30.565um] 0.42um P------>
        <event:00002304 0:4.23077:0.42um> &<id:973372 Vertical inputs(6) Metal2 [31.455um 38.5um] [31.455um 39um] 0.21um rpD:0 bl:0 -X---UC---TD---------Pb--- [38.08um:39.42um] [31.245um:31.665um] 0.42um P------>
        <event:00002305 0:182.284:0.925um> &<id:973944 Horizontal clk_root_0 Metal2 [33.765um 38.5um] [34.48um 38.5um] 0.29um rpD:0 bl:0 ---a-UC---T-----------tb-- [33.66um:34.585um] [33.66um:34.585um] 0.925um ------->
        <event:00002306 0:1996.27:14.105um> &<id:972202 Horizontal n(2) Metal2 [25.855um 38.5um] [39.5um 38.5um] 0.29um rpD:0 bl:0 ------CG--T-----------bt-- [25.645um:39.75um] [25.645um:39.75um] 14.105um ------->
        <event:00002307 4:1996.27:14.105um> &<id:972202 Horizontal n(2) Metal2 [25.855um 38.5um] [39.5um 38.5um] 0.29um rpD:0 bl:0 ------CG--T-----------bt-- [25.645um:39.75um] [25.645um:39.75um] 14.105um ------->
        <event:00002308 3:1522.48:7.505um> &<id:973322 Horizontal inputs(6) Metal2 [31.455um 39um] [38.5um 39um] 0.29um rpD:1 bl:0 ------CG----W----------t-- [31.245um:38.75um] [31.245um:38.75um] 7.505um ------->
        <event:00002309 3:1494.93:6.315um> &<id:972507 Horizontal abc_1342_new_n246 Metal2 [24.5um 39um] [30.355um 39um] 0.29um rpD:1 bl:0 ------CG----W---------t--- [24.25um:30.565um] [24.25um:30.565um] 6.315um ------->
        <event:00002310 3:1405.44:4.5um> &<id:971193 Vertical clk_root_0 Metal3 [34um 38.5um] [34um 42.5um] 0.29um rpD:1 bl:0 -----UCG----W---------bb-- [38.25um:42.75um] [38.25um:42.75um] 4.5um ------->
        <event:00002311 0:4.23077:0.42um> &<id:975735 Vertical abc_1342_new_n246 Metal2 [30.355um 38.5um] [30.355um 39um] 0.21um rpD:0 bl:0 -X---UC---TD---------Pb--- [38.08um:39.42um] [30.145um:30.565um] 0.42um P------>
        <event:00002312 4:4.23077:0.42um> &<id:975735 Vertical abc_1342_new_n246 Metal2 [30.355um 38.5um] [30.355um 39um] 0.21um rpD:0 bl:0 -X---UC---TD---------Pb--- [38.08um:39.42um] [30.145um:30.565um] 0.42um P------>
        <event:00002313 0:4.23077:0.42um> &<id:973372 Vertical inputs(6) Metal2 [31.455um 38.5um] [31.455um 39um] 0.21um rpD:0 bl:0 -X---UC---TD---------Pb--- [38.08um:39.42um] [31.245um:31.665um] 0.42um P------>
        <event:00002314 0:182.284:0.925um> &<id:973944 Horizontal clk_root_0 Metal2 [33.765um 38.5um] [34.48um 38.5um] 0.29um rpD:0 bl:0 ---a-UC---T-----------tb-- [33.66um:34.585um] [33.66um:34.585um] 0.925um ------->
        <event:00002315 0:1996.27:14.105um> &<id:972202 Horizontal n(2) Metal2 [25.855um 38.5um] [39.5um 38.5um] 0.29um rpD:0 bl:0 ------CG--T-----------bt-- [25.645um:39.75um] [25.645um:39.75um] 14.105um ------->
        <event:00002316 5:118.5:0.715um> &<id:972202 Horizontal n(2) Metal2 [25.75um 38.5um] [26.255um 38.5um] 0.29um rpD:0 bl:0 ---a-UC---T----S------bt-- [25.645um:26.36um] [25.645um:26.36um] 0.715um --S---t>
        <event:00002317 3:254.982:0.71um> &<id:976742 Vertical n(2) Metal3 [26um 38.25um] [26um 38.75um] 0.29um rpD:1 bl:0 ---a--C-----W-ASr-----bb-- [38.145um:38.855um] [38.145um:38.855um] 0.71um --S--st>
        <event:00002318 3:4289.17:14um> &<id:976743 Horizontal n(2) Metal2 [26um 38.5um] [39.5um 38.5um] 0.29um rpD:2 bl:0 ------CG-----wA-------tt-- [25.75um:39.75um] [25.75um:39.75um] 14um -----s->
        <event:00002319 0:1555.08:14.31um> &<id:971057 Horizontal abc_1342_new_n174 Metal2 [16.615um 54.5um] [30.505um 54.5um] 0.29um rpD:0 bl:0 ------CG--T-----------bb-- [16.405um:30.715um] [16.405um:30.715um] 14.31um ------->
        <event:00002320 4:1555.08:14.31um> &<id:971057 Horizontal abc_1342_new_n174 Metal2 [16.615um 55.5um] [30.505um 55.5um] 0.29um rpD:0 bl:0 ------CG--T-----------bb-- [16.405um:30.715um] [16.405um:30.715um] 14.31um ------->
        <event:00002321 0:801.453:5.585um> &<id:970971 Horizontal init Metal2 [12um 55.5um] [17.125um 55.5um] 0.29um rpD:0 bl:0 -----UCG--T-----------tb-- [11.75um:17.335um] [11.75um:17.335um] 5.585um ------->
        <event:00002322 0:1570.69:14.455um> &<id:972516 Horizontal n(3) Metal2 [26.505um 38um] [40.5um 38um] 0.29um rpD:0 bl:0 ------CG--T-----------bt-- [26.295um:40.75um] [26.295um:40.75um] 14.455um ------->
        <event:00002323 4:1570.69:14.455um> &<id:972516 Horizontal n(3) Metal2 [26.505um 38um] [40.5um 38um] 0.29um rpD:0 bl:0 ------CG--T-----------bt-- [26.295um:40.75um] [26.295um:40.75um] 14.455um ------->
        <event:00002324 3:1098.8:6.455um> &<id:972859 Horizontal abc_1342_auto_rtlil_cc_2739_MuxGate_1285 Metal2 [35.505um 38um] [41.5um 38um] 0.29um rpD:1 bl:0 ------CG----W----------t-- [35.295um:41.75um] [35.295um:41.75um] 6.455um ------->
        <event:00002325 3:3985.62:13um> &<id:971034 Vertical abc_1342_new_n174 Metal3 [29um 25.5um] [29um 35um] 0.29um rpD:2 bl:0 ------CG-----w--------bb-- [25.25um:35.25um] [25.25um:38.25um] 13um ------->
        <event:00002326 0:4.23077:0.42um> &<id:974159 Vertical abc_1342_auto_rtlil_cc_2739_MuxGate_1285 Metal2 [35.505um 37um] [35.505um 37um] 0.21um rpD:0 bl:0 -X---UC---TD---------Pb--- [36.5801um:37.42um] [35.295um:35.715um] 0.42um P------>
        <event:00002327 0:170.388:1.085um> &<id:975028 Horizontal abc_1342_new_n174 Metal2 [28.75um 38um] [29.625um 38um] 0.29um rpD:0 bl:0 ---a-UC---T-----------tb-- [28.645um:29.73um] [28.645um:29.73um] 1.085um ------->
        <event:00002328 4:170.388:1.085um> &<id:975028 Horizontal abc_1342_new_n174 Metal2 [28.75um 36.5um] [29.625um 36.5um] 0.29um rpD:0 bl:0 ---a-UC---T-----------tb-- [28.645um:29.73um] [28.645um:29.73um] 1.085um ------->
        <event:00002329 3:6110.47:20um> &<id:970973 Vertical init Metal3 [30.5um 36.5um] [30.5um 56um] 0.29um rpD:1 bl:0 ------CG----W---------bb-- [36.25um:56.25um] [36.25um:56.25um] 20um ------->
        <event:00002330 3:3530.29:11.5um> &<id:970974 Vertical init Metal3 [30.5um 28um] [30.5um 36.5um] 0.29um rpD:1 bl:0 ------CG----W---------bb-- [27.75um:36.75um] [25.25um:36.75um] 11.5um ------->
        <event:00002331 0:163.376:0.745um> &<id:974676 Horizontal init Metal2 [29.82um 36.5um] [30.325um 36.5um] 0.29um rpD:0 bl:0 ---a-UC---T-----------bt-- [29.715um:30.43um] [29.715um:30.46um] 0.745um ------->
        <event:00002332 0:2689.34:15.435um> &<id:972777 Horizontal outputs(4) Metal2 [48.525um 36.5um] [63.5um 36.5um] 0.29um rpD:0 bl:0 ------CG--T-----------bt-- [48.315um:63.75um] [48.315um:63.75um] 15.435um ------->
        <event:00002333 0:2213.64:15.655um> &<id:972951 Horizontal n(7) Metal2 [3.305um 82.5um] [18.5um 82.5um] 0.29um rpD:0 bl:0 ------CG--T-----------bt-- [3.095um:18.75um] [3.095um:18.75um] 15.655um ------->
        <event:00002334 4:2213.64:15.655um> &<id:972951 Horizontal n(7) Metal2 [3.305um 82.5um] [18.5um 82.5um] 0.29um rpD:0 bl:0 ------CG--T-----------bt-- [3.095um:18.75um] [3.095um:18.75um] 15.655um ------->
        <event:00002335 1:1355.76:5.715um> &<id:972682 Horizontal abc_1342_new_n259 Metal2 [4.245um 82um] [9.5um 82um] 0.29um rpD:1 bl:0 ------CG----W----------t-- [4.035um:9.75um] [4.035um:9.75um] 5.715um ------->
        <event:00002336 0:4.23077:0.42um> &<id:976160 Vertical abc_1342_new_n259 Metal2 [4.245um 84.5um] [4.245um 85um] 0.21um rpD:0 bl:0 -X---UC---TD---------Pb--- [84.08um:85.42um] [4.035um:4.455um] 0.42um P------>
        <event:00002337 4:4.23077:0.42um> &<id:976160 Vertical abc_1342_new_n259 Metal2 [4.245um 84.5um] [4.245um 85um] 0.21um rpD:0 bl:0 -X---UC---TD---------Pb--- [84.08um:85.42um] [4.035um:4.455um] 0.42um P------>
        <event:00002338 0:723.953:4.06um> &<id:975859 Horizontal abc_1342_new_n257 Metal2 [1.845um 84.5um] [5.485um 84.5um] 0.29um rpD:0 bl:0 -----UC---T-----------bb-- [1.635um:5.695um] [1.635um:5.695um] 4.06um ------->
        <event:00002339 4:723.953:4.06um> &<id:975859 Horizontal abc_1342_new_n257 Metal2 [1.845um 84.5um] [5.485um 84.5um] 0.29um rpD:0 bl:0 -----UC---T-----------bb-- [1.635um:5.695um] [1.635um:5.695um] 4.06um ------->
        <event:00002340 1:1355.76:5.715um> &<id:972682 Horizontal abc_1342_new_n259 Metal2 [4.245um 85um] [9.5um 85um] 0.29um rpD:1 bl:0 ------CG----W----------t-- [4.035um:9.75um] [4.035um:9.75um] 5.715um ------->
        <event:00002341 0:4.23077:0.42um> &<id:976160 Vertical abc_1342_new_n259 Metal2 [4.245um 84.5um] [4.245um 85um] 0.21um rpD:0 bl:0 -X---UC---TD---------Pb--- [84.08um:85.42um] [4.035um:4.455um] 0.42um P------>
        <event:00002342 4:4.23077:0.42um> &<id:976160 Vertical abc_1342_new_n259 Metal2 [4.245um 84.5um] [4.245um 85um] 0.21um rpD:0 bl:0 -X---UC---TD---------Pb--- [84.08um:85.42um] [4.035um:4.455um] 0.42um P------>
        <event:00002343 0:723.953:4.06um> &<id:975859 Horizontal abc_1342_new_n257 Metal2 [1.845um 84.5um] [5.485um 84.5um] 0.29um rpD:0 bl:0 -----UC---T-----------bb-- [1.635um:5.695um] [1.635um:5.695um] 4.06um ------->
        <event:00002344 4:723.953:4.06um> &<id:975859 Horizontal abc_1342_new_n257 Metal2 [1.845um 84um] [5.485um 84um] 0.29um rpD:0 bl:0 -----UC---T-----------bb-- [1.635um:5.695um] [1.635um:5.695um] 4.06um ------->
        <event:00002345 3:1557.21:5um> &<id:972008 Vertical abc_1342_auto_rtlil_cc_2739_MuxGate_1295 Metal3 [3.5um 84um] [3.5um 88.5um] 0.29um rpD:1 bl:0 -----UCG----W---------bb-- [83.75um:88.75um] [83.75um:88.75um] 5um ------->
        <event:00002346 0:421.411:0.715um> &<id:974185 Horizontal abc_1342_auto_rtlil_cc_2739_MuxGate_1295 Metal2 [5.64um 84um] [6.145um 84um] 0.29um rpD:0 bl:0 ---a-UC---T-----------bt-- [5.535um:6.25um] [5.535um:6.25um] 0.715um ------->
        <event:00002347 0:1710.69:15.755um> &<id:972562 Horizontal outputs(2) Metal2 [45.705um 25.5um] [61um 25.5um] 0.29um rpD:0 bl:0 ------CG--T-----------bt-- [45.495um:61.25um] [45.495um:61.25um] 15.755um ------->
        <event:00002348 4:1710.69:15.755um> &<id:972562 Horizontal outputs(2) Metal2 [45.705um 26um] [61um 26um] 0.29um rpD:0 bl:0 ------CG--T-----------bt-- [45.495um:61.25um] [45.495um:61.25um] 15.755um ------->
        <event:00002349 3:6869.34:22.5um> &<id:971335 Vertical abc_1342_new_n175 Metal3 [53.5um 26um] [53.5um 48um] 0.29um rpD:1 bl:0 ------CG----W---------bb-- [25.75um:48.25um] [25.75um:48.25um] 22.5um ------->
        <event:00002350 3:2164.31:7um> &<id:971340 Vertical abc_1342_new_n175 Metal3 [53um 19.5um] [53um 26um] 0.29um rpD:1 bl:0 ------CG----W---------bb-- [19.25um:26.25um] [19.25um:26.25um] 7um ------->
        <event:00002351 0:973:8.905um> &<id:971334 Horizontal abc_1342_new_n175 Metal2 [45.055um 26um] [53um 26um] 0.29um rpD:0 bl:0 -----UCG--T-----------bt-- [44.845um:53.25um] [44.845um:53.75um] 8.905um ------->
        <event:00002352 4:973:8.905um> &<id:971334 Horizontal abc_1342_new_n175 Metal2 [45.055um 26um] [53um 26um] 0.29um rpD:0 bl:0 -----UCG--T-----------bt-- [44.845um:53.25um] [44.845um:53.75um] 8.905um ------->
        <event:00002353 0:1710.69:15.755um> &<id:972562 Horizontal outputs(2) Metal2 [45.705um 26um] [61um 26um] 0.29um rpD:0 bl:0 ------CG--T-----------bt-- [45.495um:61.25um] [45.495um:61.25um] 15.755um ------->
        <event:00002354 4:1710.69:15.755um> &<id:972562 Horizontal outputs(2) Metal2 [45.705um 25.5um] [61um 25.5um] 0.29um rpD:0 bl:0 ------CG--T-----------bt-- [45.495um:61.25um] [45.495um:61.25um] 15.755um ------->
        <event:00002355 3:1557.21:5um> &<id:971050 Vertical abc_1342_new_n174 Metal3 [51.5um 22.5um] [51.5um 25.5um] 0.29um rpD:1 bl:0 ------CG----W---------bb-- [22.25um:25.75um] [20.75um:25.75um] 5um ------->
        <event:00002356 3:1557.21:5um> &<id:970954 Vertical init Metal3 [54.5um 21um] [54.5um 24um] 0.29um rpD:1 bl:0 -----UCG----W---------bb-- [20.75um:24.25um] [20.75um:25.75um] 5um ------->
        <event:00002357 3:1405.44:4.5um> &<id:972831 Vertical abc_1342_new_n234 Metal3 [49um 21.5um] [49um 25.5um] 0.29um rpD:1 bl:0 ------CG----W---------bb-- [21.25um:25.75um] [21.25um:25.75um] 4.5um ------->
        <event:00002358 3:1708.99:5.5um> &<id:971053 Vertical abc_1342_new_n174 Metal3 [51.5um 25.5um] [51.5um 30.5um] 0.29um rpD:2 bl:0 ------CG-----w--------bb-- [25.25um:30.75um] [25.25um:30.75um] 5.5um ------->
        <event:00002359 1:1084.62:6.37um> &<id:971689 Horizontal abc_1342_auto_rtlil_cc_2739_MuxGate_1275 Metal2 [50.355um 25um] [56.305um 25um] 0.29um rpD:1 bl:0 -----UCG----W------------- [50.145um:56.515um] [50.145um:56.515um] 6.37um ------->
        <event:00002360 1:141:0.715um> &<id:976695 Horizontal abc_1342_new_n235 Metal2 [48.145um 25um] [48.65um 25um] 0.29um rpD:1 bl:0 ---a--C-----W----------t-- [48.04um:48.755um] [48.04um:48.755um] 0.715um -----s->
        <event:00002361 0:4.23077:0.42um> &<id:975710 Vertical abc_1342_new_n235 Metal2 [48.255um 25um] [48.255um 25.5um] 0.21um rpD:0 bl:0 -X---UC---TD---------P-b-- [24.5801um:25.92um] [48.045um:48.465um] 0.42um P------>
        <event:00002362 0:4.23077:0.42um> &<id:975710 Vertical abc_1342_new_n235 Metal2 [48.255um 25um] [48.255um 25.5um] 0.21um rpD:0 bl:0 -X---UC---TD---------P-b-- [24.5801um:25.92um] [48.045um:48.465um] 0.42um P------>
        <event:00002363 1:343.012:1um> &<id:975710 Vertical abc_1342_new_n235 Metal3 [48um 25um] [48um 25.5um] 0.29um rpD:1 bl:0 -X---UC-----W---r-----bb-- [24.75um:25.75um] [24.75um:25.75um] 1um ------t>
        <event:00002364 0:4.23077:0.42um> &<id:974140 Vertical abc_1342_auto_rtlil_cc_2739_MuxGate_1275 Metal2 [56.305um 25um] [56.305um 25.5um] 0.21um rpD:0 bl:0 -X---UC---TD---------P-b-- [24.5801um:25.92um] [56.095um:56.515um] 0.42um P------>
        <event:00002365 4:4.23077:0.42um> &<id:974140 Vertical abc_1342_auto_rtlil_cc_2739_MuxGate_1275 Metal2 [56.305um 25um] [56.305um 25.5um] 0.21um rpD:0 bl:0 -X---UC---TD---------P-b-- [24.5801um:25.92um] [56.095um:56.515um] 0.42um P------>
        <event:00002366 0:91:0.715um> &<id:976745 Horizontal abc_1342_new_n235 Metal2 [48.14um 25.5um] [48.645um 25.5um] 0.29um rpD:0 bl:0 ---a-UC---T---AS------bt-- [48.035um:48.75um] [48.035um:48.75um] 0.715um --S--st>
        <event:00002367 0:91:0.715um> &<id:975061 Horizontal abc_1342_new_n174 Metal2 [51.35um 25.5um] [51.855um 25.5um] 0.29um rpD:0 bl:0 ---a-UC---T-----------bt-- [51.245um:51.96um] [51.245um:51.96um] 0.715um ------->
        <event:00002368 0:93.1538:0.735um> &<id:975707 Horizontal abc_1342_new_n234 Metal2 [48.67um 25.5um] [49.195um 25.5um] 0.29um rpD:0 bl:0 ---a-UC---T-----------bt-- [48.565um:49.3um] [48.565um:49.3um] 0.735um ------->
        <event:00002369 4:93.1538:0.735um> &<id:975707 Horizontal abc_1342_new_n234 Metal2 [48.67um 25.5um] [49.195um 25.5um] 0.29um rpD:0 bl:0 ---a-UC---T-----------bt-- [48.565um:49.3um] [48.565um:49.3um] 0.735um ------->
        <event:00002370 3:343.012:1um> &<id:975710 Vertical abc_1342_new_n235 Metal3 [48.5um 25um] [48.5um 25.5um] 0.29um rpD:1 bl:0 -X---UC-----W---r-----bb-- [24.75um:25.75um] [24.75um:25.75um] 1um ------t>
        <event:00002371 0:91:0.715um> &<id:976745 Horizontal abc_1342_new_n235 Metal2 [48.14um 25.5um] [48.645um 25.5um] 0.29um rpD:0 bl:0 ---a-UC---T---AS------bt-- [48.035um:48.75um] [48.035um:48.75um] 0.715um --S--st>
        <event:00002372 4:91:0.715um> &<id:976745 Horizontal abc_1342_new_n235 Metal2 [48.14um 26.5um] [48.645um 26.5um] 0.29um rpD:0 bl:0 ---a-UC---T---AS------bt-- [48.035um:48.75um] [48.035um:48.75um] 0.715um --S--st>
        <event:00002373 0:646.562:2um> &<id:975710 Vertical abc_1342_new_n235 Metal3 [48.5um 25um] [48.5um 26.5um] 0.29um rpD:1 bl:0 -X---UC-----W---------bb-- [24.75um:26.75um] [24.75um:26.75um] 2um ------t>
        <event:00002374 0:266.538:2.345um> &<id:974700 Horizontal init Metal2 [52.615um 25.5um] [54.5um 25.5um] 0.29um rpD:0 bl:0 -----UC---T-----------bt-- [52.405um:54.75um] [52.405um:54.75um] 2.345um ------->
        <event:00002375 0:302.615:2.68um> &<id:975700 Horizontal abc_1342_new_n233 Metal2 [47.155um 26.5um] [49.415um 26.5um] 0.29um rpD:0 bl:0 -----UC---T-----------bb-- [46.945um:49.625um] [46.945um:49.625um] 2.68um ------->
        <event:00002376 4:302.615:2.68um> &<id:975700 Horizontal abc_1342_new_n233 Metal2 [47.155um 26.5um] [49.415um 26.5um] 0.29um rpD:0 bl:0 -----UC---T-----------bb-- [46.945um:49.625um] [46.945um:49.625um] 2.68um ------->
        <event:00002377 3:646.562:2um> &<id:975710 Vertical abc_1342_new_n235 Metal3 [48.5um 25um] [48.5um 26.5um] 0.29um rpD:1 bl:0 -X---UC-----W---------bb-- [24.75um:26.75um] [24.75um:26.75um] 2um ------t>
        <event:00002378 0:91:0.715um> &<id:976745 Horizontal abc_1342_new_n235 Metal2 [48.14um 26.5um] [48.645um 26.5um] 0.29um rpD:0 bl:0 ---a-UC---T---AS------bt-- [48.035um:48.75um] [48.035um:48.75um] 0.715um --S--st>
        <event:00002379 4:91:0.715um> &<id:976745 Horizontal abc_1342_new_n235 Metal2 [48.14um 25.5um] [48.645um 25.5um] 0.29um rpD:0 bl:0 ---a-UC---T---AS------bt-- [48.035um:48.75um] [48.035um:48.75um] 0.715um --S--st>
        <event:00002380 3:1405.44:4.5um> &<id:972831 Vertical abc_1342_new_n234 Metal3 [49um 21.5um] [49um 25.5um] 0.29um rpD:1 bl:0 ------CG----W---------bb-- [21.25um:25.75um] [21.25um:25.75um] 4.5um ------->
        <event:00002381 0:93.1538:0.735um> &<id:975707 Horizontal abc_1342_new_n234 Metal2 [48.67um 25.5um] [49.195um 25.5um] 0.29um rpD:0 bl:0 ---a-UC---T-----------bt-- [48.565um:49.3um] [48.565um:49.3um] 0.735um ------->
        <event:00002382 4:93.1538:0.735um> &<id:975707 Horizontal abc_1342_new_n234 Metal2 [48.67um 26.5um] [49.195um 26.5um] 0.29um rpD:0 bl:0 ---a-UC---T-----------bt-- [48.565um:49.3um] [48.565um:49.3um] 0.735um ------->
        <event:00002383 0:302.615:2.68um> &<id:975700 Horizontal abc_1342_new_n233 Metal2 [47.155um 26.5um] [49.415um 26.5um] 0.29um rpD:0 bl:0 -----UC---T-----------bb-- [46.945um:49.625um] [46.945um:49.625um] 2.68um ------->
        <event:00002384 4:302.615:2.68um> &<id:975700 Horizontal abc_1342_new_n233 Metal2 [47.155um 25.5um] [49.415um 25.5um] 0.29um rpD:0 bl:0 -----UC---T-----------bb-- [46.945um:49.625um] [46.945um:49.625um] 2.68um ------->
        <event:00002385 3:343.012:1um> &<id:975710 Vertical abc_1342_new_n235 Metal3 [48.5um 25um] [48.5um 25.5um] 0.29um rpD:1 bl:0 -X---UC-----W---r-----bb-- [24.75um:25.75um] [24.75um:25.75um] 1um ------t>
        <event:00002386 0:91:0.715um> &<id:976745 Horizontal abc_1342_new_n235 Metal2 [48.14um 25.5um] [48.645um 25.5um] 0.29um rpD:0 bl:0 ---a-UC---T---AS------bt-- [48.035um:48.75um] [48.035um:48.75um] 0.715um --S--st>
        <event:00002387 4:91:0.715um> &<id:976745 Horizontal abc_1342_new_n235 Metal2 [48.14um 26um] [48.645um 26um] 0.29um rpD:0 bl:0 ---a-UC---T---AS------bt-- [48.035um:48.75um] [48.035um:48.75um] 0.715um --S--st>
        <event:00002388 0:494.787:1.5um> &<id:975710 Vertical abc_1342_new_n235 Metal3 [48.5um 25um] [48.5um 26um] 0.29um rpD:1 bl:0 -X---UC-----W---------bb-- [24.75um:26.25um] [24.75um:26.25um] 1.5um ------t>
        <event:00002389 0:973:8.905um> &<id:971334 Horizontal abc_1342_new_n175 Metal2 [45.055um 26um] [53um 26um] 0.29um rpD:0 bl:0 -----UCG--T-----------bt-- [44.845um:53.25um] [44.845um:53.75um] 8.905um ------->
        <event:00002390 5:91:0.715um> &<id:971334 Horizontal abc_1342_new_n175 Metal2 [44.855um 26um] [45.36um 26um] 0.29um rpD:0 bl:0 ---a-UC---T----S------tb-- [44.75um:45.465um] [44.75um:45.465um] 0.715um --S---t>
        <event:00002391 3:254.982:0.71um> &<id:976748 Vertical abc_1342_new_n175 Metal3 [45um 25.75um] [45um 26.25um] 0.29um rpD:1 bl:0 ---a--C-----W-ASr-----bb-- [25.645um:26.355um] [25.645um:26.355um] 0.71um --S--st>
        <event:00002392 1:2771.41:9um> &<id:974964 Horizontal abc_1342_new_n175 Metal2 [53um 26um] [53.5um 26um] 0.29um rpD:2 bl:0 ------C-g----w--------tt-- [52.75um:53.75um] [44.75um:53.75um] 9um -----s->
        <event:00002393 0:1710.69:15.755um> &<id:972562 Horizontal outputs(2) Metal2 [45.705um 25.5um] [61um 25.5um] 0.29um rpD:0 bl:0 ------CG--T-----------bt-- [45.495um:61.25um] [45.495um:61.25um] 15.755um ------->
        <event:00002394 5:91:0.715um> &<id:972562 Horizontal outputs(2) Metal2 [45.355um 25.5um] [45.86um 25.5um] 0.29um rpD:0 bl:0 ---a-UC---T----S------tb-- [45.25um:45.965um] [45.25um:45.965um] 0.715um --S---t>
        <event:00002395 3:254.982:0.71um> &<id:976752 Vertical outputs(2) Metal3 [45.5um 25.25um] [45.5um 25.75um] 0.29um rpD:1 bl:0 ---a--C-----W-ASr-----bb-- [25.145um:25.855um] [25.145um:25.855um] 0.71um --S--st>
        <event:00002396 3:4896.27:16um> &<id:976753 Horizontal outputs(2) Metal2 [45.5um 25.5um] [61um 25.5um] 0.29um rpD:2 bl:0 ------CG-----wA-------tt-- [45.25um:61.25um] [45.25um:61.25um] 16um -----s->
        <event:00002397 0:1786.08:16.455um> &<id:972955 Horizontal n(7) Metal2 [22.505um 83um] [38.5um 83um] 0.29um rpD:0 bl:0 ------CG--T-----------bt-- [22.295um:38.75um] [22.295um:38.75um] 16.455um ------->
        <event:00002398 4:1786.08:16.455um> &<id:972955 Horizontal n(7) Metal2 [22.505um 84um] [38.5um 84um] 0.29um rpD:0 bl:0 ------CG--T-----------bt-- [22.295um:38.75um] [22.295um:38.75um] 16.455um ------->
        <event:00002399 3:2012.54:6.5um> &<id:971962 Vertical n(10) Metal3 [35.5um 78um] [35.5um 84um] 0.29um rpD:1 bl:0 ------CG----W---------bb-- [77.75um:84.25um] [77.75um:84.25um] 6.5um ------->
        <event:00002400 3:646.562:2um> &<id:976732 Vertical n(8) Metal3 [23um 84um] [23um 85.5um] 0.29um rpD:1 bl:0 ------C-----W-AS------bb-- [83.75um:85.75um] [83.75um:85.75um] 2um --S--st>
        <event:00002401 1:3053.61:18.17um> &<id:972336 Horizontal abc_1342_new_n261 Metal2 [22um 84.5um] [38.505um 84.5um] 0.29um rpD:1 bl:0 ------CG----W---------t--- [21.75um:38.715um] [20.545um:38.715um] 18.17um ------->
        <event:00002402 4:3053.61:18.17um> &<id:972336 Horizontal abc_1342_new_n261 Metal2 [22um 84.5um] [38.505um 84.5um] 0.29um rpD:1 bl:0 ------CG----W---------t--- [21.75um:38.715um] [20.545um:38.715um] 18.17um ------->
        <event:00002403 3:2316.09:7.5um> &<id:972499 Vertical n(11) Metal3 [34um 84.5um] [34um 91.5um] 0.29um rpD:1 bl:0 -----UCG----W---------bb-- [84.25um:91.75um] [84.25um:91.75um] 7.5um ------->
        <event:00002404 3:2164.31:7um> &<id:972500 Vertical n(11) Metal3 [35um 78um] [35um 84.5um] 0.29um rpD:1 bl:0 ------CG----W---------bb-- [77.75um:84.75um] [77.75um:84.75um] 7um ------->
        <event:00002405 3:1860.76:6um> &<id:971118 Vertical abc_1342_new_n255 Metal3 [22.5um 83.5um] [22.5um 89um] 0.29um rpD:1 bl:0 ------CG----W---------bb-- [83.25um:89.25um] [83.25um:89.25um] 6um ------->
        <event:00002406 0:4.23077:0.42um> &<id:975862 Vertical abc_1342_new_n261 Metal2 [38.505um 84um] [38.505um 84.5um] 0.21um rpD:0 bl:0 -X---UC---TD---------Pb--- [83.58um:84.92um] [38.295um:38.715um] 0.42um P------>
        <event:00002407 4:4.23077:0.42um> &<id:975862 Vertical abc_1342_new_n261 Metal2 [38.505um 84um] [38.505um 84.5um] 0.21um rpD:0 bl:0 -X---UC---TD---------Pb--- [83.58um:84.92um] [38.295um:38.715um] 0.42um P------>
        <event:00002408 3:1708.99:5.5um> &<id:972954 Vertical n(7) Metal3 [38.5um 79um] [38.5um 84um] 0.29um rpD:1 bl:0 -----UCG----W---------bb-- [78.75um:84.25um] [78.75um:84.25um] 5.5um ------->
        <event:00002409 0:91:0.715um> &<id:972732 Horizontal n(8) Metal2 [22.855um 84um] [23.36um 84um] 0.29um rpD:0 bl:0 ---a-UC---T----S------tb-- [22.75um:23.465um] [22.75um:23.465um] 0.715um --S---t>
        <event:00002410 0:165.006:0.825um> &<id:976267 Horizontal n(11) Metal2 [33.6um 84.5um] [34.215um 84.5um] 0.29um rpD:0 bl:0 ---a-UC---T-----------bt-- [33.495um:34.32um] [33.495um:34.32um] 0.825um ------->
        <event:00002411 0:173.192:0.715um> &<id:975819 Horizontal abc_1342_new_n255 Metal2 [21.75um 84.5um] [22.255um 84.5um] 0.29um rpD:0 bl:0 ---a-UC---T-----------bt-- [21.645um:22.36um] [21.645um:22.36um] 0.715um ------->
        <event:00002412 4:118.5:0.715um> &<id:975819 Horizontal abc_1342_new_n255 Metal2 [21.75um 83.5um] [22.255um 83.5um] 0.29um rpD:0 bl:0 ---a-UC---T-----------bt-- [21.645um:22.36um] [21.645um:22.36um] 0.715um ------->
        <event:00002413 0:299.775:0.715um> &<id:976264 Horizontal n(11) Metal2 [33.75um 84.5um] [34.255um 84.5um] 0.29um rpD:0 bl:0 ---a-UC---T-----------bt-- [33.645um:34.36um] [33.645um:34.36um] 0.715um ------->
        <event:00002414 0:635.834:3.55um> &<id:975887 Horizontal abc_1342_new_n265 Metal2 [27.155um 84.5um] [30.285um 84.5um] 0.29um rpD:0 bl:0 -----UC---T-----------bb-- [26.945um:30.495um] [26.945um:30.495um] 3.55um ------->
        <event:00002415 0:522.308:4.72um> &<id:975865 Horizontal abc_1342_new_n261 Metal2 [20.755um 83.5um] [25.055um 83.5um] 0.29um rpD:0 bl:0 -----UC---T-----------bb-- [20.545um:25.265um] [20.545um:25.265um] 4.72um ------->
        <event:00002416 4:522.308:4.72um> &<id:975865 Horizontal abc_1342_new_n261 Metal2 [20.755um 83.5um] [25.055um 83.5um] 0.29um rpD:0 bl:0 -----UC---T-----------bb-- [20.545um:25.265um] [20.545um:25.265um] 4.72um ------->
        <event:00002417 3:1860.76:6um> &<id:971118 Vertical abc_1342_new_n255 Metal3 [22um 83.5um] [22um 89um] 0.29um rpD:1 bl:0 ------CG----W---------bb-- [83.25um:89.25um] [83.25um:89.25um] 6um ------->
        <event:00002418 0:118.5:1.105um> &<id:975819 Horizontal abc_1342_new_n255 Metal2 [21.855um 83.5um] [22.5um 83.5um] 0.29um rpD:0 bl:0 -----UC---T-----------bt-- [21.645um:22.75um] [21.645um:22.75um] 1.105um ------->
        <event:00002419 4:173.192:1.105um> &<id:975819 Horizontal abc_1342_new_n255 Metal2 [21.855um 83.5um] [22.5um 83.5um] 0.29um rpD:0 bl:0 -----UC---T-----------bt-- [21.645um:22.75um] [21.645um:22.75um] 1.105um ------->
        <event:00002420 0:94.7692:0.75um> &<id:975826 Horizontal abc_1342_new_n255 Metal2 [22.105um 89um] [22.61um 89um] 0.29um rpD:0 bl:0 ---a-UC---T-----------tb-- [22um:22.75um] [22um:22.75um] 0.75um ------->
        <event:00002421 0:522.308:4.72um> &<id:975865 Horizontal abc_1342_new_n261 Metal2 [20.755um 83.5um] [25.055um 83.5um] 0.29um rpD:0 bl:0 -----UC---T-----------bb-- [20.545um:25.265um] [20.545um:25.265um] 4.72um ------->
        <event:00002422 4:522.308:4.72um> &<id:975865 Horizontal abc_1342_new_n261 Metal2 [20.755um 83.5um] [25.055um 83.5um] 0.29um rpD:0 bl:0 -----UC---T-----------bb-- [20.545um:25.265um] [20.545um:25.265um] 4.72um ------->
        <event:00002423 3:1860.76:6um> &<id:971118 Vertical abc_1342_new_n255 Metal3 [22.5um 83.5um] [22.5um 89um] 0.29um rpD:1 bl:0 ------CG----W---------bb-- [83.25um:89.25um] [83.25um:89.25um] 6um ------->
        <event:00002424 0:173.192:0.715um> &<id:975819 Horizontal abc_1342_new_n255 Metal2 [21.75um 83.5um] [22.255um 83.5um] 0.29um rpD:0 bl:0 ---a-UC---T-----------bt-- [21.645um:22.36um] [21.645um:22.36um] 0.715um ------->
        <event:00002425 4:118.5:0.715um> &<id:975819 Horizontal abc_1342_new_n255 Metal2 [21.75um 84.5um] [22.255um 84.5um] 0.29um rpD:0 bl:0 ---a-UC---T-----------bt-- [21.645um:22.36um] [21.645um:22.36um] 0.715um ------->
        <event:00002426 3:1253.66:4um> &<id:972337 Vertical abc_1342_new_n261 Metal3 [22um 84.5um] [22um 88um] 0.29um rpD:1 bl:0 -----UCG----W---------bb-- [84.25um:88.25um] [84.25um:88.25um] 4um ------->
        <event:00002427 0:1353.74:7.705um> &<id:971963 Horizontal n(10) Metal2 [28.255um 84um] [35.5um 84um] 0.29um rpD:0 bl:0 -----UCG--T-----------bt-- [28.045um:35.75um] [28.045um:35.75um] 7.705um ------->
        <event:00002428 0:1786.08:16.455um> &<id:972955 Horizontal n(7) Metal2 [22.505um 84um] [38.5um 84um] 0.29um rpD:0 bl:0 ------CG--T-----------bt-- [22.295um:38.75um] [22.295um:38.75um] 16.455um ------->
        <event:00002429 4:1786.08:16.455um> &<id:972955 Horizontal n(7) Metal2 [22.505um 84um] [38.5um 84um] 0.29um rpD:0 bl:0 ------CG--T-----------bt-- [22.295um:38.75um] [22.295um:38.75um] 16.455um ------->
        <event:00002430 3:646.562:2um> &<id:976732 Vertical n(8) Metal3 [23um 84um] [23um 85.5um] 0.29um rpD:1 bl:0 ------C-----W-AS------bb-- [83.75um:85.75um] [83.75um:85.75um] 2um --S--st>
        <event:00002431 1:3053.61:18.17um> &<id:972336 Horizontal abc_1342_new_n261 Metal2 [21.5um 84.5um] [38.505um 84.5um] 0.29um rpD:1 bl:0 ------CG----W---------t--- [21.25um:38.715um] [20.545um:38.715um] 18.17um ------->
        <event:00002432 4:3053.61:18.17um> &<id:972336 Horizontal abc_1342_new_n261 Metal2 [21.5um 84.5um] [38.505um 84.5um] 0.29um rpD:1 bl:0 ------CG----W---------t--- [21.25um:38.715um] [20.545um:38.715um] 18.17um ------->
        <event:00002433 3:2164.31:7um> &<id:971962 Vertical n(10) Metal3 [35.5um 78um] [35.5um 84.5um] 0.29um rpD:1 bl:0 ------CG----W---------bb-- [77.75um:84.75um] [77.75um:84.75um] 7um ------->
        <event:00002434 3:1860.76:6um> &<id:971118 Vertical abc_1342_new_n255 Metal3 [22um 83.5um] [22um 89um] 0.29um rpD:1 bl:0 ------CG----W---------bb-- [83.25um:89.25um] [83.25um:89.25um] 6um ------->
        <event:00002435 0:4.23077:0.42um> &<id:975862 Vertical abc_1342_new_n261 Metal2 [38.505um 84um] [38.505um 84.5um] 0.21um rpD:0 bl:0 -X---UC---TD---------Pb--- [83.58um:84.92um] [38.295um:38.715um] 0.42um P------>
        <event:00002436 4:4.23077:0.42um> &<id:975862 Vertical abc_1342_new_n261 Metal2 [38.505um 84um] [38.505um 84.5um] 0.21um rpD:0 bl:0 -X---UC---TD---------Pb--- [83.58um:84.92um] [38.295um:38.715um] 0.42um P------>
        <event:00002437 3:1708.99:5.5um> &<id:972954 Vertical n(7) Metal3 [38.5um 79um] [38.5um 84um] 0.29um rpD:1 bl:0 -----UCG----W---------bb-- [78.75um:84.25um] [78.75um:84.25um] 5.5um ------->
        <event:00002438 0:118.5:1.105um> &<id:975819 Horizontal abc_1342_new_n255 Metal2 [21.855um 84.5um] [22.5um 84.5um] 0.29um rpD:0 bl:0 -----UC---T-----------bt-- [21.645um:22.75um] [21.645um:22.75um] 1.105um ------->
        <event:00002439 4:173.192:1.105um> &<id:975819 Horizontal abc_1342_new_n255 Metal2 [21.855um 84.5um] [22.5um 84.5um] 0.29um rpD:0 bl:0 -----UC---T-----------bt-- [21.645um:22.75um] [21.645um:22.75um] 1.105um ------->
        <event:00002440 3:1253.66:4um> &<id:972337 Vertical abc_1342_new_n261 Metal3 [21.5um 84.5um] [21.5um 88um] 0.29um rpD:1 bl:0 -----UCG----W---------bb-- [84.25um:88.25um] [84.25um:88.25um] 4um ------->
        <event:00002441 0:91:0.715um> &<id:972732 Horizontal n(8) Metal2 [22.855um 84um] [23.36um 84um] 0.29um rpD:0 bl:0 ---a-UC---T----S------tb-- [22.75um:23.465um] [22.75um:23.465um] 0.715um --S---t>
        <event:00002442 0:94.7692:0.75um> &<id:975826 Horizontal abc_1342_new_n255 Metal2 [22.105um 89um] [22.61um 89um] 0.29um rpD:0 bl:0 ---a-UC---T-----------tb-- [22um:22.75um] [22um:22.75um] 0.75um ------->
        <event:00002443 0:635.834:3.55um> &<id:975887 Horizontal abc_1342_new_n265 Metal2 [27.155um 84um] [30.285um 84um] 0.29um rpD:0 bl:0 -----UC---T-----------bb-- [26.945um:30.495um] [26.945um:30.495um] 3.55um ------->
        <event:00002444 0:1353.74:7.705um> &<id:971963 Horizontal n(10) Metal2 [28.255um 84.5um] [35.5um 84.5um] 0.29um rpD:0 bl:0 -----UCG--T-----------bt-- [28.045um:35.75um] [28.045um:35.75um] 7.705um ------->
        <event:00002445 0:1786.08:16.455um> &<id:972955 Horizontal n(7) Metal2 [22.505um 84um] [38.5um 84um] 0.29um rpD:0 bl:0 ------CG--T-----------bt-- [22.295um:38.75um] [22.295um:38.75um] 16.455um ------->
        <event:00002446 5:91:0.715um> &<id:972955 Horizontal n(7) Metal2 [22.355um 84um] [22.86um 84um] 0.29um rpD:0 bl:0 ---a-UC---T----S------tb-- [22.25um:22.965um] [22.25um:22.965um] 0.715um --S---t>
        <event:00002447 4:91:0.715um> &<id:972955 Horizontal n(7) Metal2 [22.355um 84um] [22.86um 84um] 0.29um rpD:0 bl:0 ---a-UC---T----S------tb-- [22.25um:22.965um] [22.25um:22.965um] 0.715um --S---t>
        <event:00002448 3:646.562:2um> &<id:976732 Vertical n(8) Metal3 [23um 84um] [23um 85.5um] 0.29um rpD:1 bl:0 ------C-----W-AS------bb-- [83.75um:85.75um] [83.75um:85.75um] 2um --S--st>
        <event:00002449 3:254.982:0.71um> &<id:976756 Vertical n(7) Metal3 [22.5um 83.75um] [22.5um 84.25um] 0.29um rpD:1 bl:0 ---a--C-----W-ASr-----bb-- [83.645um:84.355um] [83.645um:84.355um] 0.71um --S--st>
        <event:00002450 3:5048.04:17.5um> &<id:976757 Horizontal n(7) Metal2 [21.5um 84um] [38.5um 84um] 0.29um rpD:2 bl:0 ------CG-----wA-------tt-- [21.25um:38.75um] [21.25um:38.75um] 17.5um -----s->
        <event:00002451 0:91:0.715um> &<id:972732 Horizontal n(8) Metal2 [22.855um 84um] [23.36um 84um] 0.29um rpD:0 bl:0 ---a-UC---T----S------tb-- [22.75um:23.465um] [22.75um:23.465um] 0.715um --S---t>
        <event:00002452 0:3108.33:17.86um> &<id:972582 Horizontal mem_inputs(14) Metal2 [13.485um 14.5um] [30.925um 14.5um] 0.29um rpD:0 bl:0 ------CG--T------------b-- [13.275um:31.135um] [13.275um:31.135um] 17.86um ------->
        <event:00002453 4:3108.33:17.86um> &<id:972582 Horizontal mem_inputs(14) Metal2 [13.485um 15.5um] [30.925um 15.5um] 0.29um rpD:0 bl:0 ------CG--T------------b-- [13.275um:31.135um] [13.275um:31.135um] 17.86um ------->
        <event:00002454 3:1860.76:6um> &<id:972904 Vertical outputs(12) Metal3 [22.5um 15.5um] [22.5um 21um] 0.29um rpD:1 bl:0 -----UCG----W---------bb-- [15.25um:21.25um] [15.25um:21.25um] 6um ------->
        <event:00002455 0:4.23077:0.42um> &<id:974802 Vertical mem_inputs(14) Metal2 [13.485um 15.5um] [13.485um 15.5um] 0.21um rpD:0 bl:0 -X---UC---TD---------P-b-- [15.08um:15.92um] [13.275um:13.695um] 0.42um P------>
        <event:00002456 0:1258.71:7.155um> &<id:972905 Horizontal outputs(12) Metal2 [15.805um 15.5um] [22.5um 15.5um] 0.29um rpD:0 bl:0 -----UCG--T-----------bt-- [15.595um:22.75um] [15.595um:22.75um] 7.155um ------->
        <event:00002457 4:1258.71:7.155um> &<id:972905 Horizontal outputs(12) Metal2 [15.805um 15.5um] [22.5um 15.5um] 0.29um rpD:0 bl:0 -----UCG--T-----------bt-- [15.595um:22.75um] [15.595um:22.75um] 7.155um ------->
        <event:00002458 0:2174.45:12.455um> &<id:973136 Horizontal outputs(8) Metal2 [23.005um 15.5um] [35um 15.5um] 0.29um rpD:0 bl:0 ------CG--T-----------bt-- [22.795um:35.25um] [22.795um:35.25um] 12.455um ------->
        <event:00002459 0:2228.01:12.765um> &<id:972908 Horizontal outputs(12) Metal2 [3.5um 15.5um] [15.805um 15.5um] 0.29um rpD:0 bl:0 ------CG--T-----------tb-- [3.25um:16.015um] [3.25um:16.015um] 12.765um ------->
        <event:00002460 5:3985.62:13um> &<id:972908 Horizontal outputs(12) Metal2 [3.5um 15.5um] [16um 15.5um] 0.29um rpD:2 bl:0 ------CG-----w-S------tt-- [3.25um:16.25um] [3.25um:16.25um] 13um --S---t>
        <event:00002461 3:146:0.715um> &<id:976761 Horizontal outputs(12) Metal2 [15.67um 15.5um] [16.175um 15.5um] 0.29um rpD:0 bl:0 ---a-UC---T---AS------bt-- [15.565um:16.28um] [15.565um:16.28um] 0.715um --S--s->
        <event:00002462 3:494.787:1.5um> &<id:976760 Vertical outputs(12) Metal3 [16um 15.5um] [16um 16.5um] 0.29um rpD:1 bl:0 ------C-----W-AS------bb-- [15.25um:16.75um] [15.25um:16.75um] 1.5um --S--st>
        <event:00002463 0:3108.33:17.86um> &<id:972582 Horizontal mem_inputs(14) Metal2 [13.485um 15.5um] [30.925um 15.5um] 0.29um rpD:0 bl:0 ------CG--T------------b-- [13.275um:31.135um] [13.275um:31.135um] 17.86um ------->
        <event:00002464 4:3108.33:17.86um> &<id:972582 Horizontal mem_inputs(14) Metal2 [13.485um 15.5um] [30.925um 15.5um] 0.29um rpD:0 bl:0 ------CG--T------------b-- [13.275um:31.135um] [13.275um:31.135um] 17.86um ------->
        <event:00002465 3:1860.76:6um> &<id:972904 Vertical outputs(12) Metal3 [22.5um 15.5um] [22.5um 21um] 0.29um rpD:1 bl:0 -----UCG----W---------bb-- [15.25um:21.25um] [15.25um:21.25um] 6um ------->
        <event:00002466 3:494.787:1.5um> &<id:976760 Vertical outputs(12) Metal3 [16um 15.5um] [16um 16.5um] 0.29um rpD:1 bl:0 ------C-----W-AS------bb-- [15.25um:16.75um] [15.25um:16.75um] 1.5um --S--st>
        <event:00002467 0:146:0.715um> &<id:976761 Horizontal outputs(12) Metal2 [15.67um 15.5um] [16.175um 15.5um] 0.29um rpD:0 bl:0 ---a-UC---T---AS------bt-- [15.565um:16.28um] [15.565um:16.28um] 0.715um --S--s->
        <event:00002468 0:1258.71:7.155um> &<id:972905 Horizontal outputs(12) Metal2 [15.805um 15.5um] [22.5um 15.5um] 0.29um rpD:0 bl:0 -----UCG--T-----------bt-- [15.595um:22.75um] [15.595um:22.75um] 7.155um ------->
        <event:00002469 4:1258.71:7.155um> &<id:972905 Horizontal outputs(12) Metal2 [15.805um 15.5um] [22.5um 15.5um] 0.29um rpD:0 bl:0 -----UCG--T-----------bt-- [15.595um:22.75um] [15.595um:22.75um] 7.155um ------->
        <event:00002470 0:2174.45:12.455um> &<id:973136 Horizontal outputs(8) Metal2 [23.005um 15.5um] [35um 15.5um] 0.29um rpD:0 bl:0 ------CG--T-----------bt-- [22.795um:35.25um] [22.795um:35.25um] 12.455um ------->
        <event:00002471 0:3108.33:17.86um> &<id:972582 Horizontal mem_inputs(14) Metal2 [13.485um 15.5um] [30.925um 15.5um] 0.29um rpD:0 bl:0 ------CG--T------------b-- [13.275um:31.135um] [13.275um:31.135um] 17.86um ------->
        <event:00002472 5:249.349:0.945um> &<id:972582 Horizontal mem_inputs(14) Metal2 [13um 15.5um] [13.485um 15.5um] 0.29um rpD:1 bl:0 ------C-----W--S------t--- [12.75um:13.695um] [12.75um:13.695um] 0.945um --S---t>
        <event:00002473 3:146:0.715um> &<id:976769 Horizontal mem_inputs(14) Metal2 [30.73um 15.5um] [31.235um 15.5um] 0.29um rpD:0 bl:0 ---a-UC---T---AS------bt-- [30.625um:31.34um] [30.625um:31.34um] 0.715um --S--s->
        <event:00002474 3:254.982:1um> &<id:976768 Vertical mem_inputs(14) Metal3 [31um 15um] [31um 15.5um] 0.29um rpD:1 bl:0 ------C-----W-ASr-----bb-- [14.75um:15.75um] [14.75um:15.75um] 1um --S--st>
        <event:00002475 3:5655.14:18.5um> &<id:976765 Horizontal mem_inputs(14) Metal2 [13um 15.5um] [31um 15.5um] 0.29um rpD:2 bl:0 ------CG-----w--------tt-- [12.75um:31.25um] [12.75um:31.25um] 18.5um -----st>
        <event:00002476 3:494.787:2um> &<id:976764 Vertical mem_inputs(14) Metal3 [13um 14.5um] [13um 16um] 0.29um rpD:2 bl:0 ------C------wAS------bb-- [14.25um:16.25um] [14.25um:16.25um] 2um --S--st>
        <event:00002477 0:4.23077:0.42um> &<id:974802 Vertical mem_inputs(14) Metal2 [13.485um 14.5um] [13.485um 14.5um] 0.21um rpD:0 bl:0 -X---UC---TD---------P-b-- [14.0801um:14.92um] [13.275um:13.695um] 0.42um P------>
        <event:00002478 0:3274.2:18.82um> &<id:971251 Horizontal clk_root_2 Metal2 [24.685um 95um] [43.085um 95um] 0.29um rpD:0 bl:0 ------CG--T-----------b--- [24.475um:43.295um] [24.475um:43.295um] 18.82um ------->
        <event:00002479 0:4.23077:0.42um> &<id:973790 Vertical clk_root_2 Metal2 [43.085um 96um] [43.085um 96um] 0.21um rpD:0 bl:0 -X---UC---TD---------Pb--- [95.5801um:96.42um] [42.875um:43.295um] 0.42um P------>
        <event:00002480 0:3558.43:20.465um> &<id:973131 Horizontal outputs(8) Metal2 [3um 13.5um] [23.005um 13.5um] 0.29um rpD:0 bl:0 ------CG--T-----------tb-- [2.75um:23.215um] [2.75um:23.215um] 20.465um ------->
        <event:00002481 4:3558.43:20.465um> &<id:973131 Horizontal outputs(8) Metal2 [3um 15.5um] [23.005um 15.5um] 0.29um rpD:0 bl:0 ------CG--T-----------tb-- [2.75um:23.215um] [2.75um:23.215um] 20.465um ------->
        <event:00002482 3:1860.76:6um> &<id:972904 Vertical outputs(12) Metal3 [22.5um 15.5um] [22.5um 21um] 0.29um rpD:1 bl:0 -----UCG----W---------bb-- [15.25um:21.25um] [15.25um:21.25um] 6um ------->
        <event:00002483 0:1258.71:7.155um> &<id:972905 Horizontal outputs(12) Metal2 [15.805um 15.5um] [22.5um 15.5um] 0.29um rpD:0 bl:0 -----UCG--T-----------bt-- [15.595um:22.75um] [15.595um:22.75um] 7.155um ------->
        <event:00002484 4:1258.71:7.155um> &<id:972905 Horizontal outputs(12) Metal2 [15.805um 15.5um] [22.5um 15.5um] 0.29um rpD:0 bl:0 -----UCG--T-----------bt-- [15.595um:22.75um] [15.595um:22.75um] 7.155um ------->
        <event:00002485 0:3558.43:20.465um> &<id:973131 Horizontal outputs(8) Metal2 [3um 15.5um] [23.005um 15.5um] 0.29um rpD:0 bl:0 ------CG--T-----------tb-- [2.75um:23.215um] [2.75um:23.215um] 20.465um ------->
        <event:00002486 4:3558.43:20.465um> &<id:973131 Horizontal outputs(8) Metal2 [3um 13.5um] [23.005um 13.5um] 0.29um rpD:0 bl:0 ------CG--T-----------tb-- [2.75um:23.215um] [2.75um:23.215um] 20.465um ------->
        <event:00002487 3:3480.45:14.875um> &<id:972744 Horizontal mem_inputs(13) Metal2 [3.085um 13um] [17.5um 13um] 0.29um rpD:1 bl:0 ------CG----W----------t-- [2.875um:17.75um] [2.875um:17.75um] 14.875um ------->
        <event:00002488 3:448.828:1.805um> &<id:971827 Horizontal abc_1342_new_n185 Metal2 [19.155um 13um] [20.5um 13um] 0.29um rpD:1 bl:0 ------CG----W----------t-- [18.945um:20.75um] [18.945um:20.75um] 1.805um ------->
        <event:00002489 3:1708.99:5.5um> &<id:972675 Vertical mem_inputs(12) Metal3 [22.5um 8.5um] [22.5um 13.5um] 0.29um rpD:1 bl:0 ------CG----W---------tb-- [8.25um:13.75um] [8.25um:13.75um] 5.5um ------->
        <event:00002490 3:1405.44:4.5um> &<id:973290 Vertical abc_1342_new_n195 Metal3 [9.5um 9.5um] [9.5um 13.5um] 0.29um rpD:1 bl:0 ------CG----W---------bb-- [9.25um:13.75um] [9.25um:13.75um] 4.5um ------->
        <event:00002491 3:1405.44:4.5um> &<id:972714 Vertical abc_1342_new_n187 Metal3 [12um 9.5um] [12um 13.5um] 0.29um rpD:1 bl:0 ------CG----W---------bb-- [9.25um:13.75um] [9.25um:13.75um] 4.5um ------->
        <event:00002492 0:4.23077:0.42um> &<id:974799 Vertical mem_inputs(13) Metal2 [3.085um 13um] [3.085um 13.5um] 0.21um rpD:0 bl:0 -X---UC---TD---------P-b-- [12.58um:13.92um] [2.875um:3.295um] 0.42um P------>
        <event:00002493 4:4.23077:0.42um> &<id:974799 Vertical mem_inputs(13) Metal2 [3.085um 13um] [3.085um 13.5um] 0.21um rpD:0 bl:0 -X---UC---TD---------P-b-- [12.58um:13.92um] [2.875um:3.295um] 0.42um P------>
        <event:00002494 3:950.112:3um> &<id:973130 Vertical outputs(8) Metal3 [3um 11um] [3um 13.5um] 0.29um rpD:1 bl:0 -----UCG----W---------bb-- [10.75um:13.75um] [10.75um:13.75um] 3um ------->
        <event:00002495 0:4.23077:0.42um> &<id:974878 Vertical abc_1342_new_n185 Metal2 [19.155um 13um] [19.155um 13.5um] 0.21um rpD:0 bl:0 -X---UC---TD---------P-b-- [12.58um:13.92um] [18.945um:19.365um] 0.42um P------>
        <event:00002496 0:146:0.715um> &<id:974864 Horizontal abc_1342_new_n187 Metal2 [11.64um 13.5um] [12.145um 13.5um] 0.29um rpD:0 bl:0 ---a-UC---T-----------bt-- [11.535um:12.25um] [11.535um:12.25um] 0.715um ------->
        <event:00002497 0:230.663:1.205um> &<id:974832 Horizontal abc_1342_new_n195 Metal2 [8.755um 13.5um] [9.5um 13.5um] 0.29um rpD:0 bl:0 -----UC---T-----------bt-- [8.545um:9.75um] [8.545um:9.75um] 1.205um ------->
        <event:00002498 0:415.538:2.275um> &<id:974785 Horizontal mem_inputs(12) Metal2 [20.685um 13.5um] [22.5um 13.5um] 0.29um rpD:0 bl:0 -----UC---T-----------bt-- [20.475um:22.75um] [20.475um:22.75um] 2.275um ------->
        <event:00002499 0:3558.43:19.965um> &<id:973131 Horizontal outputs(8) Metal2 [3.5um 13.5um] [23.005um 13.5um] 0.29um rpD:0 bl:0 ------CG--T-----------tb-- [3.25um:23.215um] [3.25um:23.215um] 19.965um ------->
        <event:00002500 5:6110.47:20um> &<id:973131 Horizontal outputs(8) Metal2 [3.5um 13.5um] [23um 13.5um] 0.29um rpD:2 bl:0 ------CG-----w-S------tt-- [3.25um:23.25um] [3.25um:23.25um] 20um --S---t>
        <event:00002501 3:146:0.715um> &<id:976773 Horizontal outputs(8) Metal2 [22.73um 13.5um] [23.235um 13.5um] 0.29um rpD:0 bl:0 ---a-UC---T---AS------tb-- [22.625um:23.34um] [22.625um:23.34um] 0.715um --S--s->
        <event:00002502 3:494.787:2.5um> &<id:976772 Vertical outputs(8) Metal3 [23um 12.5um] [23um 14.5um] 0.29um rpD:1 bl:0 ------C-----W-AS------bb-- [12.25um:14.75um] [12.25um:14.75um] 2.5um --S--st>
        <event:00002503 0:3942:27.685um> &<id:973099 Horizontal outputs(10) Metal2 [0.5um 25um] [27.725um 25um] 0.29um rpD:0 bl:0 ------CG--T-----------tb-- [0.25um:27.935um] [0.25um:27.935um] 27.685um ------->
        <event:00002504 0:19.8846:2.455um> &<id:973366 Vertical inputs(7) Metal3 [5.5um 0um] [5.5um 2um] 0.29um rpD:0 bl:0 -----UC---T------------b-- [-0.205um:2.25um] [-0.205um:2.25um] 2.455um ------->
        <event:00002505 0:19.8846:2.455um> &<id:973460 Vertical inputs(10) Metal3 [22um 0um] [22um 2um] 0.29um rpD:0 bl:0 -----UC---T------------b-- [-0.205um:2.25um] [-0.205um:2.25um] 2.455um ------->
        <event:00002506 0:19.8846:2.455um> &<id:973466 Vertical inputs(11) Metal3 [27.5um 0um] [27.5um 2um] 0.29um rpD:0 bl:0 -----UC---T------------b-- [-0.205um:2.25um] [-0.205um:2.25um] 2.455um ------->
        <event:00002507 0:19.8846:2.455um> &<id:973475 Vertical inputs(12) Metal3 [33um 0um] [33um 2um] 0.29um rpD:0 bl:0 -----UC---T------------b-- [-0.205um:2.25um] [-0.205um:2.25um] 2.455um ------->
        <event:00002508 0:27.5769:4.455um> &<id:973363 Vertical inputs(9) Metal3 [16.5um 0um] [16.5um 4um] 0.29um rpD:0 bl:0 -----UC---T------------b-- [-0.205um:4.25um] [-0.205um:4.25um] 4.455um ------->
        <event:00002509 0:27.5769:3.455um> &<id:973606 Vertical inputs(13) Metal3 [38.5um 0um] [38.5um 3um] 0.29um rpD:0 bl:0 -----UC---T------------b-- [-0.205um:3.25um] [-0.205um:3.25um] 3.455um ------->
        <event:00002510 0:10789:53.975um> &<id:973353 Horizontal inputs(0) Metal2 [6um 21um] [59.515um 21um] 0.29um rpD:1 bl:0 ------CG----W---------t--- [5.75um:59.725um] [5.75um:59.725um] 53.975um ------->
        <event:00002511 4:10789:53.975um> &<id:973353 Horizontal inputs(0) Metal2 [6um 18.5um] [59.515um 18.5um] 0.29um rpD:1 bl:0 ------CG----W---------t--- [5.75um:59.725um] [5.75um:59.725um] 53.975um ------->
        <event:00002512 3:356.047:1.405um> &<id:972613 Horizontal abc_1342_new_n190 Metal2 [25.555um 18.5um] [26.5um 18.5um] 0.29um rpD:1 bl:0 ------CG----W----------t-- [25.345um:26.75um] [25.345um:26.75um] 1.405um ------->
        <event:00002513 0:4.23077:0.42um> &<id:974857 Vertical abc_1342_new_n190 Metal2 [25.555um 19um] [25.555um 19um] 0.21um rpD:0 bl:0 -X---UC---TD---------P-b-- [18.5801um:19.42um] [25.345um:25.765um] 0.42um P------>
        <event:00002514 0:4.23077:0.42um> &<id:973447 Vertical inputs(0) Metal2 [59.515um 18.5um] [59.515um 19um] 0.21um rpD:0 bl:0 -X---UC---TD---------P-b-- [18.08um:19.42um] [59.305um:59.725um] 0.42um P------>
        <event:00002515 4:4.23077:0.42um> &<id:973447 Vertical inputs(0) Metal2 [59.515um 18.5um] [59.515um 19um] 0.21um rpD:0 bl:0 -X---UC---TD---------P-b-- [18.08um:19.42um] [59.305um:59.725um] 0.42um P------>
        <event:00002516 3:1708.99:5.5um> &<id:972218 Vertical outputs(1) Metal3 [61um 15um] [61um 19um] 0.29um rpD:1 bl:0 ------CG----W---------bb-- [14.75um:19.25um] [14.75um:20.25um] 5.5um ------->
        <event:00002517 0:6280.12:26.945um> &<id:973310 Horizontal clk Metal2 [3um 44.5um] [29.485um 44.5um] 0.29um rpD:1 bl:0 ------CG----W---------t--- [2.75um:29.695um] [2.75um:29.695um] 26.945um ------->
        <event:00002518 0:4.23077:0.42um> &<id:974301 Vertical clk Metal2 [29.485um 44.5um] [29.485um 45um] 0.21um rpD:0 bl:0 -X---UC---TD---------Pb--- [44.0801um:45.42um] [29.275um:29.695um] 0.42um P------>
        <event:00002519 0:5809.25:24.915um> &<id:973284 Horizontal abc_1342_new_n202 Metal2 [17.045um 4um] [41.5um 4um] 0.29um rpD:1 bl:0 ------CG----W----------t-- [16.835um:41.75um] [16.835um:41.75um] 24.915um ------->
        <event:00002520 0:4.23077:0.42um> &<id:975355 Vertical abc_1342_new_n202 Metal2 [17.045um 4um] [17.045um 4.5um] 0.21um rpD:0 bl:0 -X---UC---TD---------Pb--- [3.5801um:4.92um] [16.835um:17.255um] 0.42um P------>
        <event:00002521 0:5433.09:32.43um> &<id:973296 Horizontal abc_1342_new_n207 Metal2 [13.845um 3um] [45.855um 3um] 0.29um rpD:1 bl:0 ------CG----W------------- [13.635um:46.065um] [13.635um:46.065um] 32.43um ------->
        <event:00002522 4:5433.09:32.43um> &<id:973296 Horizontal abc_1342_new_n207 Metal2 [13.845um 2um] [45.855um 2um] 0.29um rpD:1 bl:0 ------CG----W------------- [13.635um:46.065um] [13.635um:46.065um] 32.43um ------->
        <event:00002523 1:3917.38:19.515um> &<id:973118 Horizontal inputs(10) Metal2 [22um 2um] [41.055um 2um] 0.29um rpD:1 bl:0 ------CG----W---------t--- [21.75um:41.265um] [21.75um:41.265um] 19.515um ------->
        <event:00002524 4:3917.38:19.515um> &<id:973118 Horizontal inputs(10) Metal2 [22um 4.5um] [41.055um 4.5um] 0.29um rpD:1 bl:0 ------CG----W---------t--- [21.75um:41.265um] [21.75um:41.265um] 19.515um ------->
        <event:00002525 3:1557.21:5um> &<id:973283 Vertical abc_1342_new_n202 Metal3 [41.5um 4.5um] [41.5um 9um] 0.29um rpD:1 bl:0 ------CG----W---------bb-- [4.25um:9.25um] [4.25um:9.25um] 5um ------->
        <event:00002526 1:1863.47:9.215um> &<id:972416 Horizontal inputs(11) Metal2 [27.5um 2um] [36.255um 2um] 0.29um rpD:1 bl:0 -----UCG----W---------t--- [27.25um:36.465um] [27.25um:36.465um] 9.215um ------->
        <event:00002527 1:1542.42:7.605um> &<id:972170 Horizontal inputs(12) Metal2 [25.855um 2um] [33um 2um] 0.29um rpD:1 bl:0 -----UCG----W----------t-- [25.645um:33.25um] [25.645um:33.25um] 7.605um ------->
        <event:00002528 4:1542.42:7.605um> &<id:972170 Horizontal inputs(12) Metal2 [25.855um 4.5um] [33um 4.5um] 0.29um rpD:1 bl:0 -----UCG----W----------t-- [25.645um:33.25um] [25.645um:33.25um] 7.605um ------->
        <event:00002529 0:4.23077:0.42um> &<id:975331 Vertical abc_1342_new_n207 Metal2 [13.845um 2um] [13.845um 2um] 0.21um rpD:0 bl:0 -X---UC---TD---------P-b-- [1.5801um:2.42um] [13.635um:14.055um] 0.42um P------>
        <event:00002530 0:4.23077:0.42um> &<id:973472 Vertical inputs(12) Metal2 [25.855um 4um] [25.855um 4.5um] 0.21um rpD:0 bl:0 -X---UC---TD---------Pb--- [3.5801um:4.92um] [25.645um:26.065um] 0.42um P------>
        <event:00002531 0:4.23077:0.42um> &<id:973469 Vertical inputs(11) Metal2 [36.255um 2.5um] [36.255um 2.5um] 0.21um rpD:0 bl:0 -X---UC---TD---------P-b-- [2.0801um:2.92um] [36.045um:36.465um] 0.42um P------>
        <event:00002532 0:4.23077:0.42um> &<id:973463 Vertical inputs(10) Metal2 [41.055um 4um] [41.055um 4.5um] 0.21um rpD:0 bl:0 -X---UC---TD---------Pb--- [3.5801um:4.92um] [40.845um:41.265um] 0.42um P------>
        <event:00002533 0:4.23077:0.42um> &<id:975334 Vertical abc_1342_new_n207 Metal2 [45.855um 2um] [45.855um 2.5um] 0.21um rpD:0 bl:0 -X---UC---TD---------P-b-- [1.5801um:2.92um] [45.645um:46.065um] 0.42um P------>
        <event:00002534 0:5809.25:24.915um> &<id:973284 Horizontal abc_1342_new_n202 Metal2 [17.045um 4.5um] [41.5um 4.5um] 0.29um rpD:1 bl:0 ------CG----W----------t-- [16.835um:41.75um] [16.835um:41.75um] 24.915um ------->
        <event:00002535 0:4.23077:0.42um> &<id:975355 Vertical abc_1342_new_n202 Metal2 [17.045um 1um] [17.045um 1.5um] 0.21um rpD:0 bl:0 -X---UC---TD---------P-b-- [0.5801um:1.92um] [16.835um:17.255um] 0.42um P------>
        <event:00002536 4:4.23077:0.42um> &<id:975355 Vertical abc_1342_new_n202 Metal2 [17.045um 1um] [17.045um 1.5um] 0.21um rpD:0 bl:0 -X---UC---TD---------P-b-- [0.5801um:1.92um] [16.835um:17.255um] 0.42um P------>
        <event:00002537 3:2771.41:9um> &<id:971172 Vertical clk_root_0 Metal3 [16um 1.5um] [16um 10um] 0.29um rpD:1 bl:0 -----UCG----W---------bb-- [1.25um:10.25um] [1.25um:10.25um] 9um ------->
        <event:00002538 0:496.746:1.745um> &<id:973917 Horizontal clk_root_0 Metal2 [17um 1.5um] [18.285um 1.5um] 0.29um rpD:0 bl:0 -----UC---T-----------tb-- [16.75um:18.495um] [16.75um:18.495um] 1.745um ------->
        <event:00002539 0:4438.41:19.005um> &<id:973247 Horizontal abc_1342_new_n177 Metal2 [22.5um 15.5um] [41.045um 15.5um] 0.29um rpD:1 bl:0 ------CG----W---------t--- [22.25um:41.255um] [22.25um:41.255um] 19.005um ------->
        <event:00002540 0:4.23077:0.42um> &<id:974900 Vertical abc_1342_new_n177 Metal2 [41.045um 13um] [41.045um 13.5um] 0.21um rpD:0 bl:0 -X---UC---TD---------P-b-- [12.58um:13.92um] [40.835um:41.255um] 0.42um P------>
        <event:00002541 0:4429.4:26.415um> &<id:973291 Horizontal abc_1342_new_n195 Metal2 [9.5um 9.5um] [35.455um 9.5um] 0.29um rpD:1 bl:0 ------CG----W---------t--- [9.25um:35.665um] [9.25um:35.665um] 26.415um ------->
        <event:00002542 4:4429.4:26.415um> &<id:973291 Horizontal abc_1342_new_n195 Metal2 [9.5um 7.5um] [35.455um 7.5um] 0.29um rpD:1 bl:0 ------CG----W---------t--- [9.25um:35.665um] [9.25um:35.665um] 26.415um ------->
        <event:00002543 3:4.23077:0.42um> &<id:974100 Vertical abc_1342_auto_rtlil_cc_2739_MuxGate_1251 Metal2 [13.105um 7.5um] [13.105um 8um] 0.21um rpD:0 bl:0 -X---UC---TD---------P-b-- [7.0801um:8.42um] [12.895um:13.315um] 0.42um P------>
        <event:00002544 4:4.23077:0.42um> &<id:974100 Vertical abc_1342_auto_rtlil_cc_2739_MuxGate_1251 Metal2 [13.105um 7.5um] [13.105um 8um] 0.21um rpD:0 bl:0 -X---UC---TD---------P-b-- [7.0801um:8.42um] [12.895um:13.315um] 0.42um P------>
        <event:00002545 3:4.23077:0.42um> &<id:974103 Vertical abc_1342_auto_rtlil_cc_2739_MuxGate_1251 Metal2 [21.555um 7.5um] [21.555um 7.5um] 0.21um rpD:0 bl:0 -X---UC---TD---------Pb--- [7.0801um:7.92um] [21.345um:21.765um] 0.42um P------>
        <event:00002546 3:3939.66:23.48um> &<id:973167 Horizontal abc_1342_new_n181 Metal2 [10.355um 7.5um] [33.415um 7.5um] 0.29um rpD:1 bl:0 ------CG----W------------- [10.145um:33.625um] [10.145um:33.625um] 23.48um ------->
        <event:00002547 4:3939.66:23.48um> &<id:973167 Horizontal abc_1342_new_n181 Metal2 [10.355um 7.5um] [33.415um 7.5um] 0.29um rpD:1 bl:0 ------CG----W------------- [10.145um:33.625um] [10.145um:33.625um] 23.48um ------->
        <event:00002548 3:1501.78:8.87um> &<id:972150 Horizontal abc_1342_auto_rtlil_cc_2739_MuxGate_1251 Metal2 [13.105um 7.5um] [21.555um 7.5um] 0.29um rpD:1 bl:0 -----UCG----W------------- [12.895um:21.765um] [12.895um:21.765um] 8.87um ------->
        <event:00002549 4:1501.78:8.87um> &<id:972150 Horizontal abc_1342_auto_rtlil_cc_2739_MuxGate_1251 Metal2 [13.105um 7.5um] [21.555um 7.5um] 0.29um rpD:1 bl:0 -----UCG----W------------- [12.895um:21.765um] [12.895um:21.765um] 8.87um ------->
        <event:00002550 3:1405.44:4.5um> &<id:972824 Vertical abc_1342_auto_rtlil_cc_2739_MuxGate_1253 Metal3 [28um 3.5um] [28um 7.5um] 0.29um rpD:1 bl:0 ------CG----W---------bb-- [3.25um:7.75um] [3.25um:7.75um] 4.5um ------->
        <event:00002551 0:4.23077:0.42um> &<id:974894 Vertical abc_1342_new_n181 Metal2 [10.355um 7.5um] [10.355um 7.5um] 0.21um rpD:0 bl:0 -X---UC---TD---------Pb--- [7.0801um:7.92um] [10.145um:10.565um] 0.42um P------>
        <event:00002552 0:4.23077:0.42um> &<id:974100 Vertical abc_1342_auto_rtlil_cc_2739_MuxGate_1251 Metal2 [13.105um 7.5um] [13.105um 8um] 0.21um rpD:0 bl:0 -X---UC---TD---------P-b-- [7.0801um:8.42um] [12.895um:13.315um] 0.42um P------>
        <event:00002553 0:4.23077:0.42um> &<id:974103 Vertical abc_1342_auto_rtlil_cc_2739_MuxGate_1251 Metal2 [21.555um 7.5um] [21.555um 7.5um] 0.21um rpD:0 bl:0 -X---UC---TD---------Pb--- [7.0801um:7.92um] [21.345um:21.765um] 0.42um P------>
        <event:00002554 0:4.23077:0.42um> &<id:974897 Vertical abc_1342_new_n181 Metal2 [33.415um 7.5um] [33.415um 8um] 0.21um rpD:0 bl:0 -X---UC---TD---------P-b-- [7.0801um:8.42um] [33.205um:33.625um] 0.42um P------>
        <event:00002555 0:4.23077:0.42um> &<id:974828 Vertical abc_1342_new_n195 Metal2 [35.455um 7.5um] [35.455um 8um] 0.21um rpD:0 bl:0 -X---UC---TD---------P-b-- [7.0801um:8.42um] [35.245um:35.665um] 0.42um P------>
        <event:00002556 4:4.23077:0.42um> &<id:974828 Vertical abc_1342_new_n195 Metal2 [35.455um 7.5um] [35.455um 8um] 0.21um rpD:0 bl:0 -X---UC---TD---------P-b-- [7.0801um:8.42um] [35.245um:35.665um] 0.42um P------>
        <event:00002557 3:2164.31:7um> &<id:971863 Vertical abc_1342_new_n194 Metal3 [36um 1.5um] [36um 8um] 0.29um rpD:1 bl:0 -----UCG----W---------bb-- [1.25um:8.25um] [1.25um:8.25um] 7um ------->
        <event:00002558 0:151.183:0.745um> &<id:974097 Horizontal abc_1342_auto_rtlil_cc_2739_MuxGate_1253 Metal2 [27.69um 7.5um] [28.225um 7.5um] 0.29um rpD:0 bl:0 ---a-UC---T-----------bt-- [27.585um:28.33um] [27.585um:28.33um] 0.745um ------->
        <event:00002559 0:94.2308:0.745um> &<id:974838 Horizontal abc_1342_new_n194 Metal2 [35.765um 8um] [36.3um 8um] 0.29um rpD:0 bl:0 ---a-UC---T-----------tb-- [35.66um:36.405um] [35.66um:36.405um] 0.745um ------->
        <event:00002560 0:4429.4:26.415um> &<id:973291 Horizontal abc_1342_new_n195 Metal2 [9.5um 7.5um] [35.455um 7.5um] 0.29um rpD:1 bl:0 ------CG----W---------t--- [9.25um:35.665um] [9.25um:35.665um] 26.415um ------->
        <event:00002561 4:4429.4:26.415um> &<id:973291 Horizontal abc_1342_new_n195 Metal2 [9.5um 9.5um] [35.455um 9.5um] 0.29um rpD:1 bl:0 ------CG----W---------t--- [9.25um:35.665um] [9.25um:35.665um] 26.415um ------->
        <event:00002562 3:343.012:1um> &<id:974788 Vertical mem_inputs(12) Metal3 [29.5um 9um] [29.5um 9.5um] 0.29um rpD:1 bl:0 -X---UC-----W---r-----bb-- [8.75um:9.75um] [8.75um:9.75um] 1um ------t>
        <event:00002563 3:1342.42:7.915um> &<id:972715 Horizontal abc_1342_new_n187 Metal2 [12um 9.5um] [19.455um 9.5um] 0.29um rpD:1 bl:0 ------CG----W---------t--- [11.75um:19.665um] [11.75um:19.665um] 7.915um ------->
        <event:00002564 3:494.787:1.5um> &<id:976664 Vertical mem_inputs(12) Metal3 [29.5um 8.5um] [29.5um 9.5um] 0.29um rpD:3 bl:0 ------C-------AS------tb-- [8.25um:9.75um] [8.25um:9.75um] 1.5um --S--st>
        <event:00002565 0:4.23077:0.42um> &<id:974860 Vertical abc_1342_new_n187 Metal2 [19.455um 9um] [19.455um 9um] 0.21um rpD:0 bl:0 -X---UC---TD---------Pb--- [8.5801um:9.42um] [19.245um:19.665um] 0.42um P------>
        <event:00002566 0:4.23077:0.42um> &<id:974828 Vertical abc_1342_new_n195 Metal2 [35.455um 9um] [35.455um 9.5um] 0.21um rpD:0 bl:0 -X---UC---TD---------Pb--- [8.5801um:9.92um] [35.245um:35.665um] 0.42um P------>
        <event:00002567 4:4.23077:0.42um> &<id:974828 Vertical abc_1342_new_n195 Metal2 [35.455um 9um] [35.455um 9.5um] 0.21um rpD:0 bl:0 -X---UC---TD---------Pb--- [8.5801um:9.92um] [35.245um:35.665um] 0.42um P------>
        <event:00002568 3:2467.86:8um> &<id:971863 Vertical abc_1342_new_n194 Metal3 [36um 1.5um] [36um 9um] 0.29um rpD:1 bl:0 -----UCG----W---------bb-- [1.25um:9.25um] [1.25um:9.25um] 8um ------->
        <event:00002569 0:94.2308:0.745um> &<id:974838 Horizontal abc_1342_new_n194 Metal2 [35.765um 9um] [36.3um 9um] 0.29um rpD:0 bl:0 ---a-UC---T-----------tb-- [35.66um:36.405um] [35.66um:36.405um] 0.745um ------->
        <event:00002570 0:2069.05:11.845um> &<id:971163 Horizontal clk_root_0 Metal2 [0.5um 9.5um] [11.885um 9.5um] 0.29um rpD:0 bl:0 -----UCG--T-----------tb-- [0.25um:12.095um] [0.25um:12.095um] 11.845um ------->
        <event:00002571 4:2069.05:11.845um> &<id:971163 Horizontal clk_root_0 Metal2 [0.5um 9.5um] [11.885um 9.5um] 0.29um rpD:0 bl:0 -----UCG--T-----------tb-- [0.25um:12.095um] [0.25um:12.095um] 11.845um ------->
        <event:00002572 3:2012.54:6.5um> &<id:973290 Vertical abc_1342_new_n195 Metal3 [9.5um 9.5um] [9.5um 15.5um] 0.29um rpD:1 bl:0 ------CG----W---------bb-- [9.25um:15.75um] [9.25um:15.75um] 6.5um ------->
        <event:00002573 0:4429.4:23.415um> &<id:973291 Horizontal abc_1342_new_n195 Metal2 [12.5um 9.5um] [35.455um 9.5um] 0.29um rpD:1 bl:0 ------CG----W---------t--- [12.25um:35.665um] [12.25um:35.665um] 23.415um ------->
        <event:00002574 5:7172.89:23.5um> &<id:973291 Horizontal abc_1342_new_n195 Metal4 [12.5um 9.5um] [35.5um 9.5um] 0.29um rpD:2 bl:0 ------CG-----w--------bb-- [12.25um:35.75um] [12.25um:35.75um] 23.5um ------t>
        <event:00002575 3:141:0.715um> &<id:976777 Horizontal abc_1342_new_n195 Metal2 [35.245um 9.5um] [35.75um 9.5um] 0.29um rpD:1 bl:0 ---a--C-----W----------t-- [35.14um:35.855um] [35.14um:35.855um] 0.715um -----s->
        <event:00002576 3:254.982:0.71um> &<id:976776 Vertical abc_1342_new_n195 Metal3 [35.5um 9.25um] [35.5um 9.75um] 0.29um rpD:2 bl:0 ---a--C------wAS------tb-- [9.145um:9.855um] [9.145um:9.855um] 0.71um --S--st>
        <event:00002577 0:4.23077:0.42um> &<id:974828 Vertical abc_1342_new_n195 Metal2 [35.455um 9um] [35.455um 9.5um] 0.21um rpD:0 bl:0 -X---UC---TD---------Pb--- [8.5801um:9.92um] [35.245um:35.665um] 0.42um P------>
        <event:00002578 0:4413.9:22.005um> &<id:973256 Horizontal inputs(15) Metal2 [39.455um 13.5um] [61um 13.5um] 0.29um rpD:1 bl:0 ------CG----W----------t-- [39.245um:61.25um] [39.245um:61.25um] 22.005um ------->
        <event:00002579 0:4.23077:0.42um> &<id:973624 Vertical inputs(15) Metal2 [39.455um 15.5um] [39.455um 16um] 0.21um rpD:0 bl:0 -X---UC---TD---------Pb--- [15.08um:16.42um] [39.245um:39.665um] 0.42um P------>
        <event:00002580 0:4373.47:18.725um> &<id:973240 Horizontal abc_1342_new_n141 Metal2 [22.5um 85um] [40.765um 85um] 0.29um rpD:1 bl:0 ------CG----W---------t--- [22.25um:40.975um] [22.25um:40.975um] 18.725um ------->
        <event:00002581 0:4.23077:0.42um> &<id:975487 Vertical abc_1342_new_n141 Metal2 [40.765um 82um] [40.765um 82.5um] 0.21um rpD:0 bl:0 -X---UC---TD---------P-b-- [81.5801um:82.92um] [40.555um:40.975um] 0.42um P------>
        <event:00002582 0:4314.2:21.505um> &<id:973162 Horizontal inputs(14) Metal2 [43.455um 3um] [64.5um 3um] 0.29um rpD:1 bl:0 ------CG----W----------t-- [43.245um:64.75um] [43.245um:64.75um] 21.505um ------->
        <event:00002583 0:4.23077:0.42um> &<id:973609 Vertical inputs(14) Metal2 [43.455um 4um] [43.455um 4.5um] 0.21um rpD:0 bl:0 -X---UC---TD---------Pb--- [3.5801um:4.92um] [43.245um:43.665um] 0.42um P------>
        <event:00002584 0:4308.22:21.475um> &<id:973263 Horizontal abc_1342_auto_rtlil_cc_2739_MuxGate_1291 Metal2 [22.5um 49.5um] [43.515um 49.5um] 0.29um rpD:1 bl:0 ------CG----W---------t--- [22.25um:43.725um] [22.25um:43.725um] 21.475um ------->
        <event:00002585 0:4.23077:0.42um> &<id:974172 Vertical abc_1342_auto_rtlil_cc_2739_MuxGate_1291 Metal2 [43.515um 47.5um] [43.515um 48um] 0.21um rpD:0 bl:0 -X---UC---TD---------P-b-- [47.08um:48.42um] [43.305um:43.725um] 0.42um P------>
        <event:00002586 0:4252.85:18.205um> &<id:973201 Horizontal abc_1342_new_n186 Metal2 [22.5um 4um] [40.245um 4um] 0.29um rpD:1 bl:0 ------CG----W---------t--- [22.25um:40.455um] [22.25um:40.455um] 18.205um ------->
        <event:00002587 4:4252.85:18.205um> &<id:973201 Horizontal abc_1342_new_n186 Metal2 [22.5um 1um] [40.245um 1um] 0.29um rpD:1 bl:0 ------CG----W---------t--- [22.25um:40.455um] [22.25um:40.455um] 18.205um ------->
        <event:00002588 3:2619.64:8.5um> &<id:973283 Vertical abc_1342_new_n202 Metal3 [41.5um 1um] [41.5um 9um] 0.29um rpD:1 bl:0 ------CG----W---------bb-- [0.75um:9.25um] [0.75um:9.25um] 8.5um ------->
        <event:00002589 0:4.23077:0.42um> &<id:974867 Vertical abc_1342_new_n186 Metal2 [40.245um 1um] [40.245um 1.5um] 0.21um rpD:0 bl:0 -X---UC---TD---------P-b-- [0.5801um:1.92um] [40.035um:40.455um] 0.42um P------>
        <event:00002590 0:5809.25:24.915um> &<id:973284 Horizontal abc_1342_new_n202 Metal2 [17.045um 1um] [41.5um 1um] 0.29um rpD:1 bl:0 ------CG----W----------t-- [16.835um:41.75um] [16.835um:41.75um] 24.915um ------->
        <event:00002591 4:5809.25:24.915um> &<id:973284 Horizontal abc_1342_new_n202 Metal2 [17.045um 1um] [41.5um 1um] 0.29um rpD:1 bl:0 ------CG----W----------t-- [16.835um:41.75um] [16.835um:41.75um] 24.915um ------->
        <event:00002592 3:4.23077:0.42um> &<id:974867 Vertical abc_1342_new_n186 Metal2 [40.245um 1um] [40.245um 1.5um] 0.21um rpD:0 bl:0 -X---UC---TD---------P-b-- [0.5801um:1.92um] [40.035um:40.455um] 0.42um P------>
        <event:00002593 4:4.23077:0.42um> &<id:974867 Vertical abc_1342_new_n186 Metal2 [40.245um 1um] [40.245um 1.5um] 0.21um rpD:0 bl:0 -X---UC---TD---------P-b-- [0.5801um:1.92um] [40.035um:40.455um] 0.42um P------>
        <event:00002594 3:2619.64:8.5um> &<id:973283 Vertical abc_1342_new_n202 Metal3 [41.5um 1um] [41.5um 9um] 0.29um rpD:1 bl:0 ------CG----W---------bb-- [0.75um:9.25um] [0.75um:9.25um] 8.5um ------->
        <event:00002595 3:2316.09:7.5um> &<id:973200 Vertical abc_1342_new_n186 Metal3 [22.5um 1um] [22.5um 8um] 0.29um rpD:1 bl:0 ------CG----W---------bb-- [0.75um:8.25um] [0.75um:8.25um] 7.5um ------->
        <event:00002596 0:5809.25:23.915um> &<id:973284 Horizontal abc_1342_new_n202 Metal2 [17.045um 1um] [40.5um 1um] 0.29um rpD:1 bl:0 ------CG----W----------t-- [16.835um:40.75um] [16.835um:40.75um] 23.915um ------->
        <event:00002597 5:196:0.715um> &<id:973284 Horizontal abc_1342_new_n202 Metal2 [16.855um 1um] [17.36um 1um] 0.29um rpD:1 bl:0 ---a--C-----W---------t--- [16.75um:17.465um] [16.75um:17.465um] 0.715um ------t>
        <event:00002598 3:254.982:3um> &<id:976780 Vertical abc_1342_new_n202 Metal3 [17um 1um] [17um 3.5um] 0.29um rpD:2 bl:0 ------C------wAS------tb-- [0.75um:3.75um] [0.75um:3.75um] 3um --S--st>
        <event:00002599 3:7324.67:24um> &<id:976781 Horizontal abc_1342_new_n202 Metal4 [17um 1um] [40.5um 1um] 0.29um rpD:2 bl:0 ------CG-----w--------bb-- [16.75um:40.75um] [16.75um:40.75um] 24um -----s->
        <event:00002600 0:4.23077:0.42um> &<id:975355 Vertical abc_1342_new_n202 Metal2 [17.045um 3.5um] [17.045um 3.5um] 0.21um rpD:0 bl:0 -X---UC---TD---------P-b-- [3.0801um:3.92um] [16.835um:17.255um] 0.42um P------>
        <event:00002601 0:4252.85:18.205um> &<id:973201 Horizontal abc_1342_new_n186 Metal2 [22.5um 1um] [40.245um 1um] 0.29um rpD:1 bl:0 ------CG----W---------t--- [22.25um:40.455um] [22.25um:40.455um] 18.205um ------->
        <event:00002602 0:4231.98:18.115um> &<id:972604 Horizontal n(6) Metal2 [29um 50um] [46.655um 50um] 0.29um rpD:1 bl:0 ------CG----W---------t--- [28.75um:46.865um] [28.75um:46.865um] 18.115um ------->
        <event:00002603 0:4013.94:17.175um> &<id:971098 Horizontal abc_1342_new_n255 Metal2 [10.285um 54.5um] [27um 54.5um] 0.29um rpD:1 bl:0 ------CG----W----------t-- [10.075um:27.25um] [10.075um:27.25um] 17.175um ------->
        <event:00002604 0:4.23077:0.42um> &<id:975762 Vertical abc_1342_new_n255 Metal2 [10.285um 56um] [10.285um 56.5um] 0.21um rpD:0 bl:0 -X---UC---TD---------Pb--- [55.5801um:56.92um] [10.075um:10.495um] 0.42um P------>
        <event:00002605 4:4.23077:0.42um> &<id:975762 Vertical abc_1342_new_n255 Metal2 [10.285um 56um] [10.285um 56.5um] 0.21um rpD:0 bl:0 -X---UC---TD---------Pb--- [55.5801um:56.92um] [10.075um:10.495um] 0.42um P------>
        <event:00002606 3:1405.44:4.5um> &<id:971585 Vertical abc_1342_auto_rtlil_cc_2739_MuxGate_1293 Metal3 [10.5um 56um] [10.5um 60um] 0.29um rpD:1 bl:0 -----UCG----W---------bb-- [55.75um:60.25um] [55.75um:60.25um] 4.5um ------->
        <event:00002607 0:145.145:0.905um> &<id:974179 Horizontal abc_1342_auto_rtlil_cc_2739_MuxGate_1293 Metal2 [10.24um 56um] [10.935um 56um] 0.29um rpD:0 bl:0 ---a-UC---T-----------tb-- [10.135um:11.04um] [10.135um:11.04um] 0.905um ------->
        <event:00002608 0:3939.66:23.48um> &<id:973167 Horizontal abc_1342_new_n181 Metal2 [10.355um 7.5um] [33.415um 7.5um] 0.29um rpD:1 bl:0 ------CG----W------------- [10.145um:33.625um] [10.145um:33.625um] 23.48um ------->
        <event:00002609 5:196:0.715um> &<id:973167 Horizontal abc_1342_new_n181 Metal2 [10.25um 7.5um] [10.755um 7.5um] 0.29um rpD:1 bl:0 ---a--C-----W----------t-- [10.145um:10.86um] [10.145um:10.86um] 0.715um ------t>
        <event:00002610 3:141:0.715um> &<id:976789 Horizontal abc_1342_new_n181 Metal2 [33.225um 7.5um] [33.73um 7.5um] 0.29um rpD:1 bl:0 ---a--C-----W----------t-- [33.12um:33.835um] [33.12um:33.835um] 0.715um -----s->
        <event:00002611 3:254.982:1.5um> &<id:976784 Vertical abc_1342_new_n181 Metal3 [10.5um 7.5um] [10.5um 8.5um] 0.29um rpD:2 bl:0 ------C------wAS------tb-- [7.25um:8.75um] [7.25um:8.75um] 1.5um --S--st>
        <event:00002612 3:254.982:0.71um> &<id:976788 Vertical abc_1342_new_n181 Metal3 [33.5um 7.25um] [33.5um 7.75um] 0.29um rpD:2 bl:0 ---a--C------wAS------tb-- [7.145um:7.855um] [7.145um:7.855um] 0.71um --S--st>
        <event:00002613 3:7172.89:23.5um> &<id:976785 Horizontal abc_1342_new_n181 Metal4 [10.5um 7.5um] [33.5um 7.5um] 0.29um rpD:3 bl:0 ------CG--------------bb-- [10.25um:33.75um] [10.25um:33.75um] 23.5um -----st>
        <event:00002614 0:4.23077:0.42um> &<id:974894 Vertical abc_1342_new_n181 Metal2 [10.355um 8.5um] [10.355um 8.5um] 0.21um rpD:0 bl:0 -X---UC---TD---------Pb--- [8.0801um:8.92um] [10.145um:10.565um] 0.42um P------>
        <event:00002615 0:4.23077:0.42um> &<id:974897 Vertical abc_1342_new_n181 Metal2 [33.415um 7.5um] [33.415um 8um] 0.21um rpD:0 bl:0 -X---UC---TD---------P-b-- [7.0801um:8.42um] [33.205um:33.625um] 0.42um P------>
        <event:00002616 0:3917.38:19.515um> &<id:973118 Horizontal inputs(10) Metal2 [22um 4.5um] [41.055um 4.5um] 0.29um rpD:1 bl:0 ------CG----W---------t--- [21.75um:41.265um] [21.75um:41.265um] 19.515um ------->
        <event:00002617 4:3917.38:19.515um> &<id:973118 Horizontal inputs(10) Metal2 [22um 4.5um] [41.055um 4.5um] 0.29um rpD:1 bl:0 ------CG----W---------t--- [21.75um:41.265um] [21.75um:41.265um] 19.515um ------->
        <event:00002618 3:4.23077:0.42um> &<id:973472 Vertical inputs(12) Metal2 [25.855um 4um] [25.855um 4.5um] 0.21um rpD:0 bl:0 -X---UC---TD---------Pb--- [3.5801um:4.92um] [25.645um:26.065um] 0.42um P------>
        <event:00002619 4:4.23077:0.42um> &<id:973472 Vertical inputs(12) Metal2 [25.855um 4um] [25.855um 4.5um] 0.21um rpD:0 bl:0 -X---UC---TD---------Pb--- [3.5801um:4.92um] [25.645um:26.065um] 0.42um P------>
        <event:00002620 3:39.1154:4.955um> &<id:973475 Vertical inputs(12) Metal3 [33um 0um] [33um 4.5um] 0.29um rpD:0 bl:0 -----UC---T------------b-- [-0.205um:4.75um] [-0.205um:4.75um] 4.955um ------->
        <event:00002621 0:3917.38:19.515um> &<id:973118 Horizontal inputs(10) Metal2 [22um 4.5um] [41.055um 4.5um] 0.29um rpD:1 bl:0 ------CG----W---------t--- [21.75um:41.265um] [21.75um:41.265um] 19.515um ------->
        <event:00002622 5:5958.69:19.5um> &<id:973118 Horizontal inputs(10) Metal4 [22um 4.5um] [41um 4.5um] 0.29um rpD:1 bl:0 ------CG----W---------bb-- [21.75um:41.25um] [21.75um:41.25um] 19.5um ------t>
        <event:00002623 3:168.5:0.715um> &<id:976793 Horizontal inputs(10) Metal2 [40.755um 4.5um] [41.26um 4.5um] 0.29um rpD:1 bl:0 ---a--C-----W---------t--- [40.65um:41.365um] [40.65um:41.365um] 0.715um -----s->
        <event:00002624 3:254.982:3um> &<id:976792 Vertical inputs(10) Metal3 [41um 2um] [41um 4.5um] 0.29um rpD:2 bl:0 ------C------wAS------tb-- [1.75um:4.75um] [1.75um:4.75um] 3um --S--st>
        <event:00002625 0:4.23077:0.42um> &<id:973463 Vertical inputs(10) Metal2 [41.055um 4um] [41.055um 4.5um] 0.21um rpD:0 bl:0 -X---UC---TD---------Pb--- [3.5801um:4.92um] [40.845um:41.265um] 0.42um P------>
        <event:00002626 0:3560.88:21.21um> &<id:973113 Horizontal abc_1342_auto_rtlil_cc_2739_MuxGate_1297 Metal2 [11.515um 78um] [32.305um 78um] 0.29um rpD:1 bl:0 ------CG----W------------- [11.305um:32.515um] [11.305um:32.515um] 21.21um ------->
        <event:00002627 0:4.23077:0.42um> &<id:974191 Vertical abc_1342_auto_rtlil_cc_2739_MuxGate_1297 Metal2 [11.515um 78.5um] [11.515um 78.5um] 0.21um rpD:0 bl:0 -X---UC---TD---------P-b-- [78.08um:78.92um] [11.305um:11.725um] 0.42um P------>
        <event:00002628 0:4.23077:0.42um> &<id:974194 Vertical abc_1342_auto_rtlil_cc_2739_MuxGate_1297 Metal2 [32.305um 78.5um] [32.305um 78.5um] 0.21um rpD:0 bl:0 -X---UC---TD---------P-b-- [78.08um:78.92um] [32.095um:32.515um] 0.42um P------>
        <event:00002629 0:3464.72:17.245um> &<id:973157 Horizontal abc_1342_auto_rtlil_cc_2739_MuxGate_1283 Metal2 [2.715um 42.5um] [19.5um 42.5um] 0.29um rpD:1 bl:0 ------CG----W----------t-- [2.505um:19.75um] [2.505um:19.75um] 17.245um ------->
        <event:00002630 4:3464.72:17.245um> &<id:973157 Horizontal abc_1342_auto_rtlil_cc_2739_MuxGate_1283 Metal2 [2.715um 45um] [19.5um 45um] 0.29um rpD:1 bl:0 ------CG----W----------t-- [2.505um:19.75um] [2.505um:19.75um] 17.245um ------->
        <event:00002631 3:3226.74:10.5um> &<id:973309 Vertical clk Metal3 [3um 45um] [3um 55um] 0.29um rpD:1 bl:0 ------CG----W---------bb-- [44.75um:55.25um] [44.75um:55.25um] 10.5um ------->
        <event:00002632 0:4.23077:0.42um> &<id:974156 Vertical abc_1342_auto_rtlil_cc_2739_MuxGate_1283 Metal2 [2.715um 44.5um] [2.715um 45um] 0.21um rpD:0 bl:0 -X---UC---TD---------Pb--- [44.0801um:45.42um] [2.505um:2.925um] 0.42um P------>
        <event:00002633 0:6280.12:26.945um> &<id:973310 Horizontal clk Metal2 [3um 45um] [29.485um 45um] 0.29um rpD:1 bl:0 ------CG----W---------t--- [2.75um:29.695um] [2.75um:29.695um] 26.945um ------->
        <event:00002634 4:6280.12:26.945um> &<id:973310 Horizontal clk Metal2 [3um 45um] [29.485um 45um] 0.29um rpD:1 bl:0 ------CG----W---------t--- [2.75um:29.695um] [2.75um:29.695um] 26.945um ------->
        <event:00002635 3:2316.09:7.5um> &<id:973156 Vertical abc_1342_auto_rtlil_cc_2739_MuxGate_1283 Metal3 [19.5um 38um] [19.5um 45um] 0.29um rpD:1 bl:0 ------CG----W---------bb-- [37.75um:45.25um] [37.75um:45.25um] 7.5um ------->
        <event:00002636 0:4.23077:0.42um> &<id:974156 Vertical abc_1342_auto_rtlil_cc_2739_MuxGate_1283 Metal2 [2.715um 44.5um] [2.715um 45um] 0.21um rpD:0 bl:0 -X---UC---TD---------Pb--- [44.0801um:45.42um] [2.505um:2.925um] 0.42um P------>
        <event:00002637 4:4.23077:0.42um> &<id:974156 Vertical abc_1342_auto_rtlil_cc_2739_MuxGate_1283 Metal2 [2.715um 44.5um] [2.715um 45um] 0.21um rpD:0 bl:0 -X---UC---TD---------Pb--- [44.0801um:45.42um] [2.505um:2.925um] 0.42um P------>
        <event:00002638 3:3226.74:10.5um> &<id:973309 Vertical clk Metal3 [3um 45um] [3um 55um] 0.29um rpD:1 bl:0 ------CG----W---------bb-- [44.75um:55.25um] [44.75um:55.25um] 10.5um ------->
        <event:00002639 0:6280.12:26.945um> &<id:973310 Horizontal clk Metal2 [3um 45um] [29.485um 45um] 0.29um rpD:1 bl:0 ------CG----W---------t--- [2.75um:29.695um] [2.75um:29.695um] 26.945um ------->
        <event:00002640 5:8235.32:27um> &<id:973310 Horizontal clk Metal4 [3um 45um] [29.5um 45um] 0.29um rpD:2 bl:0 ------CG-----w--------bb-- [2.75um:29.75um] [2.75um:29.75um] 27um ------t>
        <event:00002641 3:196:0.715um> &<id:976797 Horizontal clk Metal2 [29.26um 45um] [29.765um 45um] 0.29um rpD:1 bl:0 ---a--C-----W----------t-- [29.155um:29.87um] [29.155um:29.87um] 0.715um -----s->
        <event:00002642 3:254.982:1um> &<id:976796 Vertical clk Metal3 [29.5um 44.5um] [29.5um 45um] 0.29um rpD:2 bl:0 ------C------wAS------tb-- [44.25um:45.25um] [44.25um:45.25um] 1um --S--st>
        <event:00002643 0:4.23077:0.42um> &<id:974301 Vertical clk Metal2 [29.485um 44.5um] [29.485um 45um] 0.21um rpD:0 bl:0 -X---UC---TD---------Pb--- [44.0801um:45.42um] [29.275um:29.695um] 0.42um P------>
        <event:00002644 0:3464.72:17.245um> &<id:973157 Horizontal abc_1342_auto_rtlil_cc_2739_MuxGate_1283 Metal2 [2.715um 45um] [19.5um 45um] 0.29um rpD:1 bl:0 ------CG----W----------t-- [2.505um:19.75um] [2.505um:19.75um] 17.245um ------->
        <event:00002645 0:3237.16:19.27um> &<id:973066 Horizontal abc_1342_auto_rtlil_cc_2739_MuxGate_1247 Metal2 [1.905um 20um] [20.755um 20um] 0.29um rpD:1 bl:0 ------CG----W------------- [1.695um:20.965um] [1.695um:20.965um] 19.27um ------->
        <event:00002646 4:3237.16:19.27um> &<id:973066 Horizontal abc_1342_auto_rtlil_cc_2739_MuxGate_1247 Metal2 [1.905um 20.5um] [20.755um 20.5um] 0.29um rpD:1 bl:0 ------CG----W------------- [1.695um:20.965um] [1.695um:20.965um] 19.27um ------->
        <event:00002647 3:2164.31:7um> &<id:970963 Vertical init Metal3 [16um 14.5um] [16um 20.5um] 0.29um rpD:1 bl:0 ------CG----W---------bb-- [14.25um:20.75um] [13.75um:20.75um] 7um ------->
        <event:00002648 0:4.23077:0.42um> &<id:974106 Vertical abc_1342_auto_rtlil_cc_2739_MuxGate_1247 Metal2 [1.905um 20.5um] [1.905um 20.5um] 0.21um rpD:0 bl:0 -X---UC---TD---------Pb--- [20.0801um:20.92um] [1.695um:2.115um] 0.42um P------>
        <event:00002649 0:4.23077:0.42um> &<id:974109 Vertical abc_1342_auto_rtlil_cc_2739_MuxGate_1247 Metal2 [20.755um 20.5um] [20.755um 20.5um] 0.21um rpD:0 bl:0 -X---UC---TD---------Pb--- [20.0801um:20.92um] [20.545um:20.965um] 0.42um P------>
        <event:00002650 0:341.923:3.545um> &<id:974593 Horizontal init Metal2 [13.415um 20.5um] [16.5um 20.5um] 0.29um rpD:0 bl:0 -----UC---T-----------bt-- [13.205um:16.75um] [13.205um:16.75um] 3.545um ------->
        <event:00002651 0:3163.74:18.83um> &<id:973023 Horizontal abc_1342_auto_rtlil_cc_2739_MuxGate_1301 Metal2 [12.305um 83.5um] [30.715um 83.5um] 0.29um rpD:1 bl:0 ------CG----W------------- [12.095um:30.925um] [12.095um:30.925um] 18.83um ------->
        <event:00002652 4:3163.74:18.83um> &<id:973023 Horizontal abc_1342_auto_rtlil_cc_2739_MuxGate_1301 Metal2 [12.305um 84.5um] [30.715um 84.5um] 0.29um rpD:1 bl:0 ------CG----W------------- [12.095um:30.925um] [12.095um:30.925um] 18.83um ------->
        <event:00002653 3:1860.76:6um> &<id:971118 Vertical abc_1342_new_n255 Metal3 [22.5um 83.5um] [22.5um 89um] 0.29um rpD:1 bl:0 ------CG----W---------bb-- [83.25um:89.25um] [83.25um:89.25um] 6um ------->
        <event:00002654 3:1708.99:5.5um> &<id:972495 Vertical n(11) Metal3 [17um 84.5um] [17um 89.5um] 0.29um rpD:1 bl:0 -----UCG----W---------bb-- [84.25um:89.75um] [84.25um:89.75um] 5.5um ------->
        <event:00002655 0:4.23077:0.42um> &<id:974197 Vertical abc_1342_auto_rtlil_cc_2739_MuxGate_1301 Metal2 [12.305um 84um] [12.305um 84.5um] 0.21um rpD:0 bl:0 -X---UC---TD---------Pb--- [83.58um:84.92um] [12.095um:12.515um] 0.42um P------>
        <event:00002656 0:4.23077:0.42um> &<id:974200 Vertical abc_1342_auto_rtlil_cc_2739_MuxGate_1301 Metal2 [30.715um 84um] [30.715um 84.5um] 0.21um rpD:0 bl:0 -X---UC---TD---------Pb--- [83.58um:84.92um] [30.505um:30.925um] 0.42um P------>
        <event:00002657 0:184.012:0.935um> &<id:976274 Horizontal n(11) Metal2 [16.78um 84.5um] [17.505um 84.5um] 0.29um rpD:0 bl:0 ---a-UC---T-----------tb-- [16.675um:17.61um] [16.675um:17.61um] 0.935um ------->
        <event:00002658 0:173.192:0.815um> &<id:975819 Horizontal abc_1342_new_n255 Metal2 [21.5um 84.5um] [21.855um 84.5um] 0.29um rpD:0 bl:0 -----UC---T-----------tb-- [21.25um:22.065um] [21.25um:22.065um] 0.815um ------->
        <event:00002659 4:132.524:0.815um> &<id:975819 Horizontal abc_1342_new_n255 Metal2 [21.5um 84.5um] [21.855um 84.5um] 0.29um rpD:0 bl:0 -----UC---T-----------tb-- [21.25um:22.065um] [21.25um:22.065um] 0.815um ------->
        <event:00002660 0:1353.74:7.705um> &<id:971963 Horizontal n(10) Metal2 [28.255um 84.5um] [35.5um 84.5um] 0.29um rpD:0 bl:0 -----UCG--T-----------bt-- [28.045um:35.75um] [28.045um:35.75um] 7.705um ------->
        <event:00002661 4:1353.74:7.705um> &<id:971963 Horizontal n(10) Metal2 [28.255um 84.5um] [35.5um 84.5um] 0.29um rpD:0 bl:0 -----UCG--T-----------bt-- [28.045um:35.75um] [28.045um:35.75um] 7.705um ------->
        <event:00002662 1:3163.74:18.83um> &<id:973023 Horizontal abc_1342_auto_rtlil_cc_2739_MuxGate_1301 Metal2 [12.305um 84.5um] [30.715um 84.5um] 0.29um rpD:1 bl:0 ------CG----W------------- [12.095um:30.925um] [12.095um:30.925um] 18.83um ------->
        <event:00002663 4:3163.74:18.83um> &<id:973023 Horizontal abc_1342_auto_rtlil_cc_2739_MuxGate_1301 Metal2 [12.305um 84.5um] [30.715um 84.5um] 0.29um rpD:1 bl:0 ------CG----W------------- [12.095um:30.925um] [12.095um:30.925um] 18.83um ------->
        <event:00002664 3:1860.76:6um> &<id:971118 Vertical abc_1342_new_n255 Metal3 [21.5um 83.5um] [21.5um 89um] 0.29um rpD:1 bl:0 ------CG----W---------bb-- [83.25um:89.25um] [83.25um:89.25um] 6um ------->
        <event:00002665 0:4.23077:0.42um> &<id:974200 Vertical abc_1342_auto_rtlil_cc_2739_MuxGate_1301 Metal2 [30.715um 84um] [30.715um 84.5um] 0.21um rpD:0 bl:0 -X---UC---TD---------Pb--- [83.58um:84.92um] [30.505um:30.925um] 0.42um P------>
        <event:00002666 0:94.7692:0.75um> &<id:975826 Horizontal abc_1342_new_n255 Metal2 [22.105um 89um] [22.61um 89um] 0.29um rpD:0 bl:0 ---a-UC---T-----------tb-- [22um:22.75um] [22um:22.75um] 0.75um ------->
        <event:00002667 0:132.524:1.105um> &<id:975819 Horizontal abc_1342_new_n255 Metal2 [21.855um 84.5um] [22.5um 84.5um] 0.29um rpD:0 bl:0 -----UC---T-----------bt-- [21.645um:22.75um] [21.645um:22.75um] 1.105um ------->
        <event:00002668 4:173.192:1.105um> &<id:975819 Horizontal abc_1342_new_n255 Metal2 [21.855um 84.5um] [22.5um 84.5um] 0.29um rpD:0 bl:0 -----UC---T-----------bt-- [21.645um:22.75um] [21.645um:22.75um] 1.105um ------->
        <event:00002669 0:1353.74:7.705um> &<id:971963 Horizontal n(10) Metal2 [28.255um 84.5um] [35.5um 84.5um] 0.29um rpD:0 bl:0 -----UCG--T-----------bt-- [28.045um:35.75um] [28.045um:35.75um] 7.705um ------->
        <event:00002670 4:1353.74:7.705um> &<id:971963 Horizontal n(10) Metal2 [28.255um 84.5um] [35.5um 84.5um] 0.29um rpD:0 bl:0 -----UCG--T-----------bt-- [28.045um:35.75um] [28.045um:35.75um] 7.705um ------->
        <event:00002671 1:3163.74:18.83um> &<id:973023 Horizontal abc_1342_auto_rtlil_cc_2739_MuxGate_1301 Metal2 [12.305um 84.5um] [30.715um 84.5um] 0.29um rpD:1 bl:0 ------CG----W------------- [12.095um:30.925um] [12.095um:30.925um] 18.83um ------->
        <event:00002672 5:141:0.715um> &<id:973023 Horizontal abc_1342_auto_rtlil_cc_2739_MuxGate_1301 Metal2 [12.2um 84.5um] [12.705um 84.5um] 0.29um rpD:1 bl:0 ---a--C-----W----------t-- [12.095um:12.81um] [12.095um:12.81um] 0.715um ------t>
        <event:00002673 3:168.5:0.715um> &<id:976805 Horizontal abc_1342_auto_rtlil_cc_2739_MuxGate_1301 Metal2 [30.335um 84.5um] [30.84um 84.5um] 0.29um rpD:1 bl:0 ---a--C-----W---------t--- [30.23um:30.945um] [30.23um:30.945um] 0.715um -----s->
        <event:00002674 3:254.982:1.5um> &<id:976800 Vertical abc_1342_auto_rtlil_cc_2739_MuxGate_1301 Metal3 [12.5um 83.5um] [12.5um 84.5um] 0.29um rpD:2 bl:0 ------C------wAS------bt-- [83.25um:84.75um] [83.25um:84.75um] 1.5um --S--st>
        <event:00002675 3:254.982:1.5um> &<id:976804 Vertical abc_1342_auto_rtlil_cc_2739_MuxGate_1301 Metal3 [30.5um 83.5um] [30.5um 84.5um] 0.29um rpD:2 bl:0 ------C------wAS------bt-- [83.25um:84.75um] [83.25um:84.75um] 1.5um --S--st>
        <event:00002676 3:5655.14:18.5um> &<id:976801 Horizontal abc_1342_auto_rtlil_cc_2739_MuxGate_1301 Metal4 [12.5um 84.5um] [30.5um 84.5um] 0.29um rpD:3 bl:0 ------CG--------------bb-- [12.25um:30.75um] [12.25um:30.75um] 18.5um -----st>
        <event:00002677 0:4.23077:0.42um> &<id:974197 Vertical abc_1342_auto_rtlil_cc_2739_MuxGate_1301 Metal2 [12.305um 83.5um] [12.305um 83.5um] 0.21um rpD:0 bl:0 -X---UC---TD---------Pb--- [83.08um:83.92um] [12.095um:12.515um] 0.42um P------>
        <event:00002678 0:4.23077:0.42um> &<id:974200 Vertical abc_1342_auto_rtlil_cc_2739_MuxGate_1301 Metal2 [30.715um 83.5um] [30.715um 83.5um] 0.21um rpD:0 bl:0 -X---UC---TD---------Pb--- [83.08um:83.92um] [30.505um:30.925um] 0.42um P------>
        <event:00002679 0:3095.41:13.215um> &<id:973085 Horizontal abc_1342_auto_rtlil_cc_2739_MuxGate_1265 Metal2 [16um 30um] [28.755um 30um] 0.29um rpD:1 bl:0 ------CG----W---------t--- [15.75um:28.965um] [15.75um:28.965um] 13.215um ------->
        <event:00002680 0:4.23077:0.42um> &<id:974116 Vertical abc_1342_auto_rtlil_cc_2739_MuxGate_1265 Metal2 [28.755um 33um] [28.755um 33.5um] 0.21um rpD:0 bl:0 -X---UC---TD---------Pb--- [32.58um:33.92um] [28.545um:28.965um] 0.42um P------>
        <event:00002681 4:4.23077:0.42um> &<id:974116 Vertical abc_1342_auto_rtlil_cc_2739_MuxGate_1265 Metal2 [28.755um 33um] [28.755um 33.5um] 0.21um rpD:0 bl:0 -X---UC---TD---------Pb--- [32.58um:33.92um] [28.545um:28.965um] 0.42um P------>
        <event:00002682 0:3697.7:22.03um> &<id:973143 Horizontal abc_1342_new_n231 Metal2 [18.645um 33um] [40.255um 33um] 0.29um rpD:1 bl:0 ------CG----W------------- [18.435um:40.465um] [18.435um:40.465um] 22.03um ------->
        <event:00002683 5:196:0.715um> &<id:973143 Horizontal abc_1342_new_n231 Metal2 [18.355um 33um] [18.86um 33um] 0.29um rpD:1 bl:0 ---a--C-----W---------t--- [18.25um:18.965um] [18.25um:18.965um] 0.715um ------t>
        <event:00002684 3:141:0.715um> &<id:976813 Horizontal abc_1342_new_n231 Metal2 [40.145um 33um] [40.65um 33um] 0.29um rpD:1 bl:0 ---a--C-----W----------t-- [40.04um:40.755um] [40.04um:40.755um] 0.715um -----s->
        <event:00002685 3:254.982:2um> &<id:976808 Vertical abc_1342_new_n231 Metal3 [18.5um 31.5um] [18.5um 33um] 0.29um rpD:2 bl:0 ------C------wAS------bt-- [31.25um:33.25um] [31.25um:33.25um] 2um --S--st>
        <event:00002686 3:254.982:0.71um> &<id:976812 Vertical abc_1342_new_n231 Metal3 [40.5um 32.75um] [40.5um 33.25um] 0.29um rpD:2 bl:0 ---a--C------wAS------tb-- [32.645um:33.355um] [32.645um:33.355um] 0.71um --S--st>
        <event:00002687 3:6869.34:22um> &<id:976809 Horizontal abc_1342_new_n231 Metal4 [18.5um 33um] [40um 33um] 0.29um rpD:3 bl:0 ------CG--------------bb-- [18.25um:40.25um] [18.25um:40.25um] 22um -----st>
        <event:00002688 0:4.23077:0.42um> &<id:975694 Vertical abc_1342_new_n231 Metal2 [18.645um 31.5um] [18.645um 31.5um] 0.21um rpD:0 bl:0 -X---UC---TD---------Pb--- [31.0801um:31.92um] [18.435um:18.855um] 0.42um P------>
        <event:00002689 0:4.23077:0.42um> &<id:975697 Vertical abc_1342_new_n231 Metal2 [40.255um 32.5um] [40.255um 33um] 0.21um rpD:0 bl:0 -X---UC---TD---------Pb--- [32.08um:33.42um] [40.045um:40.465um] 0.42um P------>
        <event:00002690 0:3069.89:13.105um> &<id:972327 Horizontal n(31) Metal2 [41.855um 53.5um] [54.5um 53.5um] 0.29um rpD:1 bl:0 ------CG----W----------t-- [41.645um:54.75um] [41.645um:54.75um] 13.105um ------->
        <event:00002691 0:4.23077:0.42um> &<id:976374 Vertical n(31) Metal2 [41.855um 56um] [41.855um 56.5um] 0.21um rpD:0 bl:0 -X---UC---TD---------Pb--- [55.5801um:56.92um] [41.645um:42.065um] 0.42um P------>
        <event:00002692 0:3053.61:18.17um> &<id:972336 Horizontal abc_1342_new_n261 Metal2 [22um 84.5um] [38.505um 84.5um] 0.29um rpD:1 bl:0 ------CG----W---------t--- [21.75um:38.715um] [20.545um:38.715um] 18.17um ------->
        <event:00002693 5:3102.83:18.465um> &<id:972336 Horizontal abc_1342_new_n261 Metal2 [22um 84.5um] [38.505um 84.5um] 0.29um rpD:1 bl:0 ------CG----W---------t--- [21.75um:38.715um] [20.25um:38.715um] 18.465um -----s->
        <event:00002694 4:3102.83:18.465um> &<id:972336 Horizontal abc_1342_new_n261 Metal2 [22um 83.5um] [38.505um 83.5um] 0.29um rpD:1 bl:0 ------CG----W---------t--- [21.75um:38.715um] [20.25um:38.715um] 18.465um -----s->
        <event:00002695 3:4.23077:0.42um> &<id:974200 Vertical abc_1342_auto_rtlil_cc_2739_MuxGate_1301 Metal2 [30.715um 83.5um] [30.715um 83.5um] 0.21um rpD:0 bl:0 -X---UC---TD---------Pb--- [83.08um:83.92um] [30.505um:30.925um] 0.42um P------>
        <event:00002696 4:4.23077:0.42um> &<id:974200 Vertical abc_1342_auto_rtlil_cc_2739_MuxGate_1301 Metal2 [30.715um 83.5um] [30.715um 83.5um] 0.21um rpD:0 bl:0 -X---UC---TD---------Pb--- [83.08um:83.92um] [30.505um:30.925um] 0.42um P------>
        <event:00002697 3:7779.99:25.5um> &<id:971107 Vertical abc_1342_new_n255 Metal3 [28um 65.5um] [28um 83.5um] 0.29um rpD:1 bl:0 ------CG----W---------bb-- [65.25um:83.75um] [65.25um:90.75um] 25.5um ------->
        <event:00002698 3:2164.31:7um> &<id:971962 Vertical n(10) Metal3 [35.5um 78um] [35.5um 84.5um] 0.29um rpD:1 bl:0 ------CG----W---------bb-- [77.75um:84.75um] [77.75um:84.75um] 7um ------->
        <event:00002699 3:494.787:1.5um> &<id:976816 Vertical abc_1342_new_n261 Metal3 [20.5um 83.5um] [20.5um 84.5um] 0.29um rpD:1 bl:0 ------C-----W-AS------bb-- [83.25um:84.75um] [83.25um:84.75um] 1.5um --S--st>
        <event:00002700 3:494.787:1.5um> &<id:976804 Vertical abc_1342_auto_rtlil_cc_2739_MuxGate_1301 Metal3 [30.5um 83.5um] [30.5um 84.5um] 0.29um rpD:2 bl:0 ------C------wAS------bt-- [83.25um:84.75um] [83.25um:84.75um] 1.5um --S--st>
        <event:00002701 1:146:1.705um> &<id:975868 Horizontal abc_1342_new_n261 Metal2 [20.755um 84.5um] [22um 84.5um] 0.29um rpD:0 bl:0 -----UC---T---AS------bt-- [20.545um:22.25um] [20.545um:22.25um] 1.705um --S---t>
        <event:00002702 0:4.23077:0.42um> &<id:975862 Vertical abc_1342_new_n261 Metal2 [38.505um 83.5um] [38.505um 83.5um] 0.21um rpD:0 bl:0 -X---UC---TD---------Pb--- [83.08um:83.92um] [38.295um:38.715um] 0.42um P------>
        <event:00002703 0:118.5:0.715um> &<id:976233 Horizontal n(10) Metal2 [35.145um 83.5um] [35.65um 83.5um] 0.29um rpD:0 bl:0 ---a-UC---T-----------bt-- [35.04um:35.755um] [35.04um:35.755um] 0.715um ------->
        <event:00002704 0:190.722:1.23um> &<id:976163 Horizontal abc_1342_new_n269 Metal2 [37.045um 83.5um] [37.855um 83.5um] 0.29um rpD:0 bl:0 -----UC---T-----------bb-- [36.835um:38.065um] [36.835um:38.065um] 1.23um ------->
        <event:00002705 0:399.124:2.18um> &<id:975484 Horizontal abc_1342_new_n142 Metal2 [32.605um 83.5um] [34.365um 83.5um] 0.29um rpD:0 bl:0 -----UC---T-----------bb-- [32.395um:34.575um] [32.395um:34.575um] 2.18um ------->
        <event:00002706 0:310.692:2.755um> &<id:975777 Horizontal abc_1342_new_n255 Metal2 [25.705um 83.5um] [28um 83.5um] 0.29um rpD:0 bl:0 -----UC---T-----------bt-- [25.495um:28.25um] [25.495um:28.25um] 2.755um ------->
        <event:00002707 0:3102.83:16.965um> &<id:972336 Horizontal abc_1342_new_n261 Metal2 [22um 83.5um] [38.505um 83.5um] 0.29um rpD:1 bl:0 ------CG----W---------t--- [21.75um:38.715um] [21.75um:38.715um] 16.965um -----s->
        <event:00002708 4:2852.54:16.965um> &<id:972336 Horizontal abc_1342_new_n261 Metal2 [22um 83.5um] [38.505um 83.5um] 0.29um rpD:1 bl:0 ------CG----W---------t--- [21.75um:38.715um] [21.75um:38.715um] 16.965um -----s->
        <event:00002709 3:7779.99:25.5um> &<id:971107 Vertical abc_1342_new_n255 Metal3 [28um 65.5um] [28um 83.5um] 0.29um rpD:1 bl:0 ------CG----W---------bb-- [65.25um:83.75um] [65.25um:90.75um] 25.5um ------->
        <event:00002710 1:168.5:0.715um> &<id:976805 Horizontal abc_1342_auto_rtlil_cc_2739_MuxGate_1301 Metal2 [30.335um 83.5um] [30.84um 83.5um] 0.29um rpD:1 bl:0 ---a--C-----W---------t--- [30.23um:30.945um] [30.23um:30.945um] 0.715um -----s->
        <event:00002711 0:4.23077:0.42um> &<id:974200 Vertical abc_1342_auto_rtlil_cc_2739_MuxGate_1301 Metal2 [30.715um 83um] [30.715um 83um] 0.21um rpD:0 bl:0 -X---UC---TD---------Pb--- [82.58um:83.42um] [30.505um:30.925um] 0.42um P------>
        <event:00002712 0:190.722:1.23um> &<id:976163 Horizontal abc_1342_new_n269 Metal2 [37.045um 83.5um] [37.855um 83.5um] 0.29um rpD:0 bl:0 -----UC---T-----------bb-- [36.835um:38.065um] [36.835um:38.065um] 1.23um ------->
        <event:00002713 0:399.124:2.18um> &<id:975484 Horizontal abc_1342_new_n142 Metal2 [32.605um 83.5um] [34.365um 83.5um] 0.29um rpD:0 bl:0 -----UC---T-----------bb-- [32.395um:34.575um] [32.395um:34.575um] 2.18um ------->
        <event:00002714 0:310.692:2.755um> &<id:975777 Horizontal abc_1342_new_n255 Metal2 [25.705um 83.5um] [28um 83.5um] 0.29um rpD:0 bl:0 -----UC---T-----------bt-- [25.495um:28.25um] [25.495um:28.25um] 2.755um ------->
        <event:00002715 4:310.692:2.755um> &<id:975777 Horizontal abc_1342_new_n255 Metal2 [25.705um 83.5um] [28um 83.5um] 0.29um rpD:0 bl:0 -----UC---T-----------bt-- [25.495um:28.25um] [25.495um:28.25um] 2.755um ------->
        <event:00002716 3:1557.21:5um> &<id:972337 Vertical abc_1342_new_n261 Metal3 [22um 83.5um] [22um 88um] 0.29um rpD:1 bl:0 -----UCG----W---------bb-- [83.25um:88.25um] [83.25um:88.25um] 5um ------->
        <event:00002717 3:254.982:0.71um> &<id:976816 Vertical abc_1342_new_n261 Metal3 [22um 83.355um] [22um 83.855um] 0.29um rpD:1 bl:0 ---a--C-----W-ASr-----bb-- [83.25um:83.96um] [83.25um:83.96um] 0.71um --S--st>
        <event:00002718 0:3037.42:12.965um> &<id:973184 Horizontal abc_1342_new_n166 Metal2 [14.995um 44.5um] [27.5um 44.5um] 0.29um rpD:1 bl:0 ------CG----W----------t-- [14.785um:27.75um] [14.785um:27.75um] 12.965um ------->
        <event:00002719 0:4.23077:0.42um> &<id:975381 Vertical abc_1342_new_n166 Metal2 [14.995um 41.5um] [14.995um 42um] 0.21um rpD:0 bl:0 -X---UC---TD---------P-b-- [41.0801um:42.42um] [14.785um:15.205um] 0.42um P------>
        <event:00002720 4:4.23077:0.42um> &<id:975381 Vertical abc_1342_new_n166 Metal2 [14.995um 41.5um] [14.995um 42um] 0.21um rpD:0 bl:0 -X---UC---TD---------P-b-- [41.0801um:42.42um] [14.785um:15.205um] 0.42um P------>
        <event:00002721 3:1253.66:4um> &<id:971632 Vertical n(1) Metal3 [16um 38.5um] [16um 42um] 0.29um rpD:1 bl:0 -----UCG----W---------bb-- [38.25um:42.25um] [38.25um:42.25um] 4um ------->
        <event:00002722 0:404.583:1.255um> &<id:974368 Horizontal n(1) Metal2 [13.705um 42um] [14.5um 42um] 0.29um rpD:0 bl:0 -----UC---T-----------bt-- [13.495um:14.75um] [13.495um:14.75um] 1.255um ------->
        <event:00002723 0:3023.03:15.03um> &<id:972915 Horizontal abc_1342_new_n173 Metal2 [38.355um 49um] [52.965um 49um] 0.29um rpD:1 bl:0 ------CG----W------------- [38.145um:53.175um] [38.145um:53.175um] 15.03um ------->
        <event:00002724 4:3023.03:15.03um> &<id:972915 Horizontal abc_1342_new_n173 Metal2 [38.355um 47.5um] [52.965um 47.5um] 0.29um rpD:1 bl:0 ------CG----W------------- [38.145um:53.175um] [38.145um:53.175um] 15.03um ------->
        <event:00002725 3:4.23077:0.42um> &<id:974172 Vertical abc_1342_auto_rtlil_cc_2739_MuxGate_1291 Metal2 [43.515um 47.5um] [43.515um 48um] 0.21um rpD:0 bl:0 -X---UC---TD---------P-b-- [47.08um:48.42um] [43.305um:43.725um] 0.42um P------>
        <event:00002726 4:4.23077:0.42um> &<id:974172 Vertical abc_1342_auto_rtlil_cc_2739_MuxGate_1291 Metal2 [43.515um 47.5um] [43.515um 48um] 0.21um rpD:0 bl:0 -X---UC---TD---------P-b-- [47.08um:48.42um] [43.305um:43.725um] 0.42um P------>
        <event:00002727 3:4308.22:21.475um> &<id:973263 Horizontal abc_1342_auto_rtlil_cc_2739_MuxGate_1291 Metal2 [22.5um 47.5um] [43.515um 47.5um] 0.29um rpD:1 bl:0 ------CG----W---------t--- [22.25um:43.725um] [22.25um:43.725um] 21.475um ------->
        <event:00002728 0:4.23077:0.42um> &<id:975093 Vertical abc_1342_new_n173 Metal2 [38.355um 47.5um] [38.355um 48um] 0.21um rpD:0 bl:0 -X---UC---TD---------P-b-- [47.08um:48.42um] [38.145um:38.565um] 0.42um P------>
        <event:00002729 4:4.23077:0.42um> &<id:975093 Vertical abc_1342_new_n173 Metal2 [38.355um 47.5um] [38.355um 48um] 0.21um rpD:0 bl:0 -X---UC---TD---------P-b-- [47.08um:48.42um] [38.145um:38.565um] 0.42um P------>
        <event:00002730 3:1405.44:4.5um> &<id:972294 Vertical abc_1342_new_n147 Metal3 [38um 44um] [38um 48um] 0.29um rpD:1 bl:0 -----UCG----W---------bb-- [43.75um:48.25um] [43.75um:48.25um] 4.5um ------->
        <event:00002731 3:2164.31:7um> &<id:972297 Vertical abc_1342_new_n147 Metal3 [34.5um 48um] [34.5um 54um] 0.29um rpD:2 bl:0 ------CG-----w--------bb-- [47.75um:54.25um] [47.75um:54.75um] 7um ------->
        <event:00002732 0:4.23077:0.42um> &<id:975096 Vertical abc_1342_new_n173 Metal2 [52.965um 47.5um] [52.965um 48um] 0.21um rpD:0 bl:0 -X---UC---TD---------P-b-- [47.08um:48.42um] [52.755um:53.175um] 0.42um P------>
        <event:00002733 4:4.23077:0.42um> &<id:975096 Vertical abc_1342_new_n173 Metal2 [52.965um 47.5um] [52.965um 48um] 0.21um rpD:0 bl:0 -X---UC---TD---------P-b-- [47.08um:48.42um] [52.755um:53.175um] 0.42um P------>
        <event:00002734 3:6262.24:20.5um> &<id:971335 Vertical abc_1342_new_n175 Metal3 [53.5um 28um] [53.5um 48um] 0.29um rpD:1 bl:0 ------CG----W---------bb-- [27.75um:48.25um] [27.75um:48.25um] 20.5um ------->
        <event:00002735 0:146:1.005um> &<id:974975 Horizontal abc_1342_new_n175 Metal2 [52.745um 48um] [53.54um 48um] 0.29um rpD:0 bl:0 ---a-UC---T-----------tb-- [52.64um:53.645um] [52.64um:53.645um] 1.005um ------->
        <event:00002736 0:579.177:3.5um> &<id:975453 Horizontal abc_1342_new_n147 Metal2 [37.925um 48um] [38um 48um] 0.29um rpD:0 bl:0 -----UC---T-----------bt-- [37.715um:38.25um] [34.75um:38.25um] 3.5um ------->
        <event:00002737 0:4308.22:21.475um> &<id:973263 Horizontal abc_1342_auto_rtlil_cc_2739_MuxGate_1291 Metal2 [22.5um 47.5um] [43.515um 47.5um] 0.29um rpD:1 bl:0 ------CG----W---------t--- [22.25um:43.725um] [22.25um:43.725um] 21.475um ------->
        <event:00002738 4:4308.22:21.475um> &<id:973263 Horizontal abc_1342_auto_rtlil_cc_2739_MuxGate_1291 Metal2 [22.5um 47.5um] [43.515um 47.5um] 0.29um rpD:1 bl:0 ------CG----W---------t--- [22.25um:43.725um] [22.25um:43.725um] 21.475um ------->
        <event:00002739 1:3023.03:15.03um> &<id:972915 Horizontal abc_1342_new_n173 Metal2 [38.355um 47.5um] [52.965um 47.5um] 0.29um rpD:1 bl:0 ------CG----W------------- [38.145um:53.175um] [38.145um:53.175um] 15.03um ------->
        <event:00002740 4:3023.03:15.03um> &<id:972915 Horizontal abc_1342_new_n173 Metal2 [38.355um 47.5um] [52.965um 47.5um] 0.29um rpD:1 bl:0 ------CG----W------------- [38.145um:53.175um] [38.145um:53.175um] 15.03um ------->
        <event:00002741 3:4.23077:0.42um> &<id:974172 Vertical abc_1342_auto_rtlil_cc_2739_MuxGate_1291 Metal2 [43.515um 47.5um] [43.515um 48um] 0.21um rpD:0 bl:0 -X---UC---TD---------P-b-- [47.08um:48.42um] [43.305um:43.725um] 0.42um P------>
        <event:00002742 4:4.23077:0.42um> &<id:974172 Vertical abc_1342_auto_rtlil_cc_2739_MuxGate_1291 Metal2 [43.515um 47.5um] [43.515um 48um] 0.21um rpD:0 bl:0 -X---UC---TD---------P-b-- [47.08um:48.42um] [43.305um:43.725um] 0.42um P------>
        <event:00002743 3:4308.22:21.475um> &<id:973263 Horizontal abc_1342_auto_rtlil_cc_2739_MuxGate_1291 Metal2 [22.5um 47.5um] [43.515um 47.5um] 0.29um rpD:1 bl:0 ------CG----W---------t--- [22.25um:43.725um] [22.25um:43.725um] 21.475um ------->
        <event:00002744 0:4.23077:0.42um> &<id:975093 Vertical abc_1342_new_n173 Metal2 [38.355um 47.5um] [38.355um 48um] 0.21um rpD:0 bl:0 -X---UC---TD---------P-b-- [47.08um:48.42um] [38.145um:38.565um] 0.42um P------>
        <event:00002745 4:4.23077:0.42um> &<id:975093 Vertical abc_1342_new_n173 Metal2 [38.355um 47.5um] [38.355um 48um] 0.21um rpD:0 bl:0 -X---UC---TD---------P-b-- [47.08um:48.42um] [38.145um:38.565um] 0.42um P------>
        <event:00002746 0:4308.22:21.475um> &<id:973263 Horizontal abc_1342_auto_rtlil_cc_2739_MuxGate_1291 Metal2 [22.5um 47.5um] [43.515um 47.5um] 0.29um rpD:1 bl:0 ------CG----W---------t--- [22.25um:43.725um] [22.25um:43.725um] 21.475um ------->
        <event:00002747 5:6565.79:21.5um> &<id:973263 Horizontal abc_1342_auto_rtlil_cc_2739_MuxGate_1291 Metal4 [22.5um 47.5um] [43.5um 47.5um] 0.29um rpD:2 bl:0 ------CG-----w--------bb-- [22.25um:43.75um] [22.25um:43.75um] 21.5um ------t>
        <event:00002748 3:168.5:0.715um> &<id:976821 Horizontal abc_1342_auto_rtlil_cc_2739_MuxGate_1291 Metal2 [43.235um 47.5um] [43.74um 47.5um] 0.29um rpD:1 bl:0 ---a--C-----W---------t--- [43.13um:43.845um] [43.13um:43.845um] 0.715um -----s->
        <event:00002749 3:254.982:2.5um> &<id:976820 Vertical abc_1342_auto_rtlil_cc_2739_MuxGate_1291 Metal3 [43.5um 47.5um] [43.5um 49.5um] 0.29um rpD:2 bl:0 ------C------wAS------bt-- [47.25um:49.75um] [47.25um:49.75um] 2.5um --S--st>
        <event:00002750 0:4.23077:0.42um> &<id:974172 Vertical abc_1342_auto_rtlil_cc_2739_MuxGate_1291 Metal2 [43.515um 47.5um] [43.515um 48um] 0.21um rpD:0 bl:0 -X---UC---TD---------P-b-- [47.08um:48.42um] [43.305um:43.725um] 0.42um P------>
        <event:00002751 0:3023.03:15.03um> &<id:972915 Horizontal abc_1342_new_n173 Metal2 [38.355um 47.5um] [52.965um 47.5um] 0.29um rpD:1 bl:0 ------CG----W------------- [38.145um:53.175um] [38.145um:53.175um] 15.03um ------->
        <event:00002752 5:219.195:0.815um> &<id:972915 Horizontal abc_1342_new_n173 Metal2 [38um 47.5um] [38.355um 47.5um] 0.29um rpD:1 bl:0 ------C-----W---------t--- [37.75um:38.565um] [37.75um:38.565um] 0.815um ------t>
        <event:00002753 3:168.5:0.715um> &<id:976829 Horizontal abc_1342_new_n173 Metal2 [52.75um 47.5um] [53.255um 47.5um] 0.29um rpD:1 bl:0 ---a--C-----W----------t-- [52.645um:53.36um] [52.645um:53.36um] 0.715um -----s->
        <event:00002754 3:254.982:3.5um> &<id:976824 Vertical abc_1342_new_n173 Metal3 [38um 47.5um] [38um 50.5um] 0.29um rpD:2 bl:0 ------C------wAS------tb-- [47.25um:50.75um] [47.25um:50.75um] 3.5um --S--st>
        <event:00002755 3:254.982:0.71um> &<id:976828 Vertical abc_1342_new_n173 Metal3 [53um 47.25um] [53um 47.75um] 0.29um rpD:2 bl:0 ---a--C------wAS------tb-- [47.145um:47.855um] [47.145um:47.855um] 0.71um --S--st>
        <event:00002756 3:4744.49:16.5um> &<id:976825 Horizontal abc_1342_new_n173 Metal4 [36.5um 47.5um] [52.5um 47.5um] 0.29um rpD:3 bl:0 ------CG--------------bb-- [36.25um:52.75um] [36.25um:52.75um] 16.5um -----st>
        <event:00002757 0:4.23077:0.42um> &<id:975093 Vertical abc_1342_new_n173 Metal2 [38.355um 50um] [38.355um 50.5um] 0.21um rpD:0 bl:0 -X---UC---TD---------Pb--- [49.58um:50.92um] [38.145um:38.565um] 0.42um P------>
        <event:00002758 4:4.23077:0.42um> &<id:975093 Vertical abc_1342_new_n173 Metal2 [38.355um 50um] [38.355um 50.5um] 0.21um rpD:0 bl:0 -X---UC---TD---------Pb--- [49.58um:50.92um] [38.145um:38.565um] 0.42um P------>
        <event:00002759 4:4.23077:0.42um> &<id:975093 Vertical abc_1342_new_n173 Metal2 [38.355um 50um] [38.355um 50.5um] 0.21um rpD:0 bl:0 -X---UC---TD---------Pb--- [49.58um:50.92um] [38.145um:38.565um] 0.42um P------>
        <event:00002760 3:567.124:2.315um> &<id:972915 Horizontal abc_1342_new_n173 Metal2 [36.5um 50.5um] [38.355um 50.5um] 0.29um rpD:1 bl:0 ------C-----W---------t--- [36.25um:38.565um] [36.25um:38.565um] 2.315um ------t>
        <event:00002761 0:4.23077:0.42um> &<id:975093 Vertical abc_1342_new_n173 Metal2 [38.355um 50um] [38.355um 50um] 0.21um rpD:0 bl:0 -X---UC---TD---------Pb--- [49.58um:50.42um] [38.145um:38.565um] 0.42um P------>
        <event:00002762 0:4.23077:0.42um> &<id:975096 Vertical abc_1342_new_n173 Metal2 [52.965um 47.5um] [52.965um 48um] 0.21um rpD:0 bl:0 -X---UC---TD---------P-b-- [47.08um:48.42um] [52.755um:53.175um] 0.42um P------>
        <event:00002763 0:4231.98:18.115um> &<id:972604 Horizontal n(6) Metal2 [29um 50um] [46.655um 50um] 0.29um rpD:1 bl:0 ------CG----W---------t--- [28.75um:46.865um] [28.75um:46.865um] 18.115um ------->
        <event:00002764 0:4.23077:0.42um> &<id:974489 Vertical n(6) Metal2 [46.655um 50um] [46.655um 50.5um] 0.21um rpD:0 bl:0 -X---UC---TD---------Pb--- [49.58um:50.92um] [46.445um:46.865um] 0.42um P------>
        <event:00002765 0:2945.15:17.52um> &<id:973004 Horizontal abc_1342_new_n203 Metal2 [24.755um 8.5um] [41.855um 8.5um] 0.29um rpD:1 bl:0 ------CG----W------------- [24.545um:42.065um] [24.545um:42.065um] 17.52um ------->
        <event:00002766 4:2945.15:17.52um> &<id:973004 Horizontal abc_1342_new_n203 Metal2 [24.755um 9.5um] [41.855um 9.5um] 0.29um rpD:1 bl:0 ------CG----W------------- [24.545um:42.065um] [24.545um:42.065um] 17.52um ------->
        <event:00002767 3:4.23077:0.42um> &<id:974828 Vertical abc_1342_new_n195 Metal2 [35.455um 9um] [35.455um 9.5um] 0.21um rpD:0 bl:0 -X---UC---TD---------Pb--- [8.5801um:9.92um] [35.245um:35.665um] 0.42um P------>
        <event:00002768 4:4.23077:0.42um> &<id:974828 Vertical abc_1342_new_n195 Metal2 [35.455um 9um] [35.455um 9.5um] 0.21um rpD:0 bl:0 -X---UC---TD---------Pb--- [8.5801um:9.92um] [35.245um:35.665um] 0.42um P------>
        <event:00002769 4:4.23077:0.42um> &<id:974828 Vertical abc_1342_new_n195 Metal2 [35.455um 9um] [35.455um 9.5um] 0.21um rpD:0 bl:0 -X---UC---TD---------Pb--- [8.5801um:9.92um] [35.245um:35.665um] 0.42um P------>
        <event:00002770 4:141:0.715um> &<id:976777 Horizontal abc_1342_new_n195 Metal2 [35.245um 9.5um] [35.75um 9.5um] 0.29um rpD:1 bl:0 ---a--C-----W----------t-- [35.14um:35.855um] [35.14um:35.855um] 0.715um -----s->
        <event:00002771 3:254.982:1um> &<id:976776 Vertical abc_1342_new_n195 Metal3 [35.5um 9um] [35.5um 9.5um] 0.29um rpD:2 bl:0 ------C------wAS------bt-- [8.75um:9.75um] [8.75um:9.75um] 1um --S--st>
        <event:00002772 0:4.23077:0.42um> &<id:975349 Vertical abc_1342_new_n203 Metal2 [24.755um 9.5um] [24.755um 9.5um] 0.21um rpD:0 bl:0 -X---UC---TD---------Pb--- [9.08um:9.92um] [24.545um:24.965um] 0.42um P------>
        <event:00002773 0:4.23077:0.42um> &<id:974828 Vertical abc_1342_new_n195 Metal2 [35.455um 9um] [35.455um 9um] 0.21um rpD:0 bl:0 -X---UC---TD---------Pb--- [8.5801um:9.42um] [35.245um:35.665um] 0.42um P------>
        <event:00002774 0:4.23077:0.42um> &<id:975352 Vertical abc_1342_new_n203 Metal2 [41.855um 9um] [41.855um 9.5um] 0.21um rpD:0 bl:0 -X---UC---TD---------Pb--- [8.5801um:9.92um] [41.645um:42.065um] 0.42um P------>
        <event:00002775 4:4.23077:0.42um> &<id:975352 Vertical abc_1342_new_n203 Metal2 [41.855um 9um] [41.855um 9.5um] 0.21um rpD:0 bl:0 -X---UC---TD---------Pb--- [8.5801um:9.92um] [41.645um:42.065um] 0.42um P------>
        <event:00002776 3:2619.64:8.5um> &<id:973283 Vertical abc_1342_new_n202 Metal3 [40.5um 1um] [40.5um 9um] 0.29um rpD:1 bl:0 ------CG----W---------tb-- [0.75um:9.25um] [0.75um:9.25um] 8.5um ------->
        <event:00002777 0:94.7692:0.75um> &<id:975359 Horizontal abc_1342_new_n202 Metal2 [42.105um 9um] [42.61um 9um] 0.29um rpD:0 bl:0 ---a-UC---T------i----tb-- [42um:42.75um] [42um:42.75um] 0.75um ------->
        <event:00002778 0:2945.15:17.52um> &<id:973004 Horizontal abc_1342_new_n203 Metal2 [24.755um 9.5um] [41.855um 9.5um] 0.29um rpD:1 bl:0 ------CG----W------------- [24.545um:42.065um] [24.545um:42.065um] 17.52um ------->
        <event:00002779 0:2852.54:16.965um> &<id:972336 Horizontal abc_1342_new_n261 Metal2 [22um 83.5um] [38.505um 83.5um] 0.29um rpD:1 bl:0 ------CG----W---------t--- [21.75um:38.715um] [21.75um:38.715um] 16.965um -----s->
        <event:00002780 5:5199.82:17um> &<id:972336 Horizontal abc_1342_new_n261 Metal4 [22um 83.5um] [38.5um 83.5um] 0.29um rpD:2 bl:0 ------CG-----w--------bb-- [21.75um:38.75um] [21.75um:38.75um] 17um -----st>
        <event:00002781 3:141:0.715um> &<id:976833 Horizontal abc_1342_new_n261 Metal2 [38.23um 83.5um] [38.735um 83.5um] 0.29um rpD:1 bl:0 ---a--C-----W---------t--- [38.125um:38.84um] [38.125um:38.84um] 0.715um -----s->
        <event:00002782 3:254.982:1um> &<id:976816 Vertical abc_1342_new_n261 Metal3 [22um 83.5um] [22um 84um] 0.29um rpD:1 bl:0 ------C-----W-AS------bt-- [83.25um:84.25um] [83.25um:84.25um] 1um --S--st>
        <event:00002783 3:254.982:1um> &<id:976832 Vertical abc_1342_new_n261 Metal3 [38.5um 83.5um] [38.5um 84um] 0.29um rpD:2 bl:0 ------C------wAS------bt-- [83.25um:84.25um] [83.25um:84.25um] 1um --S--st>
        <event:00002784 0:4.23077:0.42um> &<id:975862 Vertical abc_1342_new_n261 Metal2 [38.505um 83.5um] [38.505um 83.5um] 0.21um rpD:0 bl:0 -X---UC---TD---------Pb--- [83.08um:83.92um] [38.295um:38.715um] 0.42um P------>
        <event:00002785 4:4.23077:0.42um> &<id:975862 Vertical abc_1342_new_n261 Metal2 [38.505um 83.5um] [38.505um 83.5um] 0.21um rpD:0 bl:0 -X---UC---TD---------Pb--- [83.08um:83.92um] [38.295um:38.715um] 0.42um P------>
        <event:00002786 3:222.763:1.205um> &<id:976833 Horizontal abc_1342_new_n261 Metal2 [38.235um 83.5um] [39.23um 83.5um] 0.29um rpD:1 bl:0 ---a--C-----W----------t-- [38.13um:39.335um] [38.13um:39.335um] 1.205um -----s->
        <event:00002787 0:2842.57:14.125um> &<id:972866 Horizontal abc_1342_new_n127 Metal2 [42.5um 50um] [56.165um 50um] 0.29um rpD:1 bl:0 ------CG----W---------t--- [42.25um:56.375um] [42.25um:56.375um] 14.125um ------->
        <event:00002788 4:2842.57:14.125um> &<id:972866 Horizontal abc_1342_new_n127 Metal2 [42.5um 50.5um] [56.165um 50.5um] 0.29um rpD:1 bl:0 ------CG----W---------t--- [42.25um:56.375um] [42.25um:56.375um] 14.125um ------->
        <event:00002789 3:4.23077:0.42um> &<id:974489 Vertical n(6) Metal2 [46.655um 50um] [46.655um 50.5um] 0.21um rpD:0 bl:0 -X---UC---TD---------Pb--- [49.58um:50.92um] [46.445um:46.865um] 0.42um P------>
        <event:00002790 4:4.23077:0.42um> &<id:974489 Vertical n(6) Metal2 [46.655um 50um] [46.655um 50.5um] 0.21um rpD:0 bl:0 -X---UC---TD---------Pb--- [49.58um:50.92um] [46.445um:46.865um] 0.42um P------>
        <event:00002791 3:4231.98:18.115um> &<id:972604 Horizontal n(6) Metal2 [29um 50.5um] [46.655um 50.5um] 0.29um rpD:1 bl:0 ------CG----W---------t--- [28.75um:46.865um] [28.75um:46.865um] 18.115um ------->
        <event:00002792 0:4.23077:0.42um> &<id:975581 Vertical abc_1342_new_n127 Metal2 [56.165um 50um] [56.165um 50.5um] 0.21um rpD:0 bl:0 -X---UC---TD---------Pb--- [49.58um:50.92um] [55.955um:56.375um] 0.42um P------>
        <event:00002793 0:2842.57:14.125um> &<id:972866 Horizontal abc_1342_new_n127 Metal2 [42.5um 50.5um] [56.165um 50.5um] 0.29um rpD:1 bl:0 ------CG----W---------t--- [42.25um:56.375um] [42.25um:56.375um] 14.125um ------->
        <event:00002794 4:2842.57:14.125um> &<id:972866 Horizontal abc_1342_new_n127 Metal2 [42.5um 50.5um] [56.165um 50.5um] 0.29um rpD:1 bl:0 ------CG----W---------t--- [42.25um:56.375um] [42.25um:56.375um] 14.125um ------->
        <event:00002795 3:4.23077:0.42um> &<id:974489 Vertical n(6) Metal2 [46.655um 50um] [46.655um 50.5um] 0.21um rpD:0 bl:0 -X---UC---TD---------Pb--- [49.58um:50.92um] [46.445um:46.865um] 0.42um P------>
        <event:00002796 4:4.23077:0.42um> &<id:974489 Vertical n(6) Metal2 [46.655um 50um] [46.655um 50.5um] 0.21um rpD:0 bl:0 -X---UC---TD---------Pb--- [49.58um:50.92um] [46.445um:46.865um] 0.42um P------>
        <event:00002797 3:4231.98:18.115um> &<id:972604 Horizontal n(6) Metal2 [29um 50.5um] [46.655um 50.5um] 0.29um rpD:1 bl:0 ------CG----W---------t--- [28.75um:46.865um] [28.75um:46.865um] 18.115um ------->
        <event:00002798 0:2842.57:14.125um> &<id:972866 Horizontal abc_1342_new_n127 Metal2 [42.5um 50.5um] [56.165um 50.5um] 0.29um rpD:1 bl:0 ------CG----W---------t--- [42.25um:56.375um] [42.25um:56.375um] 14.125um ------->
        <event:00002799 5:4289.17:14um> &<id:972866 Horizontal abc_1342_new_n127 Metal4 [42.5um 50.5um] [56um 50.5um] 0.29um rpD:2 bl:0 ------CG-----w--------bb-- [42.25um:56.25um] [42.25um:56.25um] 14um ------t>
        <event:00002800 3:168.5:0.715um> &<id:976837 Horizontal abc_1342_new_n127 Metal2 [55.81um 50.5um] [56.315um 50.5um] 0.29um rpD:1 bl:0 ---a--C-----W---------t--- [55.705um:56.42um] [55.705um:56.42um] 0.715um -----s->
        <event:00002801 3:254.982:1um> &<id:976836 Vertical abc_1342_new_n127 Metal3 [56um 50um] [56um 50.5um] 0.29um rpD:2 bl:0 ------C------wAS------tb-- [49.75um:50.75um] [49.75um:50.75um] 1um --S--st>
        <event:00002802 0:4.23077:0.42um> &<id:975581 Vertical abc_1342_new_n127 Metal2 [56.165um 50um] [56.165um 50.5um] 0.21um rpD:0 bl:0 -X---UC---TD---------Pb--- [49.58um:50.92um] [55.955um:56.375um] 0.42um P------>
        <event:00002803 0:2809.99:16.71um> &<id:972978 Horizontal abc_1342_auto_rtlil_cc_2739_MuxGate_1325 Metal2 [2.705um 60.5um] [18.995um 60.5um] 0.29um rpD:1 bl:0 ------CG----W------------- [2.495um:19.205um] [2.495um:19.205um] 16.71um ------->
        <event:00002804 0:4.23077:0.42um> &<id:974261 Vertical abc_1342_auto_rtlil_cc_2739_MuxGate_1325 Metal2 [2.705um 59.5um] [2.705um 60um] 0.21um rpD:0 bl:0 -X---UC---TD---------P-b-- [59.08um:60.42um] [2.495um:2.915um] 0.42um P------>
        <event:00002805 0:4.23077:0.42um> &<id:974264 Vertical abc_1342_auto_rtlil_cc_2739_MuxGate_1325 Metal2 [18.995um 59.5um] [18.995um 59.5um] 0.21um rpD:0 bl:0 -X---UC---TD---------P-b-- [59.08um:59.92um] [18.785um:19.205um] 0.42um P------>
        <event:00002806 0:2784.59:11.875um> &<id:971232 Horizontal clk_root_2 Metal2 [7.085um 49um] [18.5um 49um] 0.29um rpD:1 bl:0 ------CG----W----------t-- [6.875um:18.75um] [6.875um:18.75um] 11.875um ------->
        <event:00002807 0:4.23077:0.42um> &<id:973764 Vertical clk_root_2 Metal2 [7.085um 50um] [7.085um 50.5um] 0.21um rpD:0 bl:0 -X---UC---TD---------Pb--- [49.58um:50.92um] [6.875um:7.295um] 0.42um P------>
        <event:00002808 0:2779.95:11.855um> &<id:972992 Horizontal abc_1342_auto_rtlil_cc_2739_MuxGate_1305 Metal2 [18um 91um] [29.395um 91um] 0.29um rpD:1 bl:0 ------CG----W---------t--- [17.75um:29.605um] [17.75um:29.605um] 11.855um ------->
        <event:00002809 4:2779.95:11.855um> &<id:972992 Horizontal abc_1342_auto_rtlil_cc_2739_MuxGate_1305 Metal2 [18um 87.5um] [29.395um 87.5um] 0.29um rpD:1 bl:0 ------CG----W---------t--- [17.75um:29.605um] [17.75um:29.605um] 11.855um ------->
        <event:00002810 3:4.23077:0.42um> &<id:975174 Vertical abc_1342_new_n275 Metal2 [28.965um 87.5um] [28.965um 88um] 0.21um rpD:0 bl:0 -X---UC---TD---------P-b-- [87.0801um:88.42um] [28.755um:29.175um] 0.42um P------>
        <event:00002811 4:4.23077:0.42um> &<id:975174 Vertical abc_1342_new_n275 Metal2 [28.965um 87.5um] [28.965um 88um] 0.21um rpD:0 bl:0 -X---UC---TD---------P-b-- [87.0801um:88.42um] [28.755um:29.175um] 0.42um P------>
        <event:00002812 0:4.23077:0.42um> &<id:974209 Vertical abc_1342_auto_rtlil_cc_2739_MuxGate_1305 Metal2 [29.395um 87.5um] [29.395um 88um] 0.21um rpD:0 bl:0 -X---UC---TD---------P-b-- [87.0801um:88.42um] [29.185um:29.605um] 0.42um P------>
        <event:00002813 4:4.23077:0.42um> &<id:974209 Vertical abc_1342_auto_rtlil_cc_2739_MuxGate_1305 Metal2 [29.395um 87.5um] [29.395um 88um] 0.21um rpD:0 bl:0 -X---UC---TD---------P-b-- [87.0801um:88.42um] [29.185um:29.605um] 0.42um P------>
        <event:00002814 4:2779.95:11.855um> &<id:972992 Horizontal abc_1342_auto_rtlil_cc_2739_MuxGate_1305 Metal2 [18um 87.5um] [29.395um 87.5um] 0.29um rpD:1 bl:0 ------CG----W---------t--- [17.75um:29.605um] [17.75um:29.605um] 11.855um ------->
        <event:00002815 5:3682.07:12um> &<id:972992 Horizontal abc_1342_auto_rtlil_cc_2739_MuxGate_1305 Metal4 [18um 87.5um] [29.5um 87.5um] 0.29um rpD:2 bl:0 ------CG-----w--------bb-- [17.75um:29.75um] [17.75um:29.75um] 12um ------t>
        <event:00002816 3:196:0.715um> &<id:976841 Horizontal abc_1342_auto_rtlil_cc_2739_MuxGate_1305 Metal2 [29.215um 87.5um] [29.72um 87.5um] 0.29um rpD:1 bl:0 ---a--C-----W----------t-- [29.11um:29.825um] [29.11um:29.825um] 0.715um -----s->
        <event:00002817 3:254.982:2.5um> &<id:976840 Vertical abc_1342_auto_rtlil_cc_2739_MuxGate_1305 Metal3 [29.5um 88.5um] [29.5um 90.5um] 0.29um rpD:2 bl:0 ------C------wAS------bt-- [88.25um:90.75um] [88.25um:90.75um] 2.5um --S--st>
        <event:00002818 0:4.23077:0.42um> &<id:974209 Vertical abc_1342_auto_rtlil_cc_2739_MuxGate_1305 Metal2 [29.395um 88.5um] [29.395um 88.5um] 0.21um rpD:0 bl:0 -X---UC---TD---------P-b-- [88.08um:88.92um] [29.185um:29.605um] 0.42um P------>
        <event:00002819 0:2731.24:11.645um> &<id:972999 Horizontal abc_1342_new_n282 Metal2 [41.5um 90.5um] [52.685um 90.5um] 0.29um rpD:1 bl:0 ------CG----W---------t--- [41.25um:52.895um] [41.25um:52.895um] 11.645um ------->
        <event:00002820 0:4.23077:0.42um> &<id:975216 Vertical abc_1342_new_n282 Metal2 [52.685um 87.5um] [52.685um 88um] 0.21um rpD:0 bl:0 -X---UC---TD---------P-b-- [87.0801um:88.42um] [52.475um:52.895um] 0.42um P------>
        <event:00002821 0:2466.82:13.005um> &<id:973030 Horizontal abc_1342_new_n183 Metal2 [32.5um 4um] [45.045um 4um] 0.29um rpD:1 bl:0 ------CG----W---------t--- [32.25um:45.255um] [32.25um:45.255um] 13.005um ------->
        <event:00002822 4:3046.7:13.005um> &<id:973030 Horizontal abc_1342_new_n183 Metal2 [32.5um 1um] [45.045um 1um] 0.29um rpD:1 bl:0 ------CG----W---------t--- [32.25um:45.255um] [32.25um:45.255um] 13.005um ------->
        <event:00002823 3:4.23077:0.42um> &<id:974867 Vertical abc_1342_new_n186 Metal2 [40.245um 1um] [40.245um 1.5um] 0.21um rpD:0 bl:0 -X---UC---TD---------P-b-- [0.5801um:1.92um] [40.035um:40.455um] 0.42um P------>
        <event:00002824 4:4.23077:0.42um> &<id:974867 Vertical abc_1342_new_n186 Metal2 [40.245um 1um] [40.245um 1.5um] 0.21um rpD:0 bl:0 -X---UC---TD---------P-b-- [0.5801um:1.92um] [40.035um:40.455um] 0.42um P------>
        <event:00002825 0:4.23077:0.42um> &<id:974881 Vertical abc_1342_new_n183 Metal2 [45.045um 1um] [45.045um 1.5um] 0.21um rpD:0 bl:0 -X---UC---TD---------P-b-- [0.5801um:1.92um] [44.835um:45.255um] 0.42um P------>
        <event:00002826 0:4252.85:18.205um> &<id:973201 Horizontal abc_1342_new_n186 Metal2 [22.5um 1um] [40.245um 1um] 0.29um rpD:1 bl:0 ------CG----W---------t--- [22.25um:40.455um] [22.25um:40.455um] 18.205um ------->
        <event:00002827 0:3046.7:13.005um> &<id:973030 Horizontal abc_1342_new_n183 Metal2 [32.5um 1um] [45.045um 1um] 0.29um rpD:1 bl:0 ------CG----W---------t--- [32.25um:45.255um] [32.25um:45.255um] 13.005um ------->
        <event:00002828 4:3046.7:13.005um> &<id:973030 Horizontal abc_1342_new_n183 Metal2 [32.5um 1um] [45.045um 1um] 0.29um rpD:1 bl:0 ------CG----W---------t--- [32.25um:45.255um] [32.25um:45.255um] 13.005um ------->
        <event:00002829 3:4.23077:0.42um> &<id:974867 Vertical abc_1342_new_n186 Metal2 [40.245um 1um] [40.245um 1.5um] 0.21um rpD:0 bl:0 -X---UC---TD---------P-b-- [0.5801um:1.92um] [40.035um:40.455um] 0.42um P------>
        <event:00002830 4:4.23077:0.42um> &<id:974867 Vertical abc_1342_new_n186 Metal2 [40.245um 1um] [40.245um 1.5um] 0.21um rpD:0 bl:0 -X---UC---TD---------P-b-- [0.5801um:1.92um] [40.035um:40.455um] 0.42um P------>
        <event:00002831 0:4252.85:18.205um> &<id:973201 Horizontal abc_1342_new_n186 Metal2 [22.5um 1um] [40.245um 1um] 0.29um rpD:1 bl:0 ------CG----W---------t--- [22.25um:40.455um] [22.25um:40.455um] 18.205um ------->
        <event:00002832 5:5503.37:18um> &<id:973201 Horizontal abc_1342_new_n186 Metal4 [22.5um 1um] [40um 1um] 0.29um rpD:2 bl:0 ------CG-----w--------bb-- [22.25um:40.25um] [22.25um:40.25um] 18um ------t>
        <event:00002833 3:196:0.715um> &<id:976845 Horizontal abc_1342_new_n186 Metal2 [39.85um 1um] [40.355um 1um] 0.29um rpD:1 bl:0 ---a--C-----W---------t--- [39.745um:40.46um] [39.745um:40.46um] 0.715um -----s->
        <event:00002834 3:254.982:3.5um> &<id:976844 Vertical abc_1342_new_n186 Metal3 [40um 1um] [40um 4um] 0.29um rpD:2 bl:0 ------C------wAS------bt-- [0.75um:4.25um] [0.75um:4.25um] 3.5um --S--st>
        <event:00002835 0:4.23077:0.42um> &<id:974867 Vertical abc_1342_new_n186 Metal2 [40.245um 1um] [40.245um 1.5um] 0.21um rpD:0 bl:0 -X---UC---TD---------P-b-- [0.5801um:1.92um] [40.035um:40.455um] 0.42um P------>
        <event:00002836 0:3046.7:13.005um> &<id:973030 Horizontal abc_1342_new_n183 Metal2 [32.5um 1um] [45.045um 1um] 0.29um rpD:1 bl:0 ------CG----W---------t--- [32.25um:45.255um] [32.25um:45.255um] 13.005um ------->
        <event:00002837 5:3985.62:13um> &<id:973030 Horizontal abc_1342_new_n183 Metal4 [32.5um 1um] [45um 1um] 0.29um rpD:2 bl:0 ------CG-----w--------bb-- [32.25um:45.25um] [32.25um:45.25um] 13um ------t>
        <event:00002838 3:196:0.715um> &<id:976849 Horizontal abc_1342_new_n183 Metal2 [44.75um 1um] [45.255um 1um] 0.29um rpD:1 bl:0 ---a--C-----W---------t--- [44.645um:45.36um] [44.645um:45.36um] 0.715um -----s->
        <event:00002839 3:254.982:3um> &<id:976848 Vertical abc_1342_new_n183 Metal3 [45um 1um] [45um 3.5um] 0.29um rpD:2 bl:0 ------C------wAS------bt-- [0.75um:3.75um] [0.75um:3.75um] 3um --S--st>
        <event:00002840 0:4.23077:0.42um> &<id:974881 Vertical abc_1342_new_n183 Metal2 [45.045um 1um] [45.045um 1.5um] 0.21um rpD:0 bl:0 -X---UC---TD---------P-b-- [0.5801um:1.92um] [44.835um:45.255um] 0.42um P------>
        <event:00002841 0:2461.7:12.215um> &<id:973018 Horizontal abc_1342_new_n251 Metal2 [24.5um 44um] [36.255um 44um] 0.29um rpD:1 bl:0 ------CG----W---------t--- [24.25um:36.465um] [24.25um:36.465um] 12.215um ------->
        <event:00002842 0:2443.62:10.905um> &<id:972135 Horizontal abc_1342_new_n271 Metal2 [25.055um 91um] [35.5um 91um] 0.29um rpD:1 bl:0 ------CG----W----------t-- [24.845um:35.75um] [24.845um:35.75um] 10.905um ------->
        <event:00002843 0:2413.47:10.275um> &<id:971191 Horizontal clk_root_0 Metal2 [8.685um 36um] [18.5um 36um] 0.29um rpD:1 bl:0 ------CG----W----------t-- [8.475um:18.75um] [8.475um:18.75um] 10.275um ------->
        <event:00002844 0:4.23077:0.42um> &<id:973947 Vertical clk_root_0 Metal2 [8.685um 38.5um] [8.685um 39um] 0.21um rpD:0 bl:0 -X---UC---TD---------Pb--- [38.08um:39.42um] [8.475um:8.895um] 0.42um P------>
        <event:00002845 0:2337.76:13.88um> &<id:972796 Horizontal abc_1342_new_n226 Metal2 [33.845um 31.5um] [47.305um 31.5um] 0.29um rpD:1 bl:0 ------CG----W------------- [33.635um:47.515um] [33.635um:47.515um] 13.88um ------->
        <event:00002846 4:2337.76:13.88um> &<id:972796 Horizontal abc_1342_new_n226 Metal2 [33.845um 30.5um] [47.305um 30.5um] 0.29um rpD:1 bl:0 ------CG----W------------- [33.635um:47.515um] [33.635um:47.515um] 13.88um ------->
        <event:00002847 3:1405.44:4.5um> &<id:971647 Vertical abc_1342_new_n218 Metal3 [36.5um 26.5um] [36.5um 30.5um] 0.29um rpD:1 bl:0 -----UCG----W---------bb-- [26.25um:30.75um] [26.25um:30.75um] 4.5um ------->
        <event:00002848 0:4.23077:0.42um> &<id:975678 Vertical abc_1342_new_n226 Metal2 [33.845um 30.5um] [33.845um 30.5um] 0.21um rpD:0 bl:0 -X---UC---TD---------Pb--- [30.08um:30.92um] [33.635um:34.055um] 0.42um P------>
        <event:00002849 0:4.23077:0.42um> &<id:975681 Vertical abc_1342_new_n226 Metal2 [47.305um 30.5um] [47.305um 31um] 0.21um rpD:0 bl:0 -X---UC---TD---------P-b-- [30.08um:31.42um] [47.095um:47.515um] 0.42um P------>
        <event:00002850 4:4.23077:0.42um> &<id:975681 Vertical abc_1342_new_n226 Metal2 [47.305um 30.5um] [47.305um 31um] 0.21um rpD:0 bl:0 -X---UC---TD---------P-b-- [30.08um:31.42um] [47.095um:47.515um] 0.42um P------>
        <event:00002851 3:1253.66:4um> &<id:972647 Vertical abc_1342_new_n227 Metal3 [48um 27.5um] [48um 31um] 0.29um rpD:1 bl:0 ------CG----W---------bb-- [27.25um:31.25um] [27.25um:31.25um] 4um ------->
        <event:00002852 0:156.367:0.745um> &<id:976099 Horizontal abc_1342_new_n218 Metal2 [35.835um 30.5um] [36.37um 30.5um] 0.29um rpD:0 bl:0 ---a-UC---T-----------tb-- [35.73um:36.475um] [35.73um:36.475um] 0.745um ------->
        <event:00002853 0:208.385:0.805um> &<id:975688 Horizontal abc_1342_new_n227 Metal2 [46.655um 31um] [47um 31um] 0.29um rpD:0 bl:0 -----UC---T-----------bt-- [46.445um:47.25um] [46.445um:47.25um] 0.805um ------->
        <event:00002854 0:2281.25:9.705um> &<id:971914 Horizontal n(0) Metal2 [0.255um 41.5um] [9.5um 41.5um] 0.29um rpD:1 bl:0 ------CG----W----------t-- [0.045um:9.75um] [0.045um:9.75um] 9.705um ------->
        <event:00002855 0:2251.1:9.575um> &<id:973150 Horizontal abc_1342_new_n288 Metal2 [51.885um 79um] [61um 79um] 0.29um rpD:1 bl:0 ------CG----W----------t-- [51.675um:61.25um] [51.675um:61.25um] 9.575um ------->
        <event:00002856 0:4.23077:0.42um> &<id:976005 Vertical abc_1342_new_n288 Metal2 [51.885um 79um] [51.885um 79.5um] 0.21um rpD:0 bl:0 -X---UC---TD---------Pb--- [78.58um:79.92um] [51.675um:52.095um] 0.42um P------>
        <event:00002857 0:2181.51:9.775um> &<id:971242 Horizontal clk_root_2 Metal2 [0.685um 70.5um] [10um 70.5um] 0.29um rpD:1 bl:0 ------CG----W----------t-- [0.475um:10.25um] [0.475um:10.25um] 9.775um ------->
        <event:00002858 0:2154.61:10.675um> &<id:972948 Horizontal n(7) Metal2 [16um 50um] [26.215um 50um] 0.29um rpD:1 bl:0 ------CG----W---------t--- [15.75um:26.425um] [15.75um:26.425um] 10.675um ------->
        <event:00002859 4:2154.61:10.675um> &<id:972948 Horizontal n(7) Metal2 [16um 50.5um] [26.215um 50.5um] 0.29um rpD:1 bl:0 ------CG----W---------t--- [15.75um:26.425um] [15.75um:26.425um] 10.675um ------->
        <event:00002860 3:1405.44:4.5um> &<id:971239 Vertical clk_root_2 Metal3 [18.5um 51.5um] [18.5um 54.5um] 0.29um rpD:1 bl:0 ------CG----W---------bb-- [51.25um:54.75um] [50.25um:54.75um] 4.5um ------->
        <event:00002861 0:4.23077:0.42um> &<id:974454 Vertical n(7) Metal2 [26.215um 50um] [26.215um 50.5um] 0.21um rpD:0 bl:0 -X---UC---TD---------Pb--- [49.58um:50.92um] [26.005um:26.425um] 0.42um P------>
        <event:00002862 0:2784.59:11.875um> &<id:971232 Horizontal clk_root_2 Metal2 [7.085um 50.5um] [18.5um 50.5um] 0.29um rpD:1 bl:0 ------CG----W----------t-- [6.875um:18.75um] [6.875um:18.75um] 11.875um ------->
        <event:00002863 0:4.23077:0.42um> &<id:973764 Vertical clk_root_2 Metal2 [7.085um 47.5um] [7.085um 48um] 0.21um rpD:0 bl:0 -X---UC---TD---------P-b-- [47.08um:48.42um] [6.875um:7.295um] 0.42um P------>
        <event:00002864 0:2151.36:9.145um> &<id:971188 Horizontal clk_root_0 Metal2 [18.5um 14.5um] [24.685um 14.5um] 0.29um rpD:1 bl:0 ------CG----W---------t--- [18.25um:24.895um] [15.75um:24.895um] 9.145um ------->
        <event:00002865 4:2151.36:9.145um> &<id:971188 Horizontal clk_root_0 Metal2 [18.5um 16um] [24.685um 16um] 0.29um rpD:1 bl:0 ------CG----W---------t--- [18.25um:24.895um] [15.75um:24.895um] 9.145um ------->
        <event:00002866 3:646.562:2um> &<id:976764 Vertical mem_inputs(14) Metal3 [13um 14.5um] [13um 16um] 0.29um rpD:2 bl:0 ------C------wAS------bb-- [14.25um:16.25um] [14.25um:16.25um] 2um --S--st>
        <event:00002867 0:4.23077:0.42um> &<id:973984 Vertical clk_root_0 Metal2 [24.685um 15.5um] [24.685um 16um] 0.21um rpD:0 bl:0 -X---UC---TD---------Pb--- [15.08um:16.42um] [24.475um:24.895um] 0.42um P------>
        <event:00002868 4:4.23077:0.42um> &<id:973984 Vertical clk_root_0 Metal2 [24.685um 15.5um] [24.685um 16um] 0.21um rpD:0 bl:0 -X---UC---TD---------Pb--- [15.08um:16.42um] [24.475um:24.895um] 0.42um P------>
        <event:00002869 0:2174.45:12.455um> &<id:973136 Horizontal outputs(8) Metal2 [23.005um 15.5um] [35um 15.5um] 0.29um rpD:0 bl:0 ------CG--T-----------bt-- [22.795um:35.25um] [22.795um:35.25um] 12.455um ------->
        <event:00002870 5:146:0.715um> &<id:973136 Horizontal outputs(8) Metal2 [22.855um 15.5um] [23.36um 15.5um] 0.29um rpD:0 bl:0 ---a-UC---T----S------tb-- [22.75um:23.465um] [22.75um:23.465um] 0.715um --S---t>
        <event:00002871 3:494.787:1.5um> &<id:976852 Vertical outputs(8) Metal3 [23um 14.5um] [23um 15.5um] 0.29um rpD:1 bl:0 ------C-----W-AS------bb-- [14.25um:15.75um] [14.25um:15.75um] 1.5um --S--st>
        <event:00002872 3:3833.84:11.5um> &<id:976853 Horizontal outputs(8) Metal2 [24um 15.5um] [35um 15.5um] 0.29um rpD:2 bl:0 ------CG-----wA-------tt-- [23.75um:35.25um] [23.75um:35.25um] 11.5um -----s->
        <event:00002873 0:2146.72:9.125um> &<id:971382 Horizontal clk_root_1 Metal2 [33.335um 41.5um] [42um 41.5um] 0.29um rpD:1 bl:0 ------CG----W----------t-- [33.125um:42.25um] [33.125um:42.25um] 9.125um ------->
        <event:00002874 0:4.23077:0.42um> &<id:973911 Vertical clk_root_1 Metal2 [33.335um 44.5um] [33.335um 45um] 0.21um rpD:0 bl:0 -X---UC---TD---------Pb--- [44.0801um:45.42um] [33.125um:33.545um] 0.42um P------>
        <event:00002875 4:4.23077:0.42um> &<id:973911 Vertical clk_root_1 Metal2 [33.335um 44.5um] [33.335um 45um] 0.21um rpD:0 bl:0 -X---UC---TD---------Pb--- [44.0801um:45.42um] [33.125um:33.545um] 0.42um P------>
        <event:00002876 0:1457.41:8.305um> &<id:972694 Horizontal abc_1342_new_n253 Metal2 [30um 44.5um] [37.845um 44.5um] 0.29um rpD:0 bl:0 -----UCG--T-----------tb-- [29.75um:38.055um] [29.75um:38.055um] 8.305um ------->
        <event:00002877 0:2121.21:9.015um> &<id:972832 Horizontal abc_1342_new_n234 Metal2 [49um 21.5um] [57.555um 21.5um] 0.29um rpD:1 bl:0 ------CG----W---------t--- [48.75um:57.765um] [48.75um:57.765um] 9.015um ------->
        <event:00002878 0:4.23077:0.42um> &<id:975703 Vertical abc_1342_new_n234 Metal2 [57.555um 21.5um] [57.555um 22um] 0.21um rpD:0 bl:0 -X---UC---TD---------Pb--- [21.0801um:22.42um] [57.345um:57.765um] 0.42um P------>
        <event:00002879 0:2084.96:12.365um> &<id:972791 Horizontal abc_1342_new_n164 Metal2 [37um 49.5um] [48.905um 49.5um] 0.29um rpD:1 bl:0 ------CG----W---------t--- [36.75um:49.115um] [36.75um:49.115um] 12.365um ------->
        <event:00002880 4:2084.96:12.365um> &<id:972791 Horizontal abc_1342_new_n164 Metal2 [37um 50um] [48.905um 50um] 0.29um rpD:1 bl:0 ------CG----W---------t--- [36.75um:49.115um] [36.75um:49.115um] 12.365um ------->
        <event:00002881 3:4.23077:0.42um> &<id:975093 Vertical abc_1342_new_n173 Metal2 [38.355um 50um] [38.355um 50um] 0.21um rpD:0 bl:0 -X---UC---TD---------Pb--- [49.58um:50.42um] [38.145um:38.565um] 0.42um P------>
        <event:00002882 4:4.23077:0.42um> &<id:975093 Vertical abc_1342_new_n173 Metal2 [38.355um 50um] [38.355um 50um] 0.21um rpD:0 bl:0 -X---UC---TD---------Pb--- [49.58um:50.42um] [38.145um:38.565um] 0.42um P------>
        <event:00002883 3:4231.98:18.115um> &<id:972604 Horizontal n(6) Metal2 [29um 50.5um] [46.655um 50.5um] 0.29um rpD:1 bl:0 ------CG----W---------t--- [28.75um:46.865um] [28.75um:46.865um] 18.115um ------->
        <event:00002884 3:567.124:2.315um> &<id:972915 Horizontal abc_1342_new_n173 Metal2 [36.5um 50um] [38.355um 50um] 0.29um rpD:1 bl:0 ------C-----W---------t--- [36.25um:38.565um] [36.25um:38.565um] 2.315um ------t>
        <event:00002885 3:2316.09:7.5um> &<id:972787 Vertical abc_1342_new_n164 Metal3 [37um 50um] [37um 55.5um] 0.29um rpD:1 bl:0 ------CG----W---------bb-- [49.75um:55.75um] [48.25um:55.75um] 7.5um ------->
        <event:00002886 3:950.112:3um> &<id:976824 Vertical abc_1342_new_n173 Metal3 [36.5um 47.5um] [36.5um 50um] 0.29um rpD:2 bl:0 ------C------wAS------tb-- [47.25um:50.25um] [47.25um:50.25um] 3um --S--st>
        <event:00002887 0:4.23077:0.42um> &<id:974489 Vertical n(6) Metal2 [46.655um 50um] [46.655um 50.5um] 0.21um rpD:0 bl:0 -X---UC---TD---------Pb--- [49.58um:50.92um] [46.445um:46.865um] 0.42um P------>
        <event:00002888 0:4.23077:0.42um> &<id:975395 Vertical abc_1342_new_n164 Metal2 [48.905um 49.5um] [48.905um 50um] 0.21um rpD:0 bl:0 -X---UC---TD---------Pb--- [49.08um:50.42um] [48.695um:49.115um] 0.42um P------>
        <event:00002889 0:2084.96:12.365um> &<id:972791 Horizontal abc_1342_new_n164 Metal2 [37um 50um] [48.905um 50um] 0.29um rpD:1 bl:0 ------CG----W---------t--- [36.75um:49.115um] [36.75um:49.115um] 12.365um ------->
        <event:00002890 4:2084.96:12.365um> &<id:972791 Horizontal abc_1342_new_n164 Metal2 [37um 48.5um] [48.905um 48.5um] 0.29um rpD:1 bl:0 ------CG----W---------t--- [36.75um:49.115um] [36.75um:49.115um] 12.365um ------->
        <event:00002891 3:1860.76:6um> &<id:970982 Vertical init Metal3 [40.5um 43um] [40.5um 48.5um] 0.29um rpD:1 bl:0 ------CG----W---------bb-- [42.75um:48.75um] [42.75um:48.75um] 6um ------->
        <event:00002892 3:1405.44:4.5um> &<id:972690 Vertical abc_1342_new_n253 Metal3 [39.5um 44.5um] [39.5um 48.5um] 0.29um rpD:1 bl:0 -----UCG----W---------bb-- [44.25um:48.75um] [44.25um:48.75um] 4.5um ------->
        <event:00002893 0:4.23077:0.42um> &<id:975395 Vertical abc_1342_new_n164 Metal2 [48.905um 48.5um] [48.905um 48.5um] 0.21um rpD:0 bl:0 -X---UC---TD---------Pb--- [48.0801um:48.92um] [48.695um:49.115um] 0.42um P------>
        <event:00002894 0:94.2308:0.745um> &<id:975749 Horizontal abc_1342_new_n253 Metal2 [39.19um 48.5um] [39.725um 48.5um] 0.29um rpD:0 bl:0 ---a-UC---T-----------bt-- [39.085um:39.83um] [39.085um:39.83um] 0.745um ------->
        <event:00002895 0:102.846:0.825um> &<id:974658 Horizontal init Metal2 [40.23um 48.5um] [40.845um 48.5um] 0.29um rpD:0 bl:0 ---a-UC---T-----------tb-- [40.125um:40.95um] [40.125um:40.95um] 0.825um ------->
        <event:00002896 0:2083.82:10.32um> &<id:972347 Horizontal abc_1342_new_n163 Metal2 [30.355um 72um] [40.255um 72um] 0.29um rpD:1 bl:0 ------CG----W------------- [30.145um:40.465um] [30.145um:40.465um] 10.32um ------->
        <event:00002897 0:4.23077:0.42um> &<id:975416 Vertical abc_1342_new_n163 Metal2 [30.355um 73um] [30.355um 73.5um] 0.21um rpD:0 bl:0 -X---UC---TD---------Pb--- [72.58um:73.92um] [30.145um:30.565um] 0.42um P------>
        <event:00002898 0:4.23077:0.42um> &<id:975419 Vertical abc_1342_new_n163 Metal2 [40.255um 73um] [40.255um 73.5um] 0.21um rpD:0 bl:0 -X---UC---TD---------Pb--- [72.58um:73.92um] [40.045um:40.465um] 0.42um P------>
        <event:00002899 0:2074.84:10.275um> &<id:972892 Horizontal abc_1342_auto_rtlil_cc_2739_MuxGate_1323 Metal2 [10.5um 70.5um] [20.315um 70.5um] 0.29um rpD:1 bl:0 ------CG----W---------t--- [10.25um:20.525um] [10.25um:20.525um] 10.275um ------->
        <event:00002900 0:2069.11:12.27um> &<id:972588 Horizontal abc_1342_new_n157 Metal2 [48.105um 54.5um] [59.955um 54.5um] 0.29um rpD:1 bl:0 ------CG----W------------- [47.895um:60.165um] [47.895um:60.165um] 12.27um ------->
        <event:00002901 4:2069.11:12.27um> &<id:972588 Horizontal abc_1342_new_n157 Metal2 [48.105um 56um] [59.955um 56um] 0.29um rpD:1 bl:0 ------CG----W------------- [47.895um:60.165um] [47.895um:60.165um] 12.27um ------->
        <event:00002902 3:3074.96:10um> &<id:972932 Vertical abc_1342_new_n124 Metal3 [48um 56um] [48um 65.5um] 0.29um rpD:1 bl:0 ------CG----W---------bb-- [55.75um:65.75um] [55.75um:65.75um] 10um ------->
        <event:00002903 0:4.23077:0.42um> &<id:975441 Vertical abc_1342_new_n157 Metal2 [48.105um 55.5um] [48.105um 56um] 0.21um rpD:0 bl:0 -X---UC---TD---------Pb--- [55.0801um:56.42um] [47.895um:48.315um] 0.42um P------>
        <event:00002904 4:4.23077:0.42um> &<id:975441 Vertical abc_1342_new_n157 Metal2 [48.105um 55.5um] [48.105um 56um] 0.21um rpD:0 bl:0 -X---UC---TD---------Pb--- [55.0801um:56.42um] [47.895um:48.315um] 0.42um P------>
        <event:00002905 3:3074.96:10um> &<id:972623 Vertical abc_1342_new_n158 Metal3 [48um 55.5um] [48um 65um] 0.29um rpD:1 bl:0 ------CG----W---------bb-- [55.25um:65.25um] [55.25um:65.25um] 10um ------->
        <event:00002906 0:4.23077:0.42um> &<id:975444 Vertical abc_1342_new_n157 Metal2 [59.955um 56um] [59.955um 56um] 0.21um rpD:0 bl:0 -X---UC---TD---------Pb--- [55.5801um:56.42um] [59.745um:60.165um] 0.42um P------>
        <event:00002907 0:159.169:1.005um> &<id:976063 Horizontal abc_1342_new_n158 Metal2 [47.455um 55.5um] [48um 55.5um] 0.29um rpD:0 bl:0 -----UC---T-----------bt-- [47.245um:48.25um] [47.245um:48.25um] 1.005um ------->
        <event:00002908 0:412.083:1.755um> &<id:975563 Horizontal abc_1342_new_n124 Metal2 [46.205um 56um] [47.5um 56um] 0.29um rpD:0 bl:0 -----UC---T-----------bt-- [45.995um:47.75um] [45.995um:47.75um] 1.755um ------->
        <event:00002909 0:2048.92:10.145um> &<id:972885 Horizontal abc_1342_auto_rtlil_cc_2739_MuxGate_1333 Metal2 [44.315um 56um] [54um 56um] 0.29um rpD:1 bl:0 ------CG----W----------t-- [44.105um:54.25um] [44.105um:54.25um] 10.145um ------->
        <event:00002910 4:2048.92:10.145um> &<id:972885 Horizontal abc_1342_auto_rtlil_cc_2739_MuxGate_1333 Metal2 [44.315um 56.5um] [54um 56.5um] 0.29um rpD:1 bl:0 ------CG----W----------t-- [44.105um:54.25um] [44.105um:54.25um] 10.145um ------->
        <event:00002911 3:2164.31:7um> &<id:972328 Vertical n(31) Metal3 [54.5um 50um] [54.5um 56.5um] 0.29um rpD:1 bl:0 ------CG----W---------bb-- [49.75um:56.75um] [49.75um:56.75um] 7um ------->
        <event:00002912 0:4.23077:0.42um> &<id:974276 Vertical abc_1342_auto_rtlil_cc_2739_MuxGate_1333 Metal2 [44.315um 56um] [44.315um 56.5um] 0.21um rpD:0 bl:0 -X---UC---TD---------Pb--- [55.5801um:56.92um] [44.105um:44.525um] 0.42um P------>
        <event:00002913 0:3069.89:13.105um> &<id:972327 Horizontal n(31) Metal2 [41.855um 56.5um] [54.5um 56.5um] 0.29um rpD:1 bl:0 ------CG----W----------t-- [41.645um:54.75um] [41.645um:54.75um] 13.105um ------->
        <event:00002914 0:4.23077:0.42um> &<id:976374 Vertical n(31) Metal2 [41.855um 53um] [41.855um 53.5um] 0.21um rpD:0 bl:0 -X---UC---TD---------P-b-- [52.5801um:53.92um] [41.645um:42.065um] 0.42um P------>
        <event:00002915 0:2024.89:12.005um> &<id:971342 Horizontal abc_1342_new_n175 Metal2 [23.455um 30.5um] [35um 30.5um] 0.29um rpD:1 bl:0 ------CG----W----------t-- [23.245um:35.25um] [23.245um:35.25um] 12.005um ------->
        <event:00002916 4:2024.89:12.005um> &<id:971342 Horizontal abc_1342_new_n175 Metal2 [23.455um 33um] [35um 33um] 0.29um rpD:1 bl:0 ------CG----W----------t-- [23.245um:35.25um] [23.245um:35.25um] 12.005um ------->
        <event:00002917 3:3095.41:13.215um> &<id:973085 Horizontal abc_1342_auto_rtlil_cc_2739_MuxGate_1265 Metal2 [16um 33.5um] [28.755um 33.5um] 0.29um rpD:1 bl:0 ------CG----W---------t--- [15.75um:28.965um] [15.75um:28.965um] 13.215um ------->
        <event:00002918 0:4.23077:0.42um> &<id:974953 Vertical abc_1342_new_n175 Metal2 [23.455um 32.5um] [23.455um 33um] 0.21um rpD:0 bl:0 -X---UC---TD---------Pb--- [32.08um:33.42um] [23.245um:23.665um] 0.42um P------>
        <event:00002919 0:4.23077:0.42um> &<id:974116 Vertical abc_1342_auto_rtlil_cc_2739_MuxGate_1265 Metal2 [28.755um 33um] [28.755um 33.5um] 0.21um rpD:0 bl:0 -X---UC---TD---------Pb--- [32.58um:33.92um] [28.545um:28.965um] 0.42um P------>
        <event:00002920 4:4.23077:0.42um> &<id:974116 Vertical abc_1342_auto_rtlil_cc_2739_MuxGate_1265 Metal2 [28.755um 33um] [28.755um 33.5um] 0.21um rpD:0 bl:0 -X---UC---TD---------Pb--- [32.58um:33.92um] [28.545um:28.965um] 0.42um P------>
        <event:00002921 0:2024.89:12.005um> &<id:971342 Horizontal abc_1342_new_n175 Metal2 [23.455um 33um] [35um 33um] 0.29um rpD:1 bl:0 ------CG----W----------t-- [23.245um:35.25um] [23.245um:35.25um] 12.005um ------->
        <event:00002922 4:2024.89:12.005um> &<id:971342 Horizontal abc_1342_new_n175 Metal2 [23.455um 33um] [35um 33um] 0.29um rpD:1 bl:0 ------CG----W----------t-- [23.245um:35.25um] [23.245um:35.25um] 12.005um ------->
        <event:00002923 3:3095.41:13.215um> &<id:973085 Horizontal abc_1342_auto_rtlil_cc_2739_MuxGate_1265 Metal2 [16um 33.5um] [28.755um 33.5um] 0.29um rpD:1 bl:0 ------CG----W---------t--- [15.75um:28.965um] [15.75um:28.965um] 13.215um ------->
        <event:00002924 0:4.23077:0.42um> &<id:974116 Vertical abc_1342_auto_rtlil_cc_2739_MuxGate_1265 Metal2 [28.755um 33um] [28.755um 33.5um] 0.21um rpD:0 bl:0 -X---UC---TD---------Pb--- [32.58um:33.92um] [28.545um:28.965um] 0.42um P------>
        <event:00002925 4:4.23077:0.42um> &<id:974116 Vertical abc_1342_auto_rtlil_cc_2739_MuxGate_1265 Metal2 [28.755um 33um] [28.755um 33.5um] 0.21um rpD:0 bl:0 -X---UC---TD---------Pb--- [32.58um:33.92um] [28.545um:28.965um] 0.42um P------>
        <event:00002926 4:4.23077:0.42um> &<id:974116 Vertical abc_1342_auto_rtlil_cc_2739_MuxGate_1265 Metal2 [28.755um 33um] [28.755um 33.5um] 0.21um rpD:0 bl:0 -X---UC---TD---------Pb--- [32.58um:33.92um] [28.545um:28.965um] 0.42um P------>
        <event:00002927 3:3095.41:13.215um> &<id:973085 Horizontal abc_1342_auto_rtlil_cc_2739_MuxGate_1265 Metal2 [16um 33.5um] [28.755um 33.5um] 0.29um rpD:1 bl:0 ------CG----W---------t--- [15.75um:28.965um] [15.75um:28.965um] 13.215um ------->
        <event:00002928 0:2024.89:12.005um> &<id:971342 Horizontal abc_1342_new_n175 Metal2 [23.455um 33um] [35um 33um] 0.29um rpD:1 bl:0 ------CG----W----------t-- [23.245um:35.25um] [23.245um:35.25um] 12.005um ------->
        <event:00002929 5:141:0.715um> &<id:971342 Horizontal abc_1342_new_n175 Metal2 [23.35um 33um] [23.855um 33um] 0.29um rpD:1 bl:0 ---a--C-----W----------t-- [23.245um:23.96um] [23.245um:23.96um] 0.715um ------t>
        <event:00002930 3:254.982:3um> &<id:976856 Vertical abc_1342_new_n175 Metal3 [23.5um 30.5um] [23.5um 33um] 0.29um rpD:2 bl:0 ------C------wAS------bt-- [30.25um:33.25um] [30.25um:33.25um] 3um --S--st>
        <event:00002931 3:3682.07:12um> &<id:976857 Horizontal abc_1342_new_n175 Metal4 [23.5um 33um] [35um 33um] 0.29um rpD:2 bl:0 ------CG-----w--------bb-- [23.25um:35.25um] [23.25um:35.25um] 12um -----s->
        <event:00002932 0:4.23077:0.42um> &<id:974953 Vertical abc_1342_new_n175 Metal2 [23.455um 30.5um] [23.455um 31um] 0.21um rpD:0 bl:0 -X---UC---TD---------P-b-- [30.08um:31.42um] [23.245um:23.665um] 0.42um P------>
        <event:00002933 0:2014.88:11.945um> &<id:973011 Horizontal abc_1342_new_n201 Metal2 [43.015um 9.5um] [54.5um 9.5um] 0.29um rpD:1 bl:0 ------CG----W----------t-- [42.805um:54.75um] [42.805um:54.75um] 11.945um ------->
        <event:00002934 4:2014.88:11.945um> &<id:973011 Horizontal abc_1342_new_n201 Metal2 [43.015um 9.5um] [54.5um 9.5um] 0.29um rpD:1 bl:0 ------CG----W----------t-- [42.805um:54.75um] [42.805um:54.75um] 11.945um ------->
        <event:00002935 1:1616.08:9.555um> &<id:972443 Horizontal mem_inputs(8) Metal2 [48.905um 9.5um] [58um 9.5um] 0.29um rpD:1 bl:0 ------CG----W----------t-- [48.695um:58.25um] [48.695um:58.25um] 9.555um ------->
        <event:00002936 0:4.23077:0.42um> &<id:974747 Vertical mem_inputs(8) Metal2 [48.905um 7.5um] [48.905um 8um] 0.21um rpD:0 bl:0 -X---UC---TD---------P-b-- [7.0801um:8.42um] [48.695um:49.115um] 0.42um P------>
        <event:00002937 0:2014.88:11.945um> &<id:972985 Horizontal abc_1342_new_n197 Metal2 [43.015um 15um] [54.5um 15um] 0.29um rpD:1 bl:0 ------CG----W----------t-- [42.805um:54.75um] [42.805um:54.75um] 11.945um ------->
        <event:00002938 4:2014.88:11.945um> &<id:972985 Horizontal abc_1342_new_n197 Metal2 [43.015um 15.5um] [54.5um 15.5um] 0.29um rpD:1 bl:0 ------CG----W----------t-- [42.805um:54.75um] [42.805um:54.75um] 11.945um ------->
        <event:00002939 1:611.195:2.505um> &<id:971900 Horizontal abc_1342_auto_rtlil_cc_2739_MuxGate_1257 Metal2 [43.955um 15.5um] [46um 15.5um] 0.29um rpD:1 bl:0 ------CG----W----------t-- [43.745um:46.25um] [43.745um:46.25um] 2.505um ------->
        <event:00002940 0:4.23077:0.42um> &<id:974821 Vertical abc_1342_new_n197 Metal2 [43.015um 15um] [43.015um 15.5um] 0.21um rpD:0 bl:0 -X---UC---TD---------Pb--- [14.5801um:15.92um] [42.805um:43.225um] 0.42um P------>
        <event:00002941 0:4.23077:0.42um> &<id:974079 Vertical abc_1342_auto_rtlil_cc_2739_MuxGate_1257 Metal2 [43.955um 15um] [43.955um 15um] 0.21um rpD:0 bl:0 -X---UC---TD---------Pb--- [14.5801um:15.42um] [43.745um:44.165um] 0.42um P------>
        <event:00002942 0:1999.43:8.49um> &<id:972113 Horizontal abc_1342_new_n242 Metal2 [2.285um 43um] [10.355um 43um] 0.29um rpD:1 bl:0 -----UCG----W------------- [2.075um:10.565um] [2.075um:10.565um] 8.49um ------->
        <event:00002943 4:1999.43:8.49um> &<id:972113 Horizontal abc_1342_new_n242 Metal2 [2.285um 41.5um] [10.355um 41.5um] 0.29um rpD:1 bl:0 -----UCG----W------------- [2.075um:10.565um] [2.075um:10.565um] 8.49um ------->
        <event:00002944 3:3833.84:12.5um> &<id:971915 Vertical n(0) Metal3 [9.5um 34um] [9.5um 41.5um] 0.29um rpD:2 bl:0 ------CG-----w--------bb-- [33.75um:41.75um] [31.25um:43.75um] 12.5um ------->
        <event:00002945 0:4.23077:0.42um> &<id:975723 Vertical abc_1342_new_n242 Metal2 [2.285um 41.5um] [2.285um 42um] 0.21um rpD:0 bl:0 -X---UC---TD---------P-b-- [41.0801um:42.42um] [2.075um:2.495um] 0.42um P------>
        <event:00002946 4:4.23077:0.42um> &<id:975723 Vertical abc_1342_new_n242 Metal2 [2.285um 41.5um] [2.285um 42um] 0.21um rpD:0 bl:0 -X---UC---TD---------P-b-- [41.0801um:42.42um] [2.075um:2.495um] 0.42um P------>
        <event:00002947 3:1405.44:4.5um> &<id:972103 Vertical abc_1342_new_n122 Metal3 [3um 38um] [3um 42um] 0.29um rpD:1 bl:0 -----UCG----W---------bb-- [37.75um:42.25um] [37.75um:42.25um] 4.5um ------->
        <event:00002948 0:4.23077:0.42um> &<id:975726 Vertical abc_1342_new_n242 Metal2 [10.355um 41.5um] [10.355um 42um] 0.21um rpD:0 bl:0 -X---UC---TD---------P-b-- [41.0801um:42.42um] [10.145um:10.565um] 0.42um P------>
        <event:00002949 0:488.107:1.695um> &<id:975497 Horizontal abc_1342_new_n122 Metal2 [0.765um 42um] [2um 42um] 0.29um rpD:0 bl:0 -----UC---T-----------bt-- [0.555um:2.25um] [0.555um:2.25um] 1.695um ------->
        <event:00002950 0:2281.25:9.705um> &<id:971914 Horizontal n(0) Metal2 [0.255um 41.5um] [9.5um 41.5um] 0.29um rpD:1 bl:0 ------CG----W----------t-- [0.045um:9.75um] [0.045um:9.75um] 9.705um ------->
        <event:00002951 0:4.23077:0.42um> &<id:974533 Vertical n(0) Metal2 [0.255um 43.5um] [0.255um 43.5um] 0.21um rpD:0 bl:0 -X---UC---TD---------P-b-- [43.0801um:43.92um] [0.045um:0.465um] 0.42um P------>
        <event:00002952 0:1995.95:8.975um> &<id:971234 Horizontal clk_root_2 Metal2 [1.485um 62um] [10um 62um] 0.29um rpD:1 bl:0 ------CG----W----------t-- [1.275um:10.25um] [1.275um:10.25um] 8.975um ------->
        <event:00002953 0:1984.85:11.765um> &<id:972138 Horizontal abc_1342_new_n271 Metal2 [40um 94um] [51.305um 94um] 0.29um rpD:1 bl:0 ------CG----W---------t--- [39.75um:51.515um] [39.75um:51.515um] 11.765um ------->
        <event:00002954 4:1984.85:11.765um> &<id:972138 Horizontal abc_1342_new_n271 Metal2 [40um 94um] [51.305um 94um] 0.29um rpD:1 bl:0 ------CG----W---------t--- [39.75um:51.515um] [39.75um:51.515um] 11.765um ------->
        <event:00002955 3:2164.31:7um> &<id:972998 Vertical abc_1342_new_n282 Metal3 [41.5um 87.5um] [41.5um 94um] 0.29um rpD:1 bl:0 ------CG----W---------bb-- [87.25um:94.25um] [87.25um:94.25um] 7um ------->
        <event:00002956 3:1860.76:6um> &<id:972003 Vertical n(15) Metal3 [49um 88.5um] [49um 94um] 0.29um rpD:1 bl:0 ------CG----W---------bb-- [88.25um:94.25um] [88.25um:94.25um] 6um ------->
        <event:00002957 0:147.728:1.015um> &<id:975220 Horizontal abc_1342_new_n282 Metal2 [41um 94um] [41.555um 94um] 0.29um rpD:0 bl:0 -----UC---T-----------tb-- [40.75um:41.765um] [40.75um:41.765um] 1.015um ------->
        <event:00002958 4:197.834:1.015um> &<id:975220 Horizontal abc_1342_new_n282 Metal2 [41um 95.5um] [41.555um 95.5um] 0.29um rpD:0 bl:0 -----UC---T-----------tb-- [40.75um:41.765um] [40.75um:41.765um] 1.015um ------->
        <event:00002959 3:1708.99:5.5um> &<id:972160 Vertical abc_1342_auto_rtlil_cc_2739_MuxGate_1309 Metal3 [41.5um 90.5um] [41.5um 95.5um] 0.29um rpD:1 bl:0 -----UCG----W---------bb-- [90.25um:95.75um] [90.25um:95.75um] 5.5um ------->
        <event:00002960 0:184.012:0.935um> &<id:976610 Horizontal n(15) Metal2 [48.78um 94um] [49.505um 94um] 0.29um rpD:0 bl:0 ---a-UC---T-----------tb-- [48.675um:49.61um] [48.675um:49.61um] 0.935um ------->
        <event:00002961 0:365.615:2.765um> &<id:974043 Horizontal abc_1342_auto_rtlil_cc_2739_MuxGate_1309 Metal2 [42um 95.5um] [44.305um 95.5um] 0.29um rpD:0 bl:0 -----UC---T-----------tb-- [41.75um:44.515um] [41.75um:44.515um] 2.765um ------->
        <event:00002962 0:1949.56:8.275um> &<id:971240 Horizontal clk_root_2 Metal2 [20.685um 59um] [28.5um 59um] 0.29um rpD:1 bl:0 ------CG----W----------t-- [20.475um:28.75um] [20.475um:28.75um] 8.275um ------->
        <event:00002963 0:4.23077:0.42um> &<id:973840 Vertical clk_root_2 Metal2 [20.685um 61.5um] [20.685um 61.5um] 0.21um rpD:0 bl:0 -X---UC---TD---------P-b-- [61.0801um:61.92um] [20.475um:20.895um] 0.42um P------>
        <event:00002964 0:1834.75:7.78um> &<id:971947 Horizontal abc_1342_new_n148 Metal2 [4.605um 43um] [11.965um 43um] 0.29um rpD:1 bl:0 -----UCG----W------------- [4.395um:12.175um] [4.395um:12.175um] 7.78um ------->
        <event:00002965 4:1834.75:7.78um> &<id:971947 Horizontal abc_1342_new_n148 Metal2 [4.605um 45um] [11.965um 45um] 0.29um rpD:1 bl:0 -----UCG----W------------- [4.395um:12.175um] [4.395um:12.175um] 7.78um ------->
        <event:00002966 0:4.23077:0.42um> &<id:976069 Vertical abc_1342_new_n148 Metal2 [4.605um 44.5um] [4.605um 45um] 0.21um rpD:0 bl:0 -X---UC---TD---------Pb--- [44.0801um:45.42um] [4.395um:4.815um] 0.42um P------>
        <event:00002967 0:4.23077:0.42um> &<id:976072 Vertical abc_1342_new_n148 Metal2 [11.965um 44.5um] [11.965um 45um] 0.21um rpD:0 bl:0 -X---UC---TD---------Pb--- [44.0801um:45.42um] [11.755um:12.175um] 0.42um P------>
        <event:00002968 0:3464.72:17.245um> &<id:973157 Horizontal abc_1342_auto_rtlil_cc_2739_MuxGate_1283 Metal2 [2.715um 45um] [19.5um 45um] 0.29um rpD:1 bl:0 ------CG----W----------t-- [2.505um:19.75um] [2.505um:19.75um] 17.245um ------->
        <event:00002969 5:168.5:0.715um> &<id:973157 Horizontal abc_1342_auto_rtlil_cc_2739_MuxGate_1283 Metal2 [2.355um 45um] [2.86um 45um] 0.29um rpD:1 bl:0 ---a--C-----W---------t--- [2.25um:2.965um] [2.25um:2.965um] 0.715um ------t>
        <event:00002970 3:254.982:3um> &<id:976860 Vertical abc_1342_auto_rtlil_cc_2739_MuxGate_1283 Metal3 [2.5um 42.5um] [2.5um 45um] 0.29um rpD:2 bl:0 ------C------wAS------bt-- [42.25um:45.25um] [42.25um:45.25um] 3um --S--st>
        <event:00002971 3:5351.59:17.5um> &<id:976861 Horizontal abc_1342_auto_rtlil_cc_2739_MuxGate_1283 Metal4 [2.5um 45um] [19.5um 45um] 0.29um rpD:2 bl:0 ------CG-----w--------bb-- [2.25um:19.75um] [2.25um:19.75um] 17.5um -----s->
        <event:00002972 0:4.23077:0.42um> &<id:974156 Vertical abc_1342_auto_rtlil_cc_2739_MuxGate_1283 Metal2 [2.715um 42.5um] [2.715um 42.5um] 0.21um rpD:0 bl:0 -X---UC---TD---------Pb--- [42.08um:42.92um] [2.505um:2.925um] 0.42um P------>
        <event:00002973 0:1828.83:10.83um> &<id:972342 Horizontal abc_1342_auto_rtlil_cc_2739_MuxGate_1307 Metal2 [25.905um 95um] [36.315um 95um] 0.29um rpD:1 bl:0 -----UCG----W------------- [25.695um:36.525um] [25.695um:36.525um] 10.83um ------->
        <event:00002974 4:1828.83:10.83um> &<id:972342 Horizontal abc_1342_auto_rtlil_cc_2739_MuxGate_1307 Metal2 [25.905um 94um] [36.315um 94um] 0.29um rpD:1 bl:0 -----UCG----W------------- [25.695um:36.525um] [25.695um:36.525um] 10.83um ------->
        <event:00002975 3:1860.76:6um> &<id:971934 Vertical n(14) Metal3 [31um 88.5um] [31um 94um] 0.29um rpD:1 bl:0 -----UCG----W---------bb-- [88.25um:94.25um] [88.25um:94.25um] 6um ------->
        <event:00002976 0:4.23077:0.42um> &<id:974216 Vertical abc_1342_auto_rtlil_cc_2739_MuxGate_1307 Metal2 [25.905um 94um] [25.905um 94.5um] 0.21um rpD:0 bl:0 -X---UC---TD---------P-b-- [93.58um:94.92um] [25.695um:26.115um] 0.42um P------>
        <event:00002977 0:4.23077:0.42um> &<id:974219 Vertical abc_1342_auto_rtlil_cc_2739_MuxGate_1307 Metal2 [36.315um 94um] [36.315um 94um] 0.21um rpD:0 bl:0 -X---UC---TD---------Pb--- [93.58um:94.42um] [36.105um:36.525um] 0.42um P------>
        <event:00002978 0:146:0.715um> &<id:976625 Horizontal n(14) Metal2 [30.64um 94um] [31.145um 94um] 0.29um rpD:0 bl:0 ---a-UC---T-----------bt-- [30.535um:31.25um] [30.535um:31.25um] 0.715um ------->
        <event:00002979 0:1810.39:8.175um> &<id:971246 Horizontal clk_root_2 Metal2 [2.285um 88um] [10um 88um] 0.29um rpD:1 bl:0 ------CG----W----------t-- [2.075um:10.25um] [2.075um:10.25um] 8.175um ------->
        <event:00002980 0:4.23077:0.42um> &<id:973821 Vertical clk_root_2 Metal2 [2.285um 90.5um] [2.285um 91um] 0.21um rpD:0 bl:0 -X---UC---TD---------Pb--- [90.0801um:91.42um] [2.075um:2.495um] 0.42um P------>
        <event:00002981 0:1768.64:7.495um> &<id:972751 Horizontal abc_1342_new_n135 Metal2 [51.965um 85um] [59um 85um] 0.29um rpD:1 bl:0 ------CG----W----------t-- [51.755um:59.25um] [51.755um:59.25um] 7.495um ------->
        <event:00002982 0:1755.79:8.675um> &<id:972701 Horizontal abc_1342_auto_rtlil_cc_2739_MuxGate_1339 Metal2 [50.5um 47.5um] [58.715um 47.5um] 0.29um rpD:1 bl:0 ------CG----W---------t--- [50.25um:58.925um] [50.25um:58.925um] 8.675um ------->
        <event:00002983 4:1755.79:8.675um> &<id:972701 Horizontal abc_1342_auto_rtlil_cc_2739_MuxGate_1339 Metal2 [50.5um 47.5um] [58.715um 47.5um] 0.29um rpD:1 bl:0 ------CG----W---------t--- [50.25um:58.925um] [50.25um:58.925um] 8.675um ------->
        <event:00002984 3:4.23077:0.42um> &<id:975096 Vertical abc_1342_new_n173 Metal2 [52.965um 47.5um] [52.965um 48um] 0.21um rpD:0 bl:0 -X---UC---TD---------P-b-- [47.08um:48.42um] [52.755um:53.175um] 0.42um P------>
        <event:00002985 4:4.23077:0.42um> &<id:975096 Vertical abc_1342_new_n173 Metal2 [52.965um 47.5um] [52.965um 48um] 0.21um rpD:0 bl:0 -X---UC---TD---------P-b-- [47.08um:48.42um] [52.755um:53.175um] 0.42um P------>
        <event:00002986 3:254.246:1.145um> &<id:976829 Horizontal abc_1342_new_n173 Metal2 [52.285um 47.5um] [53.22um 47.5um] 0.29um rpD:1 bl:0 ---a--C-----W---------t--- [52.18um:53.325um] [52.18um:53.325um] 1.145um -----s->
        <event:00002987 3:254.982:1um> &<id:976828 Vertical abc_1342_new_n173 Metal3 [52.5um 47.5um] [52.5um 48um] 0.29um rpD:2 bl:0 ------C------wAS------tb-- [47.25um:48.25um] [47.25um:48.25um] 1um --S--st>
        <event:00002988 0:4.23077:0.42um> &<id:975096 Vertical abc_1342_new_n173 Metal2 [52.965um 48um] [52.965um 48um] 0.21um rpD:0 bl:0 -X---UC---TD---------P-b-- [47.58um:48.42um] [52.755um:53.175um] 0.42um P------>
        <event:00002989 0:1755.79:8.675um> &<id:972701 Horizontal abc_1342_auto_rtlil_cc_2739_MuxGate_1339 Metal2 [50.5um 47.5um] [58.715um 47.5um] 0.29um rpD:1 bl:0 ------CG----W---------t--- [50.25um:58.925um] [50.25um:58.925um] 8.675um ------->
        <event:00002990 0:1753.8:8.665um> &<id:972973 Horizontal abc_1342_new_n299 Metal2 [9.5um 61um] [17.705um 61um] 0.29um rpD:1 bl:0 ------CG----W---------t--- [9.25um:17.915um] [9.25um:17.915um] 8.665um ------->
        <event:00002991 0:4.23077:0.42um> &<id:976012 Vertical abc_1342_new_n299 Metal2 [17.705um 59um] [17.705um 59.5um] 0.21um rpD:0 bl:0 -X---UC---TD---------P-b-- [58.5801um:59.92um] [17.495um:17.915um] 0.42um P------>
        <event:00002992 4:4.23077:0.42um> &<id:976012 Vertical abc_1342_new_n299 Metal2 [17.705um 59um] [17.705um 59.5um] 0.21um rpD:0 bl:0 -X---UC---TD---------P-b-- [58.5801um:59.92um] [17.495um:17.915um] 0.42um P------>
        <event:00002993 0:2809.99:16.71um> &<id:972978 Horizontal abc_1342_auto_rtlil_cc_2739_MuxGate_1325 Metal2 [2.705um 59.5um] [18.995um 59.5um] 0.29um rpD:1 bl:0 ------CG----W------------- [2.495um:19.205um] [2.495um:19.205um] 16.71um ------->
        <event:00002994 4:2809.99:16.71um> &<id:972978 Horizontal abc_1342_auto_rtlil_cc_2739_MuxGate_1325 Metal2 [2.705um 59.5um] [18.995um 59.5um] 0.29um rpD:1 bl:0 ------CG----W------------- [2.495um:19.205um] [2.495um:19.205um] 16.71um ------->
        <event:00002995 1:1753.8:8.665um> &<id:972973 Horizontal abc_1342_new_n299 Metal2 [9.5um 59um] [17.705um 59um] 0.29um rpD:1 bl:0 ------CG----W---------t--- [9.25um:17.915um] [9.25um:17.915um] 8.665um ------->
        <event:00002996 0:4.23077:0.42um> &<id:976012 Vertical abc_1342_new_n299 Metal2 [17.705um 59um] [17.705um 59.5um] 0.21um rpD:0 bl:0 -X---UC---TD---------P-b-- [58.5801um:59.92um] [17.495um:17.915um] 0.42um P------>
        <event:00002997 4:4.23077:0.42um> &<id:976012 Vertical abc_1342_new_n299 Metal2 [17.705um 59um] [17.705um 59.5um] 0.21um rpD:0 bl:0 -X---UC---TD---------P-b-- [58.5801um:59.92um] [17.495um:17.915um] 0.42um P------>
        <event:00002998 0:2809.99:16.71um> &<id:972978 Horizontal abc_1342_auto_rtlil_cc_2739_MuxGate_1325 Metal2 [2.705um 59.5um] [18.995um 59.5um] 0.29um rpD:1 bl:0 ------CG----W------------- [2.495um:19.205um] [2.495um:19.205um] 16.71um ------->
        <event:00002999 5:141:0.715um> &<id:972978 Horizontal abc_1342_auto_rtlil_cc_2739_MuxGate_1325 Metal2 [2.355um 59.5um] [2.86um 59.5um] 0.29um rpD:1 bl:0 ---a--C-----W---------t--- [2.25um:2.965um] [2.25um:2.965um] 0.715um ------t>
        <event:00003000 3:196:0.715um> &<id:976869 Horizontal abc_1342_auto_rtlil_cc_2739_MuxGate_1325 Metal2 [18.765um 59.5um] [19.27um 59.5um] 0.29um rpD:1 bl:0 ---a--C-----W----------t-- [18.66um:19.375um] [18.66um:19.375um] 0.715um -----s->
        <event:00003001 3:254.982:1.5um> &<id:976864 Vertical abc_1342_auto_rtlil_cc_2739_MuxGate_1325 Metal3 [2.5um 59.5um] [2.5um 60.5um] 0.29um rpD:2 bl:0 ------C------wAS------tb-- [59.25um:60.75um] [59.25um:60.75um] 1.5um --S--st>
        <event:00003002 3:254.982:0.71um> &<id:976868 Vertical abc_1342_auto_rtlil_cc_2739_MuxGate_1325 Metal3 [19um 59.25um] [19um 59.75um] 0.29um rpD:2 bl:0 ---a--C------wAS------tb-- [59.145um:59.855um] [59.145um:59.855um] 0.71um --S--st>
        <event:00003003 3:5199.82:17um> &<id:976865 Horizontal abc_1342_auto_rtlil_cc_2739_MuxGate_1325 Metal4 [2.5um 59.5um] [19um 59.5um] 0.29um rpD:3 bl:0 ------CG--------------bb-- [2.25um:19.25um] [2.25um:19.25um] 17um -----st>
        <event:00003004 0:4.23077:0.42um> &<id:974261 Vertical abc_1342_auto_rtlil_cc_2739_MuxGate_1325 Metal2 [2.705um 60.5um] [2.705um 60.5um] 0.21um rpD:0 bl:0 -X---UC---TD---------P-b-- [60.0801um:60.92um] [2.495um:2.915um] 0.42um P------>
        <event:00003005 0:4.23077:0.42um> &<id:974264 Vertical abc_1342_auto_rtlil_cc_2739_MuxGate_1325 Metal2 [18.995um 59.5um] [18.995um 59.5um] 0.21um rpD:0 bl:0 -X---UC---TD---------P-b-- [59.08um:59.92um] [18.785um:19.205um] 0.42um P------>
        <event:00003006 0:1751.24:10.365um> &<id:971117 Horizontal abc_1342_new_n255 Metal2 [9.5um 72um] [16.905um 72um] 0.29um rpD:1 bl:0 ------CG----W---------t--- [9.25um:17.115um] [6.75um:17.115um] 10.365um ------->
        <event:00003007 4:1751.24:10.365um> &<id:971117 Horizontal abc_1342_new_n255 Metal2 [9.5um 73um] [16.905um 73um] 0.29um rpD:1 bl:0 ------CG----W---------t--- [9.25um:17.115um] [6.75um:17.115um] 10.365um ------->
        <event:00003008 1:1032.05:6.055um> &<id:972463 Horizontal abc_1342_auto_rtlil_cc_2739_MuxGate_1321 Metal2 [9.905um 73um] [15.5um 73um] 0.29um rpD:1 bl:0 ------CG----W----------t-- [9.695um:15.75um] [9.695um:15.75um] 6.055um ------->
        <event:00003009 4:1032.05:6.055um> &<id:972463 Horizontal abc_1342_auto_rtlil_cc_2739_MuxGate_1321 Metal2 [9.905um 73um] [15.5um 73um] 0.29um rpD:1 bl:0 ------CG----W----------t-- [9.695um:15.75um] [9.695um:15.75um] 6.055um ------->
        <event:00003010 3:1860.76:6um> &<id:971101 Vertical abc_1342_new_n255 Metal3 [7um 67.5um] [7um 73um] 0.29um rpD:1 bl:0 ------CG----W---------bb-- [67.25um:73.25um] [67.25um:73.25um] 6um ------->
        <event:00003011 3:1860.76:6um> &<id:971102 Vertical abc_1342_new_n255 Metal3 [9.5um 73um] [9.5um 78.5um] 0.29um rpD:1 bl:0 ------CG----W---------bb-- [72.75um:78.75um] [72.75um:78.75um] 6um ------->
        <event:00003012 0:4.23077:0.42um> &<id:974247 Vertical abc_1342_auto_rtlil_cc_2739_MuxGate_1321 Metal2 [9.905um 72.5um] [9.905um 73um] 0.21um rpD:0 bl:0 -X---UC---TD---------Pb--- [72.0801um:73.42um] [9.695um:10.115um] 0.42um P------>
        <event:00003013 0:4.23077:0.42um> &<id:975843 Vertical abc_1342_new_n255 Metal2 [16.905um 72.5um] [16.905um 73um] 0.21um rpD:0 bl:0 -X---UC---TD---------Pb--- [72.0801um:73.42um] [16.695um:17.115um] 0.42um P------>
        <event:00003014 4:4.23077:0.42um> &<id:975843 Vertical abc_1342_new_n255 Metal2 [16.905um 72.5um] [16.905um 73um] 0.21um rpD:0 bl:0 -X---UC---TD---------Pb--- [72.0801um:73.42um] [16.695um:17.115um] 0.42um P------>
        <event:00003015 0:382.308:3.42um> &<id:976188 Horizontal n(21) Metal2 [14.925um 72.5um] [17.925um 72.5um] 0.29um rpD:0 bl:0 -----UC---T-----------bb-- [14.715um:18.135um] [14.715um:18.135um] 3.42um ------->
        <event:00003016 0:1751.24:10.365um> &<id:971117 Horizontal abc_1342_new_n255 Metal2 [8.5um 73um] [16.905um 73um] 0.29um rpD:1 bl:0 ------CG----W---------t--- [8.25um:17.115um] [6.75um:17.115um] 10.365um ------->
        <event:00003017 4:1751.24:10.365um> &<id:971117 Horizontal abc_1342_new_n255 Metal2 [8.5um 73um] [16.905um 73um] 0.29um rpD:1 bl:0 ------CG----W---------t--- [8.25um:17.115um] [6.75um:17.115um] 10.365um ------->
        <event:00003018 3:4.23077:0.42um> &<id:974247 Vertical abc_1342_auto_rtlil_cc_2739_MuxGate_1321 Metal2 [9.905um 72.5um] [9.905um 73um] 0.21um rpD:0 bl:0 -X---UC---TD---------Pb--- [72.0801um:73.42um] [9.695um:10.115um] 0.42um P------>
        <event:00003019 4:4.23077:0.42um> &<id:974247 Vertical abc_1342_auto_rtlil_cc_2739_MuxGate_1321 Metal2 [9.905um 72.5um] [9.905um 73um] 0.21um rpD:0 bl:0 -X---UC---TD---------Pb--- [72.0801um:73.42um] [9.695um:10.115um] 0.42um P------>
        <event:00003020 3:1860.76:6um> &<id:971101 Vertical abc_1342_new_n255 Metal3 [7um 67.5um] [7um 73um] 0.29um rpD:1 bl:0 ------CG----W---------bb-- [67.25um:73.25um] [67.25um:73.25um] 6um ------->
        <event:00003021 3:1860.76:6um> &<id:971102 Vertical abc_1342_new_n255 Metal3 [8.5um 73um] [8.5um 78.5um] 0.29um rpD:1 bl:0 ------CG----W---------bb-- [72.75um:78.75um] [72.75um:78.75um] 6um ------->
        <event:00003022 3:1405.44:4.5um> &<id:972462 Vertical abc_1342_auto_rtlil_cc_2739_MuxGate_1321 Metal3 [15.5um 73um] [15.5um 77um] 0.29um rpD:1 bl:0 ------CG----W---------bb-- [72.75um:77.25um] [72.75um:77.25um] 4.5um ------->
        <event:00003023 0:1751.24:8.865um> &<id:971117 Horizontal abc_1342_new_n255 Metal2 [8.5um 73um] [16.905um 73um] 0.29um rpD:1 bl:0 ------CG----W---------t--- [8.25um:17.115um] [8.25um:17.115um] 8.865um ------->
        <event:00003024 5:2771.41:9um> &<id:971117 Horizontal abc_1342_new_n255 Metal4 [8.5um 73um] [17um 73um] 0.29um rpD:2 bl:0 ------CG-----w--------bb-- [8.25um:17.25um] [8.25um:17.25um] 9um ------t>
        <event:00003025 3:141:0.715um> &<id:976873 Horizontal abc_1342_new_n255 Metal2 [16.72um 73um] [17.225um 73um] 0.29um rpD:1 bl:0 ---a--C-----W----------t-- [16.615um:17.33um] [16.615um:17.33um] 0.715um -----s->
        <event:00003026 3:254.982:1.5um> &<id:976872 Vertical abc_1342_new_n255 Metal3 [17um 72um] [17um 73um] 0.29um rpD:2 bl:0 ------C------wAS------tb-- [71.75um:73.25um] [71.75um:73.25um] 1.5um --S--st>
        <event:00003027 0:4.23077:0.42um> &<id:975843 Vertical abc_1342_new_n255 Metal2 [16.905um 72.5um] [16.905um 73um] 0.21um rpD:0 bl:0 -X---UC---TD---------Pb--- [72.0801um:73.42um] [16.695um:17.115um] 0.42um P------>
        <event:00003028 0:1702.95:8.41um> &<id:972098 Horizontal abc_1342_new_n285 Metal2 [43.455um 89.5um] [51.445um 89.5um] 0.29um rpD:1 bl:0 ------CG----W------------- [43.245um:51.655um] [43.245um:51.655um] 8.41um ------->
        <event:00003029 4:1702.95:8.41um> &<id:972098 Horizontal abc_1342_new_n285 Metal2 [43.455um 87.5um] [51.445um 87.5um] 0.29um rpD:1 bl:0 ------CG----W------------- [43.245um:51.655um] [43.245um:51.655um] 8.41um ------->
        <event:00003030 3:2619.64:8.5um> &<id:972998 Vertical abc_1342_new_n282 Metal3 [41um 87.5um] [41um 95.5um] 0.29um rpD:1 bl:0 ------CG----W---------bb-- [87.25um:95.75um] [87.25um:95.75um] 8.5um ------->
        <event:00003031 0:4.23077:0.42um> &<id:975235 Vertical abc_1342_new_n285 Metal2 [43.455um 87.5um] [43.455um 88um] 0.21um rpD:0 bl:0 -X---UC---TD---------P-b-- [87.0801um:88.42um] [43.245um:43.665um] 0.42um P------>
        <event:00003032 0:4.23077:0.42um> &<id:975238 Vertical abc_1342_new_n285 Metal2 [51.445um 87.5um] [51.445um 88um] 0.21um rpD:0 bl:0 -X---UC---TD---------P-b-- [87.0801um:88.42um] [51.235um:51.655um] 0.42um P------>
        <event:00003033 0:2847.22:12.145um> &<id:972999 Horizontal abc_1342_new_n282 Metal2 [41um 87.5um] [52.685um 87.5um] 0.29um rpD:1 bl:0 ------CG----W---------t--- [40.75um:52.895um] [40.75um:52.895um] 12.145um ------->
        <event:00003034 4:2847.22:12.145um> &<id:972999 Horizontal abc_1342_new_n282 Metal2 [41um 91um] [52.685um 91um] 0.29um rpD:1 bl:0 ------CG----W---------t--- [40.75um:52.895um] [40.75um:52.895um] 12.145um ------->
        <event:00003035 3:4.23077:0.42um> &<id:975241 Vertical abc_1342_new_n286 Metal2 [46.065um 90.5um] [46.065um 91um] 0.21um rpD:0 bl:0 -X---UC---TD---------Pb--- [90.0801um:91.42um] [45.855um:46.275um] 0.42um P------>
        <event:00003036 4:4.23077:0.42um> &<id:975241 Vertical abc_1342_new_n286 Metal2 [46.065um 90.5um] [46.065um 91um] 0.21um rpD:0 bl:0 -X---UC---TD---------Pb--- [90.0801um:91.42um] [45.855um:46.275um] 0.42um P------>
        <event:00003037 0:4.23077:0.42um> &<id:975216 Vertical abc_1342_new_n282 Metal2 [52.685um 90.5um] [52.685um 91um] 0.21um rpD:0 bl:0 -X---UC---TD---------Pb--- [90.0801um:91.42um] [52.475um:52.895um] 0.42um P------>
        <event:00003038 0:2847.22:12.145um> &<id:972999 Horizontal abc_1342_new_n282 Metal2 [41um 91um] [52.685um 91um] 0.29um rpD:1 bl:0 ------CG----W---------t--- [40.75um:52.895um] [40.75um:52.895um] 12.145um ------->
        <event:00003039 5:3682.07:12um> &<id:972999 Horizontal abc_1342_new_n282 Metal4 [41um 91um] [52.5um 91um] 0.29um rpD:2 bl:0 ------CG-----w--------bb-- [40.75um:52.75um] [40.75um:52.75um] 12um ------t>
        <event:00003040 3:196:0.715um> &<id:976877 Horizontal abc_1342_new_n282 Metal2 [52.32um 91um] [52.825um 91um] 0.29um rpD:1 bl:0 ---a--C-----W---------t--- [52.215um:52.93um] [52.215um:52.93um] 0.715um -----s->
        <event:00003041 3:254.982:1um> &<id:976876 Vertical abc_1342_new_n282 Metal3 [52.5um 90.5um] [52.5um 91um] 0.29um rpD:2 bl:0 ------C------wAS------tb-- [90.25um:91.25um] [90.25um:91.25um] 1um --S--st>
        <event:00003042 0:4.23077:0.42um> &<id:975216 Vertical abc_1342_new_n282 Metal2 [52.685um 90.5um] [52.685um 91um] 0.21um rpD:0 bl:0 -X---UC---TD---------Pb--- [90.0801um:91.42um] [52.475um:52.895um] 0.42um P------>
        <event:00003043 0:2590.91:11.04um> &<id:972449 Horizontal abc_1342_new_n286 Metal2 [46.065um 91um] [56.685um 91um] 0.29um rpD:1 bl:0 -----UCG----W------------- [45.855um:56.895um] [45.855um:56.895um] 11.04um ------->
        <event:00003044 4:2590.91:11.04um> &<id:972449 Horizontal abc_1342_new_n286 Metal2 [46.065um 91um] [56.685um 91um] 0.29um rpD:1 bl:0 -----UCG----W------------- [45.855um:56.895um] [45.855um:56.895um] 11.04um ------->
        <event:00003045 3:4.23077:0.42um> &<id:975216 Vertical abc_1342_new_n282 Metal2 [52.685um 90.5um] [52.685um 91um] 0.21um rpD:0 bl:0 -X---UC---TD---------Pb--- [90.0801um:91.42um] [52.475um:52.895um] 0.42um P------>
        <event:00003046 4:4.23077:0.42um> &<id:975216 Vertical abc_1342_new_n282 Metal2 [52.685um 90.5um] [52.685um 91um] 0.21um rpD:0 bl:0 -X---UC---TD---------Pb--- [90.0801um:91.42um] [52.475um:52.895um] 0.42um P------>
        <event:00003047 3:343.012:1um> &<id:976876 Vertical abc_1342_new_n282 Metal3 [52.5um 90.5um] [52.5um 91um] 0.29um rpD:2 bl:0 ------C------wAS------tb-- [90.25um:91.25um] [90.25um:91.25um] 1um --S--st>
        <event:00003048 0:2590.91:11.04um> &<id:972449 Horizontal abc_1342_new_n286 Metal2 [46.065um 91um] [56.685um 91um] 0.29um rpD:1 bl:0 -----UCG----W------------- [45.855um:56.895um] [45.855um:56.895um] 11.04um ------->
        <event:00003049 4:2590.91:11.04um> &<id:972449 Horizontal abc_1342_new_n286 Metal2 [46.065um 91um] [56.685um 91um] 0.29um rpD:1 bl:0 -----UCG----W------------- [45.855um:56.895um] [45.855um:56.895um] 11.04um ------->
        <event:00003050 1:196:0.715um> &<id:976877 Horizontal abc_1342_new_n282 Metal2 [52.32um 91um] [52.825um 91um] 0.29um rpD:1 bl:0 ---a--C-----W---------t--- [52.215um:52.93um] [52.215um:52.93um] 0.715um -----s->
        <event:00003051 0:4.23077:0.42um> &<id:975216 Vertical abc_1342_new_n282 Metal2 [52.685um 90.5um] [52.685um 90.5um] 0.21um rpD:0 bl:0 -X---UC---TD---------Pb--- [90.0801um:90.92um] [52.475um:52.895um] 0.42um P------>
        <event:00003052 0:1694.41:7.175um> &<id:971383 Horizontal clk_root_1 Metal2 [50.285um 31.5um] [54.5um 31.5um] 0.29um rpD:1 bl:0 ------CG----W----------t-- [50.075um:54.75um] [50.075um:57.25um] 7.175um ------->
        <event:00003053 0:4.23077:0.42um> &<id:973914 Vertical clk_root_1 Metal2 [50.285um 33um] [50.285um 33.5um] 0.21um rpD:0 bl:0 -X---UC---TD---------Pb--- [32.58um:33.92um] [50.075um:50.495um] 0.42um P------>
        <event:00003054 0:1662.07:8.205um> &<id:972398 Horizontal abc_1342_new_n292 Metal2 [0.255um 76.5um] [8um 76.5um] 0.29um rpD:1 bl:0 ------CG----W----------t-- [0.045um:8.25um] [0.045um:8.25um] 8.205um ------->
        <event:00003055 0:4.23077:0.42um> &<id:975270 Vertical abc_1342_new_n292 Metal2 [0.255um 76um] [0.255um 76.5um] 0.21um rpD:0 bl:0 -X---UC---TD---------P-b-- [75.5801um:76.92um] [0.045um:0.465um] 0.42um P------>
        <event:00003056 0:1617.87:6.845um> &<id:971186 Horizontal clk_root_0 Metal2 [45.5um 8.5um] [51.885um 8.5um] 0.29um rpD:1 bl:0 ------CG----W---------t--- [45.25um:52.095um] [45.25um:52.095um] 6.845um ------->
        <event:00003057 0:4.23077:0.42um> &<id:973981 Vertical clk_root_0 Metal2 [51.885um 10um] [51.885um 10.5um] 0.21um rpD:0 bl:0 -X---UC---TD---------Pb--- [9.58um:10.92um] [51.675um:52.095um] 0.42um P------>
        <event:00003058 0:1564.36:7.715um> &<id:973346 Horizontal inputs(3) Metal2 [25um 32.5um] [32.255um 32.5um] 0.29um rpD:1 bl:0 ------CG----W---------t--- [24.75um:32.465um] [24.75um:32.465um] 7.715um ------->
        <event:00003059 0:4.23077:0.42um> &<id:973409 Vertical inputs(3) Metal2 [32.255um 30um] [32.255um 30.5um] 0.21um rpD:0 bl:0 -X---UC---TD---------P-b-- [29.5801um:30.92um] [32.045um:32.465um] 0.42um P------>
        <event:00003060 0:1550.6:6.555um> &<id:972374 Horizontal n(9) Metal2 [13.405um 78um] [19.5um 78um] 0.29um rpD:1 bl:0 ------CG----W----------t-- [13.195um:19.75um] [13.195um:19.75um] 6.555um ------->
        <event:00003061 0:4.23077:0.42um> &<id:974394 Vertical n(9) Metal2 [13.405um 79um] [13.405um 79.5um] 0.21um rpD:0 bl:0 -X---UC---TD---------Pb--- [78.58um:79.92um] [13.195um:13.615um] 0.42um P------>
        <event:00003062 0:1542.42:7.605um> &<id:972170 Horizontal inputs(12) Metal2 [25.855um 4.5um] [33um 4.5um] 0.29um rpD:1 bl:0 -----UCG----W----------t-- [25.645um:33.25um] [25.645um:33.25um] 7.605um ------->
        <event:00003063 0:1532.65:9.055um> &<id:970967 Horizontal init Metal2 [0.905um 32.5um] [9.5um 32.5um] 0.29um rpD:1 bl:0 ------CG----W----------t-- [0.695um:9.75um] [0.695um:9.75um] 9.055um ------->
        <event:00003064 0:4.23077:0.42um> &<id:974695 Vertical init Metal2 [0.905um 32um] [0.905um 32um] 0.21um rpD:0 bl:0 -X---UC---TD---------P-b-- [31.5801um:32.42um] [0.695um:1.115um] 0.42um P------>
        <event:00003065 0:1515.96:8.955um> &<id:972825 Horizontal abc_1342_auto_rtlil_cc_2739_MuxGate_1253 Metal2 [19.505um 3.5um] [28um 3.5um] 0.29um rpD:1 bl:0 ------CG----W----------t-- [19.295um:28.25um] [19.295um:28.25um] 8.955um ------->
        <event:00003066 0:1501.78:8.87um> &<id:972155 Horizontal abc_1342_auto_rtlil_cc_2739_MuxGate_1269 Metal2 [28.305um 20um] [36.755um 20um] 0.29um rpD:1 bl:0 -----UCG----W------------- [28.095um:36.965um] [28.095um:36.965um] 8.87um ------->
        <event:00003067 0:4.23077:0.42um> &<id:974016 Vertical abc_1342_auto_rtlil_cc_2739_MuxGate_1269 Metal2 [28.305um 19.5um] [28.305um 19.5um] 0.21um rpD:0 bl:0 -X---UC---TD---------Pb--- [19.08um:19.92um] [28.095um:28.515um] 0.42um P------>
        <event:00003068 0:4.23077:0.42um> &<id:974019 Vertical abc_1342_auto_rtlil_cc_2739_MuxGate_1269 Metal2 [36.755um 19.5um] [36.755um 19.5um] 0.21um rpD:0 bl:0 -X---UC---TD---------Pb--- [19.08um:19.92um] [36.545um:36.965um] 0.42um P------>
        <event:00003069 0:1497.25:6.325um> &<id:972790 Horizontal abc_1342_new_n164 Metal2 [37um 70.5um] [42.865um 70.5um] 0.29um rpD:1 bl:0 ------CG----W---------t--- [36.75um:43.075um] [36.75um:43.075um] 6.325um ------->
        <event:00003070 0:1454.68:8.165um> &<id:972493 Horizontal n(11) Metal2 [34um 78um] [41.705um 78um] 0.29um rpD:1 bl:0 ------CG----W---------t--- [33.75um:41.915um] [33.75um:41.915um] 8.165um ------->
        <event:00003071 0:4.23077:0.42um> &<id:976277 Vertical n(11) Metal2 [41.705um 79um] [41.705um 79.5um] 0.21um rpD:0 bl:0 -X---UC---TD---------Pb--- [78.58um:79.92um] [41.495um:41.915um] 0.42um P------>
        <event:00003072 0:1447.54:10.545um> &<id:970939 Horizontal init Metal2 [1.415um 3.5um] [11.5um 3.5um] 0.29um rpD:1 bl:0 ------CG----W----------t-- [1.205um:11.75um] [1.205um:11.75um] 10.545um ------->
        <event:00003073 4:1781.27:10.545um> &<id:970939 Horizontal init Metal2 [1.415um 4um] [11.5um 4um] 0.29um rpD:1 bl:0 ------CG----W----------t-- [1.205um:11.75um] [1.205um:11.75um] 10.545um ------->
        <event:00003074 3:4.23077:0.42um> &<id:976019 Vertical abc_1342_new_n209 Metal2 [4.615um 3.5um] [4.615um 4um] 0.21um rpD:0 bl:0 -X---UC---TD---------Pb--- [3.0801um:4.42um] [4.405um:4.825um] 0.42um P------>
        <event:00003075 4:4.23077:0.42um> &<id:976019 Vertical abc_1342_new_n209 Metal2 [4.615um 3.5um] [4.615um 4um] 0.21um rpD:0 bl:0 -X---UC---TD---------Pb--- [3.0801um:4.42um] [4.405um:4.825um] 0.42um P------>
        <event:00003076 3:4.23077:0.42um> &<id:976022 Vertical abc_1342_new_n209 Metal2 [11.155um 4um] [11.155um 4um] 0.21um rpD:0 bl:0 -X---UC---TD---------P-b-- [3.5801um:4.42um] [10.945um:11.365um] 0.42um P------>
        <event:00003077 3:1183.07:6.96um> &<id:971757 Horizontal abc_1342_new_n209 Metal2 [4.615um 4um] [11.155um 4um] 0.29um rpD:1 bl:0 -----UCG----W------------- [4.405um:11.365um] [4.405um:11.365um] 6.96um ------->
        <event:00003078 0:4.23077:0.42um> &<id:974559 Vertical init Metal2 [1.415um 3.5um] [1.415um 4um] 0.21um rpD:0 bl:0 -X---UC---TD---------Pb--- [3.0801um:4.42um] [1.205um:1.625um] 0.42um P------>
        <event:00003079 0:1781.27:10.545um> &<id:970939 Horizontal init Metal2 [1.415um 4um] [11.5um 4um] 0.29um rpD:1 bl:0 ------CG----W----------t-- [1.205um:11.75um] [1.205um:11.75um] 10.545um ------->
        <event:00003080 4:1781.27:10.545um> &<id:970939 Horizontal init Metal2 [1.415um 4um] [11.5um 4um] 0.29um rpD:1 bl:0 ------CG----W----------t-- [1.205um:11.75um] [1.205um:11.75um] 10.545um ------->
        <event:00003081 3:4.23077:0.42um> &<id:976019 Vertical abc_1342_new_n209 Metal2 [4.615um 3.5um] [4.615um 4um] 0.21um rpD:0 bl:0 -X---UC---TD---------Pb--- [3.0801um:4.42um] [4.405um:4.825um] 0.42um P------>
        <event:00003082 4:4.23077:0.42um> &<id:976019 Vertical abc_1342_new_n209 Metal2 [4.615um 3.5um] [4.615um 4um] 0.21um rpD:0 bl:0 -X---UC---TD---------Pb--- [3.0801um:4.42um] [4.405um:4.825um] 0.42um P------>
        <event:00003083 3:4.23077:0.42um> &<id:976022 Vertical abc_1342_new_n209 Metal2 [11.155um 4um] [11.155um 4um] 0.21um rpD:0 bl:0 -X---UC---TD---------P-b-- [3.5801um:4.42um] [10.945um:11.365um] 0.42um P------>
        <event:00003084 3:1183.07:6.96um> &<id:971757 Horizontal abc_1342_new_n209 Metal2 [4.615um 4um] [11.155um 4um] 0.29um rpD:1 bl:0 -----UCG----W------------- [4.405um:11.365um] [4.405um:11.365um] 6.96um ------->
        <event:00003085 0:1781.27:10.545um> &<id:970939 Horizontal init Metal2 [1.415um 4um] [11.5um 4um] 0.29um rpD:1 bl:0 ------CG----W----------t-- [1.205um:11.75um] [1.205um:11.75um] 10.545um ------->
        <event:00003086 5:141:0.715um> &<id:970939 Horizontal init Metal2 [1.31um 4um] [1.815um 4um] 0.29um rpD:1 bl:0 ---a--C-----W----------t-- [1.205um:1.92um] [1.205um:1.92um] 0.715um ------t>
        <event:00003087 3:254.982:1um> &<id:976880 Vertical init Metal3 [1.5um 3.5um] [1.5um 4um] 0.29um rpD:2 bl:0 ------C------wAS------bt-- [3.25um:4.25um] [3.25um:4.25um] 1um --S--st>
        <event:00003088 3:3226.74:10.5um> &<id:976881 Horizontal init Metal4 [1.5um 4um] [11.5um 4um] 0.29um rpD:2 bl:0 ------CG-----w--------bb-- [1.25um:11.75um] [1.25um:11.75um] 10.5um -----s->
        <event:00003089 0:4.23077:0.42um> &<id:974559 Vertical init Metal2 [1.415um 3.5um] [1.415um 3.5um] 0.21um rpD:0 bl:0 -X---UC---TD---------Pb--- [3.0801um:3.92um] [1.205um:1.625um] 0.42um P------>
        <event:00003090 0:1425.35:6.015um> &<id:971967 Horizontal n(10) Metal2 [35.5um 78um] [41.055um 78um] 0.29um rpD:1 bl:0 ------CG----W---------t--- [35.25um:41.265um] [35.25um:41.265um] 6.015um ------->
        <event:00003091 0:4.23077:0.42um> &<id:976252 Vertical n(10) Metal2 [41.055um 76.5um] [41.055um 76.5um] 0.21um rpD:0 bl:0 -X---UC---TD---------P-b-- [76.0801um:76.92um] [40.845um:41.265um] 0.42um P------>
        <event:00003092 0:1410.76:5.535um> &<id:972035 Horizontal n(21) Metal2 [17.5um 72um] [20um 72um] 0.29um rpD:1 bl:0 ------CG----W---------tt-- [17.25um:20.25um] [14.715um:20.25um] 5.535um ------->
        <event:00003093 4:978.805:5.535um> &<id:972035 Horizontal n(21) Metal2 [17.5um 73um] [20um 73um] 0.29um rpD:1 bl:0 ------CG----W---------tt-- [17.25um:20.25um] [14.715um:20.25um] 5.535um ------->
        <event:00003094 3:4.23077:0.42um> &<id:975843 Vertical abc_1342_new_n255 Metal2 [16.905um 72.5um] [16.905um 73um] 0.21um rpD:0 bl:0 -X---UC---TD---------Pb--- [72.0801um:73.42um] [16.695um:17.115um] 0.42um P------>
        <event:00003095 4:4.23077:0.42um> &<id:975843 Vertical abc_1342_new_n255 Metal2 [16.905um 72.5um] [16.905um 73um] 0.21um rpD:0 bl:0 -X---UC---TD---------Pb--- [72.0801um:73.42um] [16.695um:17.115um] 0.42um P------>
        <event:00003096 3:1253.66:4um> &<id:972037 Vertical n(21) Metal3 [17.5um 73um] [17.5um 76.5um] 0.29um rpD:1 bl:0 -----UCG----W---------bb-- [72.75um:76.75um] [72.75um:76.75um] 4um ------->
        <event:00003097 3:494.787:1.5um> &<id:976872 Vertical abc_1342_new_n255 Metal3 [17um 72um] [17um 73um] 0.29um rpD:2 bl:0 ------C------wAS------tb-- [71.75um:73.25um] [71.75um:73.25um] 1.5um --S--st>
        <event:00003098 0:1402.15:5.915um> &<id:971766 Horizontal n(19) Metal2 [50um 73.5um] [55.455um 73.5um] 0.29um rpD:1 bl:0 ------CG----W---------t--- [49.75um:55.665um] [49.75um:55.665um] 5.915um ------->
        <event:00003099 0:1394.86:9.365um> &<id:972036 Horizontal n(21) Metal2 [20um 72um] [28.905um 72um] 0.29um rpD:1 bl:0 ------CG----W---------t--- [19.75um:29.115um] [19.75um:29.115um] 9.365um ------->
        <event:00003100 0:4.23077:0.42um> &<id:976208 Vertical n(21) Metal2 [28.905um 73um] [28.905um 73um] 0.21um rpD:0 bl:0 -X---UC---TD---------P-b-- [72.58um:73.42um] [28.695um:29.115um] 0.42um P------>
        <event:00003101 0:1390.81:8.205um> &<id:971026 Horizontal abc_1342_new_n174 Metal2 [0.255um 3.5um] [8um 3.5um] 0.29um rpD:1 bl:0 ------CG----W----------t-- [0.045um:8.25um] [0.045um:8.25um] 8.205um ------->
        <event:00003102 4:1390.81:8.205um> &<id:971026 Horizontal abc_1342_new_n174 Metal2 [0.255um 2.5um] [8um 2.5um] 0.29um rpD:1 bl:0 ------CG----W----------t-- [0.045um:8.25um] [0.045um:8.25um] 8.205um ------->
        <event:00003103 3:347.967:1.615um> &<id:971483 Horizontal inputs(7) Metal2 [5.5um 2um] [6.655um 2um] 0.29um rpD:1 bl:0 -----UCG----W---------t--- [5.25um:6.865um] [5.25um:6.865um] 1.615um ------->
        <event:00003104 0:4.23077:0.42um> &<id:974983 Vertical abc_1342_new_n174 Metal2 [0.255um 2.5um] [0.255um 2.5um] 0.21um rpD:0 bl:0 -X---UC---TD---------Pb--- [2.0801um:2.92um] [0.045um:0.465um] 0.42um P------>
        <event:00003105 0:4.23077:0.42um> &<id:973369 Vertical inputs(7) Metal2 [6.655um 4um] [6.655um 4.5um] 0.21um rpD:0 bl:0 -X---UC---TD---------Pb--- [3.5801um:4.92um] [6.445um:6.865um] 0.42um P------>
        <event:00003106 4:4.23077:0.42um> &<id:973369 Vertical inputs(7) Metal2 [6.655um 4um] [6.655um 4.5um] 0.21um rpD:0 bl:0 -X---UC---TD---------Pb--- [3.5801um:4.92um] [6.445um:6.865um] 0.42um P------>
        <event:00003107 0:1378.96:5.815um> &<id:972818 Horizontal abc_1342_auto_rtlil_cc_2739_MuxGate_1249 Metal2 [29um 10um] [34.355um 10um] 0.29um rpD:1 bl:0 ------CG----W---------t--- [28.75um:34.565um] [28.75um:34.565um] 5.815um ------->
        <event:00003108 0:1343.01:5.66um> &<id:971637 Horizontal abc_1342_new_n294 Metal2 [9.845um 78um] [15.085um 78um] 0.29um rpD:1 bl:0 -----UCG----W------------- [9.635um:15.295um] [9.635um:15.295um] 5.66um ------->
        <event:00003109 0:4.23077:0.42um> &<id:975295 Vertical abc_1342_new_n294 Metal2 [9.845um 76um] [9.845um 76.5um] 0.21um rpD:0 bl:0 -X---UC---TD---------P-b-- [75.5801um:76.92um] [9.635um:10.055um] 0.42um P------>
        <event:00003110 4:4.23077:0.42um> &<id:975295 Vertical abc_1342_new_n294 Metal2 [9.845um 76um] [9.845um 76.5um] 0.21um rpD:0 bl:0 -X---UC---TD---------P-b-- [75.5801um:76.92um] [9.635um:10.055um] 0.42um P------>
        <event:00003111 3:2771.41:9um> &<id:972681 Vertical abc_1342_new_n259 Metal3 [9.5um 76.5um] [9.5um 85um] 0.29um rpD:1 bl:0 ------CG----W---------bb-- [76.25um:85.25um] [76.25um:85.25um] 9um ------->
        <event:00003112 0:4.23077:0.42um> &<id:975298 Vertical abc_1342_new_n294 Metal2 [15.085um 76um] [15.085um 76.5um] 0.21um rpD:0 bl:0 -X---UC---TD---------P-b-- [75.5801um:76.92um] [14.875um:15.295um] 0.42um P------>
        <event:00003113 0:375.799:1.045um> &<id:976156 Horizontal abc_1342_new_n259 Metal2 [10.5um 76.5um] [11.085um 76.5um] 0.29um rpD:0 bl:0 -----UC---T-----------tb-- [10.25um:11.295um] [10.25um:11.295um] 1.045um ------->
        <event:00003114 0:1307.05:5.505um> &<id:972428 Horizontal abc_1342_auto_rtlil_cc_2739_MuxGate_1261 Metal2 [47.955um 4um] [53um 4um] 0.29um rpD:1 bl:0 ------CG----W----------t-- [47.745um:53.25um] [47.745um:53.25um] 5.505um ------->
        <event:00003115 0:4.23077:0.42um> &<id:974072 Vertical abc_1342_auto_rtlil_cc_2739_MuxGate_1261 Metal2 [47.955um 1um] [47.955um 1.5um] 0.21um rpD:0 bl:0 -X---UC---TD---------P-b-- [0.5801um:1.92um] [47.745um:48.165um] 0.42um P------>
        <event:00003116 0:1294.86:7.63um> &<id:971800 Horizontal abc_1342_auto_rtlil_cc_2739_MuxGate_1287 Metal2 [17.905um 43um] [25.115um 43um] 0.29um rpD:1 bl:0 -----UCG----W------------- [17.695um:25.325um] [17.695um:25.325um] 7.63um ------->
        <event:00003117 0:4.23077:0.42um> &<id:974166 Vertical abc_1342_auto_rtlil_cc_2739_MuxGate_1287 Metal2 [17.905um 43.5um] [17.905um 43.5um] 0.21um rpD:0 bl:0 -X---UC---TD---------Pb--- [43.0801um:43.92um] [17.695um:18.115um] 0.42um P------>
        <event:00003118 0:4.23077:0.42um> &<id:974169 Vertical abc_1342_auto_rtlil_cc_2739_MuxGate_1287 Metal2 [25.115um 43.5um] [25.115um 43.5um] 0.21um rpD:0 bl:0 -X---UC---TD---------Pb--- [43.0801um:43.92um] [24.905um:25.325um] 0.42um P------>
        <event:00003119 0:1294.86:7.63um> &<id:971805 Horizontal abc_1342_auto_rtlil_cc_2739_MuxGate_1289 Metal2 [8.305um 49um] [15.515um 49um] 0.29um rpD:1 bl:0 -----UCG----W------------- [8.095um:15.725um] [8.095um:15.725um] 7.63um ------->
        <event:00003120 0:4.23077:0.42um> &<id:974028 Vertical abc_1342_auto_rtlil_cc_2739_MuxGate_1289 Metal2 [8.305um 49.5um] [8.305um 49.5um] 0.21um rpD:0 bl:0 -X---UC---TD---------P-b-- [49.08um:49.92um] [8.095um:8.515um] 0.42um P------>
        <event:00003121 0:4.23077:0.42um> &<id:974031 Vertical abc_1342_auto_rtlil_cc_2739_MuxGate_1289 Metal2 [15.515um 49.5um] [15.515um 49.5um] 0.21um rpD:0 bl:0 -X---UC---TD---------P-b-- [49.08um:49.92um] [15.305um:15.725um] 0.42um P------>
        <event:00003122 0:1294.86:7.63um> &<id:971810 Horizontal abc_1342_auto_rtlil_cc_2739_MuxGate_1299 Metal2 [20.305um 78um] [27.515um 78um] 0.29um rpD:1 bl:0 -----UCG----W------------- [20.095um:27.725um] [20.095um:27.725um] 7.63um ------->
        <event:00003123 0:1294.86:7.63um> &<id:971820 Horizontal abc_1342_auto_rtlil_cc_2739_MuxGate_1313 Metal2 [54.705um 83.5um] [61.915um 83.5um] 0.29um rpD:1 bl:0 -----UCG----W------------- [54.495um:62.125um] [54.495um:62.125um] 7.63um ------->
        <event:00003124 0:1282.35:7.555um> &<id:972922 Horizontal abc_1342_new_n162 Metal2 [40.905um 73um] [48um 73um] 0.29um rpD:1 bl:0 ------CG----W----------t-- [40.695um:48.25um] [40.695um:48.25um] 7.555um ------->
        <event:00003125 4:1282.35:7.555um> &<id:972922 Horizontal abc_1342_new_n162 Metal2 [40.905um 73um] [48um 73um] 0.29um rpD:1 bl:0 ------CG----W----------t-- [40.695um:48.25um] [40.695um:48.25um] 7.555um ------->
        <event:00003126 1:1248.98:7.355um> &<id:972660 Horizontal abc_1342_auto_rtlil_cc_2739_MuxGate_1317 Metal2 [45.105um 73um] [52um 73um] 0.29um rpD:1 bl:0 ------CG----W----------t-- [44.895um:52.25um] [44.895um:52.25um] 7.355um ------->
        <event:00003127 0:4.23077:0.42um> &<id:974240 Vertical abc_1342_auto_rtlil_cc_2739_MuxGate_1317 Metal2 [45.105um 72.5um] [45.105um 72.5um] 0.21um rpD:0 bl:0 -X---UC---TD---------Pb--- [72.0801um:72.92um] [44.895um:45.315um] 0.42um P------>
        <event:00003128 0:1242.31:6.1um> &<id:971657 Horizontal abc_1342_new_n262 Metal2 [40.245um 78um] [45.925um 78um] 0.29um rpD:1 bl:0 -----UCG----W------------- [40.035um:46.135um] [40.035um:46.135um] 6.1um ------->
        <event:00003129 0:4.23077:0.42um> &<id:975874 Vertical abc_1342_new_n262 Metal2 [40.245um 76um] [40.245um 76.5um] 0.21um rpD:0 bl:0 -X---UC---TD---------P-b-- [75.5801um:76.92um] [40.035um:40.455um] 0.42um P------>
        <event:00003130 4:4.23077:0.42um> &<id:975874 Vertical abc_1342_new_n262 Metal2 [40.245um 76um] [40.245um 76.5um] 0.21um rpD:0 bl:0 -X---UC---TD---------P-b-- [75.5801um:76.92um] [40.035um:40.455um] 0.42um P------>
        <event:00003131 0:4.23077:0.42um> &<id:975877 Vertical abc_1342_new_n262 Metal2 [45.925um 76um] [45.925um 76.5um] 0.21um rpD:0 bl:0 -X---UC---TD---------P-b-- [75.5801um:76.92um] [45.715um:46.135um] 0.42um P------>
        <event:00003132 0:1425.35:6.015um> &<id:971967 Horizontal n(10) Metal2 [35.5um 76.5um] [41.055um 76.5um] 0.29um rpD:1 bl:0 ------CG----W---------t--- [35.25um:41.265um] [35.25um:41.265um] 6.015um ------->
        <event:00003133 0:4.23077:0.42um> &<id:976252 Vertical n(10) Metal2 [41.055um 78.5um] [41.055um 78.5um] 0.21um rpD:0 bl:0 -X---UC---TD---------P-b-- [78.08um:78.92um] [40.845um:41.265um] 0.42um P------>
        <event:00003134 0:1239.79:5.215um> &<id:972475 Horizontal abc_1342_new_n248 Metal2 [16um 50um] [20.755um 50um] 0.29um rpD:1 bl:0 ------CG----W---------t--- [15.75um:20.965um] [15.75um:20.965um] 5.215um ------->
        <event:00003135 0:4.23077:0.42um> &<id:976143 Vertical abc_1342_new_n248 Metal2 [20.755um 48um] [20.755um 48um] 0.21um rpD:0 bl:0 -X---UC---TD---------Pb--- [47.58um:48.42um] [20.545um:20.965um] 0.42um P------>
        <event:00003136 0:1235.15:5.195um> &<id:972640 Horizontal abc_1342_new_n283 Metal2 [53.265um 93.5um] [58um 93.5um] 0.29um rpD:1 bl:0 ------CG----W----------t-- [53.055um:58.25um] [53.055um:58.25um] 5.195um ------->
        <event:00003137 0:1221.38:5.995um> &<id:971942 Horizontal abc_1342_new_n275 Metal2 [28.965um 87.5um] [34.5um 87.5um] 0.29um rpD:1 bl:0 ------CG----W----------t-- [28.755um:34.75um] [28.755um:34.75um] 5.995um ------->
        <event:00003138 0:1218.91:5.125um> &<id:972456 Horizontal abc_1342_new_n130 Metal2 [54.5um 67.5um] [59.165um 67.5um] 0.29um rpD:1 bl:0 ------CG----W---------t--- [54.25um:59.375um] [54.25um:59.375um] 5.125um ------->
        <event:00003139 0:4.23077:0.42um> &<id:975595 Vertical abc_1342_new_n130 Metal2 [59.165um 67.5um] [59.165um 68um] 0.21um rpD:0 bl:0 -X---UC---TD---------Pb--- [67.0801um:68.42um] [58.955um:59.375um] 0.42um P------>
        <event:00003140 0:1213.93:7.645um> &<id:972296 Horizontal abc_1342_new_n147 Metal2 [27.815um 54um] [35um 54um] 0.29um rpD:1 bl:0 ------CG----W----------t-- [27.605um:35.25um] [27.605um:35.25um] 7.645um ------->
        <event:00003141 4:1297.37:7.645um> &<id:972296 Horizontal abc_1342_new_n147 Metal2 [27.815um 53.5um] [35um 53.5um] 0.29um rpD:1 bl:0 ------CG----W----------t-- [27.605um:35.25um] [27.605um:35.25um] 7.645um ------->
        <event:00003142 3:3226.74:10.5um> &<id:972693 Vertical abc_1342_new_n253 Metal3 [30um 43.5um] [30um 53.5um] 0.29um rpD:1 bl:0 ------CG----W---------bb-- [43.25um:53.75um] [43.25um:53.75um] 10.5um ------->
        <event:00003143 3:1557.21:5um> &<id:973177 Vertical abc_1342_new_n171 Metal3 [33um 49um] [33um 53.5um] 0.29um rpD:1 bl:0 ------CG----W---------bb-- [48.75um:53.75um] [48.75um:53.75um] 5um ------->
        <event:00003144 0:4.23077:0.42um> &<id:975463 Vertical abc_1342_new_n147 Metal2 [27.815um 53.5um] [27.815um 54um] 0.21um rpD:0 bl:0 -X---UC---TD---------P-b-- [53.0801um:54.42um] [27.605um:28.025um] 0.42um P------>
        <event:00003145 0:124.109:0.755um> &<id:975114 Horizontal abc_1342_new_n171 Metal2 [32.735um 53.5um] [33.28um 53.5um] 0.29um rpD:0 bl:0 ---a-UC---T-----------tb-- [32.63um:33.385um] [32.63um:33.385um] 0.755um ------->
        <event:00003146 0:125.512:1.105um> &<id:975756 Horizontal abc_1342_new_n253 Metal2 [29.855um 53.5um] [30.5um 53.5um] 0.29um rpD:0 bl:0 -----UC---T-----------bt-- [29.645um:30.75um] [29.645um:30.75um] 1.105um ------->
        <event:00003147 4:173.192:1.105um> &<id:975756 Horizontal abc_1342_new_n253 Metal2 [29.855um 54um] [30.5um 54um] 0.29um rpD:0 bl:0 -----UC---T-----------bt-- [29.645um:30.75um] [29.645um:30.75um] 1.105um ------->
        <event:00003148 3:5958.69:19.5um> &<id:970973 Vertical init Metal3 [30um 37um] [30um 56um] 0.29um rpD:1 bl:0 ------CG----W---------bb-- [36.75um:56.25um] [36.75um:56.25um] 19.5um ------->
        <event:00003149 0:227.769:1.985um> &<id:974681 Horizontal init Metal2 [30um 54um] [31.525um 54um] 0.29um rpD:0 bl:0 -----UC---T-----------tb-- [29.75um:31.735um] [29.75um:31.735um] 1.985um ------->
        <event:00003150 4:227.769:1.985um> &<id:974681 Horizontal init Metal2 [30um 54um] [31.525um 54um] 0.29um rpD:0 bl:0 -----UC---T-----------tb-- [29.75um:31.735um] [29.75um:31.735um] 1.985um ------->
        <event:00003151 3:3378.51:11um> &<id:972693 Vertical abc_1342_new_n253 Metal3 [30.5um 43.5um] [30.5um 54um] 0.29um rpD:1 bl:0 ------CG----W---------bb-- [43.25um:54.25um] [43.25um:54.25um] 11um ------->
        <event:00003152 0:173.192:1.105um> &<id:975756 Horizontal abc_1342_new_n253 Metal2 [29.855um 54um] [30.5um 54um] 0.29um rpD:0 bl:0 -----UC---T-----------bt-- [29.645um:30.75um] [29.645um:30.75um] 1.105um ------->
        <event:00003153 4:173.192:1.105um> &<id:975756 Horizontal abc_1342_new_n253 Metal2 [29.855um 54um] [30.5um 54um] 0.29um rpD:0 bl:0 -----UC---T-----------bt-- [29.645um:30.75um] [29.645um:30.75um] 1.105um ------->
        <event:00003154 3:5958.69:19.5um> &<id:970973 Vertical init Metal3 [30um 37um] [30um 56um] 0.29um rpD:1 bl:0 ------CG----W---------bb-- [36.75um:56.25um] [36.75um:56.25um] 19.5um ------->
        <event:00003155 0:227.769:1.985um> &<id:974681 Horizontal init Metal2 [30um 54um] [31.525um 54um] 0.29um rpD:0 bl:0 -----UC---T-----------tb-- [29.75um:31.735um] [29.75um:31.735um] 1.985um ------->
        <event:00003156 4:227.769:1.985um> &<id:974681 Horizontal init Metal2 [30um 54um] [31.525um 54um] 0.29um rpD:0 bl:0 -----UC---T-----------tb-- [29.75um:31.735um] [29.75um:31.735um] 1.985um ------->
        <event:00003157 3:3378.51:11um> &<id:972693 Vertical abc_1342_new_n253 Metal3 [30.5um 43.5um] [30.5um 54um] 0.29um rpD:1 bl:0 ------CG----W---------bb-- [43.25um:54.25um] [43.25um:54.25um] 11um ------->
        <event:00003158 0:173.192:1.105um> &<id:975756 Horizontal abc_1342_new_n253 Metal2 [29.855um 54um] [30.5um 54um] 0.29um rpD:0 bl:0 -----UC---T-----------bt-- [29.645um:30.75um] [29.645um:30.75um] 1.105um ------->
        <event:00003159 4:173.192:1.105um> &<id:975756 Horizontal abc_1342_new_n253 Metal2 [29.855um 53.5um] [30.5um 53.5um] 0.29um rpD:0 bl:0 -----UC---T-----------bt-- [29.645um:30.75um] [29.645um:30.75um] 1.105um ------->
        <event:00003160 0:1297.37:7.645um> &<id:972296 Horizontal abc_1342_new_n147 Metal2 [27.815um 53.5um] [35um 53.5um] 0.29um rpD:1 bl:0 ------CG----W----------t-- [27.605um:35.25um] [27.605um:35.25um] 7.645um ------->
        <event:00003161 4:1297.37:7.645um> &<id:972296 Horizontal abc_1342_new_n147 Metal2 [27.815um 54.5um] [35um 54.5um] 0.29um rpD:1 bl:0 ------CG----W----------t-- [27.605um:35.25um] [27.605um:35.25um] 7.645um ------->
        <event:00003162 3:4137.39:13.5um> &<id:973183 Vertical abc_1342_new_n166 Metal3 [27.5um 41.5um] [27.5um 54.5um] 0.29um rpD:1 bl:0 ------CG----W---------bb-- [41.25um:54.75um] [41.25um:54.75um] 13.5um ------->
        <event:00003163 3:2012.54:6.5um> &<id:972606 Vertical n(6) Metal3 [29um 50.5um] [29um 53.5um] 0.29um rpD:2 bl:0 ------CG-----w--------bb-- [50.25um:53.75um] [48.25um:54.75um] 6.5um ------->
        <event:00003164 0:4.23077:0.42um> &<id:975463 Vertical abc_1342_new_n147 Metal2 [27.815um 54.5um] [27.815um 54.5um] 0.21um rpD:0 bl:0 -X---UC---TD---------P-b-- [54.08um:54.92um] [27.605um:28.025um] 0.42um P------>
        <event:00003165 0:110.385:0.895um> &<id:975385 Horizontal abc_1342_new_n166 Metal2 [27.04um 54.5um] [27.725um 54.5um] 0.29um rpD:0 bl:0 ---a-UC---T-----------bt-- [26.935um:27.83um] [26.935um:27.83um] 0.895um ------->
        <event:00003166 0:280.538:2.475um> &<id:974497 Horizontal n(6) Metal2 [29um 54.5um] [31.015um 54.5um] 0.29um rpD:0 bl:0 -----UC---T-----------tb-- [28.75um:31.225um] [28.75um:31.225um] 2.475um ------->
        <event:00003167 4:280.538:2.475um> &<id:974497 Horizontal n(6) Metal2 [29um 54um] [31.015um 54um] 0.29um rpD:0 bl:0 -----UC---T-----------tb-- [28.75um:31.225um] [28.75um:31.225um] 2.475um ------->
        <event:00003168 3:5958.69:19.5um> &<id:970973 Vertical init Metal3 [30um 37um] [30um 56um] 0.29um rpD:1 bl:0 ------CG----W---------bb-- [36.75um:56.25um] [36.75um:56.25um] 19.5um ------->
        <event:00003169 5:7584.79:19.5um> &<id:970973 Vertical init Metal5 [30um 37um] [30um 56um] 0.39um rpD:3 bl:0 ------CG--------------bb-- [36.75um:56.25um] [36.75um:56.25um] 19.5um -----s->
        <event:00003170 3:254.982:0.71um> &<id:976888 Vertical init Metal3 [30um 36.75um] [30um 37.25um] 0.29um rpD:1 bl:0 ---a--C-----W-AS------bt-- [36.645um:37.355um] [36.645um:37.355um] 0.71um --S--st>
        <event:00003171 3:254.982:0.71um> &<id:974683 Vertical init Metal3 [30um 53.855um] [30um 54.355um] 0.29um rpD:1 bl:0 ---a-UC-----W---------bt-- [53.75um:54.46um] [53.75um:54.46um] 0.71um ------t>
        <event:00003172 3:254.982:0.71um> &<id:976884 Vertical init Metal3 [30um 55.75um] [30um 56.25um] 0.29um rpD:1 bl:0 ---a--C-----W-AS------bt-- [55.645um:56.355um] [55.645um:56.355um] 0.71um --S--st>
        <event:00003173 3:258.018:1.775um> &<id:976892 Horizontal init Metal4 [30um 54um] [31.2um 54um] 0.29um rpD:2 bl:0 ------C------wAS------bt-- [29.75um:31.525um] [29.75um:31.525um] 1.775um --S--st>
        <event:00003174 3:258.018:1.775um> &<id:976885 Horizontal init Metal4 [30um 56um] [31.2um 56um] 0.29um rpD:2 bl:0 ------C------w--------bt-- [29.75um:31.525um] [29.75um:31.525um] 1.775um -----s->
        <event:00003175 3:286.855:1.88um> &<id:974678 Horizontal init Metal4 [30um 37um] [31.2um 37um] 0.29um rpD:3 bl:0 ------C---------------bt-- [29.75um:31.525um] [29.645um:31.525um] 1.88um -----s->
        <event:00003176 1:118.5:0.715um> &<id:974676 Horizontal init Metal2 [29.82um 37um] [30.325um 37um] 0.29um rpD:0 bl:0 ---a-UC---T-----------bt-- [29.715um:30.43um] [29.715um:30.43um] 0.715um ------t>
        <event:00003177 1:1888.29:13.335um> &<id:970972 Horizontal init Metal2 [17.125um 56um] [30um 56um] 0.29um rpD:0 bl:0 ------CG--T-----------bt-- [16.915um:30.25um] [16.915um:30.25um] 13.335um ------t>
        <event:00003178 0:227.769:1.985um> &<id:974681 Horizontal init Metal2 [30um 54um] [31.525um 54um] 0.29um rpD:0 bl:0 -----UC---T-----------tb-- [29.75um:31.735um] [29.75um:31.735um] 1.985um ------->
        <event:00003179 4:227.769:1.985um> &<id:974681 Horizontal init Metal2 [30um 54.5um] [31.525um 54.5um] 0.29um rpD:0 bl:0 -----UC---T-----------tb-- [29.75um:31.735um] [29.75um:31.735um] 1.985um ------->
        <event:00003180 0:1297.37:7.645um> &<id:972296 Horizontal abc_1342_new_n147 Metal2 [27.815um 54.5um] [35um 54.5um] 0.29um rpD:1 bl:0 ------CG----W----------t-- [27.605um:35.25um] [27.605um:35.25um] 7.645um ------->
        <event:00003181 5:141:0.715um> &<id:972296 Horizontal abc_1342_new_n147 Metal2 [27.71um 54.5um] [28.215um 54.5um] 0.29um rpD:1 bl:0 ---a--C-----W----------t-- [27.605um:28.32um] [27.605um:28.32um] 0.715um ------t>
        <event:00003182 3:254.982:1um> &<id:976896 Vertical abc_1342_new_n147 Metal3 [28um 54um] [28um 54.5um] 0.29um rpD:2 bl:0 ------C------wAS------bt-- [53.75um:54.75um] [53.75um:54.75um] 1um --S--st>
        <event:00003183 3:2316.09:7.5um> &<id:976897 Horizontal abc_1342_new_n147 Metal4 [28um 54.5um] [35um 54.5um] 0.29um rpD:2 bl:0 ------CG-----w--------bb-- [27.75um:35.25um] [27.75um:35.25um] 7.5um -----s->
        <event:00003184 0:4.23077:0.42um> &<id:975463 Vertical abc_1342_new_n147 Metal2 [27.815um 54um] [27.815um 54um] 0.21um rpD:0 bl:0 -X---UC---TD---------P-b-- [53.5801um:54.42um] [27.605um:28.025um] 0.42um P------>
        <event:00003185 0:1191.08:5.005um> &<id:972196 Horizontal n(2) Metal2 [11.455um 43um] [16um 43um] 0.29um rpD:1 bl:0 ------CG----W----------t-- [11.245um:16.25um] [11.245um:16.25um] 5.005um ------->
        <event:00003186 0:4.23077:0.42um> &<id:974424 Vertical n(2) Metal2 [11.455um 43.5um] [11.455um 43.5um] 0.21um rpD:0 bl:0 -X---UC---TD---------Pb--- [43.0801um:43.92um] [11.245um:11.665um] 0.42um P------>
        <event:00003187 0:1183.07:6.96um> &<id:971757 Horizontal abc_1342_new_n209 Metal2 [4.615um 4um] [11.155um 4um] 0.29um rpD:1 bl:0 -----UCG----W------------- [4.405um:11.365um] [4.405um:11.365um] 6.96um ------->
        <event:00003188 0:4.23077:0.42um> &<id:976019 Vertical abc_1342_new_n209 Metal2 [4.615um 2um] [4.615um 2.5um] 0.21um rpD:0 bl:0 -X---UC---TD---------P-b-- [1.5801um:2.92um] [4.405um:4.825um] 0.42um P------>
        <event:00003189 4:4.23077:0.42um> &<id:976019 Vertical abc_1342_new_n209 Metal2 [4.615um 2um] [4.615um 2.5um] 0.21um rpD:0 bl:0 -X---UC---TD---------P-b-- [1.5801um:2.92um] [4.405um:4.825um] 0.42um P------>
        <event:00003190 4:4.23077:0.42um> &<id:976019 Vertical abc_1342_new_n209 Metal2 [4.615um 2um] [4.615um 2.5um] 0.21um rpD:0 bl:0 -X---UC---TD---------P-b-- [1.5801um:2.92um] [4.405um:4.825um] 0.42um P------>
        <event:00003191 3:1183.07:6.96um> &<id:971757 Horizontal abc_1342_new_n209 Metal2 [4.615um 2um] [11.155um 2um] 0.29um rpD:1 bl:0 -----UCG----W------------- [4.405um:11.365um] [4.405um:11.365um] 6.96um ------->
        <event:00003192 0:4.23077:0.42um> &<id:976022 Vertical abc_1342_new_n209 Metal2 [11.155um 2um] [11.155um 2um] 0.21um rpD:0 bl:0 -X---UC---TD---------P-b-- [1.5801um:2.42um] [10.945um:11.365um] 0.42um P------>
        <event:00003193 0:1390.81:8.205um> &<id:971026 Horizontal abc_1342_new_n174 Metal2 [0.255um 2.5um] [8um 2.5um] 0.29um rpD:1 bl:0 ------CG----W----------t-- [0.045um:8.25um] [0.045um:8.25um] 8.205um ------->
        <event:00003194 4:1390.81:8.205um> &<id:971026 Horizontal abc_1342_new_n174 Metal2 [0.255um 4um] [8um 4um] 0.29um rpD:1 bl:0 ------CG----W----------t-- [0.045um:8.25um] [0.045um:8.25um] 8.205um ------->
        <event:00003195 3:347.967:1.615um> &<id:971483 Horizontal inputs(7) Metal2 [5.5um 4.5um] [6.655um 4.5um] 0.29um rpD:1 bl:0 -----UCG----W---------t--- [5.25um:6.865um] [5.25um:6.865um] 1.615um ------->
        <event:00003196 0:4.23077:0.42um> &<id:974983 Vertical abc_1342_new_n174 Metal2 [0.255um 3.5um] [0.255um 4um] 0.21um rpD:0 bl:0 -X---UC---TD---------Pb--- [3.0801um:4.42um] [0.045um:0.465um] 0.42um P------>
        <event:00003197 0:4.23077:0.42um> &<id:973369 Vertical inputs(7) Metal2 [6.655um 4um] [6.655um 4.5um] 0.21um rpD:0 bl:0 -X---UC---TD---------Pb--- [3.5801um:4.92um] [6.445um:6.865um] 0.42um P------>
        <event:00003198 4:4.23077:0.42um> &<id:973369 Vertical inputs(7) Metal2 [6.655um 4um] [6.655um 4.5um] 0.21um rpD:0 bl:0 -X---UC---TD---------Pb--- [3.5801um:4.92um] [6.445um:6.865um] 0.42um P------>
        <event:00003199 3:1557.21:5um> &<id:971027 Vertical abc_1342_new_n174 Metal3 [8um 4um] [8um 8.5um] 0.29um rpD:1 bl:0 ------CG----W---------bb-- [3.75um:8.75um] [3.75um:8.75um] 5um ------->
        <event:00003200 0:1390.81:6.705um> &<id:971026 Horizontal abc_1342_new_n174 Metal2 [0.255um 4um] [6.5um 4um] 0.29um rpD:1 bl:0 ------CG----W----------t-- [0.045um:6.75um] [0.045um:6.75um] 6.705um ------->
        <event:00003201 5:141:0.715um> &<id:971026 Horizontal abc_1342_new_n174 Metal2 [0.15um 4um] [0.655um 4um] 0.29um rpD:1 bl:0 ---a--C-----W----------t-- [0.045um:0.76um] [0.045um:0.76um] 0.715um ------t>
        <event:00003202 3:254.982:1um> &<id:976900 Vertical abc_1342_new_n174 Metal3 [0.5um 3.5um] [0.5um 4um] 0.29um rpD:2 bl:0 ------C------wAS------bt-- [3.25um:4.25um] [3.25um:4.25um] 1um --S--st>
        <event:00003203 3:2012.54:6.5um> &<id:976901 Horizontal abc_1342_new_n174 Metal4 [0.5um 4um] [6.5um 4um] 0.29um rpD:2 bl:0 ------CG-----w--------bb-- [0.25um:6.75um] [0.25um:6.75um] 6.5um -----s->
        <event:00003204 0:4.23077:0.42um> &<id:974983 Vertical abc_1342_new_n174 Metal2 [0.255um 3.5um] [0.255um 3.5um] 0.21um rpD:0 bl:0 -X---UC---TD---------Pb--- [3.0801um:3.92um] [0.045um:0.465um] 0.42um P------>
        <event:00003205 0:1151.58:5.645um> &<id:972733 Horizontal n(8) Metal2 [3.815um 83.5um] [9um 83.5um] 0.29um rpD:1 bl:0 ------CG----W----------t-- [3.605um:9.25um] [3.605um:9.25um] 5.645um ------->
        <event:00003206 0:4.23077:0.42um> &<id:974527 Vertical n(8) Metal2 [3.815um 82um] [3.815um 82.5um] 0.21um rpD:0 bl:0 -X---UC---TD---------P-b-- [81.5801um:82.92um] [3.605um:4.025um] 0.42um P------>
        <event:00003207 4:4.23077:0.42um> &<id:974527 Vertical n(8) Metal2 [3.815um 82um] [3.815um 82.5um] 0.21um rpD:0 bl:0 -X---UC---TD---------P-b-- [81.5801um:82.92um] [3.605um:4.025um] 0.42um P------>
        <event:00003208 0:2213.64:15.655um> &<id:972951 Horizontal n(7) Metal2 [3.305um 82.5um] [18.5um 82.5um] 0.29um rpD:0 bl:0 ------CG--T-----------bt-- [3.095um:18.75um] [3.095um:18.75um] 15.655um ------->
        <event:00003209 4:2213.64:15.655um> &<id:972951 Horizontal n(7) Metal2 [3.305um 82.5um] [18.5um 82.5um] 0.29um rpD:0 bl:0 ------CG--T-----------bt-- [3.095um:18.75um] [3.095um:18.75um] 15.655um ------->
        <event:00003210 1:1151.58:5.645um> &<id:972733 Horizontal n(8) Metal2 [3.815um 82um] [9um 82um] 0.29um rpD:1 bl:0 ------CG----W----------t-- [3.605um:9.25um] [3.605um:9.25um] 5.645um ------->
        <event:00003211 0:4.23077:0.42um> &<id:974527 Vertical n(8) Metal2 [3.815um 82um] [3.815um 82.5um] 0.21um rpD:0 bl:0 -X---UC---TD---------P-b-- [81.5801um:82.92um] [3.605um:4.025um] 0.42um P------>
        <event:00003212 4:4.23077:0.42um> &<id:974527 Vertical n(8) Metal2 [3.815um 82um] [3.815um 82.5um] 0.21um rpD:0 bl:0 -X---UC---TD---------P-b-- [81.5801um:82.92um] [3.605um:4.025um] 0.42um P------>
        <event:00003213 0:2213.64:15.655um> &<id:972951 Horizontal n(7) Metal2 [3.305um 82.5um] [18.5um 82.5um] 0.29um rpD:0 bl:0 ------CG--T-----------bt-- [3.095um:18.75um] [3.095um:18.75um] 15.655um ------->
        <event:00003214 5:125.512:0.765um> &<id:972951 Horizontal n(7) Metal2 [3um 82.5um] [3.305um 82.5um] 0.29um rpD:0 bl:0 -----UC---T----S------tb-- [2.75um:3.515um] [2.75um:3.515um] 0.765um --S---t>
        <event:00003215 3:494.787:1.5um> &<id:976904 Vertical n(7) Metal3 [3um 82.5um] [3um 83.5um] 0.29um rpD:1 bl:0 ------C-----W-AS------bb-- [82.25um:83.75um] [82.25um:83.75um] 1.5um --S--st>
        <event:00003216 3:4896.27:16um> &<id:976905 Horizontal n(7) Metal2 [3um 82.5um] [18.5um 82.5um] 0.29um rpD:2 bl:0 ------CG-----wA-------tt-- [2.75um:18.75um] [2.75um:18.75um] 16um -----s->
        <event:00003217 0:1148.86:6.755um> &<id:972774 Horizontal outputs(4) Metal2 [37.705um 31.5um] [39um 31.5um] 0.29um rpD:1 bl:0 ------CG----W----------t-- [37.495um:39.25um] [37.495um:44.25um] 6.755um ------->
        <event:00003218 4:1148.86:6.755um> &<id:972774 Horizontal outputs(4) Metal2 [37.705um 30.5um] [39um 30.5um] 0.29um rpD:1 bl:0 ------CG----W----------t-- [37.495um:39.25um] [37.495um:44.25um] 6.755um ------->
        <event:00003219 0:4.23077:0.42um> &<id:973677 Vertical outputs(4) Metal2 [37.705um 30.5um] [37.705um 31um] 0.21um rpD:0 bl:0 -X---UC---TD---------P-b-- [30.08um:31.42um] [37.495um:37.915um] 0.42um P------>
        <event:00003220 4:4.23077:0.42um> &<id:973677 Vertical outputs(4) Metal2 [37.705um 30.5um] [37.705um 31um] 0.21um rpD:0 bl:0 -X---UC---TD---------P-b-- [30.08um:31.42um] [37.495um:37.915um] 0.42um P------>
        <event:00003221 3:1860.76:6um> &<id:970978 Vertical init Metal3 [34.5um 26um] [34.5um 31um] 0.29um rpD:1 bl:0 ------CG----W---------bb-- [25.75um:31.25um] [25.25um:31.25um] 6um ------->
        <event:00003222 0:463.615:4.175um> &<id:974668 Horizontal init Metal2 [34.5um 31um] [38.215um 31um] 0.29um rpD:0 bl:0 -----UC---T-----------tb-- [34.25um:38.425um] [34.25um:38.425um] 4.175um ------->
        <event:00003223 4:463.615:4.175um> &<id:974668 Horizontal init Metal2 [34.5um 31um] [38.215um 31um] 0.29um rpD:0 bl:0 -----UC---T-----------tb-- [34.25um:38.425um] [34.25um:38.425um] 4.175um ------->
        <event:00003224 1:1148.86:6.755um> &<id:972774 Horizontal outputs(4) Metal2 [37.705um 30.5um] [39um 30.5um] 0.29um rpD:1 bl:0 ------CG----W----------t-- [37.495um:39.25um] [37.495um:44.25um] 6.755um ------->
        <event:00003225 0:4.23077:0.42um> &<id:973677 Vertical outputs(4) Metal2 [37.705um 30.5um] [37.705um 31um] 0.21um rpD:0 bl:0 -X---UC---TD---------P-b-- [30.08um:31.42um] [37.495um:37.915um] 0.42um P------>
        <event:00003226 4:4.23077:0.42um> &<id:973677 Vertical outputs(4) Metal2 [37.705um 30.5um] [37.705um 31um] 0.21um rpD:0 bl:0 -X---UC---TD---------P-b-- [30.08um:31.42um] [37.495um:37.915um] 0.42um P------>
        <event:00003227 3:1860.76:6um> &<id:970978 Vertical init Metal3 [34.5um 26um] [34.5um 31um] 0.29um rpD:1 bl:0 ------CG----W---------bb-- [25.75um:31.25um] [25.25um:31.25um] 6um ------->
        <event:00003228 0:463.615:4.175um> &<id:974668 Horizontal init Metal2 [34.5um 31um] [38.215um 31um] 0.29um rpD:0 bl:0 -----UC---T-----------tb-- [34.25um:38.425um] [34.25um:38.425um] 4.175um ------->
        <event:00003229 4:463.615:4.175um> &<id:974668 Horizontal init Metal2 [34.5um 32.5um] [38.215um 32.5um] 0.29um rpD:0 bl:0 -----UC---T-----------tb-- [34.25um:38.425um] [34.25um:38.425um] 4.175um ------->
        <event:00003230 3:19163.1:63um> &<id:973327 Vertical inputs(5) Metal3 [34.5um 32.5um] [34.5um 95um] 0.29um rpD:1 bl:0 ------CG----W---------bb-- [32.25um:95.25um] [32.25um:95.25um] 63um ------->
        <event:00003231 0:132.524:1.615um> &<id:973385 Horizontal inputs(5) Metal2 [33.5um 32.5um] [34.655um 32.5um] 0.29um rpD:0 bl:0 -----UC---T-----------tb-- [33.25um:34.865um] [33.25um:34.865um] 1.615um ------->
        <event:00003232 0:2337.76:13.88um> &<id:972796 Horizontal abc_1342_new_n226 Metal2 [33.845um 30.5um] [47.305um 30.5um] 0.29um rpD:1 bl:0 ------CG----W------------- [33.635um:47.515um] [33.635um:47.515um] 13.88um ------->
        <event:00003233 4:2337.76:13.88um> &<id:972796 Horizontal abc_1342_new_n226 Metal2 [33.845um 33um] [47.305um 33um] 0.29um rpD:1 bl:0 ------CG----W------------- [33.635um:47.515um] [33.635um:47.515um] 13.88um ------->
        <event:00003234 3:4.23077:0.42um> &<id:975697 Vertical abc_1342_new_n231 Metal2 [40.255um 32.5um] [40.255um 33um] 0.21um rpD:0 bl:0 -X---UC---TD---------Pb--- [32.08um:33.42um] [40.045um:40.465um] 0.42um P------>
        <event:00003235 4:4.23077:0.42um> &<id:975697 Vertical abc_1342_new_n231 Metal2 [40.255um 32.5um] [40.255um 33um] 0.21um rpD:0 bl:0 -X---UC---TD---------Pb--- [32.08um:33.42um] [40.045um:40.465um] 0.42um P------>
        <event:00003236 4:4.23077:0.42um> &<id:975697 Vertical abc_1342_new_n231 Metal2 [40.255um 32.5um] [40.255um 33um] 0.21um rpD:0 bl:0 -X---UC---TD---------Pb--- [32.08um:33.42um] [40.045um:40.465um] 0.42um P------>
        <event:00003237 4:148.509:0.76um> &<id:976813 Horizontal abc_1342_new_n231 Metal2 [39.89um 33um] [40.405um 33um] 0.29um rpD:1 bl:0 ---a--C-----W---------t--- [39.75um:40.51um] [39.75um:40.51um] 0.76um -----s->
        <event:00003238 3:1405.44:4.5um> &<id:971709 Vertical abc_1342_auto_rtlil_cc_2739_MuxGate_1273 Metal3 [42.5um 33um] [42.5um 37um] 0.29um rpD:1 bl:0 -----UCG----W---------bb-- [32.75um:37.25um] [32.75um:37.25um] 4.5um ------->
        <event:00003239 3:254.982:1um> &<id:976812 Vertical abc_1342_new_n231 Metal3 [40um 32.5um] [40um 33um] 0.29um rpD:2 bl:0 ------C------wAS------bt-- [32.25um:33.25um] [32.25um:33.25um] 1um --S--st>
        <event:00003240 0:4.23077:0.42um> &<id:975678 Vertical abc_1342_new_n226 Metal2 [33.845um 33um] [33.845um 33um] 0.21um rpD:0 bl:0 -X---UC---TD---------Pb--- [32.58um:33.42um] [33.635um:34.055um] 0.42um P------>
        <event:00003241 0:4.23077:0.42um> &<id:975697 Vertical abc_1342_new_n231 Metal2 [40.255um 32.5um] [40.255um 32.5um] 0.21um rpD:0 bl:0 -X---UC---TD---------Pb--- [32.08um:32.92um] [40.045um:40.465um] 0.42um P------>
        <event:00003242 0:4.23077:0.42um> &<id:975681 Vertical abc_1342_new_n226 Metal2 [47.305um 32.5um] [47.305um 33um] 0.21um rpD:0 bl:0 -X---UC---TD---------Pb--- [32.08um:33.42um] [47.095um:47.515um] 0.42um P------>
        <event:00003243 4:4.23077:0.42um> &<id:975681 Vertical abc_1342_new_n226 Metal2 [47.305um 32.5um] [47.305um 33um] 0.21um rpD:0 bl:0 -X---UC---TD---------Pb--- [32.08um:33.42um] [47.095um:47.515um] 0.42um P------>
        <event:00003244 0:161.55:0.805um> &<id:974131 Horizontal abc_1342_auto_rtlil_cc_2739_MuxGate_1273 Metal2 [42.11um 33um] [42.705um 33um] 0.29um rpD:0 bl:0 ---a-UC---T-----------bt-- [42.005um:42.81um] [42.005um:42.81um] 0.805um ------->
        <event:00003245 0:1396.77:12.84um> &<id:973218 Horizontal outputs(6) Metal2 [44.105um 32.5um] [56.525um 32.5um] 0.29um rpD:0 bl:0 ------CG--T-----------bb-- [43.895um:56.735um] [43.895um:56.735um] 12.84um ------->
        <event:00003246 0:2337.76:13.88um> &<id:972796 Horizontal abc_1342_new_n226 Metal2 [33.845um 33um] [47.305um 33um] 0.29um rpD:1 bl:0 ------CG----W------------- [33.635um:47.515um] [33.635um:47.515um] 13.88um ------->
        <event:00003247 5:196:0.715um> &<id:972796 Horizontal abc_1342_new_n226 Metal2 [33.74um 33um] [34.245um 33um] 0.29um rpD:1 bl:0 ---a--C-----W----------t-- [33.635um:34.35um] [33.635um:34.35um] 0.715um ------t>
        <event:00003248 3:141:0.715um> &<id:976913 Horizontal abc_1342_new_n226 Metal2 [47.17um 33um] [47.675um 33um] 0.29um rpD:1 bl:0 ---a--C-----W----------t-- [47.065um:47.78um] [47.065um:47.78um] 0.715um -----s->
        <event:00003249 3:254.982:2um> &<id:976908 Vertical abc_1342_new_n226 Metal3 [34um 31.5um] [34um 33um] 0.29um rpD:2 bl:0 ------C------wAS------bt-- [31.25um:33.25um] [31.25um:33.25um] 2um --S--st>
        <event:00003250 3:254.982:0.71um> &<id:976912 Vertical abc_1342_new_n226 Metal3 [47.5um 32.75um] [47.5um 33.25um] 0.29um rpD:2 bl:0 ---a--C------wAS------tb-- [32.645um:33.355um] [32.645um:33.355um] 0.71um --S--st>
        <event:00003251 3:4289.17:14um> &<id:976909 Horizontal abc_1342_new_n226 Metal4 [34um 33um] [47.5um 33um] 0.29um rpD:3 bl:0 ------CG--------------bb-- [33.75um:47.75um] [33.75um:47.75um] 14um -----st>
        <event:00003252 0:4.23077:0.42um> &<id:975678 Vertical abc_1342_new_n226 Metal2 [33.845um 31.5um] [33.845um 31.5um] 0.21um rpD:0 bl:0 -X---UC---TD---------Pb--- [31.0801um:31.92um] [33.635um:34.055um] 0.42um P------>
        <event:00003253 0:4.23077:0.42um> &<id:975681 Vertical abc_1342_new_n226 Metal2 [47.305um 32.5um] [47.305um 33um] 0.21um rpD:0 bl:0 -X---UC---TD---------Pb--- [32.08um:33.42um] [47.095um:47.515um] 0.42um P------>
        <event:00003254 0:1119.68:5.485um> &<id:972329 Horizontal n(31) Metal2 [54.5um 54.5um] [59.525um 54.5um] 0.29um rpD:1 bl:0 ------CG----W---------t--- [54.25um:59.735um] [54.25um:59.735um] 5.485um ------->
        <event:00003255 0:1101.89:3.5um> &<id:973378 Horizontal inputs(6) Metal2 [38.5um 97.5um] [41.5um 97.5um] 0.29um rpD:1 bl:0 ------C-----W---------tt-- [38.25um:41.75um] [38.25um:41.75um] 3.5um ------->
        <event:00003256 0:1077.8:5.275um> &<id:972376 Horizontal n(9) Metal2 [35um 78um] [39.815um 78um] 0.29um rpD:1 bl:0 ------CG----W---------t--- [34.75um:40.025um] [34.75um:40.025um] 5.275um ------->
        <event:00003257 0:4.23077:0.42um> &<id:974397 Vertical n(9) Metal2 [39.815um 76.5um] [39.815um 77um] 0.21um rpD:0 bl:0 -X---UC---TD---------P-b-- [76.0801um:77.42um] [39.605um:40.025um] 0.42um P------>
        <event:00003258 0:1075.81:5.265um> &<id:972735 Horizontal n(8) Metal2 [35um 78um] [39.305um 78um] 0.29um rpD:1 bl:0 ------CG----W---------t--- [34.75um:39.515um] [34.25um:39.515um] 5.265um ------->
        <event:00003259 0:4.23077:0.42um> &<id:974530 Vertical n(8) Metal2 [39.305um 77.5um] [39.305um 77.5um] 0.21um rpD:0 bl:0 -X---UC---TD---------P-b-- [77.0801um:77.92um] [39.095um:39.515um] 0.42um P------>
        <event:00003260 0:1075.1:4.505um> &<id:972542 Horizontal abc_1342_new_n215 Metal2 [29um 36um] [33.045um 36um] 0.29um rpD:1 bl:0 ------CG----W---------t--- [28.75um:33.255um] [28.75um:33.255um] 4.505um ------->
        <event:00003261 0:1073.94:4.5um> &<id:974335 Horizontal n(5) Metal2 [13.325um 49um] [17.405um 49um] 0.29um rpD:1 bl:0 -----UC-----W------------- [13.115um:17.615um] [13.115um:17.615um] 4.5um ------->
        <event:00003262 0:4.23077:0.42um> &<id:974331 Vertical n(5) Metal2 [13.325um 48.5um] [13.325um 48.5um] 0.21um rpD:0 bl:0 -X---UC---TD---------P-b-- [48.0801um:48.92um] [13.115um:13.535um] 0.42um P------>
        <event:00003263 0:4.23077:0.42um> &<id:974334 Vertical n(5) Metal2 [17.405um 48.5um] [17.405um 48.5um] 0.21um rpD:0 bl:0 -X---UC---TD---------P-b-- [48.0801um:48.92um] [17.195um:17.615um] 0.42um P------>
        <event:00003264 0:1032.05:6.055um> &<id:972463 Horizontal abc_1342_auto_rtlil_cc_2739_MuxGate_1321 Metal2 [9.905um 73um] [15.5um 73um] 0.29um rpD:1 bl:0 ------CG----W----------t-- [9.695um:15.75um] [9.695um:15.75um] 6.055um ------->
        <event:00003265 0:4.23077:0.42um> &<id:974247 Vertical abc_1342_auto_rtlil_cc_2739_MuxGate_1321 Metal2 [9.905um 72.5um] [9.905um 72.5um] 0.21um rpD:0 bl:0 -X---UC---TD---------Pb--- [72.0801um:72.92um] [9.695um:10.115um] 0.42um P------>
        <event:00003266 0:1007.01:4.92um> &<id:971564 Horizontal abc_1342_new_n172 Metal2 [35.665um 54.5um] [40.165um 54.5um] 0.29um rpD:1 bl:0 -----UCG----W------------- [35.455um:40.375um] [35.455um:40.375um] 4.92um ------->
        <event:00003267 0:4.23077:0.42um> &<id:975099 Vertical abc_1342_new_n172 Metal2 [35.665um 53um] [35.665um 53.5um] 0.21um rpD:0 bl:0 -X---UC---TD---------P-b-- [52.5801um:53.92um] [35.455um:35.875um] 0.42um P------>
        <event:00003268 0:4.23077:0.42um> &<id:975102 Vertical abc_1342_new_n172 Metal2 [40.165um 53um] [40.165um 53.5um] 0.21um rpD:0 bl:0 -X---UC---TD---------P-b-- [52.5801um:53.92um] [39.955um:40.375um] 0.42um P------>
        <event:00003269 0:1005.51:4.205um> &<id:972595 Horizontal abc_1342_new_n291 Metal2 [44.255um 79um] [48um 79um] 0.29um rpD:1 bl:0 ------CG----W----------t-- [44.045um:48.25um] [44.045um:48.25um] 4.205um ------->
        <event:00003270 0:4.23077:0.42um> &<id:975247 Vertical abc_1342_new_n291 Metal2 [44.255um 79um] [44.255um 79.5um] 0.21um rpD:0 bl:0 -X---UC---TD---------Pb--- [78.58um:79.92um] [44.045um:44.465um] 0.42um P------>
        <event:00003271 0:989.278:4.135um> &<id:972605 Horizontal n(6) Metal2 [25.325um 53.5um] [29um 53.5um] 0.29um rpD:1 bl:0 ------CG----W----------t-- [25.115um:29.25um] [25.115um:29.25um] 4.135um ------->
        <event:00003272 0:4.23077:0.42um> &<id:974502 Vertical n(6) Metal2 [25.325um 53um] [25.325um 53.5um] 0.21um rpD:0 bl:0 -X---UC---TD---------P-b-- [52.5801um:53.92um] [25.115um:25.535um] 0.42um P------>
        <event:00003273 0:978.805:5.535um> &<id:972035 Horizontal n(21) Metal2 [17.5um 73um] [20um 73um] 0.29um rpD:1 bl:0 ------CG----W---------tt-- [17.25um:20.25um] [14.715um:20.25um] 5.535um ------->
        <event:00003274 4:978.805:5.535um> &<id:972035 Horizontal n(21) Metal2 [17.5um 73um] [20um 73um] 0.29um rpD:1 bl:0 ------CG----W---------tt-- [17.25um:20.25um] [14.715um:20.25um] 5.535um ------->
        <event:00003275 1:141:0.715um> &<id:976873 Horizontal abc_1342_new_n255 Metal2 [16.72um 73um] [17.225um 73um] 0.29um rpD:1 bl:0 ---a--C-----W----------t-- [16.615um:17.33um] [16.615um:17.33um] 0.715um -----s->
        <event:00003276 0:4.23077:0.42um> &<id:975843 Vertical abc_1342_new_n255 Metal2 [16.905um 72.5um] [16.905um 72.5um] 0.21um rpD:0 bl:0 -X---UC---TD---------Pb--- [72.0801um:72.92um] [16.695um:17.115um] 0.42um P------>
        <event:00003277 0:954.462:5.59um> &<id:971616 Horizontal abc_1342_new_n160 Metal2 [36.755um 72um] [41.925um 72um] 0.29um rpD:1 bl:0 -----UCG----W------------- [36.545um:42.135um] [36.545um:42.135um] 5.59um ------->
        <event:00003278 4:954.462:5.59um> &<id:971616 Horizontal abc_1342_new_n160 Metal2 [36.755um 72um] [41.925um 72um] 0.29um rpD:1 bl:0 -----UCG----W------------- [36.545um:42.135um] [36.545um:42.135um] 5.59um ------->
        <event:00003279 3:3226.74:10.5um> &<id:972707 Vertical abc_1342_new_n310 Metal3 [39.5um 62um] [39.5um 72um] 0.29um rpD:1 bl:0 ------CG----W---------bb-- [61.75um:72.25um] [61.75um:72.25um] 10.5um ------->
        <event:00003280 0:154.639:0.765um> &<id:975926 Horizontal abc_1342_new_n310 Metal2 [39.175um 72um] [39.73um 72um] 0.29um rpD:0 bl:0 ---a-UC---T-----------bt-- [39.07um:39.835um] [39.07um:39.835um] 0.765um ------->
        <event:00003281 0:950.112:3um> &<id:973453 Horizontal inputs(0) Metal2 [3um 97.5um] [5.5um 97.5um] 0.29um rpD:1 bl:0 ------C-----W---------tt-- [2.75um:5.75um] [2.75um:5.75um] 3um ------->
        <event:00003282 0:948.621:5.555um> &<id:972758 Horizontal abc_1342_auto_rtlil_cc_2739_MuxGate_1255 Metal2 [29.905um 3.5um] [35um 3.5um] 0.29um rpD:1 bl:0 ------CG----W----------t-- [29.695um:35.25um] [29.695um:35.25um] 5.555um ------->
        <event:00003283 0:915.249:3.355um> &<id:972217 Horizontal outputs(1) Metal2 [56.105um 19um] [59um 19um] 0.29um rpD:1 bl:0 ------CG----W----------t-- [55.895um:59.25um] [55.895um:59.25um] 3.355um ------->
        <event:00003284 0:4.23077:0.42um> &<id:973502 Vertical outputs(1) Metal2 [56.105um 19.5um] [56.105um 19.5um] 0.21um rpD:0 bl:0 -X---UC---TD---------P-b-- [19.08um:19.92um] [55.895um:56.315um] 0.42um P------>
        <event:00003285 0:907.308:4.42um> &<id:975999 Horizontal abc_1342_new_n178 Metal2 [0.685um 37.5um] [4.685um 37.5um] 0.29um rpD:1 bl:0 -----UC-----W------------- [0.475um:4.895um] [0.475um:4.895um] 4.42um ------->
        <event:00003286 0:4.23077:0.42um> &<id:975995 Vertical abc_1342_new_n178 Metal2 [0.685um 38.5um] [0.685um 39um] 0.21um rpD:0 bl:0 -X---UC---TD---------Pb--- [38.08um:39.42um] [0.475um:0.895um] 0.42um P------>
        <event:00003287 4:4.23077:0.42um> &<id:975995 Vertical abc_1342_new_n178 Metal2 [0.685um 38.5um] [0.685um 39um] 0.21um rpD:0 bl:0 -X---UC---TD---------Pb--- [38.08um:39.42um] [0.475um:0.895um] 0.42um P------>
        <event:00003288 3:7021.12:23um> &<id:973193 Vertical outputs(13) Metal3 [3um 16um] [3um 38.5um] 0.29um rpD:1 bl:0 ------CG----W---------bb-- [15.75um:38.75um] [15.75um:38.75um] 23um ------->
        <event:00003289 0:4.23077:0.42um> &<id:975998 Vertical abc_1342_new_n178 Metal2 [4.685um 38.5um] [4.685um 39um] 0.21um rpD:0 bl:0 -X---UC---TD---------Pb--- [38.08um:39.42um] [4.475um:4.895um] 0.42um P------>
        <event:00003290 0:6.76923:0.75um> &<id:973601 Horizontal outputs(13) Metal2 [-0.105um 38.5um] [0.395um 38.5um] 0.29um rpD:0 bl:0 ---a-UC---T------------t-- [-0.25um:0.5um] [-0.25um:0.5um] 0.75um ------->
        <event:00003291 4:6.76923:0.75um> &<id:973601 Horizontal outputs(13) Metal2 [-0.105um 38.5um] [0.395um 38.5um] 0.29um rpD:0 bl:0 ---a-UC---T------------t-- [-0.25um:0.5um] [-0.25um:0.5um] 0.75um ------->
        <event:00003292 1:907.308:4.42um> &<id:975999 Horizontal abc_1342_new_n178 Metal2 [0.685um 39um] [4.685um 39um] 0.29um rpD:1 bl:0 -----UC-----W------------- [0.475um:4.895um] [0.475um:4.895um] 4.42um ------->
        <event:00003293 0:4.23077:0.42um> &<id:975995 Vertical abc_1342_new_n178 Metal2 [0.685um 38.5um] [0.685um 39um] 0.21um rpD:0 bl:0 -X---UC---TD---------Pb--- [38.08um:39.42um] [0.475um:0.895um] 0.42um P------>
        <event:00003294 4:4.23077:0.42um> &<id:975995 Vertical abc_1342_new_n178 Metal2 [0.685um 38.5um] [0.685um 39um] 0.21um rpD:0 bl:0 -X---UC---TD---------Pb--- [38.08um:39.42um] [0.475um:0.895um] 0.42um P------>
        <event:00003295 3:7021.12:23um> &<id:973193 Vertical outputs(13) Metal3 [0um 16um] [0um 38.5um] 0.29um rpD:1 bl:0 ------CG----W---------bb-- [15.75um:38.75um] [15.75um:38.75um] 23um ------->
        <event:00003296 0:6.76923:0.75um> &<id:973601 Horizontal outputs(13) Metal2 [-0.105um 38.5um] [0.395um 38.5um] 0.29um rpD:0 bl:0 ---a-UC---T------------t-- [-0.25um:0.5um] [-0.25um:0.5um] 0.75um ------->
        <event:00003297 4:6.76923:0.75um> &<id:973601 Horizontal outputs(13) Metal2 [-0.105um 38.5um] [0.395um 38.5um] 0.29um rpD:0 bl:0 ---a-UC---T------------t-- [-0.25um:0.5um] [-0.25um:0.5um] 0.75um ------->
        <event:00003298 1:907.308:4.42um> &<id:975999 Horizontal abc_1342_new_n178 Metal2 [0.685um 39um] [4.685um 39um] 0.29um rpD:1 bl:0 -----UC-----W------------- [0.475um:4.895um] [0.475um:4.895um] 4.42um ------->
        <event:00003299 0:4.23077:0.42um> &<id:975995 Vertical abc_1342_new_n178 Metal2 [0.685um 38.5um] [0.685um 39um] 0.21um rpD:0 bl:0 -X---UC---TD---------Pb--- [38.08um:39.42um] [0.475um:0.895um] 0.42um P------>
        <event:00003300 4:4.23077:0.42um> &<id:975995 Vertical abc_1342_new_n178 Metal2 [0.685um 38.5um] [0.685um 39um] 0.21um rpD:0 bl:0 -X---UC---TD---------Pb--- [38.08um:39.42um] [0.475um:0.895um] 0.42um P------>
        <event:00003301 4:4.23077:0.42um> &<id:975995 Vertical abc_1342_new_n178 Metal2 [0.685um 38.5um] [0.685um 39um] 0.21um rpD:0 bl:0 -X---UC---TD---------Pb--- [38.08um:39.42um] [0.475um:0.895um] 0.42um P------>
        <event:00003302 3:907.308:4.42um> &<id:975999 Horizontal abc_1342_new_n178 Metal2 [0.685um 39um] [4.685um 39um] 0.29um rpD:1 bl:0 -----UC-----W------------- [0.475um:4.895um] [0.475um:4.895um] 4.42um ------->
        <event:00003303 3:7021.12:23um> &<id:973193 Vertical outputs(13) Metal3 [0um 16um] [0um 38.5um] 0.29um rpD:1 bl:0 ------CG----W---------bb-- [15.75um:38.75um] [15.75um:38.75um] 23um ------->
        <event:00003304 0:6.76923:0.75um> &<id:973601 Horizontal outputs(13) Metal2 [-0.105um 38.5um] [0.395um 38.5um] 0.29um rpD:0 bl:0 ---a-UC---T------------t-- [-0.25um:0.5um] [-0.25um:0.5um] 0.75um ------->
        <event:00003305 4:6.76923:0.75um> &<id:973601 Horizontal outputs(13) Metal2 [-0.105um 38.5um] [0.395um 38.5um] 0.29um rpD:0 bl:0 ---a-UC---T------------t-- [-0.25um:0.5um] [-0.25um:0.5um] 0.75um ------->
        <event:00003306 1:907.308:4.42um> &<id:975999 Horizontal abc_1342_new_n178 Metal2 [0.685um 39um] [4.685um 39um] 0.29um rpD:1 bl:0 -----UC-----W------------- [0.475um:4.895um] [0.475um:4.895um] 4.42um ------->
        <event:00003307 0:4.23077:0.42um> &<id:975995 Vertical abc_1342_new_n178 Metal2 [0.685um 38.5um] [0.685um 39um] 0.21um rpD:0 bl:0 -X---UC---TD---------Pb--- [38.08um:39.42um] [0.475um:0.895um] 0.42um P------>
        <event:00003308 4:4.23077:0.42um> &<id:975995 Vertical abc_1342_new_n178 Metal2 [0.685um 38.5um] [0.685um 39um] 0.21um rpD:0 bl:0 -X---UC---TD---------Pb--- [38.08um:39.42um] [0.475um:0.895um] 0.42um P------>
        <event:00003309 3:7021.12:23um> &<id:973193 Vertical outputs(13) Metal3 [0um 16um] [0um 38.5um] 0.29um rpD:1 bl:0 ------CG----W---------bb-- [15.75um:38.75um] [15.75um:38.75um] 23um ------->
        <event:00003310 0:6.76923:0.75um> &<id:973601 Horizontal outputs(13) Metal2 [-0.105um 38.5um] [0.395um 38.5um] 0.29um rpD:0 bl:0 ---a-UC---T------------t-- [-0.25um:0.5um] [-0.25um:0.5um] 0.75um ------->
        <event:00003311 4:6.76923:0.75um> &<id:973601 Horizontal outputs(13) Metal2 [-0.105um 38.5um] [0.395um 38.5um] 0.29um rpD:0 bl:0 ---a-UC---T------------t-- [-0.25um:0.5um] [-0.25um:0.5um] 0.75um ------->
        <event:00003312 1:907.308:4.42um> &<id:975999 Horizontal abc_1342_new_n178 Metal2 [0.685um 39um] [4.685um 39um] 0.29um rpD:1 bl:0 -----UC-----W------------- [0.475um:4.895um] [0.475um:4.895um] 4.42um ------->
        <event:00003313 0:4.23077:0.42um> &<id:975995 Vertical abc_1342_new_n178 Metal2 [0.685um 38.5um] [0.685um 39um] 0.21um rpD:0 bl:0 -X---UC---TD---------Pb--- [38.08um:39.42um] [0.475um:0.895um] 0.42um P------>
        <event:00003314 4:4.23077:0.42um> &<id:975995 Vertical abc_1342_new_n178 Metal2 [0.685um 38.5um] [0.685um 39um] 0.21um rpD:0 bl:0 -X---UC---TD---------Pb--- [38.08um:39.42um] [0.475um:0.895um] 0.42um P------>
        <event:00003315 3:7021.12:23um> &<id:973193 Vertical outputs(13) Metal3 [0um 16um] [0um 38.5um] 0.29um rpD:1 bl:0 ------CG----W---------bb-- [15.75um:38.75um] [15.75um:38.75um] 23um ------->
        <event:00003316 5:254.982:0.71um> &<id:973193 Vertical outputs(13) Metal3 [0um 15.855um] [0um 16.355um] 0.29um rpD:3 bl:0 ---a--C---------------tb-- [15.75um:16.46um] [15.75um:16.46um] 0.71um ------t>
        <event:00003317 3:254.982:0.71um> &<id:976921 Vertical outputs(13) Metal3 [0um 38.25um] [0um 38.75um] 0.29um rpD:1 bl:0 ---a--C-----W---------tb-- [38.145um:38.855um] [38.145um:38.855um] 0.71um -----s->
        <event:00003318 3:258.018:0.72um> &<id:976920 Horizontal outputs(13) Metal4 [-0.29um 38.5um] [0.215um 38.5um] 0.29um rpD:2 bl:0 ---a--C------wAS------tb-- [-0.395um:0.325um] [-0.395um:0.325um] 0.72um --S--st>
        <event:00003319 3:8937.14:23um> &<id:976917 Vertical outputs(13) Metal5 [0um 16um] [0um 38.5um] 0.39um rpD:3 bl:0 ------CG--------------bb-- [15.75um:38.75um] [15.75um:38.75um] 23um -----st>
        <event:00003320 3:258.018:0.72um> &<id:976916 Horizontal outputs(13) Metal4 [-0.215um 16um] [0.29um 16um] 0.29um rpD:4 bl:0 ---a--C-------AS------bt-- [-0.325um:0.395um] [-0.325um:0.395um] 0.72um --S--st>
        <event:00003321 0:6.76923:0.75um> &<id:973601 Horizontal outputs(13) Metal2 [-0.105um 38.5um] [0.395um 38.5um] 0.29um rpD:0 bl:0 ---a-UC---T------------t-- [-0.25um:0.5um] [-0.25um:0.5um] 0.75um ------->
        <event:00003322 4:6.76923:0.75um> &<id:973601 Horizontal outputs(13) Metal2 [-0.105um 38.5um] [0.395um 38.5um] 0.29um rpD:0 bl:0 ---a-UC---T------------t-- [-0.25um:0.5um] [-0.25um:0.5um] 0.75um ------->
        <event:00003323 1:907.308:4.42um> &<id:975999 Horizontal abc_1342_new_n178 Metal2 [0.685um 39um] [4.685um 39um] 0.29um rpD:1 bl:0 -----UC-----W------------- [0.475um:4.895um] [0.475um:4.895um] 4.42um ------->
        <event:00003324 0:4.23077:0.42um> &<id:975995 Vertical abc_1342_new_n178 Metal2 [0.685um 38.5um] [0.685um 39um] 0.21um rpD:0 bl:0 -X---UC---TD---------Pb--- [38.08um:39.42um] [0.475um:0.895um] 0.42um P------>
        <event:00003325 4:907.308:4.42um> &<id:975999 Horizontal abc_1342_new_n178 Metal2 [0.685um 39um] [4.685um 39um] 0.29um rpD:1 bl:0 -----UC-----W------------- [0.475um:4.895um] [0.475um:4.895um] 4.42um ------->
        <event:00003326 3:4.23077:0.42um> &<id:975995 Vertical abc_1342_new_n178 Metal2 [0.685um 38.5um] [0.685um 39um] 0.21um rpD:0 bl:0 -X---UC---TD---------Pb--- [38.08um:39.42um] [0.475um:0.895um] 0.42um P------>
        <event:00003327 4:4.23077:0.42um> &<id:975995 Vertical abc_1342_new_n178 Metal2 [0.685um 38.5um] [0.685um 39um] 0.21um rpD:0 bl:0 -X---UC---TD---------Pb--- [38.08um:39.42um] [0.475um:0.895um] 0.42um P------>
        <event:00003328 3:254.982:0.71um> &<id:976921 Vertical outputs(13) Metal3 [0um 38.25um] [0um 38.75um] 0.29um rpD:1 bl:0 ---a--C-----W---------tb-- [38.145um:38.855um] [38.145um:38.855um] 0.71um -----s->
        <event:00003329 0:6.76923:0.75um> &<id:973601 Horizontal outputs(13) Metal2 [-0.105um 38.5um] [0.395um 38.5um] 0.29um rpD:0 bl:0 ---a-UC---T------------t-- [-0.25um:0.5um] [-0.25um:0.5um] 0.75um ------->
        <event:00003330 4:6.76923:0.75um> &<id:973601 Horizontal outputs(13) Metal2 [-0.105um 38.5um] [0.395um 38.5um] 0.29um rpD:0 bl:0 ---a-UC---T------------t-- [-0.25um:0.5um] [-0.25um:0.5um] 0.75um ------->
        <event:00003331 1:907.308:4.42um> &<id:975999 Horizontal abc_1342_new_n178 Metal2 [0.685um 39um] [4.685um 39um] 0.29um rpD:1 bl:0 -----UC-----W------------- [0.475um:4.895um] [0.475um:4.895um] 4.42um ------->
        <event:00003332 0:4.23077:0.42um> &<id:975995 Vertical abc_1342_new_n178 Metal2 [0.685um 38.5um] [0.685um 39um] 0.21um rpD:0 bl:0 -X---UC---TD---------Pb--- [38.08um:39.42um] [0.475um:0.895um] 0.42um P------>
        <event:00003333 4:4.23077:0.42um> &<id:975995 Vertical abc_1342_new_n178 Metal2 [0.685um 38.5um] [0.685um 39um] 0.21um rpD:0 bl:0 -X---UC---TD---------Pb--- [38.08um:39.42um] [0.475um:0.895um] 0.42um P------>
        <event:00003334 3:254.982:0.71um> &<id:976921 Vertical outputs(13) Metal3 [0um 38.25um] [0um 38.75um] 0.29um rpD:1 bl:0 ---a--C-----W---------tb-- [38.145um:38.855um] [38.145um:38.855um] 0.71um -----s->
        <event:00003335 0:6.76923:0.75um> &<id:973601 Horizontal outputs(13) Metal2 [-0.105um 38.5um] [0.395um 38.5um] 0.29um rpD:0 bl:0 ---a-UC---T------------t-- [-0.25um:0.5um] [-0.25um:0.5um] 0.75um ------->
        <event:00003336 5:6.76923:0.75um> &<id:973601 Horizontal outputs(13) Metal2 [-0.105um 38.5um] [0.395um 38.5um] 0.29um rpD:0 bl:0 ---a-UC---T------------t-- [-0.25um:0.5um] [-0.25um:0.5um] 0.75um ------->
        <event:00003337 4:6.76923:0.75um> &<id:973601 Horizontal outputs(13) Metal2 [-0.105um 38.5um] [0.395um 38.5um] 0.29um rpD:0 bl:0 ---a-UC---T------------t-- [-0.25um:0.5um] [-0.25um:0.5um] 0.75um ------->
        <event:00003338 3:254.982:0.71um> &<id:976921 Vertical outputs(13) Metal3 [0um 38.25um] [0um 38.75um] 0.29um rpD:1 bl:0 ---a--C-----W---------tb-- [38.145um:38.855um] [38.145um:38.855um] 0.71um -----s->
        <event:00003339 1:907.308:4.42um> &<id:975999 Horizontal abc_1342_new_n178 Metal2 [0.685um 39um] [4.685um 39um] 0.29um rpD:1 bl:0 -----UC-----W------------- [0.475um:4.895um] [0.475um:4.895um] 4.42um ------->
        <event:00003340 0:4.23077:0.42um> &<id:975995 Vertical abc_1342_new_n178 Metal2 [0.685um 38.5um] [0.685um 39um] 0.21um rpD:0 bl:0 -X---UC---TD---------Pb--- [38.08um:39.42um] [0.475um:0.895um] 0.42um P------>
        <event:00003341 4:4.23077:0.42um> &<id:975995 Vertical abc_1342_new_n178 Metal2 [0.685um 38.5um] [0.685um 39um] 0.21um rpD:0 bl:0 -X---UC---TD---------Pb--- [38.08um:39.42um] [0.475um:0.895um] 0.42um P------>
        <event:00003342 3:254.982:0.71um> &<id:976921 Vertical outputs(13) Metal3 [0.5um 38.25um] [0.5um 38.75um] 0.29um rpD:1 bl:0 ---a--C-----W---------tb-- [38.145um:38.855um] [38.145um:38.855um] 0.71um -----s->
        <event:00003343 0:6.76923:0.75um> &<id:973601 Horizontal outputs(13) Metal2 [-0.105um 38.5um] [0.395um 38.5um] 0.29um rpD:0 bl:0 ---a-UC---T------i-----t-- [-0.25um:0.5um] [-0.25um:0.5um] 0.75um ------->
        <event:00003344 4:6.76923:0.75um> &<id:973601 Horizontal outputs(13) Metal2 [-0.105um 38.5um] [0.395um 38.5um] 0.29um rpD:0 bl:0 ---a-UC---T------------t-- [-0.25um:0.5um] [-0.25um:0.5um] 0.75um ------->
        <event:00003345 1:907.308:4.42um> &<id:975999 Horizontal abc_1342_new_n178 Metal2 [0.685um 39um] [4.685um 39um] 0.29um rpD:1 bl:0 -----UC-----W------------- [0.475um:4.895um] [0.475um:4.895um] 4.42um ------->
        <event:00003346 0:4.23077:0.42um> &<id:975995 Vertical abc_1342_new_n178 Metal2 [0.685um 38.5um] [0.685um 39um] 0.21um rpD:0 bl:0 -X---UC---TD---------Pb--- [38.08um:39.42um] [0.475um:0.895um] 0.42um P------>
        <event:00003347 0:4.23077:0.42um> &<id:975995 Vertical abc_1342_new_n178 Metal2 [0.685um 38.5um] [0.685um 39um] 0.21um rpD:0 bl:0 -X---UC---TD---------Pb--- [38.08um:39.42um] [0.475um:0.895um] 0.42um P------>
        <event:00003348 1:343.012:1um> &<id:975995 Vertical abc_1342_new_n178 Metal3 [1um 38.5um] [1um 39um] 0.29um rpD:1 bl:0 -X---UC-----W---r-----bb-- [38.25um:39.25um] [38.25um:39.25um] 1um ------t>
        <event:00003349 0:156.367:0.775um> &<id:976923 Horizontal abc_1342_new_n178 Metal2 [0.685um 38.5um] [1um 38.5um] 0.29um rpD:0 bl:0 -----UC---T---AS------bt-- [0.475um:1.25um] [0.475um:1.25um] 0.775um --S--st>
        <event:00003350 0:646.562:2um> &<id:975995 Vertical abc_1342_new_n178 Metal3 [1um 37.5um] [1um 39um] 0.29um rpD:1 bl:0 -X---UC-----W---------bb-- [37.25um:39.25um] [37.25um:39.25um] 2um ------t>
        <event:00003351 0:880.207:5.145um> &<id:972411 Horizontal abc_1342_new_n221 Metal2 [35.815um 21um] [40.5um 21um] 0.29um rpD:1 bl:0 ------CG----W----------t-- [35.605um:40.75um] [35.605um:40.75um] 5.145um ------->
        <event:00003352 0:4.23077:0.42um> &<id:975655 Vertical abc_1342_new_n221 Metal2 [35.815um 21um] [35.815um 21.5um] 0.21um rpD:0 bl:0 -X---UC---TD---------Pb--- [20.58um:21.92um] [35.605um:36.025um] 0.42um P------>
        <event:00003353 0:867.692:5.07um> &<id:971580 Horizontal abc_1342_new_n222 Metal2 [35.305um 20um] [39.955um 20um] 0.29um rpD:1 bl:0 -----UCG----W------------- [35.095um:40.165um] [35.095um:40.165um] 5.07um ------->
        <event:00003354 4:867.692:5.07um> &<id:971580 Horizontal abc_1342_new_n222 Metal2 [35.305um 19um] [39.955um 19um] 0.29um rpD:1 bl:0 -----UCG----W------------- [35.095um:40.165um] [35.095um:40.165um] 5.07um ------->
        <event:00003355 1:683.308:3.965um> &<id:973138 Horizontal outputs(8) Metal2 [35um 19um] [38.505um 19um] 0.29um rpD:1 bl:0 ------CG----W---------t--- [34.75um:38.715um] [34.75um:38.715um] 3.965um ------->
        <event:00003356 4:683.308:3.965um> &<id:973138 Horizontal outputs(8) Metal2 [35um 19um] [38.505um 19um] 0.29um rpD:1 bl:0 ------CG----W---------t--- [34.75um:38.715um] [34.75um:38.715um] 3.965um ------->
        <event:00003357 3:4.23077:0.42um> &<id:975662 Vertical abc_1342_new_n222 Metal2 [35.305um 19um] [35.305um 19.5um] 0.21um rpD:0 bl:0 -X---UC---TD---------P-b-- [18.5801um:19.92um] [35.095um:35.515um] 0.42um P------>
        <event:00003358 4:4.23077:0.42um> &<id:975662 Vertical abc_1342_new_n222 Metal2 [35.305um 19um] [35.305um 19.5um] 0.21um rpD:0 bl:0 -X---UC---TD---------P-b-- [18.5801um:19.92um] [35.095um:35.515um] 0.42um P------>
        <event:00003359 3:2923.19:9.5um> &<id:973137 Vertical outputs(8) Metal3 [35um 14.5um] [35um 19um] 0.29um rpD:2 bl:0 ------CG-----w--------bb-- [14.25um:19.25um] [12.25um:21.75um] 9.5um ------->
        <event:00003360 0:4.23077:0.42um> &<id:973744 Vertical outputs(8) Metal2 [38.505um 19um] [38.505um 19.5um] 0.21um rpD:0 bl:0 -X---UC---TD---------P-b-- [18.5801um:19.92um] [38.295um:38.715um] 0.42um P------>
        <event:00003361 0:4.23077:0.42um> &<id:975665 Vertical abc_1342_new_n222 Metal2 [39.955um 19um] [39.955um 19um] 0.21um rpD:0 bl:0 -X---UC---TD---------Pb--- [18.5801um:19.42um] [39.745um:40.165um] 0.42um P------>
        <event:00003362 0:1501.78:8.87um> &<id:972155 Horizontal abc_1342_auto_rtlil_cc_2739_MuxGate_1269 Metal2 [28.305um 19.5um] [36.755um 19.5um] 0.29um rpD:1 bl:0 -----UCG----W------------- [28.095um:36.965um] [28.095um:36.965um] 8.87um ------->
        <event:00003363 0:4.23077:0.42um> &<id:974016 Vertical abc_1342_auto_rtlil_cc_2739_MuxGate_1269 Metal2 [28.305um 20um] [28.305um 20um] 0.21um rpD:0 bl:0 -X---UC---TD---------Pb--- [19.5801um:20.42um] [28.095um:28.515um] 0.42um P------>
        <event:00003364 0:4.23077:0.42um> &<id:974019 Vertical abc_1342_auto_rtlil_cc_2739_MuxGate_1269 Metal2 [36.755um 20um] [36.755um 20um] 0.21um rpD:0 bl:0 -X---UC---TD---------Pb--- [19.5801um:20.42um] [36.545um:36.965um] 0.42um P------>
        <event:00003365 0:867.692:5.07um> &<id:971580 Horizontal abc_1342_new_n222 Metal2 [35.305um 19um] [39.955um 19um] 0.29um rpD:1 bl:0 -----UCG----W------------- [35.095um:40.165um] [35.095um:40.165um] 5.07um ------->
        <event:00003366 4:867.692:5.07um> &<id:971580 Horizontal abc_1342_new_n222 Metal2 [35.305um 21.5um] [39.955um 21.5um] 0.29um rpD:1 bl:0 -----UCG----W------------- [35.095um:40.165um] [35.095um:40.165um] 5.07um ------->
        <event:00003367 3:4.23077:0.42um> &<id:975655 Vertical abc_1342_new_n221 Metal2 [35.815um 21um] [35.815um 21.5um] 0.21um rpD:0 bl:0 -X---UC---TD---------Pb--- [20.58um:21.92um] [35.605um:36.025um] 0.42um P------>
        <event:00003368 4:4.23077:0.42um> &<id:975655 Vertical abc_1342_new_n221 Metal2 [35.815um 21um] [35.815um 21.5um] 0.21um rpD:0 bl:0 -X---UC---TD---------Pb--- [20.58um:21.92um] [35.605um:36.025um] 0.42um P------>
        <event:00003369 3:1253.66:4um> &<id:972410 Vertical abc_1342_new_n221 Metal3 [40.5um 21.5um] [40.5um 25um] 0.29um rpD:1 bl:0 ------CG----W---------bb-- [21.25um:25.25um] [21.25um:25.25um] 4um ------->
        <event:00003370 0:4.23077:0.42um> &<id:975662 Vertical abc_1342_new_n222 Metal2 [35.305um 21um] [35.305um 21.5um] 0.21um rpD:0 bl:0 -X---UC---TD---------Pb--- [20.58um:21.92um] [35.095um:35.515um] 0.42um P------>
        <event:00003371 0:4.23077:0.42um> &<id:975665 Vertical abc_1342_new_n222 Metal2 [39.955um 21.5um] [39.955um 21.5um] 0.21um rpD:0 bl:0 -X---UC---TD---------Pb--- [21.0801um:21.92um] [39.745um:40.165um] 0.42um P------>
        <event:00003372 0:880.207:5.145um> &<id:972411 Horizontal abc_1342_new_n221 Metal2 [35.815um 21.5um] [40.5um 21.5um] 0.29um rpD:1 bl:0 ------CG----W----------t-- [35.605um:40.75um] [35.605um:40.75um] 5.145um ------->
        <event:00003373 0:4.23077:0.42um> &<id:975655 Vertical abc_1342_new_n221 Metal2 [35.815um 21um] [35.815um 21um] 0.21um rpD:0 bl:0 -X---UC---TD---------Pb--- [20.58um:21.42um] [35.605um:36.025um] 0.42um P------>
        <event:00003374 0:867.692:5.07um> &<id:971580 Horizontal abc_1342_new_n222 Metal2 [35.305um 21.5um] [39.955um 21.5um] 0.29um rpD:1 bl:0 -----UCG----W------------- [35.095um:40.165um] [35.095um:40.165um] 5.07um ------->
        <event:00003375 0:865.189:5.055um> &<id:972354 Horizontal abc_1342_auto_rtlil_cc_2739_MuxGate_1329 Metal2 [29.905um 61um] [34.5um 61um] 0.29um rpD:1 bl:0 ------CG----W----------t-- [29.695um:34.75um] [29.695um:34.75um] 5.055um ------->
        <event:00003376 0:849.479:4.13um> &<id:975589 Horizontal abc_1342_new_n127 Metal2 [38.655um 54.5um] [42.365um 54.5um] 0.29um rpD:1 bl:0 -----UC-----W------------- [38.445um:42.575um] [38.445um:42.575um] 4.13um ------->
        <event:00003377 0:4.23077:0.42um> &<id:975585 Vertical abc_1342_new_n127 Metal2 [38.655um 56um] [38.655um 56.5um] 0.21um rpD:0 bl:0 -X---UC---TD---------Pb--- [55.5801um:56.92um] [38.445um:38.865um] 0.42um P------>
        <event:00003378 0:4.23077:0.42um> &<id:975588 Vertical abc_1342_new_n127 Metal2 [42.365um 56um] [42.365um 56.5um] 0.21um rpD:0 bl:0 -X---UC---TD---------Pb--- [55.5801um:56.92um] [42.155um:42.575um] 0.42um P------>
        <event:00003379 0:816.799:4.765um> &<id:972280 Horizontal mem_inputs(11) Metal2 [36um 8.5um] [39.305um 8.5um] 0.29um rpD:1 bl:0 ------CG----W---------t--- [35.75um:39.515um] [34.75um:39.515um] 4.765um ------->
        <event:00003380 4:816.799:4.765um> &<id:972280 Horizontal mem_inputs(11) Metal2 [36um 9.5um] [39.305um 9.5um] 0.29um rpD:1 bl:0 ------CG----W---------t--- [35.75um:39.515um] [34.75um:39.515um] 4.765um ------->
        <event:00003381 0:4.23077:0.42um> &<id:974776 Vertical mem_inputs(11) Metal2 [39.305um 9um] [39.305um 9.5um] 0.21um rpD:0 bl:0 -X---UC---TD---------Pb--- [8.5801um:9.92um] [39.095um:39.515um] 0.42um P------>
        <event:00003382 4:4.23077:0.42um> &<id:974776 Vertical mem_inputs(11) Metal2 [39.305um 9um] [39.305um 9.5um] 0.21um rpD:0 bl:0 -X---UC---TD---------Pb--- [8.5801um:9.92um] [39.095um:39.515um] 0.42um P------>
        <event:00003383 3:1860.76:6um> &<id:970961 Vertical init Metal3 [39.5um 9um] [39.5um 14.5um] 0.29um rpD:1 bl:0 -----UCG----W---------bb-- [8.75um:14.75um] [8.75um:14.75um] 6um ------->
        <event:00003384 0:112.538:0.785um> &<id:974627 Horizontal init Metal2 [39.6um 9um] [40.175um 9um] 0.29um rpD:0 bl:0 ---a-UC---T-----------bt-- [39.495um:40.28um] [39.495um:40.28um] 0.785um ------->
        <event:00003385 0:2945.15:17.52um> &<id:973004 Horizontal abc_1342_new_n203 Metal2 [24.755um 9.5um] [41.855um 9.5um] 0.29um rpD:1 bl:0 ------CG----W------------- [24.545um:42.065um] [24.545um:42.065um] 17.52um ------->
        <event:00003386 5:196:0.715um> &<id:973004 Horizontal abc_1342_new_n203 Metal2 [24.65um 9.5um] [25.155um 9.5um] 0.29um rpD:1 bl:0 ---a--C-----W----------t-- [24.545um:25.26um] [24.545um:25.26um] 0.715um ------t>
        <event:00003387 3:141:0.715um> &<id:976931 Horizontal abc_1342_new_n203 Metal2 [41.695um 9.5um] [42.2um 9.5um] 0.29um rpD:1 bl:0 ---a--C-----W----------t-- [41.59um:42.305um] [41.59um:42.305um] 0.715um -----s->
        <event:00003388 3:254.982:1.5um> &<id:976926 Vertical abc_1342_new_n203 Metal3 [25um 8.5um] [25um 9.5um] 0.29um rpD:2 bl:0 ------C------wAS------bt-- [8.25um:9.75um] [8.25um:9.75um] 1.5um --S--st>
        <event:00003389 3:254.982:0.71um> &<id:976930 Vertical abc_1342_new_n203 Metal3 [42um 9.25um] [42um 9.75um] 0.29um rpD:2 bl:0 ---a--C------wAS------tb-- [9.145um:9.855um] [9.145um:9.855um] 0.71um --S--st>
        <event:00003390 3:5351.59:17.5um> &<id:976927 Horizontal abc_1342_new_n203 Metal4 [25um 9.5um] [42um 9.5um] 0.29um rpD:3 bl:0 ------CG--------------bb-- [24.75um:42.25um] [24.75um:42.25um] 17.5um -----st>
        <event:00003391 0:4.23077:0.42um> &<id:975349 Vertical abc_1342_new_n203 Metal2 [24.755um 8.5um] [24.755um 8.5um] 0.21um rpD:0 bl:0 -X---UC---TD---------Pb--- [8.0801um:8.92um] [24.545um:24.965um] 0.42um P------>
        <event:00003392 0:4.23077:0.42um> &<id:975352 Vertical abc_1342_new_n203 Metal2 [41.855um 9um] [41.855um 9.5um] 0.21um rpD:0 bl:0 -X---UC---TD---------Pb--- [8.5801um:9.92um] [41.645um:42.065um] 0.42um P------>
        <event:00003393 0:798.337:2.5um> &<id:973390 Horizontal inputs(5) Metal2 [33um 97.5um] [35um 97.5um] 0.29um rpD:1 bl:0 ------C-----W---------tt-- [32.75um:35.25um] [32.75um:35.25um] 2.5um ------->
        <event:00003394 0:784.672:3.805um> &<id:972630 Horizontal abc_1342_new_n317 Metal2 [54.655um 49.5um] [58um 49.5um] 0.29um rpD:1 bl:0 ------CG----W----------t-- [54.445um:58.25um] [54.445um:58.25um] 3.805um ------->
        <event:00003395 0:782.592:4.56um> &<id:971550 Horizontal abc_1342_new_n210 Metal2 [4.105um 3.5um] [8.245um 3.5um] 0.29um rpD:1 bl:0 -----UCG----W------------- [3.895um:8.455um] [3.895um:8.455um] 4.56um ------->
        <event:00003396 0:763.734:3.7um> &<id:971513 Horizontal abc_1342_new_n270 Metal2 [42.135um 78um] [45.415um 78um] 0.29um rpD:1 bl:0 -----UCG----W------------- [41.925um:45.625um] [41.925um:45.625um] 3.7um ------->
        <event:00003397 0:750.053:4.365um> &<id:972177 Horizontal abc_1342_new_n165 Metal2 [17um 32.5um] [20.905um 32.5um] 0.29um rpD:1 bl:0 ------CG----W---------t--- [16.75um:21.115um] [16.75um:21.115um] 4.365um ------->
        <event:00003398 0:4.23077:0.42um> &<id:975388 Vertical abc_1342_new_n165 Metal2 [20.905um 32.5um] [20.905um 33um] 0.21um rpD:0 bl:0 -X---UC---TD---------Pb--- [32.08um:33.42um] [20.695um:21.115um] 0.42um P------>
        <event:00003399 0:736.45:3.045um> &<id:972145 Horizontal abc_1342_new_n263 Metal2 [24.5um 79um] [27.085um 79um] 0.29um rpD:1 bl:0 ------CG----W---------t--- [24.25um:27.295um] [24.25um:27.295um] 3.045um ------->
        <event:00003400 0:4.23077:0.42um> &<id:975880 Vertical abc_1342_new_n263 Metal2 [27.085um 79um] [27.085um 79.5um] 0.21um rpD:0 bl:0 -X---UC---TD---------Pb--- [78.58um:79.92um] [26.875um:27.295um] 0.42um P------>
        <event:00003401 0:727.172:3.005um> &<id:972077 Horizontal abc_1342_auto_rtlil_cc_2739_MuxGate_1259 Metal2 [43.955um 10um] [46.5um 10um] 0.29um rpD:1 bl:0 ------CG----W----------t-- [43.745um:46.75um] [43.745um:46.75um] 3.005um ------->
        <event:00003402 0:710.84:4.13um> &<id:976467 Horizontal n(22) Metal2 [25.705um 72um] [29.415um 72um] 0.29um rpD:1 bl:0 -----UC-----W------------- [25.495um:29.625um] [25.495um:29.625um] 4.13um ------->
        <event:00003403 0:4.23077:0.42um> &<id:976463 Vertical n(22) Metal2 [25.705um 72.5um] [25.705um 72.5um] 0.21um rpD:0 bl:0 -X---UC---TD---------Pb--- [72.0801um:72.92um] [25.495um:25.915um] 0.42um P------>
        <event:00003404 0:4.23077:0.42um> &<id:976466 Vertical n(22) Metal2 [29.415um 72.5um] [29.415um 72.5um] 0.21um rpD:0 bl:0 -X---UC---TD---------P-b-- [72.0801um:72.92um] [29.205um:29.625um] 0.42um P------>
        <event:00003405 0:710.84:4.13um> &<id:976442 Horizontal n(23) Metal2 [26.215um 72um] [29.925um 72um] 0.29um rpD:1 bl:0 -----UC-----W------------- [26.005um:30.135um] [26.005um:30.135um] 4.13um ------->
        <event:00003406 0:4.23077:0.42um> &<id:976438 Vertical n(23) Metal2 [26.215um 71.5um] [26.215um 71.5um] 0.21um rpD:0 bl:0 -X---UC---TD---------Pb--- [71.0801um:71.92um] [26.005um:26.425um] 0.42um P------>
        <event:00003407 0:4.23077:0.42um> &<id:976441 Vertical n(23) Metal2 [29.925um 71.5um] [29.925um 71.5um] 0.21um rpD:0 bl:0 -X---UC---TD---------P-b-- [71.0801um:71.92um] [29.715um:30.135um] 0.42um P------>
        <event:00003408 0:683.308:4.465um> &<id:973138 Horizontal outputs(8) Metal2 [34.5um 19um] [38.505um 19um] 0.29um rpD:1 bl:0 ------CG----W---------t--- [34.25um:38.715um] [34.25um:38.715um] 4.465um ------->
        <event:00003409 0:4.23077:0.42um> &<id:973744 Vertical outputs(8) Metal2 [38.505um 19.5um] [38.505um 19.5um] 0.21um rpD:0 bl:0 -X---UC---TD---------P-b-- [19.08um:19.92um] [38.295um:38.715um] 0.42um P------>
        <event:00003410 0:683.101:2.815um> &<id:972403 Horizontal abc_1342_new_n292 Metal2 [44um 76.5um] [46.355um 76.5um] 0.29um rpD:1 bl:0 ------CG----W---------t--- [43.75um:46.565um] [43.75um:46.565um] 2.815um ------->
        <event:00003411 0:4.23077:0.42um> &<id:975289 Vertical abc_1342_new_n292 Metal2 [46.355um 77um] [46.355um 77um] 0.21um rpD:0 bl:0 -X---UC---TD---------P-b-- [76.5801um:77.42um] [46.145um:46.565um] 0.42um P------>
        <event:00003412 0:660.781:3.83um> &<id:973684 Horizontal outputs(5) Metal2 [58.505um 31.5um] [61.915um 31.5um] 0.29um rpD:1 bl:0 -----UC-----W------------- [58.295um:62.125um] [58.295um:62.125um] 3.83um ------->
        <event:00003413 0:660.041:3.18um> &<id:976486 Horizontal n(20) Metal2 [6.655um 78um] [9.415um 78um] 0.29um rpD:1 bl:0 -----UC-----W------------- [6.445um:9.625um] [6.445um:9.625um] 3.18um ------->
        <event:00003414 0:4.23077:0.42um> &<id:976482 Vertical n(20) Metal2 [6.655um 79um] [6.655um 79.5um] 0.21um rpD:0 bl:0 -X---UC---TD---------Pb--- [78.58um:79.92um] [6.445um:6.865um] 0.42um P------>
        <event:00003415 0:4.23077:0.42um> &<id:976485 Vertical n(20) Metal2 [9.415um 79um] [9.415um 79.5um] 0.21um rpD:0 bl:0 -X---UC---TD---------Pb--- [78.58um:79.92um] [9.205um:9.625um] 0.42um P------>
        <event:00003416 0:647.08:3.115um> &<id:973339 Horizontal inputs(1) Metal2 [12um 32.5um] [14.655um 32.5um] 0.29um rpD:1 bl:0 ------CG----W---------t--- [11.75um:14.865um] [11.75um:14.865um] 3.115um ------->
        <event:00003417 0:646.562:2um> &<id:973440 Horizontal inputs(1) Metal2 [9.5um 97.5um] [11um 97.5um] 0.29um rpD:1 bl:0 ------C-----W---------tt-- [9.25um:11.25um] [9.25um:11.25um] 2um ------->
        <event:00003418 0:646.562:2um> &<id:973402 Horizontal inputs(4) Metal2 [27.5um 97.5um] [29um 97.5um] 0.29um rpD:1 bl:0 ------C-----W---------tt-- [27.25um:29.25um] [27.25um:29.25um] 2um ------->
        <event:00003419 0:634.083:3.67um> &<id:971508 Horizontal one_0 Metal2 [49.055um 3um] [52.305um 3um] 0.29um rpD:1 bl:0 -----UCG----W------------- [48.845um:52.515um] [48.845um:52.515um] 3.67um ------->
        <event:00003420 0:625.74:3.62um> &<id:974729 Horizontal init Metal2 [46.215um 8.5um] [49.415um 8.5um] 0.29um rpD:1 bl:0 -----UC-----W------------- [46.005um:49.625um] [46.005um:49.625um] 3.62um ------->
        <event:00003421 0:4.23077:0.42um> &<id:974725 Vertical init Metal2 [46.215um 9um] [46.215um 9um] 0.21um rpD:0 bl:0 -X---UC---TD---------Pb--- [8.5801um:9.42um] [46.005um:46.425um] 0.42um P------>
        <event:00003422 0:4.23077:0.42um> &<id:974728 Vertical init Metal2 [49.415um 9um] [49.415um 9um] 0.21um rpD:0 bl:0 -X---UC---TD---------Pb--- [8.5801um:9.42um] [49.205um:49.625um] 0.42um P------>
        <event:00003423 0:625.74:3.62um> &<id:974590 Horizontal init Metal2 [13.415um 20um] [16.615um 20um] 0.29um rpD:1 bl:0 -----UC-----W------------- [13.205um:16.825um] [13.205um:16.825um] 3.62um ------->
        <event:00003424 0:625.74:3.62um> &<id:974448 Horizontal n(3) Metal2 [19.305um 49um] [22.505um 49um] 0.29um rpD:1 bl:0 -----UC-----W------------- [19.095um:22.715um] [19.095um:22.715um] 3.62um ------->
        <event:00003425 0:624.905:3.615um> &<id:972873 Horizontal abc_1342_new_n223 Metal2 [31.5um 21um] [34.655um 21um] 0.29um rpD:1 bl:0 ------CG----W---------t--- [31.25um:34.865um] [31.25um:34.865um] 3.615um ------->
        <event:00003426 0:582.077:5.775um> &<id:970976 Horizontal init Metal2 [34.5um 26um] [39.5um 26um] 0.29um rpD:1 bl:0 ------CG----W---------tt-- [34.25um:39.75um] [34.25um:40.025um] 5.775um ------->
        <event:00003427 4:635.923:5.775um> &<id:970976 Horizontal init Metal2 [34.5um 26um] [39.5um 26um] 0.29um rpD:1 bl:0 ------CG----W---------tt-- [34.25um:39.75um] [34.25um:40.025um] 5.775um ------->
        <event:00003428 0:302.615:2.68um> &<id:975652 Horizontal abc_1342_new_n217 Metal2 [34.355um 26um] [36.615um 26um] 0.29um rpD:0 bl:0 -----UC---T-----------bb-- [34.145um:36.825um] [34.145um:36.825um] 2.68um ------->
        <event:00003429 4:302.615:2.68um> &<id:975652 Horizontal abc_1342_new_n217 Metal2 [34.355um 26um] [36.615um 26um] 0.29um rpD:0 bl:0 -----UC---T-----------bb-- [34.145um:36.825um] [34.145um:36.825um] 2.68um ------->
        <event:00003430 3:2316.09:7.5um> &<id:970978 Vertical init Metal3 [34.5um 26um] [34.5um 32.5um] 0.29um rpD:1 bl:0 ------CG----W---------bb-- [25.75um:32.75um] [25.25um:32.75um] 7.5um ------->
        <event:00003431 5:2316.09:7.5um> &<id:970978 Vertical init Metal3 [34.5um 26um] [34.5um 32.5um] 0.29um rpD:1 bl:0 ------CG----W---------bb-- [25.75um:32.75um] [25.25um:32.75um] 7.5um ------->
        <event:00003432 3:180.385:1.545um> &<id:974661 Horizontal init Metal2 [33.415um 25.5um] [34.5um 25.5um] 0.29um rpD:0 bl:0 -----UC---T-----------bt-- [33.205um:34.75um] [33.205um:34.75um] 1.545um ------->
        <event:00003433 3:463.615:4.175um> &<id:974668 Horizontal init Metal2 [34.5um 32.5um] [38.215um 32.5um] 0.29um rpD:0 bl:0 -----UC---T-----------tb-- [34.25um:38.425um] [34.25um:38.425um] 4.175um ------->
        <event:00003434 0:635.923:5.775um> &<id:970976 Horizontal init Metal2 [34.5um 26um] [39.5um 26um] 0.29um rpD:1 bl:0 ------CG----W---------tt-- [34.25um:39.75um] [34.25um:40.025um] 5.775um ------->
        <event:00003435 4:635.923:5.775um> &<id:970976 Horizontal init Metal2 [34.5um 26um] [39.5um 26um] 0.29um rpD:1 bl:0 ------CG----W---------tt-- [34.25um:39.75um] [34.25um:40.025um] 5.775um ------->
        <event:00003436 0:302.615:2.68um> &<id:975652 Horizontal abc_1342_new_n217 Metal2 [34.355um 26um] [36.615um 26um] 0.29um rpD:0 bl:0 -----UC---T-----------bb-- [34.145um:36.825um] [34.145um:36.825um] 2.68um ------->
        <event:00003437 4:302.615:2.68um> &<id:975652 Horizontal abc_1342_new_n217 Metal2 [34.355um 26um] [36.615um 26um] 0.29um rpD:0 bl:0 -----UC---T-----------bb-- [34.145um:36.825um] [34.145um:36.825um] 2.68um ------->
        <event:00003438 3:2316.09:7.5um> &<id:970978 Vertical init Metal3 [34.5um 26um] [34.5um 32.5um] 0.29um rpD:1 bl:0 ------CG----W---------bb-- [25.75um:32.75um] [25.25um:32.75um] 7.5um ------->
        <event:00003439 0:635.923:5.775um> &<id:970976 Horizontal init Metal2 [34.5um 26um] [39.5um 26um] 0.29um rpD:1 bl:0 ------CG----W---------tt-- [34.25um:39.75um] [34.25um:40.025um] 5.775um ------->
        <event:00003440 5:1792.46:5.775um> &<id:970976 Horizontal init Metal2 [34.5um 26um] [39.5um 26um] 0.29um rpD:2 bl:0 ------CG-----w--------tt-- [34.25um:39.75um] [34.25um:40.025um] 5.775um ------t>
        <event:00003441 3:91:0.715um> &<id:976935 Horizontal init Metal2 [39.675um 26um] [40.18um 26um] 0.29um rpD:0 bl:0 ---a-UC---T---AS------bt-- [39.57um:40.285um] [39.57um:40.285um] 0.715um --S--s->
        <event:00003442 3:798.337:2.5um> &<id:976934 Vertical init Metal3 [40um 24um] [40um 26um] 0.29um rpD:1 bl:0 ------C-----W-AS------bb-- [23.75um:26.25um] [23.75um:26.25um] 2.5um --S--st>
        <event:00003443 0:552.462:5um> &<id:970965 Horizontal init Metal2 [54.5um 21um] [59um 21um] 0.29um rpD:1 bl:0 ------CG----W---------tt-- [54.25um:59.25um] [54.25um:59.25um] 5um ------->
        <event:00003444 0:550.651:3.17um> &<id:971488 Horizontal abc_1342_auto_rtlil_cc_2739_MuxGate_1271 Metal2 [48.755um 31.5um] [51.505um 31.5um] 0.29um rpD:1 bl:0 -----UCG----W------------- [48.545um:51.715um] [48.545um:51.715um] 3.17um ------->
        <event:00003445 0:535.811:2.18um> &<id:974814 Horizontal mem_inputs(15) Metal2 [6.925um 20um] [8.685um 20um] 0.29um rpD:1 bl:0 -----UC-----W------------- [6.715um:8.895um] [6.715um:8.895um] 2.18um ------->
        <event:00003446 0:4.23077:0.42um> &<id:974810 Vertical mem_inputs(15) Metal2 [6.925um 19um] [6.925um 19um] 0.21um rpD:0 bl:0 -X---UC---TD---------Pb--- [18.5801um:19.42um] [6.715um:7.135um] 0.42um P------>
        <event:00003447 0:4.23077:0.42um> &<id:974813 Vertical mem_inputs(15) Metal2 [8.685um 19um] [8.685um 19um] 0.21um rpD:0 bl:0 -X---UC---TD---------Pb--- [18.5801um:19.42um] [8.475um:8.895um] 0.42um P------>
        <event:00003448 0:535.811:2.18um> &<id:971449 Horizontal abc_1342_new_n146 Metal2 [12.605um 54.5um] [14.365um 54.5um] 0.29um rpD:1 bl:0 -----UCG----W------------- [12.395um:14.575um] [12.395um:14.575um] 2.18um ------->
        <event:00003449 0:535.811:2.18um> &<id:971438 Horizontal abc_1342_new_n133 Metal2 [5.405um 78um] [7.165um 78um] 0.29um rpD:1 bl:0 -----UCG----W------------- [5.195um:7.375um] [5.195um:7.375um] 2.18um ------->
        <event:00003450 0:498.698:2.02um> &<id:976284 Horizontal n(12) Metal2 [40.255um 83.5um] [41.855um 83.5um] 0.29um rpD:1 bl:0 -----UC-----W------------- [40.045um:42.065um] [40.045um:42.065um] 2.02um ------->
        <event:00003451 0:492.249:2.82um> &<id:975517 Horizontal abc_1342_new_n123 Metal2 [15.305um 31.5um] [17.705um 31.5um] 0.29um rpD:1 bl:0 -----UC-----W------------- [15.095um:17.915um] [15.095um:17.915um] 2.82um ------->
        <event:00003452 0:492.249:2.82um> &<id:974479 Horizontal n(7) Metal2 [0.905um 83.5um] [3.305um 83.5um] 0.29um rpD:1 bl:0 -----UC-----W------------- [0.695um:3.515um] [0.695um:3.515um] 2.82um ------->
        <event:00003453 0:482.462:1.95um> &<id:975182 Horizontal abc_1342_new_n275 Metal2 [34.355um 95um] [35.885um 95um] 0.29um rpD:1 bl:0 -----UC-----W------------- [34.145um:36.095um] [34.145um:36.095um] 1.95um ------->
        <event:00003454 0:468.888:2.68um> &<id:971456 Horizontal abc_1342_new_n176 Metal2 [17.555um 20um] [19.815um 20um] 0.29um rpD:1 bl:0 -----UCG----W------------- [17.345um:20.025um] [17.345um:20.025um] 2.68um ------->
        <event:00003455 0:468.888:2.68um> &<id:971461 Horizontal abc_1342_new_n213 Metal2 [25.555um 31.5um] [27.815um 31.5um] 0.29um rpD:1 bl:0 -----UCG----W------------- [25.345um:28.025um] [25.345um:28.025um] 2.68um ------->
        <event:00003456 0:4.23077:0.42um> &<id:975316 Vertical abc_1342_new_n213 Metal2 [25.555um 33um] [25.555um 33um] 0.21um rpD:0 bl:0 -X---UC---TD---------Pb--- [32.58um:33.42um] [25.345um:25.765um] 0.42um P------>
        <event:00003457 0:4.23077:0.42um> &<id:975319 Vertical abc_1342_new_n213 Metal2 [27.815um 32.5um] [27.815um 33um] 0.21um rpD:0 bl:0 -X---UC---TD---------Pb--- [32.08um:33.42um] [27.605um:28.025um] 0.42um P------>
        <event:00003458 4:4.23077:0.42um> &<id:975319 Vertical abc_1342_new_n213 Metal2 [27.815um 32.5um] [27.815um 33um] 0.21um rpD:0 bl:0 -X---UC---TD---------Pb--- [32.08um:33.42um] [27.605um:28.025um] 0.42um P------>
        <event:00003459 3:1253.66:4um> &<id:972541 Vertical abc_1342_new_n215 Metal3 [29um 32.5um] [29um 36um] 0.29um rpD:1 bl:0 ------CG----W---------bb-- [32.25um:36.25um] [32.25um:36.25um] 4um ------->
        <event:00003460 0:316.077:1.305um> &<id:975645 Horizontal abc_1342_new_n215 Metal2 [26.655um 32.5um] [27.5um 32.5um] 0.29um rpD:0 bl:0 -----UC---T-----------bt-- [26.445um:27.75um] [26.445um:27.75um] 1.305um ------->
        <event:00003461 0:458.639:2.17um> &<id:971427 Horizontal abc_1342_new_n169 Metal2 [50.355um 49um] [52.105um 49um] 0.29um rpD:1 bl:0 -----UCG----W------------- [50.145um:52.315um] [50.145um:52.315um] 2.17um ------->
        <event:00003462 0:447.672:2.115um> &<id:972851 Horizontal abc_1342_new_n239 Metal2 [37um 41.5um] [38.655um 41.5um] 0.29um rpD:1 bl:0 ------CG----W---------t--- [36.75um:38.865um] [36.75um:38.865um] 2.115um ------->
        <event:00003463 0:4.23077:0.42um> &<id:976140 Vertical abc_1342_new_n239 Metal2 [38.655um 43um] [38.655um 43um] 0.21um rpD:0 bl:0 -X---UC---TD---------P-b-- [42.58um:43.42um] [38.445um:38.865um] 0.42um P------>
        <event:00003464 0:436.071:1.75um> &<id:976337 Horizontal n(25) Metal2 [34.925um 60.5um] [36.255um 60.5um] 0.29um rpD:1 bl:0 -----UC-----W------------- [34.715um:36.465um] [34.715um:36.465um] 1.75um ------->
        <event:00003465 0:432.178:2.46um> &<id:974343 Horizontal n(5) Metal2 [23.015um 49um] [25.055um 49um] 0.29um rpD:1 bl:0 -----UC-----W------------- [22.805um:25.265um] [22.805um:25.265um] 2.46um ------->
        <event:00003466 0:4.23077:0.42um> &<id:974339 Vertical n(5) Metal2 [23.015um 49.5um] [23.015um 50um] 0.21um rpD:0 bl:0 -X---UC---TD---------Pb--- [49.08um:50.42um] [22.805um:23.225um] 0.42um P------>
        <event:00003467 4:4.23077:0.42um> &<id:974339 Vertical n(5) Metal2 [23.015um 49.5um] [23.015um 50um] 0.21um rpD:0 bl:0 -X---UC---TD---------Pb--- [49.08um:50.42um] [22.805um:23.225um] 0.42um P------>
        <event:00003468 3:2164.31:7um> &<id:971502 Vertical n(4) Metal3 [23um 45.5um] [23um 49.5um] 0.29um rpD:1 bl:0 ------CG----W---------bb-- [45.25um:49.75um] [42.75um:49.75um] 7um ------->
        <event:00003469 0:4.23077:0.42um> &<id:974342 Vertical n(5) Metal2 [25.055um 50um] [25.055um 50um] 0.21um rpD:0 bl:0 -X---UC---TD---------P-b-- [49.58um:50.42um] [24.845um:25.265um] 0.42um P------>
        <event:00003470 0:406.538:3.645um> &<id:974315 Horizontal n(4) Metal2 [19.815um 49.5um] [23um 49.5um] 0.29um rpD:0 bl:0 -----UC---T-----------bt-- [19.605um:23.25um] [19.605um:23.25um] 3.645um ------->
        <event:00003471 4:406.538:3.645um> &<id:974315 Horizontal n(4) Metal2 [19.815um 49.5um] [23um 49.5um] 0.29um rpD:0 bl:0 -----UC---T-----------bt-- [19.605um:23.25um] [19.605um:23.25um] 3.645um ------->
        <event:00003472 1:432.178:2.46um> &<id:974343 Horizontal n(5) Metal2 [23.015um 50um] [25.055um 50um] 0.29um rpD:1 bl:0 -----UC-----W------------- [22.805um:25.265um] [22.805um:25.265um] 2.46um ------->
        <event:00003473 0:4.23077:0.42um> &<id:974339 Vertical n(5) Metal2 [23.015um 49.5um] [23.015um 50um] 0.21um rpD:0 bl:0 -X---UC---TD---------Pb--- [49.08um:50.42um] [22.805um:23.225um] 0.42um P------>
        <event:00003474 4:4.23077:0.42um> &<id:974339 Vertical n(5) Metal2 [23.015um 49.5um] [23.015um 50um] 0.21um rpD:0 bl:0 -X---UC---TD---------Pb--- [49.08um:50.42um] [22.805um:23.225um] 0.42um P------>
        <event:00003475 3:2164.31:7um> &<id:971502 Vertical n(4) Metal3 [23um 45.5um] [23um 49.5um] 0.29um rpD:1 bl:0 ------CG----W---------bb-- [45.25um:49.75um] [42.75um:49.75um] 7um ------->
        <event:00003476 0:406.538:3.645um> &<id:974315 Horizontal n(4) Metal2 [19.815um 49.5um] [23um 49.5um] 0.29um rpD:0 bl:0 -----UC---T-----------bt-- [19.605um:23.25um] [19.605um:23.25um] 3.645um ------->
        <event:00003477 4:406.538:3.645um> &<id:974315 Horizontal n(4) Metal2 [19.815um 49.5um] [23um 49.5um] 0.29um rpD:0 bl:0 -----UC---T-----------bt-- [19.605um:23.25um] [19.605um:23.25um] 3.645um ------->
        <event:00003478 1:432.178:2.46um> &<id:974343 Horizontal n(5) Metal2 [23.015um 50um] [25.055um 50um] 0.29um rpD:1 bl:0 -----UC-----W------------- [22.805um:25.265um] [22.805um:25.265um] 2.46um ------->
        <event:00003479 0:4.23077:0.42um> &<id:974339 Vertical n(5) Metal2 [23.015um 49.5um] [23.015um 50um] 0.21um rpD:0 bl:0 -X---UC---TD---------Pb--- [49.08um:50.42um] [22.805um:23.225um] 0.42um P------>
        <event:00003480 4:4.23077:0.42um> &<id:974339 Vertical n(5) Metal2 [23.015um 49.5um] [23.015um 50um] 0.21um rpD:0 bl:0 -X---UC---TD---------Pb--- [49.08um:50.42um] [22.805um:23.225um] 0.42um P------>
        <event:00003481 4:4.23077:0.42um> &<id:974339 Vertical n(5) Metal2 [23.015um 49.5um] [23.015um 50um] 0.21um rpD:0 bl:0 -X---UC---TD---------Pb--- [49.08um:50.42um] [22.805um:23.225um] 0.42um P------>
        <event:00003482 3:432.178:2.46um> &<id:974343 Horizontal n(5) Metal2 [23.015um 50um] [25.055um 50um] 0.29um rpD:1 bl:0 -----UC-----W------------- [22.805um:25.265um] [22.805um:25.265um] 2.46um ------->
        <event:00003483 3:2164.31:7um> &<id:971502 Vertical n(4) Metal3 [23um 45.5um] [23um 49.5um] 0.29um rpD:1 bl:0 ------CG----W---------bb-- [45.25um:49.75um] [42.75um:49.75um] 7um ------->
        <event:00003484 0:406.538:3.645um> &<id:974315 Horizontal n(4) Metal2 [19.815um 49.5um] [23um 49.5um] 0.29um rpD:0 bl:0 -----UC---T-----------bt-- [19.605um:23.25um] [19.605um:23.25um] 3.645um ------->
        <event:00003485 4:406.538:3.645um> &<id:974315 Horizontal n(4) Metal2 [19.815um 48.5um] [23um 48.5um] 0.29um rpD:0 bl:0 -----UC---T-----------bt-- [19.605um:23.25um] [19.605um:23.25um] 3.645um ------->
        <event:00003486 0:663.385:6.03um> &<id:971555 Horizontal n(5) Metal2 [17.405um 48.5um] [23.015um 48.5um] 0.29um rpD:0 bl:0 -----UCG--T-----------bb-- [17.195um:23.225um] [17.195um:23.225um] 6.03um ------->
        <event:00003487 4:663.385:6.03um> &<id:971555 Horizontal n(5) Metal2 [17.405um 49.5um] [23.015um 49.5um] 0.29um rpD:0 bl:0 -----UCG--T-----------bb-- [17.195um:23.225um] [17.195um:23.225um] 6.03um ------->
        <event:00003488 3:2012.54:6.5um> &<id:972203 Vertical n(2) Metal3 [16um 45.5um] [16um 49.5um] 0.29um rpD:1 bl:0 ------CG----W---------bb-- [45.25um:49.75um] [43.25um:49.75um] 6.5um ------->
        <event:00003489 1:710.84:4.13um> &<id:974312 Horizontal n(4) Metal2 [19.815um 49.5um] [23.525um 49.5um] 0.29um rpD:1 bl:0 -----UC-----W------------- [19.605um:23.735um] [19.605um:23.735um] 4.13um ------->
        <event:00003490 0:4.23077:0.42um> &<id:974308 Vertical n(4) Metal2 [19.815um 48.5um] [19.815um 48.5um] 0.21um rpD:0 bl:0 -X---UC---TD---------P-b-- [48.0801um:48.92um] [19.605um:20.025um] 0.42um P------>
        <event:00003491 0:4.23077:0.42um> &<id:974311 Vertical n(4) Metal2 [23.525um 48.5um] [23.525um 48.5um] 0.21um rpD:0 bl:0 -X---UC---TD---------P-b-- [48.0801um:48.92um] [23.315um:23.735um] 0.42um P------>
        <event:00003492 0:349.462:3.115um> &<id:974421 Horizontal n(2) Metal2 [16um 49.5um] [18.655um 49.5um] 0.29um rpD:0 bl:0 -----UC---T-----------tb-- [15.75um:18.865um] [15.75um:18.865um] 3.115um ------->
        <event:00003493 0:418.675:1.675um> &<id:972708 Horizontal abc_1342_new_n310 Metal2 [38.285um 62um] [39.5um 62um] 0.29um rpD:1 bl:0 ------CG----W----------t-- [38.075um:39.75um] [38.075um:39.75um] 1.675um ------->
        <event:00003494 0:4.23077:0.42um> &<id:975922 Vertical abc_1342_new_n310 Metal2 [38.285um 61.5um] [38.285um 61.5um] 0.21um rpD:0 bl:0 -X---UC---TD---------Pb--- [61.0801um:61.92um] [38.075um:38.495um] 0.42um P------>
        <event:00003495 0:414.769:1.95um> &<id:976312 Horizontal n(27) Metal2 [47.525um 66um] [49.055um 66um] 0.29um rpD:1 bl:0 -----UC-----W------------- [47.315um:49.265um] [47.315um:49.265um] 1.95um ------->
        <event:00003496 0:400.811:1.88um> &<id:971416 Horizontal abc_1342_new_n170 Metal2 [37.845um 54.5um] [39.305um 54.5um] 0.29um rpD:1 bl:0 -----UCG----W------------- [37.635um:39.515um] [37.635um:39.515um] 1.88um ------->
        <event:00003497 0:364.166:1.44um> &<id:971405 Horizontal abc_1342_new_n297 Metal2 [18.865um 72um] [19.885um 72um] 0.29um rpD:1 bl:0 -----UCG----W------------- [18.655um:20.095um] [18.655um:20.095um] 1.44um ------->
        <event:00003498 0:343.012:1um> &<id:973427 Horizontal inputs(2) Metal2 [16um 97.5um] [16.5um 97.5um] 0.29um rpD:1 bl:0 ------C-----W---r-----tt-- [15.75um:16.75um] [15.75um:16.75um] 1um ------->
        <event:00003499 0:343.012:1um> &<id:973415 Horizontal inputs(3) Metal2 [22um 97.5um] [22.5um 97.5um] 0.29um rpD:1 bl:0 ------C-----W---r-----tt-- [21.75um:22.75um] [21.75um:22.75um] 1um ------->
        <event:00003500 0:324.828:1.75um> &<id:971538 Horizontal n(28) Metal2 [57.325um 65um] [58.5um 65um] 0.29um rpD:1 bl:0 -----UCG----W----------t-- [57.115um:58.75um] [57.115um:58.865um] 1.75um ------->
        <event:00003501 0:4.23077:0.42um> &<id:976426 Vertical n(28) Metal2 [57.325um 66um] [57.325um 66um] 0.21um rpD:0 bl:0 -X---UC---TD---------P-b-- [65.58um:66.42um] [57.115um:57.535um] 0.42um P------>
        <event:00003502 0:241.118:6.815um> &<id:971052 Horizontal abc_1342_new_n174 Metal2 [51.5um 30.5um] [57.855um 30.5um] 0.29um rpD:1 bl:0 ------CG----W---------t--- [51.25um:58.065um] [51.25um:58.065um] 6.815um ------->
        <event:00003503 0:226.935:1.23um> &<id:976119 Horizontal abc_1342_new_n239 Metal2 [7.445um 43um] [8.255um 43um] 0.29um rpD:1 bl:0 -----UC-----W------------- [7.235um:8.465um] [7.235um:8.465um] 1.23um ------->
        <event:00003504 0:4.23077:0.42um> &<id:976115 Vertical abc_1342_new_n239 Metal2 [7.445um 44.5um] [7.445um 44.5um] 0.21um rpD:0 bl:0 -X---UC---TD---------Pb--- [44.0801um:44.92um] [7.235um:7.655um] 0.42um P------>
        <event:00003505 0:4.23077:0.42um> &<id:976118 Vertical abc_1342_new_n239 Metal2 [8.255um 44um] [8.255um 44.5um] 0.21um rpD:0 bl:0 -X---UC---TD---------Pb--- [43.5801um:44.92um] [8.045um:8.465um] 0.42um P------>
        <event:00003506 0:19163.1:63um> &<id:973315 Vertical inputs(2) Metal3 [17um 32.5um] [17um 95um] 0.29um rpD:1 bl:0 ------CG----W---------bb-- [32.25um:95.25um] [32.25um:95.25um] 63um ------->
        <event:00003507 0:19163.1:63um> &<id:973332 Vertical inputs(4) Metal3 [30um 32.5um] [30um 95um] 0.29um rpD:1 bl:0 ------CG----W---------bb-- [32.25um:95.25um] [32.25um:95.25um] 63um ------->
        <event:00003508 0:8842.42:29um> &<id:971168 Vertical clk_root_0 Metal3 [18.5um 16um] [18.5um 27um] 0.29um rpD:1 bl:0 ------CG----W---------bb-- [15.75um:27.25um] [15.75um:44.75um] 29um ------->
        <event:00003509 0:8690.64:29um> &<id:973232 Vertical outputs(15) Metal3 [3um 21um] [3um 49.5um] 0.29um rpD:1 bl:0 ------CG----W---------bb-- [20.75um:49.75um] [20.75um:49.75um] 29um ------->
        <event:00003510 0:7476.44:24.5um> &<id:973042 Vertical outputs(14) Metal3 [3um 20um] [3um 44um] 0.29um rpD:1 bl:0 ------CG----W---------bb-- [19.75um:44.25um] [19.75um:44.25um] 24.5um ------->
        <event:00003511 0:5806.92:19um> &<id:971279 Vertical abc_1342_new_n123 Metal3 [26.5um 3um] [26.5um 21.5um] 0.29um rpD:1 bl:0 ------CG----W---------bb-- [2.75um:21.75um] [2.75um:21.75um] 19um ------->
        <event:00003512 0:5503.37:18um> &<id:971392 Vertical clk_root_1 Metal3 [52.5um 63um] [52.5um 78um] 0.29um rpD:1 bl:0 ------CG----W---------bb-- [62.75um:78.25um] [60.25um:78.25um] 18um ------->
        <event:00003513 0:5351.59:17.5um> &<id:971249 Vertical clk_root_2 Metal3 [16.5um 78um] [16.5um 95um] 0.29um rpD:1 bl:0 ------CG----W---------bb-- [77.75um:95.25um] [77.75um:95.25um] 17.5um ------->
        <event:00003514 0:5199.82:18.5um> &<id:971276 Vertical abc_1342_new_n123 Metal3 [16um 3.5um] [16um 21.5um] 0.29um rpD:1 bl:0 ------CG----W---------bb-- [3.25um:21.75um] [3.25um:21.75um] 18.5um ------->
        <event:00003515 0:5199.82:17.5um> &<id:973051 Vertical abc_1342_new_n167 Metal3 [22.5um 32um] [22.5um 49um] 0.29um rpD:1 bl:0 ------CG----W---------bb-- [31.75um:49.25um] [31.75um:49.25um] 17.5um ------->
        <event:00003516 0:5199.82:17um> &<id:973213 Vertical outputs(6) Metal3 [38um 15.5um] [38um 29um] 0.29um rpD:1 bl:0 ------CG----W---------bb-- [15.25um:29.25um] [15.25um:32.25um] 17um ------->
        <event:00003517 0:5199.82:17um> &<id:972575 Vertical outputs(0) Metal3 [63.5um 20um] [63.5um 36.5um] 0.29um rpD:1 bl:0 ------CG----W---------bb-- [19.75um:36.75um] [19.75um:36.75um] 17um ------->
        <event:00003518 0:4896.27:16um> &<id:973108 Vertical abc_1342_auto_rtlil_cc_2739_MuxGate_1277 Metal3 [61um 21.5um] [61um 37um] 0.29um rpD:1 bl:0 ------CG----W---------bb-- [21.25um:37.25um] [21.25um:37.25um] 16um ------->
        <event:00003519 0:4592.72:15um> &<id:972789 Vertical abc_1342_new_n164 Metal3 [37um 56um] [37um 70.5um] 0.29um rpD:1 bl:0 ------CG----W---------bb-- [55.75um:70.75um] [55.75um:70.75um] 15um ------->
        <event:00003520 0:4289.17:14um> &<id:972550 Vertical outputs(11) Metal3 [3.5um 15um] [3.5um 27.5um] 0.29um rpD:1 bl:0 ------CG----W---------tb-- [14.75um:27.75um] [13.75um:27.75um] 14um ------->
        <event:00003521 0:4289.17:14um> &<id:971042 Vertical abc_1342_new_n174 Metal3 [45um 9um] [45um 20um] 0.29um rpD:1 bl:0 ------CG----W---------bb-- [8.75um:20.25um] [8.75um:22.75um] 14um ------->
        <event:00003522 0:4289.17:14um> &<id:973222 Vertical outputs(6) Metal3 [61um 33um] [61um 46.5um] 0.29um rpD:1 bl:0 ------CG----W---------bb-- [32.75um:46.75um] [32.75um:46.75um] 14um ------->
        <event:00003523 0:4137.39:13.5um> &<id:972194 Vertical n(2) Metal3 [22.5um 32.5um] [22.5um 36.5um] 0.29um rpD:1 bl:0 -----UCG----W---------bb-- [32.25um:36.75um] [32.25um:45.75um] 13.5um ------->
        <event:00003524 0:3682.07:13.5um> &<id:971187 Vertical clk_root_0 Metal3 [0.5um 9.5um] [0.5um 21.5um] 0.29um rpD:1 bl:0 ------CG----W---------bb-- [9.25um:21.75um] [8.25um:21.75um] 13.5um ------->
        <event:00003525 0:3682.07:11.5um> &<id:971385 Vertical clk_root_1 Metal3 [49.5um 43um] [49.5um 54um] 0.29um rpD:1 bl:0 ------CG----W---------bb-- [42.75um:54.25um] [42.75um:54.25um] 11.5um ------->
        <event:00003526 0:3530.29:14um> &<id:970970 Vertical init Metal3 [12um 42.5um] [12um 56um] 0.29um rpD:1 bl:0 ------CG----W---------bb-- [42.25um:56.25um] [42.25um:56.25um] 14um ------->
        <event:00003527 0:3530.29:10.5um> &<id:971284 Vertical abc_1342_new_n123 Metal3 [16um 21.5um] [16um 31.5um] 0.29um rpD:1 bl:0 ------CG----W---------bb-- [21.25um:31.75um] [21.25um:31.75um] 10.5um ------->
        <event:00003528 0:3530.29:11.5um> &<id:972519 Vertical n(3) Metal3 [22.5um 38um] [22.5um 49um] 0.29um rpD:1 bl:0 ------CG----W---------bb-- [37.75um:49.25um] [37.75um:49.25um] 11.5um ------->
        <event:00003529 0:3530.29:11.5um> &<id:970980 Vertical init Metal3 [59um 20um] [59um 31um] 0.29um rpD:1 bl:0 ------CG----W---------bb-- [19.75um:31.25um] [19.75um:31.25um] 11.5um ------->
        <event:00003530 0:3378.51:9.5um> &<id:971190 Vertical clk_root_0 Metal3 [3um 21.5um] [3um 30.5um] 0.29um rpD:1 bl:0 ------CG----W---------bb-- [21.25um:30.75um] [21.25um:30.75um] 9.5um ------->
        <event:00003531 0:3378.51:11.5um> &<id:971048 Vertical abc_1342_new_n174 Metal3 [3um 20um] [3um 31um] 0.29um rpD:1 bl:0 ------CG----W---------bb-- [19.75um:31.25um] [19.75um:31.25um] 11.5um ------->
        <event:00003532 0:3378.51:11um> &<id:970968 Vertical init Metal3 [9.5um 32um] [9.5um 42.5um] 0.29um rpD:1 bl:0 ------CG----W---------bb-- [31.75um:42.75um] [31.75um:42.75um] 11um ------->
        <event:00003533 0:3378.51:11um> &<id:971174 Vertical clk_root_0 Metal3 [28.5um 4um] [28.5um 14.5um] 0.29um rpD:1 bl:0 ------CG----W---------bb-- [3.75um:14.75um] [3.75um:14.75um] 11um ------->
        <event:00003534 0:3378.51:11um> &<id:971283 Vertical abc_1342_new_n123 Metal3 [41.5um 3.5um] [41.5um 14um] 0.29um rpD:1 bl:0 ------CG----W---------bb-- [3.25um:14.25um] [3.25um:14.25um] 11um ------->
        <event:00003535 0:3378.51:11um> &<id:971391 Vertical clk_root_1 Metal3 [44um 60.5um] [44um 71um] 0.29um rpD:1 bl:0 ------CG----W---------bb-- [60.25um:71.25um] [60.25um:71.25um] 11um ------->
        <event:00003536 0:3378.51:10.5um> &<id:971394 Vertical clk_root_1 Metal3 [56um 84um] [56um 94um] 0.29um rpD:1 bl:0 ------CG----W---------bb-- [83.75um:94.25um] [83.75um:94.25um] 10.5um ------->
        <event:00003537 0:3378.51:11um> &<id:972631 Vertical abc_1342_new_n317 Metal3 [58um 49.5um] [58um 59.5um] 0.29um rpD:1 bl:0 ------CG----W---------bb-- [49.25um:59.75um] [48.75um:59.75um] 11um ------->
        <event:00003538 0:3378.51:11um> &<id:972561 Vertical outputs(2) Metal3 [61um 15.5um] [61um 23.5um] 0.29um rpD:1 bl:0 ------CG----W---------bb-- [15.25um:23.75um] [15.25um:26.25um] 11um ------->
        <event:00003539 0:3378.51:11.5um> &<id:971984 Vertical n(18) Metal3 [61.5um 80um] [61.5um 89um] 0.29um rpD:1 bl:0 ------CG----W---------bb-- [79.75um:89.25um] [77.75um:89.25um] 11.5um ------->
        <event:00003540 0:3226.74:10.5um> &<id:973040 Vertical outputs(14) Metal3 [7um 10um] [7um 20um] 0.29um rpD:1 bl:0 ------CG----W---------bb-- [9.75um:20.25um] [9.75um:20.25um] 10.5um ------->
        <event:00003541 0:3226.74:10.5um> &<id:971055 Vertical abc_1342_new_n174 Metal3 [9.5um 44um] [9.5um 54um] 0.29um rpD:1 bl:0 ------CG----W---------bb-- [43.75um:54.25um] [43.75um:54.25um] 10.5um ------->
        <event:00003542 0:3226.74:10.5um> &<id:971285 Vertical abc_1342_new_n123 Metal3 [30.5um 21.5um] [30.5um 31.5um] 0.29um rpD:1 bl:0 ------CG----W---------bb-- [21.25um:31.75um] [21.25um:31.75um] 10.5um ------->
        <event:00003543 0:3226.74:10.5um> &<id:972801 Vertical abc_1342_new_n161 Metal3 [41.5um 72.5um] [41.5um 82.5um] 0.29um rpD:1 bl:0 ------CG----W---------bb-- [72.25um:82.75um] [72.25um:82.75um] 10.5um ------->
        <event:00003544 0:3226.74:10.5um> &<id:972480 Vertical abc_1342_new_n198 Metal3 [42.5um 4um] [42.5um 14um] 0.29um rpD:1 bl:0 ------CG----W---------bb-- [3.75um:14.25um] [3.75um:14.25um] 10.5um ------->
        <event:00003545 4:3226.74:10.5um> &<id:972480 Vertical abc_1342_new_n198 Metal3 [42.5um 4um] [42.5um 14um] 0.29um rpD:1 bl:0 ------CG----W---------bb-- [3.75um:14.25um] [3.75um:14.25um] 10.5um ------->
        <event:00003546 3:94.7692:0.75um> &<id:975359 Horizontal abc_1342_new_n202 Metal2 [42.105um 8.5um] [42.61um 8.5um] 0.29um rpD:0 bl:0 ---a-UC---T-----------tb-- [42um:42.75um] [42um:42.75um] 0.75um ------->
        <event:00003547 3:7931.77:26um> &<id:976781 Horizontal abc_1342_new_n202 Metal4 [17um 1um] [42.5um 1um] 0.29um rpD:2 bl:0 ------CG-----w--------bb-- [16.75um:42.75um] [16.75um:42.75um] 26um -----s->
        <event:00003548 0:3226.74:10.5um> &<id:972468 Vertical abc_1342_auto_rtlil_cc_2739_MuxGate_1315 Metal3 [57um 78.5um] [57um 88.5um] 0.29um rpD:1 bl:0 ------CG----W---------bb-- [78.25um:88.75um] [78.25um:88.75um] 10.5um ------->
        <event:00003549 0:3226.74:10.5um> &<id:972810 Vertical mem_inputs(10) Metal3 [61um 20.5um] [61um 30.5um] 0.29um rpD:1 bl:0 ------CG----W---------bb-- [20.25um:30.75um] [20.25um:30.75um] 10.5um ------->
        <event:00003550 0:3226.74:10.5um> &<id:972878 Vertical abc_1342_auto_rtlil_cc_2739_MuxGate_1337 Metal3 [61um 44um] [61um 54um] 0.29um rpD:1 bl:0 ------CG----W---------bb-- [43.75um:54.25um] [43.75um:54.25um] 10.5um ------->
        <event:00003551 0:3074.96:10um> &<id:971244 Vertical clk_root_2 Metal3 [18.5um 68.5um] [18.5um 78um] 0.29um rpD:1 bl:0 ------CG----W---------bb-- [68.25um:78.25um] [68.25um:78.25um] 10um ------->
        <event:00003552 0:3074.96:13um> &<id:970977 Vertical init Metal3 [22.5um 19um] [22.5um 31.5um] 0.29um rpD:1 bl:0 ------CG----W---------bb-- [18.75um:31.75um] [18.75um:31.75um] 13um ------->
        <event:00003553 0:3074.96:10um> &<id:972872 Vertical abc_1342_new_n223 Metal3 [31.5um 21um] [31.5um 30.5um] 0.29um rpD:1 bl:0 ------CG----W---------bb-- [20.75um:30.75um] [20.75um:30.75um] 10um ------->
        <event:00003554 0:3074.96:12um> &<id:972618 Vertical abc_1342_new_n313 Metal3 [52um 61.5um] [52um 73um] 0.29um rpD:1 bl:0 ------CG----W---------bb-- [61.25um:73.25um] [61.25um:73.25um] 12um ------->
        <event:00003555 0:3074.96:10.5um> &<id:971750 Vertical n(17) Metal3 [61um 78.5um] [61um 83.5um] 0.29um rpD:1 bl:0 ------CG----W---------bb-- [78.25um:83.75um] [78.25um:88.75um] 10.5um ------->
        <event:00003556 0:2923.19:9.5um> &<id:971338 Vertical abc_1342_new_n175 Metal3 [17um 10.5um] [17um 15um] 0.29um rpD:1 bl:0 -----UCG----W---------bb-- [10.25um:15.25um] [5.75um:15.25um] 9.5um ------->
        <event:00003557 0:2923.19:10um> &<id:972665 Vertical abc_1342_new_n138 Metal3 [42um 78.5um] [42um 88um] 0.29um rpD:1 bl:0 ------CG----W---------bb-- [78.25um:88.25um] [78.25um:88.25um] 10um ------->
        <event:00003558 4:3074.96:10um> &<id:972665 Vertical abc_1342_new_n138 Metal3 [42.5um 78.5um] [42.5um 88um] 0.29um rpD:1 bl:0 ------CG----W---------bb-- [78.25um:88.25um] [78.25um:88.25um] 10um ------->
        <event:00003559 3:154.962:0.975um> &<id:976613 Horizontal n(14) Metal2 [42.5um 83.5um] [43.015um 83.5um] 0.29um rpD:0 bl:0 -----UC---T-----------tb-- [42.25um:43.225um] [42.25um:43.225um] 0.975um ------->
        <event:00003560 3:904.509:5.105um> &<id:971930 Horizontal n(14) Metal2 [37.855um 89.5um] [42.5um 89.5um] 0.29um rpD:0 bl:0 -----UCG--T-----------bt-- [37.645um:42.75um] [37.645um:42.75um] 5.105um ------->
        <event:00003561 3:1253.66:4um> &<id:971932 Horizontal n(14) Metal2 [42.5um 86.5um] [46um 86.5um] 0.29um rpD:2 bl:0 ------CG-----w--------tt-- [42.25um:46.25um] [42.25um:46.25um] 4um ------->
        <event:00003562 0:2923.19:9.5um> &<id:971748 Vertical n(17) Metal3 [48um 79um] [48um 82.5um] 0.29um rpD:1 bl:0 -----UCG----W---------bb-- [78.75um:82.75um] [78.75um:88.25um] 9.5um ------->
        <event:00003563 0:2923.19:9um> &<id:973149 Vertical abc_1342_new_n288 Metal3 [61um 79.5um] [61um 88um] 0.29um rpD:1 bl:0 ------CG----W---------bb-- [79.25um:88.25um] [79.25um:88.25um] 9um ------->
        <event:00003564 0:2923.19:12um> &<id:972653 Vertical abc_1342_new_n315 Metal3 [61.5um 56um] [61.5um 67.5um] 0.29um rpD:1 bl:0 ------CG----W---------bb-- [55.75um:67.75um] [55.75um:67.75um] 12um ------->
        <event:00003565 0:2771.41:9.5um> &<id:973276 Vertical outputs(7) Metal3 [35um 5um] [35um 14um] 0.29um rpD:1 bl:0 ------CG----W---------bb-- [4.75um:14.25um] [4.75um:14.25um] 9.5um ------->
        <event:00003566 0:2619.64:9um> &<id:971037 Vertical abc_1342_new_n174 Metal3 [39um 35um] [39um 43.5um] 0.29um rpD:1 bl:0 ------CG----W---------bb-- [34.75um:43.75um] [34.75um:43.75um] 9um ------->
        <event:00003567 0:2467.86:8um> &<id:973283 Vertical abc_1342_new_n202 Metal3 [42.5um 1um] [42.5um 8.5um] 0.29um rpD:1 bl:0 ------CG----W---------tb-- [0.75um:8.75um] [0.75um:8.75um] 8um ------->
        <event:00003568 0:2467.86:9.5um> &<id:972361 Vertical outputs(5) Metal3 [62um 31.5um] [62um 40.5um] 0.29um rpD:1 bl:0 ------CG----W---------bb-- [31.25um:40.75um] [31.25um:40.75um] 9.5um ------->
        <event:00003569 0:2316.09:7.5um> &<id:971790 Vertical n(20) Metal3 [7um 72um] [7um 76.5um] 0.29um rpD:1 bl:0 ------CG----W---------bb-- [71.75um:76.75um] [69.25um:76.75um] 7.5um ------->
        <event:00003570 0:2316.09:4.5um> &<id:972991 Vertical abc_1342_auto_rtlil_cc_2739_MuxGate_1305 Metal3 [18um 90.5um] [18um 94.5um] 0.29um rpD:1 bl:0 ------CG----W---------tb-- [90.25um:94.75um] [90.25um:94.75um] 4.5um ------->
        <event:00003571 0:2316.09:10um> &<id:972254 Vertical abc_1342_new_n311 Metal3 [48um 63um] [48um 67.5um] 0.29um rpD:1 bl:0 ------CG----W---------bb-- [62.75um:67.75um] [57.75um:67.75um] 10um ------->
        <event:00003572 0:2164.31:5um> &<id:973262 Vertical abc_1342_auto_rtlil_cc_2739_MuxGate_1291 Metal3 [22.5um 49.5um] [22.5um 54um] 0.29um rpD:1 bl:0 ------CG----W---------tb-- [49.25um:54.25um] [49.25um:54.25um] 5um ------->
        <event:00003573 0:2164.31:6um> &<id:972002 Vertical n(15) Metal3 [46.5um 83.5um] [46.5um 88.5um] 0.29um rpD:1 bl:0 ------CG----W---------bb-- [83.25um:88.75um] [82.75um:88.75um] 6um ------->
        <event:00003574 0:2164.31:6.5um> &<id:972089 Vertical n(16) Metal3 [50.5um 83.5um] [50.5um 89.5um] 0.29um rpD:1 bl:0 ------CG----W---------bb-- [83.25um:89.75um] [83.25um:89.75um] 6.5um ------->
        <event:00003575 0:2012.54:6.5um> &<id:971916 Vertical n(0) Metal3 [13.5um 34um] [13.5um 37.5um] 0.29um rpD:1 bl:0 ------CG----W---------bb-- [33.75um:37.75um] [31.25um:37.75um] 6.5um ------->
        <event:00003576 0:2012.54:6um> &<id:972950 Vertical n(7) Metal3 [15.5um 55um] [15.5um 60.5um] 0.29um rpD:1 bl:0 ------CG----W---------bb-- [54.75um:60.75um] [54.75um:60.75um] 6um ------->
        <event:00003577 0:2012.54:6um> &<id:972909 Vertical outputs(12) Metal3 [19.5um 21um] [19.5um 26.5um] 0.29um rpD:1 bl:0 ------CG----W---------bb-- [20.75um:26.75um] [20.75um:26.75um] 6um ------->
        <event:00003578 0:2012.54:6um> &<id:971876 Vertical n(22) Metal3 [22.5um 66.5um] [22.5um 72um] 0.29um rpD:1 bl:0 -----UCG----W---------bb-- [66.25um:72.25um] [66.25um:72.25um] 6um ------->
        <event:00003579 0:2012.54:6.5um> &<id:972281 Vertical mem_inputs(11) Metal3 [36um 9.5um] [36um 15.5um] 0.29um rpD:1 bl:0 ------CG----W---------bb-- [9.25um:15.75um] [9.25um:15.75um] 6.5um ------->
        <event:00003580 0:2012.54:6um> &<id:971038 Vertical abc_1342_new_n174 Metal3 [40um 43.5um] [40um 49um] 0.29um rpD:1 bl:0 ------CG----W---------bb-- [43.25um:49.25um] [43.25um:49.25um] 6um ------->
        <event:00003581 0:2012.54:6.5um> &<id:971929 Vertical n(14) Metal3 [42.5um 83.5um] [42.5um 89.5um] 0.29um rpD:1 bl:0 -----UCG----W---------bb-- [83.25um:89.75um] [83.25um:89.75um] 6.5um ------->
        <event:00003582 0:122.006:0.74um> &<id:976613 Horizontal n(14) Metal2 [42.615um 83.5um] [43.12um 83.5um] 0.29um rpD:0 bl:0 ---a-UC---T------i----tb-- [42.51um:43.25um] [42.51um:43.25um] 0.74um ------->
        <event:00003583 0:2012.54:6.5um> &<id:972772 Vertical outputs(4) Metal3 [44um 30.5um] [44um 36.5um] 0.29um rpD:1 bl:0 ------CG----W---------bb-- [30.25um:36.75um] [30.25um:36.75um] 6.5um ------->
        <event:00003584 0:2012.54:6.5um> &<id:971123 Vertical abc_1342_new_n255 Metal3 [51.5um 89um] [51.5um 95um] 0.29um rpD:1 bl:0 -----UCG----W---------bb-- [88.75um:95.25um] [88.75um:95.25um] 6.5um ------->
        <event:00003585 0:2012.54:6um> &<id:970957 Vertical init Metal3 [54um 9um] [54um 14.5um] 0.29um rpD:1 bl:0 ------CG----W---------bb-- [8.75um:14.75um] [8.75um:14.75um] 6um ------->
        <event:00003586 0:2012.54:4.5um> &<id:971377 Vertical clk_root_1 Metal3 [57um 33.5um] [57um 37.5um] 0.29um rpD:1 bl:0 ------CG----W---------bb-- [33.25um:37.75um] [33.25um:37.75um] 4.5um ------->
        <event:00003587 0:1860.76:6um> &<id:971028 Vertical abc_1342_new_n174 Metal3 [6.5um 8.5um] [6.5um 14um] 0.29um rpD:1 bl:0 ------CG----W---------bb-- [8.25um:14.25um] [8.25um:14.25um] 6um ------->
        <event:00003588 0:1860.76:5.5um> &<id:970941 Vertical init Metal3 [7.5um 9um] [7.5um 14um] 0.29um rpD:1 bl:0 ------CG----W---------bb-- [8.75um:14.25um] [8.75um:14.25um] 5.5um ------->
        <event:00003589 0:1860.76:6um> &<id:971029 Vertical abc_1342_new_n174 Metal3 [10um 14.5um] [10um 20um] 0.29um rpD:1 bl:0 ------CG----W---------bb-- [14.25um:20.25um] [14.25um:20.25um] 6um ------->
        <event:00003590 0:1860.76:4.5um> &<id:973302 Vertical abc_1342_new_n235 Metal3 [16um 26.5um] [16um 30.5um] 0.29um rpD:1 bl:0 ------CG----W---------tb-- [26.25um:30.75um] [26.25um:30.75um] 4.5um ------->
        <event:00003591 0:1860.76:5um> &<id:972673 Vertical mem_inputs(12) Metal3 [24.5um 4um] [24.5um 8.5um] 0.29um rpD:1 bl:0 ------CG----W---------bt-- [3.75um:8.75um] [3.75um:8.75um] 5um ------->
        <event:00003592 0:1860.76:6um> &<id:971503 Vertical n(4) Metal3 [26um 45.5um] [26um 48.5um] 0.29um rpD:1 bl:0 ------CG----W---------bb-- [45.25um:48.75um] [42.75um:48.75um] 6um ------->
        <event:00003593 0:1860.76:6um> &<id:972279 Vertical mem_inputs(11) Metal3 [35um 4um] [35um 9.5um] 0.29um rpD:1 bl:0 ------CG----W---------bb-- [3.75um:9.75um] [3.75um:9.75um] 6um ------->
        <event:00003594 0:1860.76:6.5um> &<id:973133 Vertical outputs(8) Metal3 [45.5um 8.5um] [45.5um 14.5um] 0.29um rpD:1 bl:0 ------CG----W---------bb-- [8.25um:14.75um] [8.25um:14.75um] 6.5um ------->
        <event:00003595 0:1860.76:6.5um> &<id:972313 Vertical n(13) Metal3 [45.5um 84um] [45.5um 86.5um] 0.29um rpD:1 bl:0 ------CG----W---------bb-- [83.75um:86.75um] [83.75um:90.25um] 6.5um ------->
        <event:00003596 0:1860.76:5.5um> &<id:971767 Vertical n(19) Metal3 [50um 73.5um] [50um 77um] 0.29um rpD:1 bl:0 ------CG----W---------bb-- [73.25um:77.25um] [71.75um:77.25um] 5.5um ------->
        <event:00003597 0:1860.76:6.5um> &<id:971393 Vertical clk_root_1 Metal3 [53.5um 78um] [53.5um 84um] 0.29um rpD:1 bl:0 ------CG----W---------bb-- [77.75um:84.25um] [77.75um:84.25um] 6.5um ------->
        <event:00003598 0:1860.76:6um> &<id:972265 Vertical n(29) Metal3 [58.5um 49.5um] [58.5um 55um] 0.29um rpD:1 bl:0 ------CG----W---------bb-- [49.25um:55.25um] [49.25um:55.25um] 6um ------->
        <event:00003599 0:1860.76:6um> &<id:972574 Vertical outputs(0) Metal3 [63um 16.5um] [63um 20um] 0.29um rpD:1 bl:0 ------CG----W---------bb-- [16.25um:20.25um] [14.25um:20.25um] 6um ------->
        <event:00003600 0:1708.99:6.5um> &<id:972736 Vertical n(8) Metal3 [9um 83um] [9um 88um] 0.29um rpD:1 bl:0 -----UCG----W---------bb-- [82.75um:88.25um] [81.75um:88.25um] 6.5um ------->
        <event:00003601 0:1708.99:5um> &<id:971341 Vertical abc_1342_new_n175 Metal3 [15.5um 15um] [15.5um 19.5um] 0.29um rpD:1 bl:0 ------CG----W---------bb-- [14.75um:19.75um] [14.75um:19.75um] 5um ------->
        <event:00003602 0:1708.99:5um> &<id:972910 Vertical outputs(12) Metal3 [24um 26.5um] [24um 31um] 0.29um rpD:1 bl:0 ------CG----W---------bb-- [26.25um:31.25um] [26.25um:31.25um] 5um ------->
        <event:00003603 0:1708.99:5.5um> &<id:973053 Vertical abc_1342_new_n167 Metal3 [26.5um 49um] [26.5um 54um] 0.29um rpD:1 bl:0 ------CG----W---------bb-- [48.75um:54.25um] [48.75um:54.25um] 5.5um ------->
        <event:00003604 0:1708.99:5um> &<id:972729 Vertical n(8) Metal3 [34.5um 73um] [34.5um 77.5um] 0.29um rpD:1 bl:0 ------CG----W---------bb-- [72.75um:77.75um] [72.75um:77.75um] 5um ------->
        <event:00003605 0:1708.99:6um> &<id:972372 Vertical n(9) Metal3 [35um 72.5um] [35um 78um] 0.29um rpD:1 bl:0 ------CG----W---------bb-- [72.25um:78.25um] [72.25um:78.25um] 6um ------->
        <event:00003606 0:1708.99:6um> &<id:971961 Vertical n(10) Metal3 [36um 73um] [36um 78.5um] 0.29um rpD:1 bl:0 ------CG----W---------bb-- [72.75um:78.75um] [72.75um:78.75um] 6um ------->
        <event:00003607 0:1708.99:7.5um> &<id:972492 Vertical n(11) Metal3 [36.5um 72.5um] [36.5um 79.5um] 0.29um rpD:1 bl:0 ------CG----W---------bb-- [72.25um:79.75um] [72.25um:79.75um] 7.5um ------->
        <event:00003608 0:1708.99:6um> &<id:972849 Vertical abc_1342_new_n239 Metal3 [37um 37.5um] [37um 43um] 0.29um rpD:1 bl:0 ------CG----W---------bb-- [37.25um:43.25um] [37.25um:43.25um] 6um ------->
        <event:00003609 0:1708.99:6um> &<id:970950 Vertical init Metal3 [39um 14.5um] [39um 20um] 0.29um rpD:1 bl:0 ------CG----W---------bb-- [14.25um:20.25um] [14.25um:20.25um] 6um ------->
        <event:00003610 0:1708.99:4um> &<id:970951 Vertical init Metal3 [39.5um 20.5um] [39.5um 24um] 0.29um rpD:1 bl:0 -----UCG----W---------bb-- [20.25um:24.25um] [20.25um:24.25um] 4um ------->
        <event:00003611 0:1708.99:7um> &<id:973101 Vertical outputs(10) Metal3 [41.5um 21um] [41.5um 27.5um] 0.29um rpD:1 bl:0 -----UCG----W---------bb-- [20.75um:27.75um] [20.75um:27.75um] 7um ------->
        <event:00003612 0:1708.99:5.5um> &<id:972000 Vertical n(15) Metal3 [43.5um 79um] [43.5um 83.5um] 0.29um rpD:1 bl:0 ------CG----W---------bb-- [78.75um:83.75um] [78.75um:84.25um] 5.5um ------->
        <event:00003613 0:1708.99:5.5um> &<id:971857 Vertical abc_1342_new_n280 Metal3 [44um 91.5um] [44um 94.5um] 0.29um rpD:1 bl:0 ------CG----W---------bb-- [91.25um:94.75um] [89.25um:94.75um] 5.5um ------->
        <event:00003614 0:1708.99:5.5um> &<id:971858 Vertical abc_1342_new_n280 Metal3 [49um 91.5um] [49um 94.5um] 0.29um rpD:1 bl:0 ------CG----W---------bb-- [91.25um:94.75um] [89.25um:94.75um] 5.5um ------->
        <event:00003615 0:1708.99:5.5um> &<id:971982 Vertical n(18) Metal3 [49.5um 80um] [49.5um 82.5um] 0.29um rpD:1 bl:0 ------CG----W---------bb-- [79.75um:82.75um] [77.25um:82.75um] 5.5um ------->
        <event:00003616 0:1708.99:6.5um> &<id:971768 Vertical n(19) Metal3 [50um 77um] [50um 83um] 0.29um rpD:1 bl:0 ------CG----W---------bb-- [76.75um:83.25um] [76.75um:83.25um] 6.5um ------->
        <event:00003617 0:1708.99:6.5um> &<id:972091 Vertical n(16) Metal3 [50.5um 89.5um] [50.5um 95.5um] 0.29um rpD:1 bl:0 ------CG----W---------bb-- [89.25um:95.75um] [89.25um:95.75um] 6.5um ------->
        <event:00003618 0:1708.99:6.5um> &<id:972444 Vertical mem_inputs(8) Metal3 [58um 7.5um] [58um 13.5um] 0.29um rpD:1 bl:0 ------CG----W---------bb-- [7.25um:13.75um] [7.25um:13.75um] 6.5um ------->
        <event:00003619 0:1708.99:5.5um> &<id:972638 Vertical abc_1342_new_n283 Metal3 [61um 84.5um] [61um 89.5um] 0.29um rpD:1 bl:0 -----UCG----W---------bb-- [84.25um:89.75um] [84.25um:89.75um] 5.5um ------->
        <event:00003620 0:1557.21:5um> &<id:971115 Vertical abc_1342_new_n255 Metal3 [1um 78.5um] [1um 83um] 0.29um rpD:1 bl:0 -----UCG----W---------bb-- [78.25um:83.25um] [78.25um:83.25um] 5um ------->
        <event:00003621 0:1557.21:5um> &<id:973761 Vertical outputs(9) Metal3 [3um 12um] [3um 16.5um] 0.29um rpD:1 bl:0 ------C-----W---------bb-- [11.75um:16.75um] [11.75um:16.75um] 5um ------->
        <event:00003622 0:1557.21:5um> &<id:971847 Vertical abc_1342_auto_rtlil_cc_2739_MuxGate_1319 Metal3 [3um 72.5um] [3um 77um] 0.29um rpD:1 bl:0 -----UCG----W---------bb-- [72.25um:77.25um] [72.25um:77.25um] 5um ------->
        <event:00003623 0:1557.21:5um> &<id:971631 Vertical n(1) Metal3 [6um 37.5um] [6um 42um] 0.29um rpD:1 bl:0 ------CG----W---------bb-- [37.25um:42.25um] [37.25um:42.25um] 5um ------->
        <event:00003624 0:1557.21:6um> &<id:971630 Vertical n(1) Metal3 [11um 33um] [11um 37.5um] 0.29um rpD:1 bl:0 ------CG----W---------bb-- [32.75um:37.75um] [32.75um:38.75um] 6um ------->
        <event:00003625 0:1557.21:5um> &<id:971917 Vertical n(0) Metal3 [13um 37.5um] [13um 42um] 0.29um rpD:1 bl:0 ------CG----W---------bb-- [37.25um:42.25um] [37.25um:42.25um] 5um ------->
        <event:00003626 0:1557.21:5um> &<id:972949 Vertical n(7) Metal3 [16um 50.5um] [16um 55um] 0.29um rpD:1 bl:0 ------CG----W---------bb-- [50.25um:55.25um] [50.25um:55.25um] 5um ------->
        <event:00003627 0:1557.21:5um> &<id:972400 Vertical abc_1342_new_n292 Metal3 [16um 67um] [16um 71.5um] 0.29um rpD:1 bl:0 -----UCG----W---------bb-- [66.75um:71.75um] [66.75um:71.75um] 5um ------->
        <event:00003628 0:1557.21:5um> &<id:972743 Vertical mem_inputs(13) Metal3 [17.5um 10um] [17.5um 13um] 0.29um rpD:1 bl:0 ------CG----W---------bb-- [9.75um:13.25um] [9.75um:14.75um] 5um ------->
        <event:00003629 0:1557.21:5um> &<id:970964 Vertical init Metal3 [22.5um 14.5um] [22.5um 19um] 0.29um rpD:1 bl:0 ------CG----W---------bb-- [14.25um:19.25um] [14.25um:19.25um] 5um ------->
        <event:00003630 0:1557.21:5um> &<id:971795 Vertical abc_1342_new_n182 Metal3 [34.5um 9um] [34.5um 13.5um] 0.29um rpD:1 bl:0 -----UCG----W---------bb-- [8.75um:13.75um] [8.75um:13.75um] 5um ------->
        <event:00003631 0:1557.21:5.5um> &<id:971287 Vertical abc_1342_new_n123 Metal3 [35um 32um] [35um 37um] 0.29um rpD:1 bl:0 -----UCG----W---------bb-- [31.75um:37.25um] [31.75um:37.25um] 5.5um ------->
        <event:00003632 0:1557.21:5um> &<id:972517 Vertical n(3) Metal3 [40.5um 38um] [40.5um 42um] 0.29um rpD:1 bl:0 -----UCG----W---------bb-- [37.75um:42.25um] [37.25um:42.25um] 5um ------->
        <event:00003633 0:1557.21:6um> &<id:972858 Vertical abc_1342_auto_rtlil_cc_2739_MuxGate_1285 Metal3 [41.5um 37um] [41.5um 42.5um] 0.29um rpD:1 bl:0 ------CG----W---------bb-- [36.75um:42.75um] [36.75um:42.75um] 6um ------->
        <event:00003634 0:1557.21:7um> &<id:971384 Vertical clk_root_1 Metal3 [42um 38.5um] [42um 45um] 0.29um rpD:1 bl:0 ------CG----W---------bb-- [38.25um:45.25um] [38.25um:45.25um] 7um ------->
        <event:00003635 0:1557.21:5um> &<id:971189 Vertical clk_root_0 Metal3 [44um 14.5um] [44um 19um] 0.29um rpD:1 bl:0 ------CG----W---------bb-- [14.25um:19.25um] [14.25um:19.25um] 5um ------->
        <event:00003636 0:1557.21:4um> &<id:972067 Vertical n(12) Metal3 [45um 84.5um] [45um 86.5um] 0.29um rpD:1 bl:0 ------CG----W---------bb-- [84.25um:86.75um] [84.25um:88.25um] 4um ------->
        <event:00003637 0:1557.21:5um> &<id:971601 Vertical n(26) Metal3 [47um 63um] [47um 65um] 0.29um rpD:1 bl:0 ------CG----W---------bb-- [62.75um:65.25um] [60.25um:65.25um] 5um ------->
        <event:00003638 0:1557.21:5um> &<id:971730 Vertical abc_1342_new_n159 Metal3 [49um 51.5um] [49um 53.5um] 0.29um rpD:1 bl:0 ------CG----W---------bb-- [51.25um:53.75um] [48.75um:53.75um] 5um ------->
        <event:00003639 0:1557.21:5.5um> &<id:972088 Vertical n(16) Metal3 [49um 78.5um] [49um 83.5um] 0.29um rpD:1 bl:0 -----UCG----W---------bb-- [78.25um:83.75um] [78.25um:83.75um] 5.5um ------->
        <event:00003640 0:1557.21:7um> &<id:971181 Vertical clk_root_0 Metal3 [50.5um 4um] [50.5um 10.5um] 0.29um rpD:1 bl:0 ------CG----W---------bb-- [3.75um:10.75um] [3.75um:10.75um] 7um ------->
        <event:00003641 0:1557.21:6um> &<id:971574 Vertical n(27) Metal3 [50.5um 61um] [50.5um 66um] 0.29um rpD:1 bl:0 -----UCG----W---------bb-- [60.75um:66.25um] [60.25um:66.25um] 6um ------->
        <event:00003642 0:1557.21:5um> &<id:971390 Vertical clk_root_1 Metal3 [50.5um 63um] [50.5um 65um] 0.29um rpD:1 bl:0 ------CG----W---------bb-- [62.75um:65.25um] [60.25um:65.25um] 5um ------->
        <event:00003643 0:1557.21:5.5um> &<id:970958 Vertical init Metal3 [54.5um 4um] [54.5um 9um] 0.29um rpD:1 bl:0 -----UCG----W---------bb-- [3.75um:9.25um] [3.75um:9.25um] 5.5um ------->
        <event:00003644 0:1557.21:5um> &<id:971891 Vertical n(30) Metal3 [55.5um 44.5um] [55.5um 49um] 0.29um rpD:1 bl:0 ------CG----W---------bb-- [44.25um:49.25um] [44.25um:49.25um] 5um ------->
        <event:00003645 0:1557.21:6um> &<id:971537 Vertical n(28) Metal3 [58.5um 60.5um] [58.5um 66um] 0.29um rpD:1 bl:0 ------CG----W---------bb-- [60.25um:66.25um] [60.25um:66.25um] 6um ------->
        <event:00003646 0:1557.21:5.5um> &<id:971893 Vertical n(30) Metal3 [59um 49um] [59um 53.5um] 0.29um rpD:1 bl:0 ------CG----W---------bb-- [48.75um:53.75um] [48.25um:53.75um] 5.5um ------->
        <event:00003647 0:1557.21:5um> &<id:972255 Vertical abc_1342_new_n311 Metal3 [60um 63um] [60um 65.5um] 0.29um rpD:1 bl:0 ------CG----W---------bb-- [62.75um:65.75um] [60.75um:65.75um] 5um ------->
        <event:00003648 0:1557.21:5.5um> &<id:971536 Vertical n(28) Metal3 [61um 55.5um] [61um 60.5um] 0.29um rpD:1 bl:0 -----UCG----W---------bb-- [55.25um:60.75um] [55.25um:60.75um] 5.5um ------->
        <event:00003649 0:1557.21:6um> &<id:972776 Vertical outputs(4) Metal3 [63.5um 33um] [63.5um 38.5um] 0.29um rpD:1 bl:0 -----UCG----W---------bb-- [32.75um:38.75um] [32.75um:38.75um] 6um ------->
        <event:00003650 0:1557.21:5.5um> &<id:972264 Vertical n(29) Metal3 [63.5um 44.5um] [63.5um 49.5um] 0.29um rpD:1 bl:0 -----UCG----W---------bb-- [44.25um:49.75um] [44.25um:49.75um] 5.5um ------->
        <event:00003651 0:1405.44:4.5um> &<id:972018 Vertical abc_1342_auto_rtlil_cc_2739_MuxGate_1279 Metal3 [3um 32.5um] [3um 36.5um] 0.29um rpD:1 bl:0 -----UCG----W---------bb-- [32.25um:36.75um] [32.25um:36.75um] 4.5um ------->
        <event:00003652 0:1405.44:5um> &<id:972032 Vertical n(21) Metal3 [4um 66.5um] [4um 71um] 0.29um rpD:1 bl:0 -----UCG----W---------bb-- [66.25um:71.25um] [66.25um:71.25um] 5um ------->
        <event:00003653 0:1405.44:5um> &<id:972271 Vertical abc_1342_new_n240 Metal3 [9.5um 32.5um] [9.5um 37um] 0.29um rpD:1 bl:0 -----UCG----W---------bb-- [32.25um:37.25um] [32.25um:37.25um] 5um ------->
        <event:00003654 0:1405.44:7um> &<id:972972 Vertical abc_1342_new_n299 Metal3 [9.5um 59um] [9.5um 65.5um] 0.29um rpD:1 bl:0 ------CG----W---------bb-- [58.75um:65.75um] [58.75um:65.75um] 7um ------->
        <event:00003655 0:1405.44:4um> &<id:972176 Vertical abc_1342_new_n165 Metal3 [17um 33um] [17um 36.5um] 0.29um rpD:1 bl:0 ------CG----W---------bb-- [32.75um:36.75um] [32.75um:36.75um] 4um ------->
        <event:00003656 0:1405.44:4.5um> &<id:971704 Vertical abc_1342_new_n131 Metal3 [17um 61um] [17um 65um] 0.29um rpD:1 bl:0 -----UCG----W---------bb-- [60.75um:65.25um] [60.75um:65.25um] 4.5um ------->
        <event:00003657 0:1405.44:4.5um> &<id:971826 Vertical abc_1342_new_n185 Metal3 [20.5um 9um] [20.5um 13um] 0.29um rpD:1 bl:0 ------CG----W---------bb-- [8.75um:13.25um] [8.75um:13.25um] 4.5um ------->
        <event:00003658 0:1405.44:7um> &<id:973246 Vertical abc_1342_new_n177 Metal3 [22.5um 13um] [22.5um 19.5um] 0.29um rpD:1 bl:0 ------CG----W---------bb-- [12.75um:19.75um] [12.75um:19.75um] 7um ------->
        <event:00003659 0:1405.44:4.5um> &<id:972317 Vertical n(13) Metal3 [23um 90um] [23um 94um] 0.29um rpD:1 bl:0 -----UCG----W---------bb-- [89.75um:94.25um] [89.75um:94.25um] 4.5um ------->
        <event:00003660 0:1405.44:4.5um> &<id:973017 Vertical abc_1342_new_n251 Metal3 [24.5um 44um] [24.5um 48um] 0.29um rpD:1 bl:0 ------CG----W---------bb-- [43.75um:48.25um] [43.75um:48.25um] 4.5um ------->
        <event:00003661 0:1405.44:4.5um> &<id:972817 Vertical abc_1342_auto_rtlil_cc_2739_MuxGate_1249 Metal3 [29um 10um] [29um 14um] 0.29um rpD:1 bl:0 ------CG----W---------bb-- [9.75um:14.25um] [9.75um:14.25um] 4.5um ------->
        <event:00003662 0:1405.44:4.5um> &<id:972239 Vertical abc_1342_new_n214 Metal3 [29um 27um] [29um 31um] 0.29um rpD:1 bl:0 -----UCG----W---------bb-- [26.75um:31.25um] [26.75um:31.25um] 4.5um ------->
        <event:00003663 0:1405.44:8um> &<id:971941 Vertical abc_1342_new_n275 Metal3 [34.5um 87.5um] [34.5um 95um] 0.29um rpD:1 bl:0 ------CG----W---------bb-- [87.25um:95.25um] [87.25um:95.25um] 8um ------->
        <event:00003664 0:1405.44:7um> &<id:972757 Vertical abc_1342_auto_rtlil_cc_2739_MuxGate_1255 Metal3 [35um 3.5um] [35um 10um] 0.29um rpD:1 bl:0 ------CG----W---------bb-- [3.25um:10.25um] [3.25um:10.25um] 7um ------->
        <event:00003665 0:1405.44:3.5um> &<id:972201 Vertical n(2) Metal3 [39.5um 39.5um] [39.5um 42.5um] 0.29um rpD:1 bl:0 -----UCG----W---------bb-- [39.25um:42.75um] [39.25um:42.75um] 3.5um ------->
        <event:00003666 0:1405.44:7um> &<id:971735 Vertical abc_1342_new_n199 Metal3 [42um 15um] [42um 21.5um] 0.29um rpD:1 bl:0 -----UCG----W---------bb-- [14.75um:21.75um] [14.75um:21.75um] 7um ------->
        <event:00003667 0:1405.44:5um> &<id:972865 Vertical abc_1342_new_n127 Metal3 [42.5um 50um] [42.5um 54.5um] 0.29um rpD:1 bl:0 ------CG----W---------tb-- [49.75um:54.75um] [49.75um:54.75um] 5um ------->
        <event:00003668 0:1405.44:5um> &<id:971899 Vertical abc_1342_auto_rtlil_cc_2739_MuxGate_1257 Metal3 [46um 15um] [46um 19.5um] 0.29um rpD:1 bl:0 ------CG----W---------bb-- [14.75um:19.75um] [14.75um:19.75um] 5um ------->
        <event:00003669 0:1405.44:4.5um> &<id:972076 Vertical abc_1342_auto_rtlil_cc_2739_MuxGate_1259 Metal3 [46.5um 10um] [46.5um 14um] 0.29um rpD:1 bl:0 ------CG----W---------bb-- [9.75um:14.25um] [9.75um:14.25um] 4.5um ------->
        <event:00003670 0:1405.44:4.5um> &<id:971642 Vertical abc_1342_new_n205 Metal3 [47um 3.5um] [47um 7.5um] 0.29um rpD:1 bl:0 -----UCG----W---------bb-- [3.25um:7.75um] [3.25um:7.75um] 4.5um ------->
        <event:00003671 0:1405.44:4.5um> &<id:972108 Vertical abc_1342_new_n281 Metal3 [47um 78.5um] [47um 82.5um] 0.29um rpD:1 bl:0 -----UCG----W---------bb-- [78.25um:82.75um] [78.25um:82.75um] 4.5um ------->
        <event:00003672 0:1405.44:7.5um> &<id:972234 Vertical abc_1342_new_n206 Metal3 [48um 3um] [48um 10um] 0.29um rpD:1 bl:0 -----UCG----W---------bb-- [2.75um:10.25um] [2.75um:10.25um] 7.5um ------->
        <event:00003673 0:1405.44:6um> &<id:972964 Vertical abc_1342_new_n168 Metal3 [48um 49.5um] [48um 55um] 0.29um rpD:1 bl:0 -----UCG----W---------bb-- [49.25um:55.25um] [49.25um:55.25um] 6um ------->
        <event:00003674 0:1405.44:4.5um> &<id:971590 Vertical abc_1342_auto_rtlil_cc_2739_MuxGate_1335 Metal3 [52um 67um] [52um 71um] 0.29um rpD:1 bl:0 -----UCG----W---------bb-- [66.75um:71.25um] [66.75um:71.25um] 4.5um ------->
        <event:00003675 0:1405.44:5um> &<id:972659 Vertical abc_1342_auto_rtlil_cc_2739_MuxGate_1317 Metal3 [52um 72.5um] [52um 77um] 0.29um rpD:1 bl:0 ------CG----W---------bb-- [72.25um:77.25um] [72.25um:77.25um] 5um ------->
        <event:00003676 0:1405.44:7.5um> &<id:972427 Vertical abc_1342_auto_rtlil_cc_2739_MuxGate_1261 Metal3 [53um 1um] [53um 8um] 0.29um rpD:1 bl:0 ------CG----W---------bb-- [0.75um:8.25um] [0.75um:8.25um] 7.5um ------->
        <event:00003677 0:1405.44:4.5um> &<id:973010 Vertical abc_1342_new_n201 Metal3 [54.5um 9.5um] [54.5um 13.5um] 0.29um rpD:1 bl:0 ------CG----W---------bb-- [9.25um:13.75um] [9.25um:13.75um] 4.5um ------->
        <event:00003678 0:1405.44:5.5um> &<id:972421 Vertical abc_1342_auto_rtlil_cc_2739_MuxGate_1341 Metal3 [54.5um 49um] [54.5um 54um] 0.29um rpD:1 bl:0 -----UCG----W---------bb-- [48.75um:54.25um] [48.75um:54.25um] 5.5um ------->
        <event:00003679 0:1405.44:5um> &<id:972165 Vertical abc_1342_auto_rtlil_cc_2739_MuxGate_1311 Metal3 [54.5um 90um] [54.5um 94.5um] 0.29um rpD:1 bl:0 -----UCG----W---------bb-- [89.75um:94.75um] [89.75um:94.75um] 5um ------->
        <event:00003680 0:1405.44:4.5um> &<id:971575 Vertical n(27) Metal3 [61um 61.5um] [61um 65.5um] 0.29um rpD:1 bl:0 -----UCG----W---------bb-- [61.25um:65.75um] [61.25um:65.75um] 4.5um ------->
        <event:00003681 0:1253.66:6.5um> &<id:972530 Vertical n(23) Metal3 [9.5um 61.5um] [9.5um 67.5um] 0.29um rpD:1 bl:0 -----UCG----W---------bb-- [61.25um:67.75um] [61.25um:67.75um] 6.5um ------->
        <event:00003682 0:1253.66:4um> &<id:972891 Vertical abc_1342_auto_rtlil_cc_2739_MuxGate_1323 Metal3 [10.5um 67um] [10.5um 70.5um] 0.29um rpD:1 bl:0 ------CG----W---------bb-- [66.75um:70.75um] [66.75um:70.75um] 4um ------->
        <event:00003683 0:1253.66:7.5um> &<id:973084 Vertical abc_1342_auto_rtlil_cc_2739_MuxGate_1265 Metal3 [16um 26.5um] [16um 33.5um] 0.29um rpD:1 bl:0 ------CG----W---------bb-- [26.25um:33.75um] [26.25um:33.75um] 7.5um ------->
        <event:00003684 0:1253.66:6um> &<id:972474 Vertical abc_1342_new_n248 Metal3 [16um 48um] [16um 53.5um] 0.29um rpD:1 bl:0 ------CG----W---------bb-- [47.75um:53.75um] [47.75um:53.75um] 6um ------->
        <event:00003685 0:1253.66:6.5um> &<id:972227 Vertical abc_1342_new_n303 Metal3 [18.5um 61.5um] [18.5um 67.5um] 0.29um rpD:1 bl:0 -----UCG----W---------bb-- [61.25um:67.75um] [61.25um:67.75um] 6.5um ------->
        <event:00003686 0:1253.66:3.5um> &<id:972506 Vertical abc_1342_new_n246 Metal3 [24.5um 39um] [24.5um 42um] 0.29um rpD:1 bl:0 ------CG----W---------bb-- [38.75um:42.25um] [38.75um:42.25um] 3.5um ------->
        <event:00003687 0:1253.66:3.5um> &<id:972144 Vertical abc_1342_new_n263 Metal3 [24.5um 79.5um] [24.5um 82.5um] 0.29um rpD:1 bl:0 ------CG----W---------bb-- [79.25um:82.75um] [79.25um:82.75um] 3.5um ------->
        <event:00003688 0:1253.66:3.5um> &<id:971033 Vertical abc_1342_new_n174 Metal3 [29um 22.5um] [29um 25.5um] 0.29um rpD:1 bl:0 ------CG----W---------bb-- [22.25um:25.75um] [22.25um:25.75um] 3.5um ------->
        <event:00003689 0:1253.66:4um> &<id:971683 Vertical abc_1342_new_n309 Metal3 [38um 67.5um] [38um 71um] 0.29um rpD:1 bl:0 -----UCG----W---------bb-- [67.25um:71.25um] [67.25um:71.25um] 4um ------->
        <event:00003690 0:1253.66:4um> &<id:971677 Vertical abc_1342_new_n139 Metal3 [38um 90.5um] [38um 94um] 0.29um rpD:1 bl:0 -----UCG----W---------bb-- [90.25um:94.25um] [90.25um:94.25um] 4um ------->
        <event:00003691 0:1253.66:5um> &<id:972065 Vertical n(12) Metal3 [40um 83.5um] [40um 88um] 0.29um rpD:1 bl:0 -----UCG----W---------bb-- [83.25um:88.25um] [83.25um:88.25um] 5um ------->
        <event:00003692 0:1253.66:4um> &<id:972921 Vertical abc_1342_new_n162 Metal3 [48um 73um] [48um 76.5um] 0.29um rpD:1 bl:0 ------CG----W---------bb-- [72.75um:76.75um] [72.75um:76.75um] 4um ------->
        <event:00003693 0:1253.66:5um> &<id:972594 Vertical abc_1342_new_n291 Metal3 [48um 79.5um] [48um 84um] 0.29um rpD:1 bl:0 ------CG----W---------bb-- [79.25um:84.25um] [79.25um:84.25um] 5um ------->
        <event:00003694 0:1253.66:4um> &<id:972700 Vertical abc_1342_auto_rtlil_cc_2739_MuxGate_1339 Metal3 [50.5um 44um] [50.5um 47.5um] 0.29um rpD:1 bl:0 ------CG----W---------bb-- [43.75um:47.75um] [43.75um:47.75um] 4um ------->
        <event:00003695 0:1253.66:4um> &<id:972884 Vertical abc_1342_auto_rtlil_cc_2739_MuxGate_1333 Metal3 [54um 56.5um] [54um 60um] 0.29um rpD:1 bl:0 ------CG----W---------bb-- [56.25um:60.25um] [56.25um:60.25um] 4um ------->
        <event:00003696 0:1253.66:4um> &<id:972984 Vertical abc_1342_new_n197 Metal3 [54.5um 15.5um] [54.5um 19um] 0.29um rpD:1 bl:0 ------CG----W---------bb-- [15.25um:19.25um] [15.25um:19.25um] 4um ------->
        <event:00003697 0:1253.66:3.5um> &<id:972455 Vertical abc_1342_new_n130 Metal3 [54.5um 68um] [54.5um 71um] 0.29um rpD:1 bl:0 ------CG----W---------bb-- [67.75um:71.25um] [67.75um:71.25um] 3.5um ------->
        <event:00003698 0:1253.66:4.5um> &<id:971989 Vertical abc_1342_new_n134 Metal3 [54.5um 72.5um] [54.5um 76.5um] 0.29um rpD:1 bl:0 -----UCG----W---------bb-- [72.25um:76.75um] [72.25um:76.75um] 4.5um ------->
        <event:00003699 0:1253.66:4um> &<id:971714 Vertical abc_1342_new_n136 Metal3 [54.5um 90.5um] [54.5um 94um] 0.29um rpD:1 bl:0 -----UCG----W---------bb-- [90.25um:94.25um] [90.25um:94.25um] 4um ------->
        <event:00003700 0:1253.66:4um> &<id:973269 Vertical abc_1342_new_n219 Metal3 [60um 27um] [60um 30.5um] 0.29um rpD:1 bl:0 ------CG----W---------tb-- [26.75um:30.75um] [26.75um:30.75um] 4um ------->
        <event:00003701 0:1253.66:4um> &<id:971667 Vertical abc_1342_new_n129 Metal3 [63.5um 50um] [63.5um 53.5um] 0.29um rpD:1 bl:0 -----UCG----W---------bb-- [49.75um:53.75um] [49.75um:53.75um] 4um ------->
        <event:00003702 0:1253.66:4um> &<id:971672 Vertical abc_1342_new_n137 Metal3 [63.5um 79um] [63.5um 82.5um] 0.29um rpD:1 bl:0 -----UCG----W---------bb-- [78.75um:82.75um] [78.75um:82.75um] 4um ------->
        <event:00003703 0:1101.89:9um> &<id:973239 Vertical abc_1342_new_n141 Metal3 [22.5um 82um] [22.5um 90.5um] 0.29um rpD:1 bl:0 ------CG----W---------bb-- [81.75um:90.75um] [81.75um:90.75um] 9um ------->
        <event:00003704 0:1101.89:3.5um> &<id:972750 Vertical abc_1342_new_n135 Metal3 [59um 85um] [59um 88um] 0.29um rpD:1 bl:0 ------CG----W---------bb-- [84.75um:88.25um] [84.75um:88.25um] 3.5um ------->
        <event:00003705 0:950.112:3um> &<id:973721 Vertical outputs(7) Metal3 [1um 3um] [1um 5.5um] 0.29um rpD:1 bl:0 -----UC-----W---------bb-- [2.75um:5.75um] [2.75um:5.75um] 3um ------->
        <event:00003706 0:950.112:3um> &<id:971784 Vertical n(20) Metal3 [3.5um 67um] [3.5um 69.5um] 0.29um rpD:1 bl:0 ------CG----W---------bb-- [66.75um:69.75um] [66.75um:69.75um] 3um ------->
        <event:00003707 0:950.112:3um> &<id:971983 Vertical n(18) Metal3 [51.5um 80um] [51.5um 82.5um] 0.29um rpD:1 bl:0 ------CG----W---------bb-- [79.75um:82.75um] [79.75um:82.75um] 3um ------->
        <event:00003708 0:798.337:5um> &<id:972846 Vertical abc_1342_new_n239 Metal3 [9.5um 40um] [9.5um 44.5um] 0.29um rpD:1 bl:0 ------CG----W---------bb-- [39.75um:44.75um] [39.75um:44.75um] 5um ------->
        <event:00003709 0:798.337:2.5um> &<id:976756 Vertical n(7) Metal3 [21.5um 84um] [21.5um 86um] 0.29um rpD:1 bl:0 ------C-----W-AS------bb-- [83.75um:86.25um] [83.75um:86.25um] 2.5um --S--st>
        <event:00003710 0:798.337:2.5um> &<id:976728 Vertical n(11) Metal3 [23.5um 89.5um] [23.5um 91.5um] 0.29um rpD:1 bl:0 ------C-----W-AS------bb-- [89.25um:91.75um] [89.25um:91.75um] 2.5um --S--st>
        <event:00003711 0:798.337:3um> &<id:972251 Vertical abc_1342_new_n311 Metal3 [44um 55.5um] [44um 58um] 0.29um rpD:1 bl:0 ------CG----W---------bb-- [55.25um:58.25um] [55.25um:58.25um] 3um ------->
        <event:00003712 0:798.337:2.5um> &<id:976748 Vertical abc_1342_new_n175 Metal3 [45um 26um] [45um 28um] 0.29um rpD:1 bl:0 ------C-----W-AS------bb-- [25.75um:28.25um] [25.75um:28.25um] 2.5um --S--st>
        <event:00003713 0:798.337:2.5um> &<id:976752 Vertical outputs(2) Metal3 [45.5um 23.5um] [45.5um 25.5um] 0.29um rpD:1 bl:0 ------C-----W-AS------bb-- [23.25um:25.75um] [23.25um:25.75um] 2.5um --S--st>
        <event:00003714 0:646.562:2um> &<id:976724 Vertical abc_1342_new_n174 Metal3 [30.5um 55.5um] [30.5um 57um] 0.29um rpD:1 bl:0 ------C-----W-AS------bb-- [55.25um:57.25um] [55.25um:57.25um] 2um --S--st>
        <event:00003715 0:646.562:2um> &<id:976708 Vertical outputs(10) Metal3 [32.5um 26um] [32.5um 27.5um] 0.29um rpD:1 bl:0 ------C-----W-AS------bb-- [25.75um:27.75um] [25.75um:27.75um] 2um --S--st>
        <event:00003716 0:494.787:1.5um> &<id:976742 Vertical n(2) Metal3 [26um 38.5um] [26um 39.5um] 0.29um rpD:1 bl:0 ------C-----W-AS------bb-- [38.25um:39.75um] [38.25um:39.75um] 1.5um --S--st>
        <event:00003717 0:494.787:1.5um> &<id:976716 Vertical abc_1342_new_n301 Metal3 [30.5um 64um] [30.5um 65um] 0.29um rpD:1 bl:0 ------C-----W-AS------bb-- [63.75um:65.25um] [63.75um:65.25um] 1.5um --S--st>
        <event:00003718 0:494.787:1.5um> &<id:976768 Vertical mem_inputs(14) Metal3 [31um 15um] [31um 16um] 0.29um rpD:1 bl:0 ------C-----W-AS------bb-- [14.75um:16.25um] [14.75um:16.25um] 1.5um --S--st>
        <event:00003719 0:254.787:4.5um> &<id:973542 Vertical outputs(3) Metal3 [64.5um 29um] [64.5um 33um] 0.29um rpD:1 bl:0 ------C-----W---------bb-- [28.75um:33.25um] [28.75um:33.25um] 4.5um ------->
        <event:00003720 0:227.272:4um> &<id:973693 Vertical outputs(5) Metal3 [64.5um 40.5um] [64.5um 44um] 0.29um rpD:1 bl:0 ------C-----W---------bb-- [40.25um:44.25um] [40.25um:44.25um] 4um ------->
        <event:00003721 0:199.757:3.5um> &<id:973714 Vertical outputs(6) Metal3 [64.5um 46.5um] [64.5um 49.5um] 0.29um rpD:1 bl:0 ------C-----W---------bb-- [46.25um:49.75um] [46.25um:49.75um] 3.5um ------->
        <event:00003722 0:172.243:1.5um> &<id:973614 Vertical inputs(14) Metal3 [64.5um 4.5um] [64.5um 5.5um] 0.29um rpD:1 bl:0 ------C-----W---------bb-- [4.25um:5.75um] [4.25um:5.75um] 1.5um ------->
        <event:00003723 0:144.728:2.5um> &<id:973507 Vertical outputs(1) Metal3 [64.5um 20um] [64.5um 22um] 0.29um rpD:1 bl:0 ------C-----W---------bb-- [19.75um:22.25um] [19.75um:22.25um] 2.5um ------->
        <event:00003724 0:117.213:2um> &<id:973527 Vertical outputs(2) Metal3 [64.5um 26um] [64.5um 27.5um] 0.29um rpD:1 bl:0 ------C-----W---------bb-- [25.75um:27.75um] [25.75um:27.75um] 2um ------->
        <event:00003725 0:89.6982:1.5um> &<id:973674 Vertical outputs(4) Metal3 [64.5um 37.5um] [64.5um 38.5um] 0.29um rpD:1 bl:0 ------C-----W---------bb-- [37.25um:38.75um] [37.25um:38.75um] 1.5um ------->
        <event:00003726 0:46.2249:0.71um> &<id:973619 Vertical inputs(15) Metal3 [64.5um 10.73um] [64.5um 11.23um] 0.29um rpD:1 bl:0 ---a--C-----W---r-----bb-- [10.625um:11.335um] [10.625um:11.335um] 0.71um ------->
        <event:00003727 0:46.2249:0.71um> &<id:973480 Vertical outputs(0) Metal3 [64.5um 16.355um] [64.5um 16.855um] 0.29um rpD:1 bl:0 ---a--C-----W---r-----bb-- [16.25um:16.96um] [16.25um:16.96um] 0.71um ------->
        <event:00003728 0:10511.9:34.5um> &<id:973277 Horizontal outputs(7) Metal2 [1um 5um] [35um 5um] 0.29um rpD:2 bl:0 ------CG-----w--------tt-- [0.75um:35.25um] [0.75um:35.25um] 34.5um ------->
        <event:00003729 0:5655.14:20.5um> &<id:973061 Horizontal outputs(9) Metal2 [3um 12um] [23um 12um] 0.29um rpD:2 bl:0 ------CG-----w--------tt-- [2.75um:23.25um] [2.75um:23.25um] 20.5um ------->
        <event:00003730 0:5655.14:18.5um> &<id:976765 Horizontal mem_inputs(14) Metal2 [13um 16um] [31um 16um] 0.29um rpD:2 bl:0 ------CG-----w--------tt-- [12.75um:31.25um] [12.75um:31.25um] 18.5um -----st>
        <event:00003731 0:4896.27:16um> &<id:971185 Horizontal clk_root_0 Metal2 [29um 14.5um] [44um 14.5um] 0.29um rpD:2 bl:0 ------CG-----w--------tt-- [28.75um:44.25um] [28.25um:44.25um] 16um ------->
        <event:00003732 0:4896.27:15.5um> &<id:972375 Horizontal n(9) Metal2 [19.5um 78um] [34.5um 78um] 0.29um rpD:2 bl:0 ------CG-----w--------tt-- [19.25um:34.75um] [19.25um:34.75um] 15.5um ------->
        <event:00003733 0:4137.39:14.5um> &<id:971105 Horizontal abc_1342_new_n255 Metal2 [8.5um 83.5um] [22.5um 83.5um] 0.29um rpD:2 bl:0 ------CG-----w--------tt-- [8.25um:22.75um] [8.25um:22.75um] 14.5um ------->
        <event:00003734 0:4137.39:13.5um> &<id:971749 Horizontal n(17) Metal2 [48um 83.5um] [61um 83.5um] 0.29um rpD:2 bl:0 ------CG-----w--------tt-- [47.75um:61.25um] [47.75um:61.25um] 13.5um ------->
        <event:00003735 0:3985.62:13um> &<id:971030 Horizontal abc_1342_new_n174 Metal2 [9.5um 17.5um] [22um 17.5um] 0.29um rpD:2 bl:0 ------CG-----w--------tt-- [9.25um:22.25um] [9.25um:22.25um] 13um ------->
        <event:00003736 0:3833.84:12.5um> &<id:971036 Horizontal abc_1342_new_n174 Metal2 [29um 35um] [41um 35um] 0.29um rpD:2 bl:0 ------CG-----w--------tt-- [28.75um:41.25um] [28.75um:41.25um] 12.5um ------->
        <event:00003737 0:3833.84:12um> &<id:972253 Horizontal abc_1342_new_n311 Metal2 [48.5um 63um] [60um 63um] 0.29um rpD:2 bl:0 ------CG-----w--------tt-- [48.25um:60.25um] [48.25um:60.25um] 12um ------->
        <event:00003738 0:3682.07:12um> &<id:971728 Horizontal abc_1342_new_n159 Metal2 [37.5um 51.5um] [49um 51.5um] 0.29um rpD:2 bl:0 ------CG-----w--------tt-- [37.25um:49.25um] [37.25um:49.25um] 12um ------->
        <event:00003739 0:3378.51:11.5um> &<id:973135 Horizontal outputs(8) Metal2 [34.5um 14.5um] [45.5um 14.5um] 0.29um rpD:2 bl:0 ------CG-----w--------tt-- [34.25um:45.75um] [34.25um:45.75um] 11.5um ------->
        <event:00003740 0:3378.51:11um> &<id:973176 Horizontal abc_1342_new_n171 Metal2 [22.5um 49um] [33um 49um] 0.29um rpD:2 bl:0 ------CG-----w--------tt-- [22.25um:33.25um] [22.25um:33.25um] 11um ------->
        <event:00003741 0:3378.51:11um> &<id:971786 Horizontal n(20) Metal2 [7um 72um] [17.5um 72um] 0.29um rpD:2 bl:0 ------CG-----w--------tt-- [6.75um:17.75um] [6.75um:17.75um] 11um ------->
        <event:00003742 0:3226.74:10.5um> &<id:971233 Horizontal clk_root_2 Metal2 [18.5um 51.5um] [28.5um 51.5um] 0.29um rpD:2 bl:0 ------CG-----w--------tt-- [18.25um:28.75um] [18.25um:28.75um] 10.5um ------->
        <event:00003743 0:3226.74:10.5um> &<id:971789 Horizontal n(20) Metal2 [17.5um 69.5um] [27.5um 69.5um] 0.29um rpD:2 bl:0 ------CG-----w--------tt-- [17.25um:27.75um] [17.25um:27.75um] 10.5um ------->
        <event:00003744 0:3226.74:10.5um> &<id:971981 Horizontal n(18) Metal2 [51.5um 80um] [61.5um 80um] 0.29um rpD:2 bl:0 ------CG-----w--------tt-- [51.25um:61.75um] [51.25um:61.75um] 10.5um ------->
        <event:00003745 0:2923.19:9um> &<id:971237 Horizontal clk_root_2 Metal2 [10um 68.5um] [18.5um 68.5um] 0.29um rpD:2 bl:0 ------CG-----w--------tt-- [9.75um:18.75um] [9.75um:18.75um] 9um ------->
        <event:00003746 0:2923.19:7.5um> &<id:971113 Horizontal abc_1342_new_n255 Metal2 [28um 86.5um] [35um 86.5um] 0.29um rpD:2 bl:0 ------CG-----w--------tt-- [27.75um:35.25um] [27.75um:35.25um] 7.5um ------->
        <event:00003747 0:2771.41:9um> &<id:971331 Horizontal abc_1342_new_n175 Metal2 [35um 28um] [43.5um 28um] 0.29um rpD:2 bl:0 ------CG-----w--------tt-- [34.75um:43.75um] [34.75um:43.75um] 9um ------->
        <event:00003748 0:2771.41:9um> &<id:973217 Horizontal outputs(6) Metal2 [29.5um 29um] [38um 29um] 0.29um rpD:2 bl:0 ------CG-----w--------tt-- [29.25um:38.25um] [29.25um:38.25um] 9um ------->
        <event:00003749 0:2619.64:8.5um> &<id:972395 Horizontal abc_1342_new_n292 Metal2 [8um 68.5um] [16um 68.5um] 0.29um rpD:2 bl:0 ------CG-----w--------tt-- [7.75um:16.25um] [7.75um:16.25um] 8.5um ------->
        <event:00003750 0:2467.86:9um> &<id:971323 Horizontal abc_1342_new_n175 Metal2 [9um 6um] [17.5um 6um] 0.29um rpD:2 bl:0 ------CG-----w--------tt-- [8.75um:17.75um] [8.75um:17.75um] 9um ------->
        <event:00003751 0:2467.86:8um> &<id:970946 Horizontal init Metal2 [23um 14.5um] [30.5um 14.5um] 0.29um rpD:2 bl:0 ------CG-----w--------tt-- [22.75um:30.75um] [22.75um:30.75um] 8um ------->
        <event:00003752 4:2467.86:8um> &<id:970946 Horizontal init Metal2 [23um 16.5um] [30.5um 16.5um] 0.29um rpD:2 bl:0 ------CG-----w--------tt-- [22.75um:30.75um] [22.75um:30.75um] 8um ------->
        <event:00003753 3:3985.62:13um> &<id:971174 Vertical clk_root_0 Metal3 [28.5um 4um] [28.5um 16.5um] 0.29um rpD:1 bl:0 ------CG----W---------bb-- [3.75um:16.75um] [3.75um:16.75um] 13um ------->
        <event:00003754 3:1405.44:4.5um> &<id:971175 Vertical clk_root_0 Metal3 [29um 16.5um] [29um 20.5um] 0.29um rpD:1 bl:0 ------CG----W---------bb-- [16.25um:20.75um] [16.25um:20.75um] 4.5um ------->
        <event:00003755 0:4896.27:13um> &<id:971185 Horizontal clk_root_0 Metal2 [31.5um 16.5um] [44um 16.5um] 0.29um rpD:2 bl:0 ------CG-----w--------tt-- [31.25um:44.25um] [31.25um:44.25um] 13um ------->
        <event:00003756 0:2467.86:8um> &<id:971381 Horizontal clk_root_1 Metal2 [42um 43um] [49.5um 43um] 0.29um rpD:2 bl:0 ------CG-----w--------tt-- [41.75um:49.75um] [41.75um:49.75um] 8um ------->
        <event:00003757 0:2316.09:7.5um> &<id:971049 Horizontal abc_1342_new_n174 Metal2 [2.5um 20um] [9.5um 20um] 0.29um rpD:2 bl:0 ------CG-----w--------tt-- [2.25um:9.75um] [2.25um:9.75um] 7.5um ------->
        <event:00003758 0:2164.31:7.5um> &<id:970944 Horizontal init Metal2 [16.5um 14.5um] [23.5um 14.5um] 0.29um rpD:2 bl:0 ------CG-----w--------tt-- [16.25um:23.75um] [16.25um:23.75um] 7.5um ------->
        <event:00003759 0:2164.31:7.5um> &<id:971032 Horizontal abc_1342_new_n174 Metal2 [22um 22.5um] [29um 22.5um] 0.29um rpD:2 bl:0 ------CG-----w--------tt-- [21.75um:29.25um] [21.75um:29.25um] 7.5um ------->
        <event:00003760 0:2164.31:7um> &<id:971046 Horizontal abc_1342_new_n174 Metal2 [45um 22.5um] [51.5um 22.5um] 0.29um rpD:2 bl:0 ------CG-----w--------tt-- [44.75um:51.75um] [44.75um:51.75um] 7um ------->
        <event:00003761 0:2164.31:7um> &<id:972847 Horizontal abc_1342_new_n239 Metal2 [9um 40um] [15.5um 40um] 0.29um rpD:2 bl:0 ------CG-----w--------tt-- [8.75um:15.75um] [8.75um:15.75um] 7um ------->
        <event:00003762 0:2164.31:6.5um> &<id:972198 Horizontal n(2) Metal2 [16um 45.5um] [22um 45.5um] 0.29um rpD:2 bl:0 ------CG-----w--------tt-- [15.75um:22.25um] [15.75um:22.25um] 6.5um ------->
        <event:00003763 0:2164.31:8um> &<id:971387 Horizontal clk_root_1 Metal2 [43.5um 60.5um] [45um 60.5um] 0.29um rpD:2 bl:0 ------CG-----w--------tt-- [43.25um:45.25um] [43.25um:51.25um] 8um ------->
        <event:00003764 0:2164.31:7um> &<id:971112 Horizontal abc_1342_new_n255 Metal2 [35um 89.5um] [41.5um 89.5um] 0.29um rpD:2 bl:0 ------CG-----w--------tt-- [34.75um:41.75um] [34.75um:41.75um] 7um ------->
        <event:00003765 0:1708.99:0.71um> &<id:973552 Horizontal outputs(10) Metal2 [0.355um 20um] [0.855um 20um] 0.29um rpD:2 bl:0 ---a--C------w--r-----tt-- [0.25um:0.96um] [0.25um:0.96um] 0.71um ------->
        <event:00003766 0:1708.99:5um> &<id:970975 Horizontal init Metal2 [30um 28um] [34.5um 28um] 0.29um rpD:2 bl:0 ------CG-----w--------tt-- [29.75um:34.75um] [29.75um:34.75um] 5um ------->
        <event:00003767 0:1708.99:5.5um> &<id:971628 Horizontal n(1) Metal2 [6um 37.5um] [11um 37.5um] 0.29um rpD:2 bl:0 ------CG-----w--------tt-- [5.75um:11.25um] [5.75um:11.25um] 5.5um ------->
        <event:00003768 0:1708.99:5.5um> &<id:971379 Horizontal clk_root_1 Metal2 [49.5um 43um] [54.5um 43um] 0.29um rpD:2 bl:0 ------CG-----w--------tt-- [49.25um:54.75um] [49.25um:54.75um] 5.5um ------->
        <event:00003769 0:1708.99:5um> &<id:972068 Horizontal n(12) Metal2 [40.5um 86.5um] [45um 86.5um] 0.29um rpD:2 bl:0 ------CG-----w--------tt-- [40.25um:45.25um] [40.25um:45.25um] 5um ------->
        <event:00003770 0:1708.99:5um> &<id:972134 Horizontal abc_1342_new_n271 Metal2 [35.5um 89.5um] [40um 89.5um] 0.29um rpD:2 bl:0 ------CG-----w--------tt-- [35.25um:40.25um] [35.25um:40.25um] 5um ------->
        <event:00003771 0:1708.99:5um> &<id:971856 Horizontal abc_1342_new_n280 Metal2 [44um 91.5um] [48.5um 91.5um] 0.29um rpD:2 bl:0 ------CG-----w--------tt-- [43.75um:48.75um] [43.75um:48.75um] 5um ------->
        <event:00003772 0:1405.44:7.5um> &<id:973043 Horizontal outputs(14) Metal2 [3um 20um] [10um 20um] 0.29um rpD:2 bl:0 ------CG-----w--------tt-- [2.75um:10.25um] [2.75um:10.25um] 7.5um ------->
        <event:00003773 0:1405.44:4.5um> &<id:971043 Horizontal abc_1342_new_n174 Metal2 [41um 20um] [45um 20um] 0.29um rpD:2 bl:0 ------CG-----w--------tt-- [40.75um:45.25um] [40.75um:45.25um] 4.5um ------->
        <event:00003774 0:1405.44:5.5um> &<id:973078 Horizontal outputs(3) Metal2 [56um 26um] [61um 26um] 0.29um rpD:2 bl:0 ------CG-----w--------tt-- [55.75um:61.25um] [55.75um:61.25um] 5.5um ------->
        <event:00003775 0:1405.44:4.5um> &<id:971913 Horizontal n(0) Metal2 [9.5um 34um] [13.5um 34um] 0.29um rpD:2 bl:0 ------CG-----w--------tt-- [9.25um:13.75um] [9.25um:13.75um] 4.5um ------->
        <event:00003776 0:1405.44:5.5um> &<id:973052 Horizontal abc_1342_new_n167 Metal2 [21.5um 49um] [26.5um 49um] 0.29um rpD:2 bl:0 ------CG-----w--------tt-- [21.25um:26.75um] [21.25um:26.75um] 5.5um ------->
        <event:00003777 0:1405.44:5um> &<id:972252 Horizontal abc_1342_new_n311 Metal2 [44um 58um] [48.5um 58um] 0.29um rpD:2 bl:0 ------CG-----w--------tt-- [43.75um:48.75um] [43.75um:48.75um] 5um ------->
        <event:00003778 0:1253.66:4um> &<id:973253 Horizontal inputs(15) Metal2 [61um 11um] [64.5um 11um] 0.29um rpD:2 bl:0 ------CG-----w--------tt-- [60.75um:64.75um] [60.75um:64.75um] 4um ------->
        <event:00003779 0:1253.66:6um> &<id:972219 Horizontal outputs(1) Metal2 [59um 20um] [64.5um 20um] 0.29um rpD:2 bl:0 ------CG-----w--------tt-- [58.75um:64.75um] [58.75um:64.75um] 6um ------->
        <event:00003780 0:1253.66:4.5um> &<id:972564 Horizontal outputs(2) Metal2 [60.5um 26um] [64.5um 26um] 0.29um rpD:2 bl:0 ------CG-----w--------tt-- [60.25um:64.75um] [60.25um:64.75um] 4.5um ------->
        <event:00003781 0:1253.66:4um> &<id:973075 Horizontal outputs(3) Metal2 [61um 29um] [64.5um 29um] 0.29um rpD:2 bl:0 ------CG-----w--------tt-- [60.75um:64.75um] [60.75um:64.75um] 4um ------->
        <event:00003782 0:1253.66:4.5um> &<id:973220 Horizontal outputs(6) Metal2 [60.5um 46.5um] [64.5um 46.5um] 0.29um rpD:2 bl:0 ------CG-----w--------tt-- [60.25um:64.75um] [60.25um:64.75um] 4.5um ------->
        <event:00003783 0:1253.66:4um> &<id:971892 Horizontal n(30) Metal2 [55.5um 49um] [59um 49um] 0.29um rpD:2 bl:0 ------CG-----w--------tt-- [55.25um:59.25um] [55.25um:59.25um] 4um ------->
        <event:00003784 0:1253.66:4um> &<id:971785 Horizontal n(20) Metal2 [3.5um 69.5um] [7um 69.5um] 0.29um rpD:2 bl:0 ------CG-----w--------tt-- [3.25um:7.25um] [3.25um:7.25um] 4um ------->
        <event:00003785 0:1253.66:6um> &<id:971106 Horizontal abc_1342_new_n255 Metal2 [22.5um 83.5um] [28um 83.5um] 0.29um rpD:2 bl:0 ------CG-----w--------tt-- [22.25um:28.25um] [22.25um:28.25um] 6um ------->
        <event:00003786 0:1101.89:3.5um> &<id:971501 Horizontal n(4) Metal2 [23um 45.5um] [26um 45.5um] 0.29um rpD:2 bl:0 ------CG-----w--------tt-- [22.75um:26.25um] [22.75um:26.25um] 3.5um ------->
        <event:00003787 0:1101.89:3.5um> &<id:971599 Horizontal n(26) Metal2 [44um 63um] [47um 63um] 0.29um rpD:2 bl:0 ------CG-----w--------tt-- [43.75um:47.25um] [43.75um:47.25um] 3.5um ------->
        <event:00003788 0:1101.89:6um> &<id:972001 Horizontal n(15) Metal2 [43.5um 83.5um] [49um 83.5um] 0.29um rpD:2 bl:0 ------CG-----w--------tt-- [43.25um:49.25um] [43.25um:49.25um] 6um ------->
        <event:00003789 0:1101.89:4um> &<id:972314 Horizontal n(13) Metal2 [42um 86.5um] [45.5um 86.5um] 0.29um rpD:2 bl:0 ------CG-----w--------tt-- [41.75um:45.75um] [41.75um:45.75um] 4um ------->
        <event:00003790 4:1253.66:4um> &<id:972314 Horizontal n(13) Metal2 [42um 86.5um] [45.5um 86.5um] 0.29um rpD:2 bl:0 ------CG-----w--------tt-- [41.75um:45.75um] [41.75um:45.75um] 4um ------->
        <event:00003791 3:2771.41:9um> &<id:971121 Vertical abc_1342_new_n255 Metal3 [41.5um 88.5um] [41.5um 95um] 0.29um rpD:1 bl:0 -----UCG----W---------bb-- [88.25um:95.25um] [86.25um:95.25um] 9um ------->
        <event:00003792 3:2012.54:6.5um> &<id:971929 Vertical n(14) Metal3 [43um 83.5um] [43um 89.5um] 0.29um rpD:1 bl:0 -----UCG----W---------bb-- [83.25um:89.75um] [83.25um:89.75um] 6.5um ------->
        <event:00003793 3:2012.54:6.5um> &<id:971931 Vertical n(14) Metal3 [46um 83.5um] [46um 86.5um] 0.29um rpD:1 bl:0 ------CG----W---------bb-- [83.25um:86.75um] [83.25um:89.75um] 6.5um ------->
        <event:00003794 3:4896.27:16um> &<id:971111 Vertical abc_1342_new_n255 Metal3 [41.5um 71um] [41.5um 86.5um] 0.29um rpD:2 bl:0 ------CG-----w--------bb-- [70.75um:86.75um] [70.75um:86.75um] 16um ------->
        <event:00003795 0:2164.31:7um> &<id:971112 Horizontal abc_1342_new_n255 Metal2 [35um 86.5um] [41.5um 86.5um] 0.29um rpD:2 bl:0 ------CG-----w--------tt-- [34.75um:41.75um] [34.75um:41.75um] 7um ------->
        <event:00003796 0:1101.89:3.5um> &<id:971932 Horizontal n(14) Metal2 [43um 86.5um] [46um 86.5um] 0.29um rpD:2 bl:0 ------CG-----w--------tt-- [42.75um:46.25um] [42.75um:46.25um] 3.5um ------->
        <event:00003797 0:950.112:3um> &<id:972360 Horizontal outputs(5) Metal2 [62um 40.5um] [64.5um 40.5um] 0.29um rpD:2 bl:0 ------CG-----w--------tt-- [61.75um:64.75um] [61.75um:64.75um] 3um ------->
        <event:00003798 0:798.337:2um> &<id:971389 Horizontal clk_root_1 Metal2 [51um 63um] [52.5um 63um] 0.29um rpD:2 bl:0 ------CG-----w--------tt-- [50.75um:52.75um] [50.75um:52.75um] 2um ------->
        <event:00003799 0:798.337:2.5um> &<id:971980 Horizontal n(18) Metal2 [49.5um 80um] [51.5um 80um] 0.29um rpD:2 bl:0 ------CG-----w--------tt-- [49.25um:51.75um] [49.25um:51.75um] 2.5um ------->
        <event:00003800 0:646.562:2um> &<id:971184 Horizontal clk_root_0 Metal2 [44um 14.5um] [45.5um 14.5um] 0.29um rpD:2 bl:0 ------CG-----w--------tt-- [43.75um:45.75um] [43.75um:45.75um] 2um ------->
        <event:00003801 0:646.562:1.5um> &<id:972573 Horizontal outputs(0) Metal2 [63.5um 16.5um] [64.5um 16.5um] 0.29um rpD:2 bl:0 ------CG-----w--------tt-- [63.25um:64.75um] [63.25um:64.75um] 1.5um ------->
        <event:00003802 0:144.728:2.5um> &<id:973480 Vertical outputs(0) Metal3 [64.5um 14.5um] [64.5um 16.5um] 0.29um rpD:1 bl:0 ------C-----W---------bb-- [14.25um:16.75um] [14.25um:16.75um] 2.5um ------->
        <event:00003803 0:646.562:2um> &<id:973394 Horizontal inputs(5) Metal2 [33.5um 95um] [35um 95um] 0.29um rpD:2 bl:0 ------C------w--------tt-- [33.25um:35.25um] [33.25um:35.25um] 2um ------->
        <event:00003804 0:494.787:2um> &<id:972778 Horizontal outputs(4) Metal2 [63um 37.5um] [64.5um 37.5um] 0.29um rpD:2 bl:0 ------CG-----w--------tt-- [62.75um:64.75um] [62.75um:64.75um] 2um ------->
        <event:00003805 0:494.787:2.5um> &<id:973431 Horizontal inputs(2) Metal2 [16um 95um] [18um 95um] 0.29um rpD:2 bl:0 ------C------w--------tt-- [15.75um:18.25um] [15.75um:18.25um] 2.5um ------->
        <event:00003806 0:494.787:3um> &<id:973406 Horizontal inputs(4) Metal2 [29um 95um] [31.5um 95um] 0.29um rpD:2 bl:0 ------C------w--------tt-- [28.75um:31.75um] [28.75um:31.75um] 3um ------->
        <event:00003807 0:254.982:0.71um> &<id:976665 Horizontal mem_inputs(12) Metal2 [29.355um 9.5um] [29.855um 9.5um] 0.29um rpD:2 bl:0 ---a--C------w--------tt-- [29.25um:29.96um] [29.25um:29.96um] 0.71um -----s->
        <event:00003808 0:23412.8:77um> &<id:973352 Vertical inputs(0) Metal3 [6um 18.5um] [6um 95um] 0.29um rpD:2 bl:0 ------CG-----w--------bb-- [18.25um:95.25um] [18.25um:95.25um] 77um ------->
        <event:00003809 0:19163.1:63um> &<id:973338 Vertical inputs(1) Metal3 [12um 32.5um] [12um 95um] 0.29um rpD:2 bl:0 ------CG-----w--------bb-- [32.25um:95.25um] [32.25um:95.25um] 63um ------->
        <event:00003810 4:19163.1:63um> &<id:973338 Vertical inputs(1) Metal3 [12.5um 32.5um] [12.5um 95um] 0.29um rpD:2 bl:0 ------CG-----w--------bb-- [32.25um:95.25um] [32.25um:95.25um] 63um ------->
        <event:00003811 3:141:0.715um> &<id:973023 Horizontal abc_1342_auto_rtlil_cc_2739_MuxGate_1301 Metal2 [12.2um 83.5um] [12.705um 83.5um] 0.29um rpD:1 bl:0 ---a--C-----W----------t-- [12.095um:12.81um] [12.095um:12.81um] 0.715um ------t>
        <event:00003812 3:5655.14:18.5um> &<id:976801 Horizontal abc_1342_auto_rtlil_cc_2739_MuxGate_1301 Metal4 [12.5um 84.5um] [30.5um 84.5um] 0.29um rpD:3 bl:0 ------CG--------------bb-- [12.25um:30.75um] [12.25um:30.75um] 18.5um -----st>
        <event:00003813 0:19163.1:65.5um> &<id:973345 Vertical inputs(3) Metal3 [25um 30um] [25um 95um] 0.29um rpD:2 bl:0 ------CG-----w--------bb-- [29.75um:95.25um] [29.75um:95.25um] 65.5um ------->
        <event:00003814 0:17341.8:56.5um> &<id:973321 Vertical inputs(6) Metal3 [38.5um 39um] [38.5um 95um] 0.29um rpD:2 bl:0 ------CG-----w--------bb-- [38.75um:95.25um] [38.75um:95.25um] 56.5um ------->
        <event:00003815 0:8538.87:28um> &<id:971241 Vertical clk_root_2 Metal3 [28.5um 51.5um] [28.5um 61.5um] 0.29um rpD:2 bl:0 ------CG-----w--------bb-- [51.25um:61.75um] [48.75um:76.75um] 28um ------->
        <event:00003816 0:7324.67:24um> &<id:972952 Vertical n(7) Metal3 [18.5um 60.5um] [18.5um 81.5um] 0.29um rpD:2 bl:0 ------CG-----w--------bb-- [60.25um:81.75um] [60.25um:84.25um] 24um ------->
        <event:00003817 4:7324.67:24um> &<id:972952 Vertical n(7) Metal3 [18.5um 60.5um] [18.5um 81.5um] 0.29um rpD:2 bl:0 ------CG-----w--------bb-- [60.25um:81.75um] [60.25um:84.25um] 24um ------->
        <event:00003818 3:548.58:3.045um> &<id:973778 Horizontal clk_root_2 Metal2 [18.5um 78um] [19.085um 78um] 0.29um rpD:0 bl:0 -----UC---T-----------tb-- [18.25um:19.295um] [16.25um:19.295um] 3.045um ------->
        <event:00003819 3:2771.41:9um> &<id:971237 Horizontal clk_root_2 Metal2 [10um 68.5um] [18.5um 68.5um] 0.29um rpD:2 bl:0 ------CG-----w--------tt-- [9.75um:18.75um] [9.75um:18.75um] 9um ------->
        <event:00003820 0:3074.96:10um> &<id:971244 Vertical clk_root_2 Metal3 [18.5um 68.5um] [18.5um 78um] 0.29um rpD:1 bl:0 ------CG----W---------bb-- [68.25um:78.25um] [68.25um:78.25um] 10um ------->
        <event:00003821 0:4440.94:14.5um> &<id:971238 Vertical clk_root_2 Metal3 [18.5um 54.5um] [18.5um 68.5um] 0.29um rpD:2 bl:0 ------CG-----w--------bb-- [54.25um:68.75um] [54.25um:68.75um] 14.5um ------->
        <event:00003822 4:4440.94:14.5um> &<id:971238 Vertical clk_root_2 Metal3 [17.5um 54.5um] [17.5um 68.5um] 0.29um rpD:2 bl:0 ------CG-----w--------bb-- [54.25um:68.75um] [54.25um:68.75um] 14.5um ------->
        <event:00003823 3:244.713:1.615um> &<id:976499 Horizontal n(20) Metal2 [17.5um 65.5um] [18.655um 65.5um] 0.29um rpD:0 bl:0 -----UC---T-----------tb-- [17.25um:18.865um] [17.25um:18.865um] 1.615um ------->
        <event:00003824 0:2012.54:6.5um> &<id:971787 Vertical n(20) Metal3 [17.5um 65.5um] [17.5um 70um] 0.29um rpD:1 bl:0 ------CG----W---------bb-- [65.25um:70.25um] [65.25um:71.75um] 6.5um ------->
        <event:00003825 0:3682.07:12um> &<id:972399 Vertical abc_1342_new_n292 Metal3 [8um 69um] [8um 76um] 0.29um rpD:2 bl:0 ------CG-----w--------bb-- [68.75um:76.25um] [66.25um:78.25um] 12um ------->
        <event:00003826 0:2164.31:8.5um> &<id:971039 Vertical abc_1342_new_n174 Metal3 [40.5um 49um] [40.5um 57um] 0.29um rpD:2 bl:0 ------CG-----w--------bb-- [48.75um:57.25um] [48.75um:57.25um] 8.5um ------->
        <event:00003827 0:2012.54:6.5um> &<id:971167 Vertical clk_root_0 Metal3 [16um 10um] [16um 16um] 0.29um rpD:2 bl:0 ------CG-----w--------bb-- [9.75um:16.25um] [9.75um:16.25um] 6.5um ------->
        <event:00003828 0:2012.54:5um> &<id:971388 Vertical clk_root_1 Metal3 [45um 54um] [45um 58.5um] 0.29um rpD:2 bl:0 ------CG-----w--------bb-- [53.75um:58.75um] [53.75um:58.75um] 5um ------->
        <event:00003829 0:2012.54:6.5um> &<id:971182 Vertical clk_root_0 Metal3 [45.5um 10.5um] [45.5um 16.5um] 0.29um rpD:2 bl:0 ------CG-----w--------bb-- [10.25um:16.75um] [10.25um:16.75um] 6.5um ------->
        <event:00003830 0:1860.76:8um> &<id:971378 Vertical clk_root_1 Metal3 [54.5um 37.5um] [54.5um 45um] 0.29um rpD:2 bl:0 ------CG-----w--------bb-- [37.25um:45.25um] [37.25um:45.25um] 8um ------->
        <event:00003831 0:1708.99:6um> &<id:972404 Vertical abc_1342_new_n292 Metal3 [44um 71.5um] [44um 77um] 0.29um rpD:2 bl:0 ------CG-----w--------bb-- [71.25um:77.25um] [71.25um:77.25um] 6um ------->
        <event:00003832 0:1405.44:4.5um> &<id:972641 Vertical abc_1342_new_n283 Metal3 [58um 89.5um] [58um 93.5um] 0.29um rpD:2 bl:0 ------CG-----w--------bb-- [89.25um:93.75um] [89.25um:93.75um] 4.5um ------->
        <event:00003833 0:950.112:3um> &<id:973455 Vertical inputs(0) Metal3 [3um 95um] [3um 97.5um] 0.29um rpD:2 bl:0 ------C------w--------bb-- [94.75um:97.75um] [94.75um:97.75um] 3um ------->
        <event:00003834 0:950.112:3um> &<id:973442 Vertical inputs(1) Metal3 [9.5um 95um] [9.5um 97.5um] 0.29um rpD:2 bl:0 ------C------w--------bb-- [94.75um:97.75um] [94.75um:97.75um] 3um ------->
        <event:00003835 0:950.112:5um> &<id:973429 Vertical inputs(2) Metal3 [16um 93um] [16um 97.5um] 0.29um rpD:2 bl:0 ------C------w--------bb-- [92.75um:97.75um] [92.75um:97.75um] 5um ------->
        <event:00003836 0:646.562:2um> &<id:973427 Horizontal inputs(2) Metal2 [16.5um 97.5um] [18um 97.5um] 0.29um rpD:1 bl:0 ------C-----W---------tt-- [16.25um:18.25um] [16.25um:18.25um] 2um ------->
        <event:00003837 0:950.112:3um> &<id:973417 Vertical inputs(3) Metal3 [22.5um 95um] [22.5um 97.5um] 0.29um rpD:2 bl:0 ------C------w--------bb-- [94.75um:97.75um] [94.75um:97.75um] 3um ------->
        <event:00003838 0:950.112:0.71um> &<id:973404 Vertical inputs(4) Metal3 [29um 97.145um] [29um 97.645um] 0.29um rpD:2 bl:0 ---a--C------w--r-----bb-- [97.04um:97.75um] [97.04um:97.75um] 0.71um ------->
        <event:00003839 0:950.112:0.71um> &<id:973392 Vertical inputs(5) Metal3 [35um 97.145um] [35um 97.645um] 0.29um rpD:2 bl:0 ---a--C------w--r-----bb-- [97.04um:97.75um] [97.04um:97.75um] 0.71um ------->
        <event:00003840 0:950.112:3um> &<id:973380 Vertical inputs(6) Metal3 [41.5um 95um] [41.5um 97.5um] 0.29um rpD:2 bl:0 ------C------w--------bb-- [94.75um:97.75um] [94.75um:97.75um] 3um ------->
        <event:00003841 0:950.112:5.5um> &<id:973255 Vertical inputs(15) Metal3 [61um 11um] [61um 16um] 0.29um rpD:2 bl:0 ------CG-----w--------bb-- [10.75um:16.25um] [10.75um:16.25um] 5.5um ------->
        <event:00003842 0:494.787:1.5um> &<id:976800 Vertical abc_1342_auto_rtlil_cc_2739_MuxGate_1301 Metal3 [12.5um 83.5um] [12.5um 84.5um] 0.29um rpD:2 bl:0 ------C------wAS------bt-- [83.25um:84.75um] [83.25um:84.75um] 1.5um --S--st>
        <event:00003843 0:1101.89:0.71um> &<id:973457 Horizontal inputs(0) Metal2 [5.145um 95um] [5.645um 95um] 0.29um rpD:3 bl:0 ---a--C---------r-----tt-- [5.04um:5.75um] [5.04um:5.75um] 0.71um ------->
        <event:00003844 0:1101.89:2um> &<id:973444 Horizontal inputs(1) Metal2 [11um 95um] [12.5um 95um] 0.29um rpD:3 bl:0 ------C---------------tt-- [10.75um:12.75um] [10.75um:12.75um] 2um ------->
        <event:00003845 0:1101.89:6.5um> &<id:973382 Horizontal inputs(6) Metal2 [38.5um 95um] [44.5um 95um] 0.29um rpD:3 bl:0 ------C---------------tt-- [38.25um:44.75um] [38.25um:44.75um] 6.5um ------->
        <event:00003846 0:950.112:3.5um> &<id:973419 Horizontal inputs(3) Metal2 [22um 95um] [25um 95um] 0.29um rpD:3 bl:0 ------C---------------tt-- [21.75um:25.25um] [21.75um:25.25um] 3.5um ------->
        <event:00003847 0:1101.89:2um> &<id:973077 Vertical outputs(3) Metal3 [61um 27.5um] [61um 29um] 0.29um rpD:3 bl:0 ------CG--------------bb-- [27.25um:29.25um] [27.25um:29.25um] 2um ------->
     o  Repair Stage.
        <repair.queue:00000000>
  o  Computing statistics.
     - Loaded Events ...................................................... 1569
     - Unique Events Total ................................................ 1717
     - Processeds Events Total ............................................ 3848
     - Event ripup ratio ............................................... 145.25%
     - Processeds Events in Metal2 ............................... 3082 (80.09%)
     - Processeds Events in Metal3 ................................ 728 (18.92%)
     - Processeds Events in Metal4 ................................. 36 ( 0.94%)
     - Processeds Events in Metal5 .................................. 2 ( 0.05%)
     - # of GCells ......................................................... 187
     - Track Segment Completion Ratio ............................ 100% [1717+0]
     - Wire Length Completion Ratio ............................ 100% [7511um+0]
     - Wire Length Expand Ratio .......................... 6.47% [min:7054.71um]
     - Metal1 WL usage ................................................... 0.99%
     - Metal2 WL usage .................................................. 29.26%
     - Metal3 WL usage .................................................. 25.48%
     - Metal4 WL usage ................................................... 3.72%
     - Metal5 WL usage ................................................... 0.41%
     - TopMetal1 WL usage ................................................ 0.00%
     - TopMetal2 WL usage ................................................ 0.00%
     - Normed Wire Length ................................................. 1304
     - Normed Wire Length / Net .............................................. 5
     - Moved up segments ........................................... 31 ( 1.59%)
     - Unrouted horizontals .......................................... 0.00% [0]
     - Unrouted verticals ............................................ 0.00% [0]
     - Done in .................................................... 0.54s, 1.7Mb
     - Raw measurements ............................. 0.536157s, +1788Kb/566.5Mb
  o  Checking Katana Database coherency.
  o  Driving Hurricane data-base.
     - Active AutoSegments ................................................ 1940
     - Active AutoContacts ................................................ 2323
     - AutoSegments ....................................................... 1947
     - AutoContacts ....................................................... 2337
     - Same Layer doglegs ................................................... 15
     - Bloated straps (< minArea) ............................................ 0
  o  Deleting edges...
  o  Deleting GCells...
  o  Done.
     - Done in .................................................. 0.01s, 0 bytes
     - Raw measurements ................................ 0.005414s, +0Kb/566.5Mb
  o  Deleting ToolEngine<Katana> from Cell <expmob2>
     - AutoContacts  := 0
     - AutoSegments  := 0
     - RoutingEvents := 0
  o  Deleting ToolEngine<Etesian> from Cell <expmob2>
  o  Clearing Coloquinte data-structures on <expmob2>
  o  Creating ToolEngine<Tramontana> for Cell <expmob2>
     - Initial memory .................................................. 566.5Mb
  o  Configuration of ToolEngine<Tramontana> for Cell <expmob2>
     - Merge supplies ..................................................... true
  o  Extracting &<id:966957 Cell expmob2>
     o  LVS summary for "nexor2_x0".
        - Power nets ......................................................... 1
        - Ground nets ........................................................ 1
        - Short circuits ..................................................... 0
        - Open circuits ...................................................... 0
     o  LVS summary for "and21nor_x0".
        - Power nets ......................................................... 1
        - Ground nets ........................................................ 1
        - Short circuits ..................................................... 0
        - Open circuits ...................................................... 0
     o  LVS summary for "and2_x1".
        - Power nets ......................................................... 1
        - Ground nets ........................................................ 1
        - Short circuits ..................................................... 0
        - Open circuits ...................................................... 0
     o  LVS summary for "and3_x1".
        - Power nets ......................................................... 1
        - Ground nets ........................................................ 1
        - Short circuits ..................................................... 0
        - Open circuits ...................................................... 0
     o  LVS summary for "mux2_x1".
        - Power nets ......................................................... 1
        - Ground nets ........................................................ 1
        - Short circuits ..................................................... 0
        - Open circuits ...................................................... 0
     o  LVS summary for "or3_x1".
        - Power nets ......................................................... 1
        - Ground nets ........................................................ 1
        - Short circuits ..................................................... 0
        - Open circuits ...................................................... 0
     o  LVS summary for "and4_x1".
        - Power nets ......................................................... 1
        - Ground nets ........................................................ 1
        - Short circuits ..................................................... 0
        - Open circuits ...................................................... 0
     o  LVS summary for "nand2_x0".
        - Power nets ......................................................... 1
        - Ground nets ........................................................ 1
        - Short circuits ..................................................... 0
        - Open circuits ...................................................... 0
     o  LVS summary for "dff_x1".
        - Power nets ......................................................... 1
        - Ground nets ........................................................ 1
        - Short circuits ..................................................... 0
        - Open circuits ...................................................... 0
     o  LVS summary for "or21nand_x0".
        - Power nets ......................................................... 1
        - Ground nets ........................................................ 1
        - Short circuits ..................................................... 0
        - Open circuits ...................................................... 0
     o  LVS summary for "nand4_x0".
        - Power nets ......................................................... 1
        - Ground nets ........................................................ 1
        - Short circuits ..................................................... 0
        - Open circuits ...................................................... 0
     o  LVS summary for "xor2_x0".
        - Power nets ......................................................... 1
        - Ground nets ........................................................ 1
        - Short circuits ..................................................... 0
        - Open circuits ...................................................... 0
     o  LVS summary for "nand3_x0".
        - Power nets ......................................................... 1
        - Ground nets ........................................................ 1
        - Short circuits ..................................................... 0
        - Open circuits ...................................................... 0
     o  LVS summary for "nor4_x0".
        - Power nets ......................................................... 1
        - Ground nets ........................................................ 1
        - Short circuits ..................................................... 0
        - Open circuits ...................................................... 0
     o  LVS summary for "nor2_x0".
        - Power nets ......................................................... 1
        - Ground nets ........................................................ 1
        - Short circuits ..................................................... 0
        - Open circuits ...................................................... 0
     o  LVS summary for "inv_x0".
        - Power nets ......................................................... 1
        - Ground nets ........................................................ 1
        - Short circuits ..................................................... 0
        - Open circuits ...................................................... 0
     o  LVS summary for "tie".
        - Power nets ......................................................... 1
        - Ground nets ........................................................ 1
        - Short circuits ..................................................... 0
        - Open circuits ...................................................... 0
     o  LVS summary for "decap_w0".
        - Power nets ......................................................... 1
        - Ground nets ........................................................ 1
        - Short circuits ..................................................... 0
        - Open circuits ...................................................... 0
     o  LVS summary for "one_x1".
        - Power nets ......................................................... 1
        - Ground nets ........................................................ 1
        - Short circuits ..................................................... 0
        - Open circuits ...................................................... 0
     o  LVS summary for "buf_x4".
        - Power nets ......................................................... 1
        - Ground nets ........................................................ 1
        - Short circuits ..................................................... 0
        - Open circuits ...................................................... 0
        - Windows ............................................................ 1
        - Peak tiles ..................................................... 66142
        - Total tiles .................................................... 66142
     o  LVS summary for "expmob2".
        - Power nets ......................................................... 9
        - Ground nets ........................................................ 9
        - Short circuits ..................................................... 0
        - Open circuits ...................................................... 0
     - Done in .................................................... 0.63s, 9.1Mb
     - Raw measurements ............................. 0.631773s, +9348Kb/575.6Mb
     o  LVS summary for "expmob2".
        - Power nets ......................................................... 9
        - Ground nets ........................................................ 9
        - Short circuits ..................................................... 0
        - Open circuits ...................................................... 0
  o  Deleting ToolEngine<Tramontana> from Cell <expmob2>
  o  Configuration contents (CfgCache):
     - misc.catchCore = False
     - misc.minTraceLevel = 12300
     - misc.maxTraceLevel = 12400
     - misc.info = False
     - misc.paranoid = False
     - misc.bug = False
     - misc.logMode = True
     - misc.verboseLevel1 = True
     - misc.verboseLevel2 = True
  o  Configuration contents (CfgCache):
     - gdsDriver.metricDbu = 1e-09
     - gdsDriver.dbuPerUu = 0.001
  o  Configuration contents (CfgCache):
     - lefImport.minTerminalWidth = 0.0
     - crlcore.groundName = "vss"
     - crlcore.powerName = "vdd"
     - etesian.aspectRatio = 1.0 [10:1000]
     - etesian.spaceMargin = 0.1
     - etesian.uniformDensity = True
     - etesian.densityVariation = 0.05
     - etesian.routingDriven = False
     - etesian.latchUpDistance = 580000
     - etesian.diodeName = "diode_w1"
     - etesian.antennaInsertThreshold = 0.5
     - etesian.tieName = None
     - etesian.antennaGateMaxWL = 10000000
     - etesian.antennaDiodeMaxWL = 1000000000
     - etesian.feedNames = "tie,decap_w0"
     - etesian.defaultFeed = "tie"
     - etesian.cell.zero = "zero_x1"
     - etesian.cell.one = "one_x1"
     - etesian.bloat = "disabled"
     - etesian.effort = 2 (1:"Fast", 2:"Standard", 3:"High", 4:"Extreme")
     - etesian.graphics = 2 (1:"Show every step", 2:"Show lower bound", 3:"Show result only")
     - anabatic.routingGauge = "StdCellLib"
     - anabatic.globalLengthThreshold = 1450
     - anabatic.saturateRatio = 0.9
     - anabatic.saturateRp = 10
     - anabatic.topRoutingLayer = "TopMetal1"
     - anabatic.edgeLength = 24
     - anabatic.edgeWidth = 4
     - anabatic.edgeCostH = 9.0
     - anabatic.edgeCostK = -10.0
     - anabatic.edgeHInc = 1.0
     - anabatic.edgeHScaling = 1.0
     - anabatic.globalIterations = 20 [1:100]
     - anabatic.gcell.displayMode = 1 (1:"Boundary", 2:"Density")
     - anabatic.searchHalo = 2
     - katana.trackFill = 0
     - katana.runRealignStage = True
     - katana.hTracksReservedMin = 4
     - katana.hTracksReservedLocal = 20 [0:30]
     - katana.vTracksReservedMin = 4
     - katana.vTracksReservedLocal = 20 [0:30]
     - katana.termSatReservedLocal = 8
     - katana.termSatThreshold = 9
     - katana.eventsLimit = 4000002
     - katana.ripupCost = 3 [0:None]
     - katana.strapRipupLimit = 16 [1:None]
     - katana.localRipupLimit = 9 [1:None]
     - katana.globalRipupLimit = 5 [1:None]
     - katana.longGlobalRipupLimit = 5
     - chip.padCoreSide = "South"
  o  Configuration contents (CfgCache):
     - viewer.minimumSize = 500
     - viewer.pixelThreshold = 10
     - chip.block.rails.count = 5
     - chip.block.rails.hWidth = 53600
     - chip.block.rails.vWidth = 53600
     - chip.block.rails.hSpacing = 14000
     - chip.block.rails.vSpacing = 14000
     - chip.supplyRailWidth = 400000
     - chip.supplyRailPitch = 800000
     - clockTree.placerEngine = "Etesian"
     - block.spareSide = 921600
     - spares.buffer = "buf_x4"
     - spares.hfnsBuffer = "buf_x4"
     - spares.maxSinks = 31
  o  Configuration contents (CfgCache):
     - chip.block.rails.count = 2
     - chip.block.rails.hWidth = 800000
     - chip.block.rails.vWidth = 800000
     - chip.block.rails.hSpacing = 120000
     - chip.block.rails.vSpacing = 120000
     - chip.padCoreSide = "North"
  o  Setup IHP sg13g2 I/O library in iolib.
     - Shifting sg13g2_Corner bottom left corner AB to (0,0).
  o  Configuration contents (CfgCache):
     - etesian.graphics = 3
     - etesian.spaceMargin = 0.1
     - katana.eventsLimit = 4000000
  o  Preload standard plugins.
     - "coriolis.plugins.chip" (module)
     - "coriolis.plugins.harness" (module)
     - "coriolis.plugins.sram" (module)
     - "coriolis.plugins.core2chip" (module)
     - "coriolis.plugins.macro" (module)
     - "coriolis.plugins.aboutwindow.py"
     - "coriolis.plugins.checks.py"
     - "coriolis.plugins.conductor.py"
     - "coriolis.plugins.matrixplacer.py"
     - "coriolis.plugins.rsave.py"
     - "coriolis.plugins.rsaveall.py"
     - "coriolis.plugins.runDemo.py"
     - "coriolis.plugins.s2r.py"
     - "coriolis.plugins.stats.py"
     - "coriolis.plugins.utils.py"
     - No NDA protected plugins.
[WARNING] timing.staticInit(): Library do not provides "inv_x8", skipped.
[WARNING] timing.staticInit(): Library do not provides "buf_x8", skipped.
libName is located at: /home/ahmed/circuits/coriolis/expmob2_n4/doDesign.py
-- yosys
-- b2v
.  gds
