  o  LEF: </home/ahmed/coriolis-2.x/release/install/lib/python3/dist-packages/pdks/ihpsg13g2/libs.ref/sg13g2_stdcell/lef/sg13g2_tech.lef>
  o  LEF: </home/ahmed/coriolis-2.x/release/install/lib/python3/dist-packages/pdks/ihpsg13g2/libs.ref/sg13g2_io/lef/sg13g2_io.lef>
     o sg13g2_Corner 180um 180um LEF.sg13g2_ioSite     o sg13g2_Filler200 1um 180um LEF.sg13g2_ioSite     o sg13g2_Filler400 2um 180um LEF.sg13g2_ioSite     o sg13g2_Filler1000 5um 180um LEF.sg13g2_ioSite     o sg13g2_Filler2000 10um 180um LEF.sg13g2_ioSite     o sg13g2_Filler4000 20um 180um LEF.sg13g2_ioSite     o sg13g2_Filler10000 50um 180um LEF.sg13g2_ioSite     o sg13g2_IOPadIn 80um 180um LEF.sg13g2_ioSite     o sg13g2_IOPadOut4mA 80um 180um LEF.sg13g2_ioSite     o sg13g2_IOPadOut16mA 80um 180um LEF.sg13g2_ioSite     o sg13g2_IOPadOut30mA 80um 180um LEF.sg13g2_ioSite     o sg13g2_IOPadTriOut4mA 80um 180um LEF.sg13g2_ioSite     o sg13g2_IOPadTriOut16mA 80um 180um LEF.sg13g2_ioSite     o sg13g2_IOPadTriOut30mA 80um 180um LEF.sg13g2_ioSite     o sg13g2_IOPadInOut4mA 80um 180um LEF.sg13g2_ioSite     o sg13g2_IOPadInOut16mA 80um 180um LEF.sg13g2_ioSite     o sg13g2_IOPadInOut30mA 80um 180um LEF.sg13g2_ioSite     o sg13g2_IOPadAnalog 80um 180um LEF.sg13g2_ioSite     o sg13g2_IOPadIOVss 80um 180um LEF.sg13g2_ioSite     o sg13g2_IOPadIOVdd 80um 180um LEF.sg13g2_ioSite     o sg13g2_IOPadVss 80um 180um LEF.sg13g2_ioSite     o sg13g2_IOPadVdd 80um 180um LEF.sg13g2_ioSite     + expmob2 [blif]
        + expmob2 [.model]
  o  Configuration contents (CfgCache):
     - misc.catchCore = False
     - misc.minTraceLevel = 12300
     - misc.maxTraceLevel = 12400
     - misc.info = False
     - misc.paranoid = False
     - misc.bug = False
     - misc.logMode = True
     - misc.verboseLevel1 = True
     - misc.verboseLevel2 = True
  o  Configuration contents (CfgCache):
     - gdsDriver.metricDbu = 1e-09
     - gdsDriver.dbuPerUu = 0.001
  o  Configuration contents (CfgCache):
     - lefImport.minTerminalWidth = 0.0
     - crlcore.groundName = "vss"
     - crlcore.powerName = "vdd"
     - etesian.aspectRatio = 1.0 [10:1000]
     - etesian.spaceMargin = 0.1
     - etesian.uniformDensity = True
     - etesian.densityVariation = 0.05
     - etesian.routingDriven = False
     - etesian.latchUpDistance = 580000
     - etesian.diodeName = "diode_w1"
     - etesian.antennaInsertThreshold = 0.5
     - etesian.tieName = None
     - etesian.antennaGateMaxWL = 10000000
     - etesian.antennaDiodeMaxWL = 1000000000
     - etesian.feedNames = "tie,decap_w0"
     - etesian.defaultFeed = "tie"
     - etesian.cell.zero = "zero_x1"
     - etesian.cell.one = "one_x1"
     - etesian.bloat = "disabled"
     - etesian.effort = 2 (1:"Fast", 2:"Standard", 3:"High", 4:"Extreme")
     - etesian.graphics = 2 (1:"Show every step", 2:"Show lower bound", 3:"Show result only")
     - anabatic.routingGauge = "StdCellLib"
     - anabatic.globalLengthThreshold = 1450
     - anabatic.saturateRatio = 0.9
     - anabatic.saturateRp = 10
     - anabatic.topRoutingLayer = "TopMetal1"
     - anabatic.edgeLength = 24
     - anabatic.edgeWidth = 4
     - anabatic.edgeCostH = 9.0
     - anabatic.edgeCostK = -10.0
     - anabatic.edgeHInc = 1.0
     - anabatic.edgeHScaling = 1.0
     - anabatic.globalIterations = 20 [1:100]
     - anabatic.gcell.displayMode = 1 (1:"Boundary", 2:"Density")
     - anabatic.searchHalo = 2
     - katana.trackFill = 0
     - katana.runRealignStage = True
     - katana.hTracksReservedMin = 4
     - katana.hTracksReservedLocal = 20 [0:30]
     - katana.vTracksReservedMin = 4
     - katana.vTracksReservedLocal = 20 [0:30]
     - katana.termSatReservedLocal = 8
     - katana.termSatThreshold = 9
     - katana.eventsLimit = 4000002
     - katana.ripupCost = 3 [0:None]
     - katana.strapRipupLimit = 16 [1:None]
     - katana.localRipupLimit = 9 [1:None]
     - katana.globalRipupLimit = 5 [1:None]
     - katana.longGlobalRipupLimit = 5
     - chip.padCoreSide = "South"
  o  Configuration contents (CfgCache):
     - viewer.minimumSize = 500
     - viewer.pixelThreshold = 10
     - chip.block.rails.count = 5
     - chip.block.rails.hWidth = 53600
     - chip.block.rails.vWidth = 53600
     - chip.block.rails.hSpacing = 14000
     - chip.block.rails.vSpacing = 14000
     - chip.supplyRailWidth = 400000
     - chip.supplyRailPitch = 800000
     - clockTree.placerEngine = "Etesian"
     - block.spareSide = 921600
     - spares.buffer = "buf_x4"
     - spares.hfnsBuffer = "buf_x4"
     - spares.maxSinks = 31
  o  Configuration contents (CfgCache):
     - chip.block.rails.count = 2
     - chip.block.rails.hWidth = 800000
     - chip.block.rails.vWidth = 800000
     - chip.block.rails.hSpacing = 120000
     - chip.block.rails.vSpacing = 120000
     - chip.padCoreSide = "North"
  o  Setup IHP sg13g2 I/O library in iolib.
     - Shifting sg13g2_Corner bottom left corner AB to (0,0).
  o  Configuration contents (CfgCache):
     - etesian.graphics = 3
     - etesian.spaceMargin = 0.1
     - katana.eventsLimit = 4000000
  o  Preload standard plugins.
     - "coriolis.plugins.chip" (module)
     - "coriolis.plugins.harness" (module)
     - "coriolis.plugins.sram" (module)
     - "coriolis.plugins.core2chip" (module)
     - "coriolis.plugins.macro" (module)
     - "coriolis.plugins.aboutwindow.py"
     - "coriolis.plugins.checks.py"
     - "coriolis.plugins.conductor.py"
     - "coriolis.plugins.matrixplacer.py"
     - "coriolis.plugins.rsave.py"
     - "coriolis.plugins.rsaveall.py"
     - "coriolis.plugins.runDemo.py"
     - "coriolis.plugins.s2r.py"
     - "coriolis.plugins.stats.py"
     - "coriolis.plugins.utils.py"
     - No NDA protected plugins.
[WARNING] timing.staticInit(): Library do not provides "inv_x8", skipped.
[WARNING] timing.staticInit(): Library do not provides "buf_x8", skipped.
libName is located at: /home/ahmed/circuits/coriolis/expmob2_n14/doDesign.py
-- yosys
-- b2v
.  gds
TaskFailed - taskid:gds
[ERROR] PnR.doTask(): The rule "gds" did *not* generate target "expmob2_cts_r.gds".

########################################
TaskFailed - taskid:gds
gds <stderr>:

gds <stdout>:
PnR.doTask() on "expmob2_cts_r.gds"
DEBUG entry scriptmain
  o  Configuration contents (CfgCache):
     - misc.catchCore = False
     - misc.info = False
     - misc.paranoid = False
     - misc.bug = False
     - misc.logMode = True
     - misc.verboseLevel1 = True
     - misc.verboseLevel2 = True
     - misc.minTraceLevel = 16000
     - misc.maxTraceLevel = 17000
     - anabatic.routingGauge = "StdCellLib"
  o  Looked up gauge/pitch values.
     - hpitch:                0.5um.
     - vpitch:                0.5um.
     - sliceHeight:          5.76um.
     - sliceStep:             0.8um.
DEBUG: vpitchedSliceHeight=110000, hpitchedSliceHeight=110000
############################################ 61888000 
 [7964, 7964, 8420, 8421] 
 [0, 0, 0, 0]
############################################ 61888000 
 [7964, 7964, 8420, 8421] 
 [0, 0, 0, 0]
DEBUG: m2pitch=110000, m1pitch=110000
[(18, 'outputs({})', 0, 0, range(0, 7964)), (17, 'outputs({})', 0, 0, range(7964, 15928)), (20, 'outputs({})', 0, 0, range(15928, 16384)), (20, 'inputs({})', 0, 0, range(0, 7964)), (24, 'inputs({})', 0, 0, range(7964, 16384)), (24, 'clk', 0, 0, range(0, 1))]
  o  Block "expmob2" will be generated.
  o  Building block "expmob2".

[ERROR] Side.place(IoPin): Pin "outputs(6240).0" is outside north or south abutment box side.
        (x:3120.5um, xAB: [0um:3120um])

[ERROR] Side.place(IoPin): Pin "outputs(6241).0" is outside north or south abutment box side.
        (x:3121um, xAB: [0um:3120um])

[ERROR] Side.place(IoPin): Pin "outputs(6242).0" is outside north or south abutment box side.
        (x:3121.5um, xAB: [0um:3120um])

[ERROR] Side.place(IoPin): Pin "outputs(6243).0" is outside north or south abutment box side.
        (x:3122um, xAB: [0um:3120um])

[ERROR] Side.place(IoPin): Pin "outputs(6244).0" is outside north or south abutment box side.
        (x:3122.5um, xAB: [0um:3120um])

[ERROR] Side.place(IoPin): Pin "outputs(6245).0" is outside north or south abutment box side.
        (x:3123um, xAB: [0um:3120um])

[ERROR] Side.place(IoPin): Pin "outputs(6246).0" is outside north or south abutment box side.
        (x:3123.5um, xAB: [0um:3120um])

[ERROR] Side.place(IoPin): Pin "outputs(6247).0" is outside north or south abutment box side.
        (x:3124um, xAB: [0um:3120um])

[ERROR] Side.place(IoPin): Pin "outputs(6248).0" is outside north or south abutment box side.
        (x:3124.5um, xAB: [0um:3120um])

[ERROR] Side.place(IoPin): Pin "outputs(6249).0" is outside north or south abutment box side.
        (x:3125um, xAB: [0um:3120um])

[ERROR] Side.place(IoPin): Pin "outputs(6250).0" is outside north or south abutment box side.
        (x:3125.5um, xAB: [0um:3120um])

[ERROR] Side.place(IoPin): Pin "outputs(6251).0" is outside north or south abutment box side.
        (x:3126um, xAB: [0um:3120um])

[ERROR] Side.place(IoPin): Pin "outputs(6252).0" is outside north or south abutment box side.
        (x:3126.5um, xAB: [0um:3120um])

[ERROR] Side.place(IoPin): Pin "outputs(6253).0" is outside north or south abutment box side.
        (x:3127um, xAB: [0um:3120um])

[ERROR] Side.place(IoPin): Pin "outputs(6254).0" is outside north or south abutment box side.
        (x:3127.5um, xAB: [0um:3120um])

[ERROR] Side.place(IoPin): Pin "outputs(6255).0" is outside north or south abutment box side.
        (x:3128um, xAB: [0um:3120um])

[ERROR] Side.place(IoPin): Pin "outputs(6256).0" is outside north or south abutment box side.
        (x:3128.5um, xAB: [0um:3120um])

[ERROR] Side.place(IoPin): Pin "outputs(6257).0" is outside north or south abutment box side.
        (x:3129um, xAB: [0um:3120um])

[ERROR] Side.place(IoPin): Pin "outputs(6258).0" is outside north or south abutment box side.
        (x:3129.5um, xAB: [0um:3120um])

[ERROR] Side.place(IoPin): Pin "outputs(6259).0" is outside north or south abutment box side.
        (x:3130um, xAB: [0um:3120um])

[ERROR] Side.place(IoPin): Pin "outputs(6260).0" is outside north or south abutment box side.
        (x:3130.5um, xAB: [0um:3120um])

[ERROR] Side.place(IoPin): Pin "outputs(6261).0" is outside north or south abutment box side.
        (x:3131um, xAB: [0um:3120um])

[ERROR] Side.place(IoPin): Pin "outputs(6262).0" is outside north or south abutment box side.
        (x:3131.5um, xAB: [0um:3120um])

[ERROR] Side.place(IoPin): Pin "outputs(6263).0" is outside north or south abutment box side.
        (x:3132um, xAB: [0um:3120um])

[ERROR] Side.place(IoPin): Pin "outputs(6264).0" is outside north or south abutment box side.
        (x:3132.5um, xAB: [0um:3120um])

[ERROR] Side.place(IoPin): Pin "outputs(6265).0" is outside north or south abutment box side.
        (x:3133um, xAB: [0um:3120um])

[ERROR] Side.place(IoPin): Pin "outputs(6266).0" is outside north or south abutment box side.
        (x:3133.5um, xAB: [0um:3120um])

[ERROR] Side.place(IoPin): Pin "outputs(6267).0" is outside north or south abutment box side.
        (x:3134um, xAB: [0um:3120um])

[ERROR] Side.place(IoPin): Pin "outputs(6268).0" is outside north or south abutment box side.
        (x:3134.5um, xAB: [0um:3120um])

[ERROR] Side.place(IoPin): Pin "outputs(6269).0" is outside north or south abutment box side.
        (x:3135um, xAB: [0um:3120um])

[ERROR] Side.place(IoPin): Pin "outputs(6270).0" is outside north or south abutment box side.
        (x:3135.5um, xAB: [0um:3120um])

[ERROR] Side.place(IoPin): Pin "outputs(6271).0" is outside north or south abutment box side.
        (x:3136um, xAB: [0um:3120um])

[ERROR] Side.place(IoPin): Pin "outputs(6272).0" is outside north or south abutment box side.
        (x:3136.5um, xAB: [0um:3120um])

[ERROR] Side.place(IoPin): Pin "outputs(6273).0" is outside north or south abutment box side.
        (x:3137um, xAB: [0um:3120um])

[ERROR] Side.place(IoPin): Pin "outputs(6274).0" is outside north or south abutment box side.
        (x:3137.5um, xAB: [0um:3120um])

[ERROR] Side.place(IoPin): Pin "outputs(6275).0" is outside north or south abutment box side.
        (x:3138um, xAB: [0um:3120um])

[ERROR] Side.place(IoPin): Pin "outputs(6276).0" is outside north or south abutment box side.
        (x:3138.5um, xAB: [0um:3120um])

[ERROR] Side.place(IoPin): Pin "outputs(6277).0" is outside north or south abutment box side.
        (x:3139um, xAB: [0um:3120um])

[ERROR] Side.place(IoPin): Pin "outputs(6278).0" is outside north or south abutment box side.
        (x:3139.5um, xAB: [0um:3120um])

[ERROR] Side.place(IoPin): Pin "outputs(6279).0" is outside north or south abutment box side.
        (x:3140um, xAB: [0um:3120um])

[ERROR] Side.place(IoPin): Pin "outputs(6280).0" is outside north or south abutment box side.
        (x:3140.5um, xAB: [0um:3120um])

[ERROR] Side.place(IoPin): Pin "outputs(6281).0" is outside north or south abutment box side.
        (x:3141um, xAB: [0um:3120um])

[ERROR] Side.place(IoPin): Pin "outputs(6282).0" is outside north or south abutment box side.
        (x:3141.5um, xAB: [0um:3120um])

[ERROR] Side.place(IoPin): Pin "outputs(6283).0" is outside north or south abutment box side.
        (x:3142um, xAB: [0um:3120um])

[ERROR] Side.place(IoPin): Pin "outputs(6284).0" is outside north or south abutment box side.
        (x:3142.5um, xAB: [0um:3120um])

[ERROR] Side.place(IoPin): Pin "outputs(6285).0" is outside north or south abutment box side.
        (x:3143um, xAB: [0um:3120um])

[ERROR] Side.place(IoPin): Pin "outputs(6286).0" is outside north or south abutment box side.
        (x:3143.5um, xAB: [0um:3120um])

[ERROR] Side.place(IoPin): Pin "outputs(6287).0" is outside north or south abutment box side.
        (x:3144um, xAB: [0um:3120um])

[ERROR] Side.place(IoPin): Pin "outputs(6288).0" is outside north or south abutment box side.
        (x:3144.5um, xAB: [0um:3120um])

[ERROR] Side.place(IoPin): Pin "outputs(6289).0" is outside north or south abutment box side.
        (x:3145um, xAB: [0um:3120um])

[ERROR] Side.place(IoPin): Pin "outputs(6290).0" is outside north or south abutment box side.
        (x:3145.5um, xAB: [0um:3120um])

[ERROR] Side.place(IoPin): Pin "outputs(6291).0" is outside north or south abutment box side.
        (x:3146um, xAB: [0um:3120um])

[ERROR] Side.place(IoPin): Pin "outputs(6292).0" is outside north or south abutment box side.
        (x:3146.5um, xAB: [0um:3120um])

[ERROR] Side.place(IoPin): Pin "outputs(6293).0" is outside north or south abutment box side.
        (x:3147um, xAB: [0um:3120um])

[ERROR] Side.place(IoPin): Pin "outputs(6294).0" is outside north or south abutment box side.
        (x:3147.5um, xAB: [0um:3120um])

[ERROR] Side.place(IoPin): Pin "outputs(6295).0" is outside north or south abutment box side.
        (x:3148um, xAB: [0um:3120um])

[ERROR] Side.place(IoPin): Pin "outputs(6296).0" is outside north or south abutment box side.
        (x:3148.5um, xAB: [0um:3120um])

[ERROR] Side.place(IoPin): Pin "outputs(6297).0" is outside north or south abutment box side.
        (x:3149um, xAB: [0um:3120um])

[ERROR] Side.place(IoPin): Pin "outputs(6298).0" is outside north or south abutment box side.
        (x:3149.5um, xAB: [0um:3120um])

[ERROR] Side.place(IoPin): Pin "outputs(6299).0" is outside north or south abutment box side.
        (x:3150um, xAB: [0um:3120um])

[ERROR] Side.place(IoPin): Pin "outputs(6300).0" is outside north or south abutment box side.
        (x:3150.5um, xAB: [0um:3120um])

[ERROR] Side.place(IoPin): Pin "outputs(6301).0" is outside north or south abutment box side.
        (x:3151um, xAB: [0um:3120um])

[ERROR] Side.place(IoPin): Pin "outputs(6302).0" is outside north or south abutment box side.
        (x:3151.5um, xAB: [0um:3120um])

[ERROR] Side.place(IoPin): Pin "outputs(6303).0" is outside north or south abutment box side.
        (x:3152um, xAB: [0um:3120um])

[ERROR] Side.place(IoPin): Pin "outputs(6304).0" is outside north or south abutment box side.
        (x:3152.5um, xAB: [0um:3120um])

[ERROR] Side.place(IoPin): Pin "outputs(6305).0" is outside north or south abutment box side.
        (x:3153um, xAB: [0um:3120um])

[ERROR] Side.place(IoPin): Pin "outputs(6306).0" is outside north or south abutment box side.
        (x:3153.5um, xAB: [0um:3120um])

[ERROR] Side.place(IoPin): Pin "outputs(6307).0" is outside north or south abutment box side.
        (x:3154um, xAB: [0um:3120um])

[ERROR] Side.place(IoPin): Pin "outputs(6308).0" is outside north or south abutment box side.
        (x:3154.5um, xAB: [0um:3120um])

[ERROR] Side.place(IoPin): Pin "outputs(6309).0" is outside north or south abutment box side.
        (x:3155um, xAB: [0um:3120um])

[ERROR] Side.place(IoPin): Pin "outputs(6310).0" is outside north or south abutment box side.
        (x:3155.5um, xAB: [0um:3120um])

[ERROR] Side.place(IoPin): Pin "outputs(6311).0" is outside north or south abutment box side.
        (x:3156um, xAB: [0um:3120um])

[ERROR] Side.place(IoPin): Pin "outputs(6312).0" is outside north or south abutment box side.
        (x:3156.5um, xAB: [0um:3120um])

[ERROR] Side.place(IoPin): Pin "outputs(6313).0" is outside north or south abutment box side.
        (x:3157um, xAB: [0um:3120um])

[ERROR] Side.place(IoPin): Pin "outputs(6314).0" is outside north or south abutment box side.
        (x:3157.5um, xAB: [0um:3120um])

[ERROR] Side.place(IoPin): Pin "outputs(6315).0" is outside north or south abutment box side.
        (x:3158um, xAB: [0um:3120um])

[ERROR] Side.place(IoPin): Pin "outputs(6316).0" is outside north or south abutment box side.
        (x:3158.5um, xAB: [0um:3120um])

[ERROR] Side.place(IoPin): Pin "outputs(6317).0" is outside north or south abutment box side.
        (x:3159um, xAB: [0um:3120um])

[ERROR] Side.place(IoPin): Pin "outputs(6318).0" is outside north or south abutment box side.
        (x:3159.5um, xAB: [0um:3120um])

[ERROR] Side.place(IoPin): Pin "outputs(6319).0" is outside north or south abutment box side.
        (x:3160um, xAB: [0um:3120um])

[ERROR] Side.place(IoPin): Pin "outputs(6320).0" is outside north or south abutment box side.
        (x:3160.5um, xAB: [0um:3120um])

[ERROR] Side.place(IoPin): Pin "outputs(6321).0" is outside north or south abutment box side.
        (x:3161um, xAB: [0um:3120um])

[ERROR] Side.place(IoPin): Pin "outputs(6322).0" is outside north or south abutment box side.
        (x:3161.5um, xAB: [0um:3120um])

[ERROR] Side.place(IoPin): Pin "outputs(6323).0" is outside north or south abutment box side.
        (x:3162um, xAB: [0um:3120um])

[ERROR] Side.place(IoPin): Pin "outputs(6324).0" is outside north or south abutment box side.
        (x:3162.5um, xAB: [0um:3120um])

[ERROR] Side.place(IoPin): Pin "outputs(6325).0" is outside north or south abutment box side.
        (x:3163um, xAB: [0um:3120um])

[ERROR] Side.place(IoPin): Pin "outputs(6326).0" is outside north or south abutment box side.
        (x:3163.5um, xAB: [0um:3120um])

[ERROR] Side.place(IoPin): Pin "outputs(6327).0" is outside north or south abutment box side.
        (x:3164um, xAB: [0um:3120um])

[ERROR] Side.place(IoPin): Pin "outputs(6328).0" is outside north or south abutment box side.
        (x:3164.5um, xAB: [0um:3120um])

[ERROR] Side.place(IoPin): Pin "outputs(6329).0" is outside north or south abutment box side.
        (x:3165um, xAB: [0um:3120um])

[ERROR] Side.place(IoPin): Pin "outputs(6330).0" is outside north or south abutment box side.
        (x:3165.5um, xAB: [0um:3120um])

[ERROR] Side.place(IoPin): Pin "outputs(6331).0" is outside north or south abutment box side.
        (x:3166um, xAB: [0um:3120um])

[ERROR] Side.place(IoPin): Pin "outputs(6332).0" is outside north or south abutment box side.
        (x:3166.5um, xAB: [0um:3120um])

[ERROR] Side.place(IoPin): Pin "outputs(6333).0" is outside north or south abutment box side.
        (x:3167um, xAB: [0um:3120um])

[ERROR] Side.place(IoPin): Pin "outputs(6334).0" is outside north or south abutment box side.
        (x:3167.5um, xAB: [0um:3120um])

[ERROR] Side.place(IoPin): Pin "outputs(6335).0" is outside north or south abutment box side.
        (x:3168um, xAB: [0um:3120um])

[ERROR] Side.place(IoPin): Pin "outputs(6336).0" is outside north or south abutment box side.
        (x:3168.5um, xAB: [0um:3120um])

[ERROR] Side.place(IoPin): Pin "outputs(6337).0" is outside north or south abutment box side.
        (x:3169um, xAB: [0um:3120um])

[ERROR] Side.place(IoPin): Pin "outputs(6338).0" is outside north or south abutment box side.
        (x:3169.5um, xAB: [0um:3120um])

[ERROR] Side.place(IoPin): Pin "outputs(6339).0" is outside north or south abutment box side.
        (x:3170um, xAB: [0um:3120um])

[ERROR] Side.place(IoPin): Pin "outputs(6340).0" is outside north or south abutment box side.
        (x:3170.5um, xAB: [0um:3120um])

[ERROR] Side.place(IoPin): Pin "outputs(6341).0" is outside north or south abutment box side.
        (x:3171um, xAB: [0um:3120um])

[ERROR] Side.place(IoPin): Pin "outputs(6342).0" is outside north or south abutment box side.
        (x:3171.5um, xAB: [0um:3120um])

[ERROR] Side.place(IoPin): Pin "outputs(6343).0" is outside north or south abutment box side.
        (x:3172um, xAB: [0um:3120um])

[ERROR] Side.place(IoPin): Pin "outputs(6344).0" is outside north or south abutment box side.
        (x:3172.5um, xAB: [0um:3120um])

[ERROR] Side.place(IoPin): Pin "outputs(6345).0" is outside north or south abutment box side.
        (x:3173um, xAB: [0um:3120um])

[ERROR] Side.place(IoPin): Pin "outputs(6346).0" is outside north or south abutment box side.
        (x:3173.5um, xAB: [0um:3120um])

[ERROR] Side.place(IoPin): Pin "outputs(6347).0" is outside north or south abutment box side.
        (x:3174um, xAB: [0um:3120um])

[ERROR] Side.place(IoPin): Pin "outputs(6348).0" is outside north or south abutment box side.
        (x:3174.5um, xAB: [0um:3120um])

[ERROR] Side.place(IoPin): Pin "outputs(6349).0" is outside north or south abutment box side.
        (x:3175um, xAB: [0um:3120um])

[ERROR] Side.place(IoPin): Pin "outputs(6350).0" is outside north or south abutment box side.
        (x:3175.5um, xAB: [0um:3120um])

[ERROR] Side.place(IoPin): Pin "outputs(6351).0" is outside north or south abutment box side.
        (x:3176um, xAB: [0um:3120um])

[ERROR] Side.place(IoPin): Pin "outputs(6352).0" is outside north or south abutment box side.
        (x:3176.5um, xAB: [0um:3120um])

[ERROR] Side.place(IoPin): Pin "outputs(6353).0" is outside north or south abutment box side.
        (x:3177um, xAB: [0um:3120um])

[ERROR] Side.place(IoPin): Pin "outputs(6354).0" is outside north or south abutment box side.
        (x:3177.5um, xAB: [0um:3120um])

[ERROR] Side.place(IoPin): Pin "outputs(6355).0" is outside north or south abutment box side.
        (x:3178um, xAB: [0um:3120um])

[ERROR] Side.place(IoPin): Pin "outputs(6356).0" is outside north or south abutment box side.
        (x:3178.5um, xAB: [0um:3120um])

[ERROR] Side.place(IoPin): Pin "outputs(6357).0" is outside north or south abutment box side.
        (x:3179um, xAB: [0um:3120um])

[ERROR] Side.place(IoPin): Pin "outputs(6358).0" is outside north or south abutment box side.
        (x:3179.5um, xAB: [0um:3120um])

[ERROR] Side.place(IoPin): Pin "outputs(6359).0" is outside north or south abutment box side.
        (x:3180um, xAB: [0um:3120um])

[ERROR] Side.place(IoPin): Pin "outputs(6360).0" is outside north or south abutment box side.
        (x:3180.5um, xAB: [0um:3120um])

[ERROR] Side.place(IoPin): Pin "outputs(6361).0" is outside north or south abutment box side.
        (x:3181um, xAB: [0um:3120um])

[ERROR] Side.place(IoPin): Pin "outputs(6362).0" is outside north or south abutment box side.
        (x:3181.5um, xAB: [0um:3120um])

[ERROR] Side.place(IoPin): Pin "outputs(6363).0" is outside north or south abutment box side.
        (x:3182um, xAB: [0um:3120um])

[ERROR] Side.place(IoPin): Pin "outputs(6364).0" is outside north or south abutment box side.
        (x:3182.5um, xAB: [0um:3120um])

[ERROR] Side.place(IoPin): Pin "outputs(6365).0" is outside north or south abutment box side.
        (x:3183um, xAB: [0um:3120um])

[ERROR] Side.place(IoPin): Pin "outputs(6366).0" is outside north or south abutment box side.
        (x:3183.5um, xAB: [0um:3120um])

[ERROR] Side.place(IoPin): Pin "outputs(6367).0" is outside north or south abutment box side.
        (x:3184um, xAB: [0um:3120um])

[ERROR] Side.place(IoPin): Pin "outputs(6368).0" is outside north or south abutment box side.
        (x:3184.5um, xAB: [0um:3120um])

[ERROR] Side.place(IoPin): Pin "outputs(6369).0" is outside north or south abutment box side.
        (x:3185um, xAB: [0um:3120um])

[ERROR] Side.place(IoPin): Pin "outputs(6370).0" is outside north or south abutment box side.
        (x:3185.5um, xAB: [0um:3120um])

[ERROR] Side.place(IoPin): Pin "outputs(6371).0" is outside north or south abutment box side.
        (x:3186um, xAB: [0um:3120um])

[ERROR] Side.place(IoPin): Pin "outputs(6372).0" is outside north or south abutment box side.
        (x:3186.5um, xAB: [0um:3120um])

[ERROR] Side.place(IoPin): Pin "outputs(6373).0" is outside north or south abutment box side.
        (x:3187um, xAB: [0um:3120um])

[ERROR] Side.place(IoPin): Pin "outputs(6374).0" is outside north or south abutment box side.
        (x:3187.5um, xAB: [0um:3120um])

[ERROR] Side.place(IoPin): Pin "outputs(6375).0" is outside north or south abutment box side.
        (x:3188um, xAB: [0um:3120um])

[ERROR] Side.place(IoPin): Pin "outputs(6376).0" is outside north or south abutment box side.
        (x:3188.5um, xAB: [0um:3120um])

[ERROR] Side.place(IoPin): Pin "outputs(6377).0" is outside north or south abutment box side.
        (x:3189um, xAB: [0um:3120um])

[ERROR] Side.place(IoPin): Pin "outputs(6378).0" is outside north or south abutment box side.
        (x:3189.5um, xAB: [0um:3120um])

[ERROR] Side.place(IoPin): Pin "outputs(6379).0" is outside north or south abutment box side.
        (x:3190um, xAB: [0um:3120um])

[ERROR] Side.place(IoPin): Pin "outputs(6380).0" is outside north or south abutment box side.
        (x:3190.5um, xAB: [0um:3120um])

[ERROR] Side.place(IoPin): Pin "outputs(6381).0" is outside north or south abutment box side.
        (x:3191um, xAB: [0um:3120um])

[ERROR] Side.place(IoPin): Pin "outputs(6382).0" is outside north or south abutment box side.
        (x:3191.5um, xAB: [0um:3120um])

[ERROR] Side.place(IoPin): Pin "outputs(6383).0" is outside north or south abutment box side.
        (x:3192um, xAB: [0um:3120um])

[ERROR] Side.place(IoPin): Pin "outputs(6384).0" is outside north or south abutment box side.
        (x:3192.5um, xAB: [0um:3120um])

[ERROR] Side.place(IoPin): Pin "outputs(6385).0" is outside north or south abutment box side.
        (x:3193um, xAB: [0um:3120um])

[ERROR] Side.place(IoPin): Pin "outputs(6386).0" is outside north or south abutment box side.
        (x:3193.5um, xAB: [0um:3120um])

[ERROR] Side.place(IoPin): Pin "outputs(6387).0" is outside north or south abutment box side.
        (x:3194um, xAB: [0um:3120um])

[ERROR] Side.place(IoPin): Pin "outputs(6388).0" is outside north or south abutment box side.
        (x:3194.5um, xAB: [0um:3120um])

[ERROR] Side.place(IoPin): Pin "outputs(6389).0" is outside north or south abutment box side.
        (x:3195um, xAB: [0um:3120um])

[ERROR] Side.place(IoPin): Pin "outputs(6390).0" is outside north or south abutment box side.
        (x:3195.5um, xAB: [0um:3120um])

[ERROR] Side.place(IoPin): Pin "outputs(6391).0" is outside north or south abutment box side.
        (x:3196um, xAB: [0um:3120um])

[ERROR] Side.place(IoPin): Pin "outputs(6392).0" is outside north or south abutment box side.
        (x:3196.5um, xAB: [0um:3120um])

[ERROR] Side.place(IoPin): Pin "outputs(6393).0" is outside north or south abutment box side.
        (x:3197um, xAB: [0um:3120um])

[ERROR] Side.place(IoPin): Pin "outputs(6394).0" is outside north or south abutment box side.
        (x:3197.5um, xAB: [0um:3120um])

[ERROR] Side.place(IoPin): Pin "outputs(6395).0" is outside north or south abutment box side.
        (x:3198um, xAB: [0um:3120um])

[ERROR] Side.place(IoPin): Pin "outputs(6396).0" is outside north or south abutment box side.
        (x:3198.5um, xAB: [0um:3120um])

[ERROR] Side.place(IoPin): Pin "outputs(6397).0" is outside north or south abutment box side.
        (x:3199um, xAB: [0um:3120um])

[ERROR] Side.place(IoPin): Pin "outputs(6398).0" is outside north or south abutment box side.
        (x:3199.5um, xAB: [0um:3120um])

[ERROR] Side.place(IoPin): Pin "outputs(6399).0" is outside north or south abutment box side.
        (x:3200um, xAB: [0um:3120um])

[ERROR] Side.place(IoPin): Pin "outputs(6400).0" is outside north or south abutment box side.
        (x:3200.5um, xAB: [0um:3120um])

[ERROR] Side.place(IoPin): Pin "outputs(6401).0" is outside north or south abutment box side.
        (x:3201um, xAB: [0um:3120um])

[ERROR] Side.place(IoPin): Pin "outputs(6402).0" is outside north or south abutment box side.
        (x:3201.5um, xAB: [0um:3120um])

[ERROR] Side.place(IoPin): Pin "outputs(6403).0" is outside north or south abutment box side.
        (x:3202um, xAB: [0um:3120um])

[ERROR] Side.place(IoPin): Pin "outputs(6404).0" is outside north or south abutment box side.
        (x:3202.5um, xAB: [0um:3120um])

[ERROR] Side.place(IoPin): Pin "outputs(6405).0" is outside north or south abutment box side.
        (x:3203um, xAB: [0um:3120um])

[ERROR] Side.place(IoPin): Pin "outputs(6406).0" is outside north or south abutment box side.
        (x:3203.5um, xAB: [0um:3120um])

[ERROR] Side.place(IoPin): Pin "outputs(6407).0" is outside north or south abutment box side.
        (x:3204um, xAB: [0um:3120um])

[ERROR] Side.place(IoPin): Pin "outputs(6408).0" is outside north or south abutment box side.
        (x:3204.5um, xAB: [0um:3120um])

[ERROR] Side.place(IoPin): Pin "outputs(6409).0" is outside north or south abutment box side.
        (x:3205um, xAB: [0um:3120um])

[ERROR] Side.place(IoPin): Pin "outputs(6410).0" is outside north or south abutment box side.
        (x:3205.5um, xAB: [0um:3120um])

[ERROR] Side.place(IoPin): Pin "outputs(6411).0" is outside north or south abutment box side.
        (x:3206um, xAB: [0um:3120um])

[ERROR] Side.place(IoPin): Pin "outputs(6412).0" is outside north or south abutment box side.
        (x:3206.5um, xAB: [0um:3120um])

[ERROR] Side.place(IoPin): Pin "outputs(6413).0" is outside north or south abutment box side.
        (x:3207um, xAB: [0um:3120um])

[ERROR] Side.place(IoPin): Pin "outputs(6414).0" is outside north or south abutment box side.
        (x:3207.5um, xAB: [0um:3120um])

[ERROR] Side.place(IoPin): Pin "outputs(6415).0" is outside north or south abutment box side.
        (x:3208um, xAB: [0um:3120um])

[ERROR] Side.place(IoPin): Pin "outputs(6416).0" is outside north or south abutment box side.
        (x:3208.5um, xAB: [0um:3120um])

[ERROR] Side.place(IoPin): Pin "outputs(6417).0" is outside north or south abutment box side.
        (x:3209um, xAB: [0um:3120um])

[ERROR] Side.place(IoPin): Pin "outputs(6418).0" is outside north or south abutment box side.
        (x:3209.5um, xAB: [0um:3120um])

[ERROR] Side.place(IoPin): Pin "outputs(6419).0" is outside north or south abutment box side.
        (x:3210um, xAB: [0um:3120um])

[ERROR] Side.place(IoPin): Pin "outputs(6420).0" is outside north or south abutment box side.
        (x:3210.5um, xAB: [0um:3120um])

[ERROR] Side.place(IoPin): Pin "outputs(6421).0" is outside north or south abutment box side.
        (x:3211um, xAB: [0um:3120um])

[ERROR] Side.place(IoPin): Pin "outputs(6422).0" is outside north or south abutment box side.
        (x:3211.5um, xAB: [0um:3120um])

[ERROR] Side.place(IoPin): Pin "outputs(6423).0" is outside north or south abutment box side.
        (x:3212um, xAB: [0um:3120um])

[ERROR] Side.place(IoPin): Pin "outputs(6424).0" is outside north or south abutment box side.
        (x:3212.5um, xAB: [0um:3120um])

[ERROR] Side.place(IoPin): Pin "outputs(6425).0" is outside north or south abutment box side.
        (x:3213um, xAB: [0um:3120um])

[ERROR] Side.place(IoPin): Pin "outputs(6426).0" is outside north or south abutment box side.
        (x:3213.5um, xAB: [0um:3120um])

[ERROR] Side.place(IoPin): Pin "outputs(6427).0" is outside north or south abutment box side.
        (x:3214um, xAB: [0um:3120um])

[ERROR] Side.place(IoPin): Pin "outputs(6428).0" is outside north or south abutment box side.
        (x:3214.5um, xAB: [0um:3120um])

[ERROR] Side.place(IoPin): Pin "outputs(6429).0" is outside north or south abutment box side.
        (x:3215um, xAB: [0um:3120um])

[ERROR] Side.place(IoPin): Pin "outputs(6430).0" is outside north or south abutment box side.
        (x:3215.5um, xAB: [0um:3120um])

[ERROR] Side.place(IoPin): Pin "outputs(6431).0" is outside north or south abutment box side.
        (x:3216um, xAB: [0um:3120um])

[ERROR] Side.place(IoPin): Pin "outputs(6432).0" is outside north or south abutment box side.
        (x:3216.5um, xAB: [0um:3120um])

[ERROR] Side.place(IoPin): Pin "outputs(6433).0" is outside north or south abutment box side.
        (x:3217um, xAB: [0um:3120um])

[ERROR] Side.place(IoPin): Pin "outputs(6434).0" is outside north or south abutment box side.
        (x:3217.5um, xAB: [0um:3120um])

[ERROR] Side.place(IoPin): Pin "outputs(6435).0" is outside north or south abutment box side.
        (x:3218um, xAB: [0um:3120um])

[ERROR] Side.place(IoPin): Pin "outputs(6436).0" is outside north or south abutment box side.
        (x:3218.5um, xAB: [0um:3120um])

[ERROR] Side.place(IoPin): Pin "outputs(6437).0" is outside north or south abutment box side.
        (x:3219um, xAB: [0um:3120um])

[ERROR] Side.place(IoPin): Pin "outputs(6438).0" is outside north or south abutment box side.
        (x:3219.5um, xAB: [0um:3120um])

[ERROR] Side.place(IoPin): Pin "outputs(6439).0" is outside north or south abutment box side.
        (x:3220um, xAB: [0um:3120um])

[ERROR] Side.place(IoPin): Pin "outputs(6440).0" is outside north or south abutment box side.
        (x:3220.5um, xAB: [0um:3120um])

[ERROR] Side.place(IoPin): Pin "outputs(6441).0" is outside north or south abutment box side.
        (x:3221um, xAB: [0um:3120um])

[ERROR] Side.place(IoPin): Pin "outputs(6442).0" is outside north or south abutment box side.
        (x:3221.5um, xAB: [0um:3120um])

[ERROR] Side.place(IoPin): Pin "outputs(6443).0" is outside north or south abutment box side.
        (x:3222um, xAB: [0um:3120um])

[ERROR] Side.place(IoPin): Pin "outputs(6444).0" is outside north or south abutment box side.
        (x:3222.5um, xAB: [0um:3120um])

[ERROR] Side.place(IoPin): Pin "outputs(6445).0" is outside north or south abutment box side.
        (x:3223um, xAB: [0um:3120um])

[ERROR] Side.place(IoPin): Pin "outputs(6446).0" is outside north or south abutment box side.
        (x:3223.5um, xAB: [0um:3120um])

[ERROR] Side.place(IoPin): Pin "outputs(6447).0" is outside north or south abutment box side.
        (x:3224um, xAB: [0um:3120um])

[ERROR] Side.place(IoPin): Pin "outputs(6448).0" is outside north or south abutment box side.
        (x:3224.5um, xAB: [0um:3120um])

[ERROR] Side.place(IoPin): Pin "outputs(6449).0" is outside north or south abutment box side.
        (x:3225um, xAB: [0um:3120um])

[ERROR] Side.place(IoPin): Pin "outputs(6450).0" is outside north or south abutment box side.
        (x:3225.5um, xAB: [0um:3120um])

[ERROR] Side.place(IoPin): Pin "outputs(6451).0" is outside north or south abutment box side.
        (x:3226um, xAB: [0um:3120um])

[ERROR] Side.place(IoPin): Pin "outputs(6452).0" is outside north or south abutment box side.
        (x:3226.5um, xAB: [0um:3120um])

[ERROR] Side.place(IoPin): Pin "outputs(6453).0" is outside north or south abutment box side.
        (x:3227um, xAB: [0um:3120um])

[ERROR] Side.place(IoPin): Pin "outputs(6454).0" is outside north or south abutment box side.
        (x:3227.5um, xAB: [0um:3120um])

[ERROR] Side.place(IoPin): Pin "outputs(6455).0" is outside north or south abutment box side.
        (x:3228um, xAB: [0um:3120um])

[ERROR] Side.place(IoPin): Pin "outputs(6456).0" is outside north or south abutment box side.
        (x:3228.5um, xAB: [0um:3120um])

[ERROR] Side.place(IoPin): Pin "outputs(6457).0" is outside north or south abutment box side.
        (x:3229um, xAB: [0um:3120um])

[ERROR] Side.place(IoPin): Pin "outputs(6458).0" is outside north or south abutment box side.
        (x:3229.5um, xAB: [0um:3120um])

[ERROR] Side.place(IoPin): Pin "outputs(6459).0" is outside north or south abutment box side.
        (x:3230um, xAB: [0um:3120um])

[ERROR] Side.place(IoPin): Pin "outputs(6460).0" is outside north or south abutment box side.
        (x:3230.5um, xAB: [0um:3120um])

[ERROR] Side.place(IoPin): Pin "outputs(6461).0" is outside north or south abutment box side.
        (x:3231um, xAB: [0um:3120um])

[ERROR] Side.place(IoPin): Pin "outputs(6462).0" is outside north or south abutment box side.
        (x:3231.5um, xAB: [0um:3120um])

[ERROR] Side.place(IoPin): Pin "outputs(6463).0" is outside north or south abutment box side.
        (x:3232um, xAB: [0um:3120um])

[ERROR] Side.place(IoPin): Pin "outputs(6464).0" is outside north or south abutment box side.
        (x:3232.5um, xAB: [0um:3120um])

[ERROR] Side.place(IoPin): Pin "outputs(6465).0" is outside north or south abutment box side.
        (x:3233um, xAB: [0um:3120um])

[ERROR] Side.place(IoPin): Pin "outputs(6466).0" is outside north or south abutment box side.
        (x:3233.5um, xAB: [0um:3120um])

[ERROR] Side.place(IoPin): Pin "outputs(6467).0" is outside north or south abutment box side.
        (x:3234um, xAB: [0um:3120um])

[ERROR] Side.place(IoPin): Pin "outputs(6468).0" is outside north or south abutment box side.
        (x:3234.5um, xAB: [0um:3120um])

[ERROR] Side.place(IoPin): Pin "outputs(6469).0" is outside north or south abutment box side.
        (x:3235um, xAB: [0um:3120um])

[ERROR] Side.place(IoPin): Pin "outputs(6470).0" is outside north or south abutment box side.
        (x:3235.5um, xAB: [0um:3120um])

[ERROR] Side.place(IoPin): Pin "outputs(6471).0" is outside north or south abutment box side.
        (x:3236um, xAB: [0um:3120um])

[ERROR] Side.place(IoPin): Pin "outputs(6472).0" is outside north or south abutment box side.
        (x:3236.5um, xAB: [0um:3120um])

[ERROR] Side.place(IoPin): Pin "outputs(6473).0" is outside north or south abutment box side.
        (x:3237um, xAB: [0um:3120um])

[ERROR] Side.place(IoPin): Pin "outputs(6474).0" is outside north or south abutment box side.
        (x:3237.5um, xAB: [0um:3120um])

[ERROR] Side.place(IoPin): Pin "outputs(6475).0" is outside north or south abutment box side.
        (x:3238um, xAB: [0um:3120um])

[ERROR] Side.place(IoPin): Pin "outputs(6476).0" is outside north or south abutment box side.
        (x:3238.5um, xAB: [0um:3120um])

[ERROR] Side.place(IoPin): Pin "outputs(6477).0" is outside north or south abutment box side.
        (x:3239um, xAB: [0um:3120um])

[ERROR] Side.place(IoPin): Pin "outputs(6478).0" is outside north or south abutment box side.
        (x:3239.5um, xAB: [0um:3120um])

[ERROR] Side.place(IoPin): Pin "outputs(6479).0" is outside north or south abutment box side.
        (x:3240um, xAB: [0um:3120um])

[ERROR] Side.place(IoPin): Pin "outputs(6480).0" is outside north or south abutment box side.
        (x:3240.5um, xAB: [0um:3120um])

[ERROR] Side.place(IoPin): Pin "outputs(6481).0" is outside north or south abutment box side.
        (x:3241um, xAB: [0um:3120um])

[ERROR] Side.place(IoPin): Pin "outputs(6482).0" is outside north or south abutment box side.
        (x:3241.5um, xAB: [0um:3120um])

[ERROR] Side.place(IoPin): Pin "outputs(6483).0" is outside north or south abutment box side.
        (x:3242um, xAB: [0um:3120um])

[ERROR] Side.place(IoPin): Pin "outputs(6484).0" is outside north or south abutment box side.
        (x:3242.5um, xAB: [0um:3120um])

[ERROR] Side.place(IoPin): Pin "outputs(6485).0" is outside north or south abutment box side.
        (x:3243um, xAB: [0um:3120um])

[ERROR] Side.place(IoPin): Pin "outputs(6486).0" is outside north or south abutment box side.
        (x:3243.5um, xAB: [0um:3120um])

[ERROR] Side.place(IoPin): Pin "outputs(6487).0" is outside north or south abutment box side.
        (x:3244um, xAB: [0um:3120um])

[ERROR] Side.place(IoPin): Pin "outputs(6488).0" is outside north or south abutment box side.
        (x:3244.5um, xAB: [0um:3120um])

[ERROR] Side.place(IoPin): Pin "outputs(6489).0" is outside north or south abutment box side.
        (x:3245um, xAB: [0um:3120um])

[ERROR] Side.place(IoPin): Pin "outputs(6490).0" is outside north or south abutment box side.
        (x:3245.5um, xAB: [0um:3120um])

[ERROR] Side.place(IoPin): Pin "outputs(6491).0" is outside north or south abutment box side.
        (x:3246um, xAB: [0um:3120um])

[ERROR] Side.place(IoPin): Pin "outputs(6492).0" is outside north or south abutment box side.
        (x:3246.5um, xAB: [0um:3120um])

[ERROR] Side.place(IoPin): Pin "outputs(6493).0" is outside north or south abutment box side.
        (x:3247um, xAB: [0um:3120um])

[ERROR] Side.place(IoPin): Pin "outputs(6494).0" is outside north or south abutment box side.
        (x:3247.5um, xAB: [0um:3120um])

[ERROR] Side.place(IoPin): Pin "outputs(6495).0" is outside north or south abutment box side.
        (x:3248um, xAB: [0um:3120um])

[ERROR] Side.place(IoPin): Pin "outputs(6496).0" is outside north or south abutment box side.
        (x:3248.5um, xAB: [0um:3120um])

[ERROR] Side.place(IoPin): Pin "outputs(6497).0" is outside north or south abutment box side.
        (x:3249um, xAB: [0um:3120um])

[ERROR] Side.place(IoPin): Pin "outputs(6498).0" is outside north or south abutment box side.
        (x:3249.5um, xAB: [0um:3120um])

[ERROR] Side.place(IoPin): Pin "outputs(6499).0" is outside north or south abutment box side.
        (x:3250um, xAB: [0um:3120um])

[ERROR] Side.place(IoPin): Pin "outputs(6500).0" is outside north or south abutment box side.
        (x:3250.5um, xAB: [0um:3120um])

[ERROR] Side.place(IoPin): Pin "outputs(6501).0" is outside north or south abutment box side.
        (x:3251um, xAB: [0um:3120um])

[ERROR] Side.place(IoPin): Pin "outputs(6502).0" is outside north or south abutment box side.
        (x:3251.5um, xAB: [0um:3120um])

[ERROR] Side.place(IoPin): Pin "outputs(6503).0" is outside north or south abutment box side.
        (x:3252um, xAB: [0um:3120um])

[ERROR] Side.place(IoPin): Pin "outputs(6504).0" is outside north or south abutment box side.
        (x:3252.5um, xAB: [0um:3120um])

[ERROR] Side.place(IoPin): Pin "outputs(6505).0" is outside north or south abutment box side.
        (x:3253um, xAB: [0um:3120um])

[ERROR] Side.place(IoPin): Pin "outputs(6506).0" is outside north or south abutment box side.
        (x:3253.5um, xAB: [0um:3120um])

[ERROR] Side.place(IoPin): Pin "outputs(6507).0" is outside north or south abutment box side.
        (x:3254um, xAB: [0um:3120um])

[ERROR] Side.place(IoPin): Pin "outputs(6508).0" is outside north or south abutment box side.
        (x:3254.5um, xAB: [0um:3120um])

[ERROR] Side.place(IoPin): Pin "outputs(6509).0" is outside north or south abutment box side.
        (x:3255um, xAB: [0um:3120um])

[ERROR] Side.place(IoPin): Pin "outputs(6510).0" is outside north or south abutment box side.
        (x:3255.5um, xAB: [0um:3120um])

[ERROR] Side.place(IoPin): Pin "outputs(6511).0" is outside north or south abutment box side.
        (x:3256um, xAB: [0um:3120um])

[ERROR] Side.place(IoPin): Pin "outputs(6512).0" is outside north or south abutment box side.
        (x:3256.5um, xAB: [0um:3120um])

[ERROR] Side.place(IoPin): Pin "outputs(6513).0" is outside north or south abutment box side.
        (x:3257um, xAB: [0um:3120um])

[ERROR] Side.place(IoPin): Pin "outputs(6514).0" is outside north or south abutment box side.
        (x:3257.5um, xAB: [0um:3120um])

[ERROR] Side.place(IoPin): Pin "outputs(6515).0" is outside north or south abutment box side.
        (x:3258um, xAB: [0um:3120um])

[ERROR] Side.place(IoPin): Pin "outputs(6516).0" is outside north or south abutment box side.
        (x:3258.5um, xAB: [0um:3120um])

[ERROR] Side.place(IoPin): Pin "outputs(6517).0" is outside north or south abutment box side.
        (x:3259um, xAB: [0um:3120um])

[ERROR] Side.place(IoPin): Pin "outputs(6518).0" is outside north or south abutment box side.
        (x:3259.5um, xAB: [0um:3120um])

[ERROR] Side.place(IoPin): Pin "outputs(6519).0" is outside north or south abutment box side.
        (x:3260um, xAB: [0um:3120um])

[ERROR] Side.place(IoPin): Pin "outputs(6520).0" is outside north or south abutment box side.
        (x:3260.5um, xAB: [0um:3120um])

[ERROR] Side.place(IoPin): Pin "outputs(6521).0" is outside north or south abutment box side.
        (x:3261um, xAB: [0um:3120um])

[ERROR] Side.place(IoPin): Pin "outputs(6522).0" is outside north or south abutment box side.
        (x:3261.5um, xAB: [0um:3120um])

[ERROR] Side.place(IoPin): Pin "outputs(6523).0" is outside north or south abutment box side.
        (x:3262um, xAB: [0um:3120um])

[ERROR] Side.place(IoPin): Pin "outputs(6524).0" is outside north or south abutment box side.
        (x:3262.5um, xAB: [0um:3120um])

[ERROR] Side.place(IoPin): Pin "outputs(6525).0" is outside north or south abutment box side.
        (x:3263um, xAB: [0um:3120um])

[ERROR] Side.place(IoPin): Pin "outputs(6526).0" is outside north or south abutment box side.
        (x:3263.5um, xAB: [0um:3120um])

[ERROR] Side.place(IoPin): Pin "outputs(6527).0" is outside north or south abutment box side.
        (x:3264um, xAB: [0um:3120um])

[ERROR] Side.place(IoPin): Pin "outputs(6528).0" is outside north or south abutment box side.
        (x:3264.5um, xAB: [0um:3120um])

[ERROR] Side.place(IoPin): Pin "outputs(6529).0" is outside north or south abutment box side.
        (x:3265um, xAB: [0um:3120um])

[ERROR] Side.place(IoPin): Pin "outputs(6530).0" is outside north or south abutment box side.
        (x:3265.5um, xAB: [0um:3120um])

[ERROR] Side.place(IoPin): Pin "outputs(6531).0" is outside north or south abutment box side.
        (x:3266um, xAB: [0um:3120um])

[ERROR] Side.place(IoPin): Pin "outputs(6532).0" is outside north or south abutment box side.
        (x:3266.5um, xAB: [0um:3120um])

[ERROR] Side.place(IoPin): Pin "outputs(6533).0" is outside north or south abutment box side.
        (x:3267um, xAB: [0um:3120um])

[ERROR] Side.place(IoPin): Pin "outputs(6534).0" is outside north or south abutment box side.
        (x:3267.5um, xAB: [0um:3120um])

[ERROR] Side.place(IoPin): Pin "outputs(6535).0" is outside north or south abutment box side.
        (x:3268um, xAB: [0um:3120um])

[ERROR] Side.place(IoPin): Pin "outputs(6536).0" is outside north or south abutment box side.
        (x:3268.5um, xAB: [0um:3120um])

[ERROR] Side.place(IoPin): Pin "outputs(6537).0" is outside north or south abutment box side.
        (x:3269um, xAB: [0um:3120um])

[ERROR] Side.place(IoPin): Pin "outputs(6538).0" is outside north or south abutment box side.
        (x:3269.5um, xAB: [0um:3120um])

[ERROR] Side.place(IoPin): Pin "outputs(6539).0" is outside north or south abutment box side.
        (x:3270um, xAB: [0um:3120um])

[ERROR] Side.place(IoPin): Pin "outputs(6540).0" is outside north or south abutment box side.
        (x:3270.5um, xAB: [0um:3120um])

[ERROR] Side.place(IoPin): Pin "outputs(6541).0" is outside north or south abutment box side.
        (x:3271um, xAB: [0um:3120um])

[ERROR] Side.place(IoPin): Pin "outputs(6542).0" is outside north or south abutment box side.
        (x:3271.5um, xAB: [0um:3120um])

[ERROR] Side.place(IoPin): Pin "outputs(6543).0" is outside north or south abutment box side.
        (x:3272um, xAB: [0um:3120um])

[ERROR] Side.place(IoPin): Pin "outputs(6544).0" is outside north or south abutment box side.
        (x:3272.5um, xAB: [0um:3120um])

[ERROR] Side.place(IoPin): Pin "outputs(6545).0" is outside north or south abutment box side.
        (x:3273um, xAB: [0um:3120um])

[ERROR] Side.place(IoPin): Pin "outputs(6546).0" is outside north or south abutment box side.
        (x:3273.5um, xAB: [0um:3120um])

[ERROR] Side.place(IoPin): Pin "outputs(6547).0" is outside north or south abutment box side.
        (x:3274um, xAB: [0um:3120um])

[ERROR] Side.place(IoPin): Pin "outputs(6548).0" is outside north or south abutment box side.
        (x:3274.5um, xAB: [0um:3120um])

[ERROR] Side.place(IoPin): Pin "outputs(6549).0" is outside north or south abutment box side.
        (x:3275um, xAB: [0um:3120um])

[ERROR] Side.place(IoPin): Pin "outputs(6550).0" is outside north or south abutment box side.
        (x:3275.5um, xAB: [0um:3120um])

[ERROR] Side.place(IoPin): Pin "outputs(6551).0" is outside north or south abutment box side.
        (x:3276um, xAB: [0um:3120um])

[ERROR] Side.place(IoPin): Pin "outputs(6552).0" is outside north or south abutment box side.
        (x:3276.5um, xAB: [0um:3120um])

[ERROR] Side.place(IoPin): Pin "outputs(6553).0" is outside north or south abutment box side.
        (x:3277um, xAB: [0um:3120um])

[ERROR] Side.place(IoPin): Pin "outputs(6554).0" is outside north or south abutment box side.
        (x:3277.5um, xAB: [0um:3120um])

[ERROR] Side.place(IoPin): Pin "outputs(6555).0" is outside north or south abutment box side.
        (x:3278um, xAB: [0um:3120um])

[ERROR] Side.place(IoPin): Pin "outputs(6556).0" is outside north or south abutment box side.
        (x:3278.5um, xAB: [0um:3120um])

[ERROR] Side.place(IoPin): Pin "outputs(6557).0" is outside north or south abutment box side.
        (x:3279um, xAB: [0um:3120um])

[ERROR] Side.place(IoPin): Pin "outputs(6558).0" is outside north or south abutment box side.
        (x:3279.5um, xAB: [0um:3120um])

[ERROR] Side.place(IoPin): Pin "outputs(6559).0" is outside north or south abutment box side.
        (x:3280um, xAB: [0um:3120um])

[ERROR] Side.place(IoPin): Pin "outputs(6560).0" is outside north or south abutment box side.
        (x:3280.5um, xAB: [0um:3120um])

[ERROR] Side.place(IoPin): Pin "outputs(6561).0" is outside north or south abutment box side.
        (x:3281um, xAB: [0um:3120um])

[ERROR] Side.place(IoPin): Pin "outputs(6562).0" is outside north or south abutment box side.
        (x:3281.5um, xAB: [0um:3120um])

[ERROR] Side.place(IoPin): Pin "outputs(6563).0" is outside north or south abutment box side.
        (x:3282um, xAB: [0um:3120um])

[ERROR] Side.place(IoPin): Pin "outputs(6564).0" is outside north or south abutment box side.
        (x:3282.5um, xAB: [0um:3120um])

[ERROR] Side.place(IoPin): Pin "outputs(6565).0" is outside north or south abutment box side.
        (x:3283um, xAB: [0um:3120um])

[ERROR] Side.place(IoPin): Pin "outputs(6566).0" is outside north or south abutment box side.
        (x:3283.5um, xAB: [0um:3120um])

[ERROR] Side.place(IoPin): Pin "outputs(6567).0" is outside north or south abutment box side.
        (x:3284um, xAB: [0um:3120um])

[ERROR] Side.place(IoPin): Pin "outputs(6568).0" is outside north or south abutment box side.
        (x:3284.5um, xAB: [0um:3120um])

[ERROR] Side.place(IoPin): Pin "outputs(6569).0" is outside north or south abutment box side.
        (x:3285um, xAB: [0um:3120um])

[ERROR] Side.place(IoPin): Pin "outputs(6570).0" is outside north or south abutment box side.
        (x:3285.5um, xAB: [0um:3120um])

[ERROR] Side.place(IoPin): Pin "outputs(6571).0" is outside north or south abutment box side.
        (x:3286um, xAB: [0um:3120um])

[ERROR] Side.place(IoPin): Pin "outputs(6572).0" is outside north or south abutment box side.
        (x:3286.5um, xAB: [0um:3120um])

[ERROR] Side.place(IoPin): Pin "outputs(6573).0" is outside north or south abutment box side.
        (x:3287um, xAB: [0um:3120um])

[ERROR] Side.place(IoPin): Pin "outputs(6574).0" is outside north or south abutment box side.
        (x:3287.5um, xAB: [0um:3120um])

[ERROR] Side.place(IoPin): Pin "outputs(6575).0" is outside north or south abutment box side.
        (x:3288um, xAB: [0um:3120um])

[ERROR] Side.place(IoPin): Pin "outputs(6576).0" is outside north or south abutment box side.
        (x:3288.5um, xAB: [0um:3120um])

[ERROR] Side.place(IoPin): Pin "outputs(6577).0" is outside north or south abutment box side.
        (x:3289um, xAB: [0um:3120um])

[ERROR] Side.place(IoPin): Pin "outputs(6578).0" is outside north or south abutment box side.
        (x:3289.5um, xAB: [0um:3120um])

[ERROR] Side.place(IoPin): Pin "outputs(6579).0" is outside north or south abutment box side.
        (x:3290um, xAB: [0um:3120um])

[ERROR] Side.place(IoPin): Pin "outputs(6580).0" is outside north or south abutment box side.
        (x:3290.5um, xAB: [0um:3120um])

[ERROR] Side.place(IoPin): Pin "outputs(6581).0" is outside north or south abutment box side.
        (x:3291um, xAB: [0um:3120um])

[ERROR] Side.place(IoPin): Pin "outputs(6582).0" is outside north or south abutment box side.
        (x:3291.5um, xAB: [0um:3120um])

[ERROR] Side.place(IoPin): Pin "outputs(6583).0" is outside north or south abutment box side.
        (x:3292um, xAB: [0um:3120um])

[ERROR] Side.place(IoPin): Pin "outputs(6584).0" is outside north or south abutment box side.
        (x:3292.5um, xAB: [0um:3120um])

[ERROR] Side.place(IoPin): Pin "outputs(6585).0" is outside north or south abutment box side.
        (x:3293um, xAB: [0um:3120um])

[ERROR] Side.place(IoPin): Pin "outputs(6586).0" is outside north or south abutment box side.
        (x:3293.5um, xAB: [0um:3120um])

[ERROR] Side.place(IoPin): Pin "outputs(6587).0" is outside north or south abutment box side.
        (x:3294um, xAB: [0um:3120um])

[ERROR] Side.place(IoPin): Pin "outputs(6588).0" is outside north or south abutment box side.
        (x:3294.5um, xAB: [0um:3120um])

[ERROR] Side.place(IoPin): Pin "outputs(6589).0" is outside north or south abutment box side.
        (x:3295um, xAB: [0um:3120um])

[ERROR] Side.place(IoPin): Pin "outputs(6590).0" is outside north or south abutment box side.
        (x:3295.5um, xAB: [0um:3120um])

[ERROR] Side.place(IoPin): Pin "outputs(6591).0" is outside north or south abutment box side.
        (x:3296um, xAB: [0um:3120um])

[ERROR] Side.place(IoPin): Pin "outputs(6592).0" is outside north or south abutment box side.
        (x:3296.5um, xAB: [0um:3120um])

[ERROR] Side.place(IoPin): Pin "outputs(6593).0" is outside north or south abutment box side.
        (x:3297um, xAB: [0um:3120um])

[ERROR] Side.place(IoPin): Pin "outputs(6594).0" is outside north or south abutment box side.
        (x:3297.5um, xAB: [0um:3120um])

[ERROR] Side.place(IoPin): Pin "outputs(6595).0" is outside north or south abutment box side.
        (x:3298um, xAB: [0um:3120um])

[ERROR] Side.place(IoPin): Pin "outputs(6596).0" is outside north or south abutment box side.
        (x:3298.5um, xAB: [0um:3120um])

[ERROR] Side.place(IoPin): Pin "outputs(6597).0" is outside north or south abutment box side.
        (x:3299um, xAB: [0um:3120um])

[ERROR] Side.place(IoPin): Pin "outputs(6598).0" is outside north or south abutment box side.
        (x:3299.5um, xAB: [0um:3120um])

[ERROR] Side.place(IoPin): Pin "outputs(6599).0" is outside north or south abutment box side.
        (x:3300um, xAB: [0um:3120um])

[ERROR] Side.place(IoPin): Pin "outputs(6600).0" is outside north or south abutment box side.
        (x:3300.5um, xAB: [0um:3120um])

[ERROR] Side.place(IoPin): Pin "outputs(6601).0" is outside north or south abutment box side.
        (x:3301um, xAB: [0um:3120um])

[ERROR] Side.place(IoPin): Pin "outputs(6602).0" is outside north or south abutment box side.
        (x:3301.5um, xAB: [0um:3120um])

[ERROR] Side.place(IoPin): Pin "outputs(6603).0" is outside north or south abutment box side.
        (x:3302um, xAB: [0um:3120um])

[ERROR] Side.place(IoPin): Pin "outputs(6604).0" is outside north or south abutment box side.
        (x:3302.5um, xAB: [0um:3120um])

[ERROR] Side.place(IoPin): Pin "outputs(6605).0" is outside north or south abutment box side.
        (x:3303um, xAB: [0um:3120um])

[ERROR] Side.place(IoPin): Pin "outputs(6606).0" is outside north or south abutment box side.
        (x:3303.5um, xAB: [0um:3120um])

[ERROR] Side.place(IoPin): Pin "outputs(6607).0" is outside north or south abutment box side.
        (x:3304um, xAB: [0um:3120um])

[ERROR] Side.place(IoPin): Pin "outputs(6608).0" is outside north or south abutment box side.
        (x:3304.5um, xAB: [0um:3120um])

[ERROR] Side.place(IoPin): Pin "outputs(6609).0" is outside north or south abutment box side.
        (x:3305um, xAB: [0um:3120um])

[ERROR] Side.place(IoPin): Pin "outputs(6610).0" is outside north or south abutment box side.
        (x:3305.5um, xAB: [0um:3120um])

[ERROR] Side.place(IoPin): Pin "outputs(6611).0" is outside north or south abutment box side.
        (x:3306um, xAB: [0um:3120um])

[ERROR] Side.place(IoPin): Pin "outputs(6612).0" is outside north or south abutment box side.
        (x:3306.5um, xAB: [0um:3120um])

[ERROR] Side.place(IoPin): Pin "outputs(6613).0" is outside north or south abutment box side.
        (x:3307um, xAB: [0um:3120um])

[ERROR] Side.place(IoPin): Pin "outputs(6614).0" is outside north or south abutment box side.
        (x:3307.5um, xAB: [0um:3120um])

[ERROR] Side.place(IoPin): Pin "outputs(6615).0" is outside north or south abutment box side.
        (x:3308um, xAB: [0um:3120um])

[ERROR] Side.place(IoPin): Pin "outputs(6616).0" is outside north or south abutment box side.
        (x:3308.5um, xAB: [0um:3120um])

[ERROR] Side.place(IoPin): Pin "outputs(6617).0" is outside north or south abutment box side.
        (x:3309um, xAB: [0um:3120um])

[ERROR] Side.place(IoPin): Pin "outputs(6618).0" is outside north or south abutment box side.
        (x:3309.5um, xAB: [0um:3120um])

[ERROR] Side.place(IoPin): Pin "outputs(6619).0" is outside north or south abutment box side.
        (x:3310um, xAB: [0um:3120um])

[ERROR] Side.place(IoPin): Pin "outputs(6620).0" is outside north or south abutment box side.
        (x:3310.5um, xAB: [0um:3120um])

[ERROR] Side.place(IoPin): Pin "outputs(6621).0" is outside north or south abutment box side.
        (x:3311um, xAB: [0um:3120um])

[ERROR] Side.place(IoPin): Pin "outputs(6622).0" is outside north or south abutment box side.
        (x:3311.5um, xAB: [0um:3120um])

[ERROR] Side.place(IoPin): Pin "outputs(6623).0" is outside north or south abutment box side.
        (x:3312um, xAB: [0um:3120um])

[ERROR] Side.place(IoPin): Pin "outputs(6624).0" is outside north or south abutment box side.
        (x:3312.5um, xAB: [0um:3120um])

[ERROR] Side.place(IoPin): Pin "outputs(6625).0" is outside north or south abutment box side.
        (x:3313um, xAB: [0um:3120um])

[ERROR] Side.place(IoPin): Pin "outputs(6626).0" is outside north or south abutment box side.
        (x:3313.5um, xAB: [0um:3120um])

[ERROR] Side.place(IoPin): Pin "outputs(6627).0" is outside north or south abutment box side.
        (x:3314um, xAB: [0um:3120um])

[ERROR] Side.place(IoPin): Pin "outputs(6628).0" is outside north or south abutment box side.
        (x:3314.5um, xAB: [0um:3120um])

[ERROR] Side.place(IoPin): Pin "outputs(6629).0" is outside north or south abutment box side.
        (x:3315um, xAB: [0um:3120um])

[ERROR] Side.place(IoPin): Pin "outputs(6630).0" is outside north or south abutment box side.
        (x:3315.5um, xAB: [0um:3120um])

[ERROR] Side.place(IoPin): Pin "outputs(6631).0" is outside north or south abutment box side.
        (x:3316um, xAB: [0um:3120um])

[ERROR] Side.place(IoPin): Pin "outputs(6632).0" is outside north or south abutment box side.
        (x:3316.5um, xAB: [0um:3120um])

[ERROR] Side.place(IoPin): Pin "outputs(6633).0" is outside north or south abutment box side.
        (x:3317um, xAB: [0um:3120um])

[ERROR] Side.place(IoPin): Pin "outputs(6634).0" is outside north or south abutment box side.
        (x:3317.5um, xAB: [0um:3120um])

[ERROR] Side.place(IoPin): Pin "outputs(6635).0" is outside north or south abutment box side.
        (x:3318um, xAB: [0um:3120um])

[ERROR] Side.place(IoPin): Pin "outputs(6636).0" is outside north or south abutment box side.
        (x:3318.5um, xAB: [0um:3120um])

[ERROR] Side.place(IoPin): Pin "outputs(6637).0" is outside north or south abutment box side.
        (x:3319um, xAB: [0um:3120um])

[ERROR] Side.place(IoPin): Pin "outputs(6638).0" is outside north or south abutment box side.
        (x:3319.5um, xAB: [0um:3120um])

[ERROR] Side.place(IoPin): Pin "outputs(6639).0" is outside north or south abutment box side.
        (x:3320um, xAB: [0um:3120um])

[ERROR] Side.place(IoPin): Pin "outputs(6640).0" is outside north or south abutment box side.
        (x:3320.5um, xAB: [0um:3120um])

[ERROR] Side.place(IoPin): Pin "outputs(6641).0" is outside north or south abutment box side.
        (x:3321um, xAB: [0um:3120um])

[ERROR] Side.place(IoPin): Pin "outputs(6642).0" is outside north or south abutment box side.
        (x:3321.5um, xAB: [0um:3120um])

[ERROR] Side.place(IoPin): Pin "outputs(6643).0" is outside north or south abutment box side.
        (x:3322um, xAB: [0um:3120um])

[ERROR] Side.place(IoPin): Pin "outputs(6644).0" is outside north or south abutment box side.
        (x:3322.5um, xAB: [0um:3120um])

[ERROR] Side.place(IoPin): Pin "outputs(6645).0" is outside north or south abutment box side.
        (x:3323um, xAB: [0um:3120um])

[ERROR] Side.place(IoPin): Pin "outputs(6646).0" is outside north or south abutment box side.
        (x:3323.5um, xAB: [0um:3120um])

[ERROR] Side.place(IoPin): Pin "outputs(6647).0" is outside north or south abutment box side.
        (x:3324um, xAB: [0um:3120um])

[ERROR] Side.place(IoPin): Pin "outputs(6648).0" is outside north or south abutment box side.
        (x:3324.5um, xAB: [0um:3120um])

[ERROR] Side.place(IoPin): Pin "outputs(6649).0" is outside north or south abutment box side.
        (x:3325um, xAB: [0um:3120um])

[ERROR] Side.place(IoPin): Pin "outputs(6650).0" is outside north or south abutment box side.
        (x:3325.5um, xAB: [0um:3120um])

[ERROR] Side.place(IoPin): Pin "outputs(6651).0" is outside north or south abutment box side.
        (x:3326um, xAB: [0um:3120um])

[ERROR] Side.place(IoPin): Pin "outputs(6652).0" is outside north or south abutment box side.
        (x:3326.5um, xAB: [0um:3120um])

[ERROR] Side.place(IoPin): Pin "outputs(6653).0" is outside north or south abutment box side.
        (x:3327um, xAB: [0um:3120um])

[ERROR] Side.place(IoPin): Pin "outputs(6654).0" is outside north or south abutment box side.
        (x:3327.5um, xAB: [0um:3120um])

[ERROR] Side.place(IoPin): Pin "outputs(6655).0" is outside north or south abutment box side.
        (x:3328um, xAB: [0um:3120um])

[ERROR] Side.place(IoPin): Pin "outputs(6656).0" is outside north or south abutment box side.
        (x:3328.5um, xAB: [0um:3120um])

[ERROR] Side.place(IoPin): Pin "outputs(6657).0" is outside north or south abutment box side.
        (x:3329um, xAB: [0um:3120um])

[ERROR] Side.place(IoPin): Pin "outputs(6658).0" is outside north or south abutment box side.
        (x:3329.5um, xAB: [0um:3120um])

[ERROR] Side.place(IoPin): Pin "outputs(6659).0" is outside north or south abutment box side.
        (x:3330um, xAB: [0um:3120um])

[ERROR] Side.place(IoPin): Pin "outputs(6660).0" is outside north or south abutment box side.
        (x:3330.5um, xAB: [0um:3120um])

[ERROR] Side.place(IoPin): Pin "outputs(6661).0" is outside north or south abutment box side.
        (x:3331um, xAB: [0um:3120um])

[ERROR] Side.place(IoPin): Pin "outputs(6662).0" is outside north or south abutment box side.
        (x:3331.5um, xAB: [0um:3120um])

[ERROR] Side.place(IoPin): Pin "outputs(6663).0" is outside north or south abutment box side.
        (x:3332um, xAB: [0um:3120um])

[ERROR] Side.place(IoPin): Pin "outputs(6664).0" is outside north or south abutment box side.
        (x:3332.5um, xAB: [0um:3120um])

[ERROR] Side.place(IoPin): Pin "outputs(6665).0" is outside north or south abutment box side.
        (x:3333um, xAB: [0um:3120um])

[ERROR] Side.place(IoPin): Pin "outputs(6666).0" is outside north or south abutment box side.
        (x:3333.5um, xAB: [0um:3120um])

[ERROR] Side.place(IoPin): Pin "outputs(6667).0" is outside north or south abutment box side.
        (x:3334um, xAB: [0um:3120um])

[ERROR] Side.place(IoPin): Pin "outputs(6668).0" is outside north or south abutment box side.
        (x:3334.5um, xAB: [0um:3120um])

[ERROR] Side.place(IoPin): Pin "outputs(6669).0" is outside north or south abutment box side.
        (x:3335um, xAB: [0um:3120um])

[ERROR] Side.place(IoPin): Pin "outputs(6670).0" is outside north or south abutment box side.
        (x:3335.5um, xAB: [0um:3120um])

[ERROR] Side.place(IoPin): Pin "outputs(6671).0" is outside north or south abutment box side.
        (x:3336um, xAB: [0um:3120um])

[ERROR] Side.place(IoPin): Pin "outputs(6672).0" is outside north or south abutment box side.
        (x:3336.5um, xAB: [0um:3120um])

[ERROR] Side.place(IoPin): Pin "outputs(6673).0" is outside north or south abutment box side.
        (x:3337um, xAB: [0um:3120um])

[ERROR] Side.place(IoPin): Pin "outputs(6674).0" is outside north or south abutment box side.
        (x:3337.5um, xAB: [0um:3120um])

[ERROR] Side.place(IoPin): Pin "outputs(6675).0" is outside north or south abutment box side.
        (x:3338um, xAB: [0um:3120um])

[ERROR] Side.place(IoPin): Pin "outputs(6676).0" is outside north or south abutment box side.
        (x:3338.5um, xAB: [0um:3120um])

[ERROR] Side.place(IoPin): Pin "outputs(6677).0" is outside north or south abutment box side.
        (x:3339um, xAB: [0um:3120um])

[ERROR] Side.place(IoPin): Pin "outputs(6678).0" is outside north or south abutment box side.
        (x:3339.5um, xAB: [0um:3120um])

[ERROR] Side.place(IoPin): Pin "outputs(6679).0" is outside north or south abutment box side.
        (x:3340um, xAB: [0um:3120um])

[ERROR] Side.place(IoPin): Pin "outputs(6680).0" is outside north or south abutment box side.
        (x:3340.5um, xAB: [0um:3120um])

[ERROR] Side.place(IoPin): Pin "outputs(6681).0" is outside north or south abutment box side.
        (x:3341um, xAB: [0um:3120um])

[ERROR] Side.place(IoPin): Pin "outputs(6682).0" is outside north or south abutment box side.
        (x:3341.5um, xAB: [0um:3120um])

[ERROR] Side.place(IoPin): Pin "outputs(6683).0" is outside north or south abutment box side.
        (x:3342um, xAB: [0um:3120um])

[ERROR] Side.place(IoPin): Pin "outputs(6684).0" is outside north or south abutment box side.
        (x:3342.5um, xAB: [0um:3120um])

[ERROR] Side.place(IoPin): Pin "outputs(6685).0" is outside north or south abutment box side.
        (x:3343um, xAB: [0um:3120um])

[ERROR] Side.place(IoPin): Pin "outputs(6686).0" is outside north or south abutment box side.
        (x:3343.5um, xAB: [0um:3120um])

[ERROR] Side.place(IoPin): Pin "outputs(6687).0" is outside north or south abutment box side.
        (x:3344um, xAB: [0um:3120um])

[ERROR] Side.place(IoPin): Pin "outputs(6688).0" is outside north or south abutment box side.
        (x:3344.5um, xAB: [0um:3120um])

[ERROR] Side.place(IoPin): Pin "outputs(6689).0" is outside north or south abutment box side.
        (x:3345um, xAB: [0um:3120um])

[ERROR] Side.place(IoPin): Pin "outputs(6690).0" is outside north or south abutment box side.
        (x:3345.5um, xAB: [0um:3120um])

[ERROR] Side.place(IoPin): Pin "outputs(6691).0" is outside north or south abutment box side.
        (x:3346um, xAB: [0um:3120um])

[ERROR] Side.place(IoPin): Pin "outputs(6692).0" is outside north or south abutment box side.
        (x:3346.5um, xAB: [0um:3120um])

[ERROR] Side.place(IoPin): Pin "outputs(6693).0" is outside north or south abutment box side.
        (x:3347um, xAB: [0um:3120um])

[ERROR] Side.place(IoPin): Pin "outputs(6694).0" is outside north or south abutment box side.
        (x:3347.5um, xAB: [0um:3120um])

[ERROR] Side.place(IoPin): Pin "outputs(6695).0" is outside north or south abutment box side.
        (x:3348um, xAB: [0um:3120um])

[ERROR] Side.place(IoPin): Pin "outputs(6696).0" is outside north or south abutment box side.
        (x:3348.5um, xAB: [0um:3120um])

[ERROR] Side.place(IoPin): Pin "outputs(6697).0" is outside north or south abutment box side.
        (x:3349um, xAB: [0um:3120um])

[ERROR] Side.place(IoPin): Pin "outputs(6698).0" is outside north or south abutment box side.
        (x:3349.5um, xAB: [0um:3120um])

[ERROR] Side.place(IoPin): Pin "outputs(6699).0" is outside north or south abutment box side.
        (x:3350um, xAB: [0um:3120um])

[ERROR] Side.place(IoPin): Pin "outputs(6700).0" is outside north or south abutment box side.
        (x:3350.5um, xAB: [0um:3120um])

[ERROR] Side.place(IoPin): Pin "outputs(6701).0" is outside north or south abutment box side.
        (x:3351um, xAB: [0um:3120um])

[ERROR] Side.place(IoPin): Pin "outputs(6702).0" is outside north or south abutment box side.
        (x:3351.5um, xAB: [0um:3120um])

[ERROR] Side.place(IoPin): Pin "outputs(6703).0" is outside north or south abutment box side.
        (x:3352um, xAB: [0um:3120um])

[ERROR] Side.place(IoPin): Pin "outputs(6704).0" is outside north or south abutment box side.
        (x:3352.5um, xAB: [0um:3120um])

[ERROR] Side.place(IoPin): Pin "outputs(6705).0" is outside north or south abutment box side.
        (x:3353um, xAB: [0um:3120um])

[ERROR] Side.place(IoPin): Pin "outputs(6706).0" is outside north or south abutment box side.
        (x:3353.5um, xAB: [0um:3120um])

[ERROR] Side.place(IoPin): Pin "outputs(6707).0" is outside north or south abutment box side.
        (x:3354um, xAB: [0um:3120um])

[ERROR] Side.place(IoPin): Pin "outputs(6708).0" is outside north or south abutment box side.
        (x:3354.5um, xAB: [0um:3120um])

[ERROR] Side.place(IoPin): Pin "outputs(6709).0" is outside north or south abutment box side.
        (x:3355um, xAB: [0um:3120um])

[ERROR] Side.place(IoPin): Pin "outputs(6710).0" is outside north or south abutment box side.
        (x:3355.5um, xAB: [0um:3120um])

[ERROR] Side.place(IoPin): Pin "outputs(6711).0" is outside north or south abutment box side.
        (x:3356um, xAB: [0um:3120um])

[ERROR] Side.place(IoPin): Pin "outputs(6712).0" is outside north or south abutment box side.
        (x:3356.5um, xAB: [0um:3120um])

[ERROR] Side.place(IoPin): Pin "outputs(6713).0" is outside north or south abutment box side.
        (x:3357um, xAB: [0um:3120um])

[ERROR] Side.place(IoPin): Pin "outputs(6714).0" is outside north or south abutment box side.
        (x:3357.5um, xAB: [0um:3120um])

[ERROR] Side.place(IoPin): Pin "outputs(6715).0" is outside north or south abutment box side.
        (x:3358um, xAB: [0um:3120um])

[ERROR] Side.place(IoPin): Pin "outputs(6716).0" is outside north or south abutment box side.
        (x:3358.5um, xAB: [0um:3120um])

[ERROR] Side.place(IoPin): Pin "outputs(6717).0" is outside north or south abutment box side.
        (x:3359um, xAB: [0um:3120um])

[ERROR] Side.place(IoPin): Pin "outputs(6718).0" is outside north or south abutment box side.
        (x:3359.5um, xAB: [0um:3120um])

[ERROR] Side.place(IoPin): Pin "outputs(6719).0" is outside north or south abutment box side.
        (x:3360um, xAB: [0um:3120um])

[ERROR] Side.place(IoPin): Pin "outputs(6720).0" is outside north or south abutment box side.
        (x:3360.5um, xAB: [0um:3120um])

[ERROR] Side.place(IoPin): Pin "outputs(6721).0" is outside north or south abutment box side.
        (x:3361um, xAB: [0um:3120um])

[ERROR] Side.place(IoPin): Pin "outputs(6722).0" is outside north or south abutment box side.
        (x:3361.5um, xAB: [0um:3120um])

[ERROR] Side.place(IoPin): Pin "outputs(6723).0" is outside north or south abutment box side.
        (x:3362um, xAB: [0um:3120um])

[ERROR] Side.place(IoPin): Pin "outputs(6724).0" is outside north or south abutment box side.
        (x:3362.5um, xAB: [0um:3120um])

[ERROR] Side.place(IoPin): Pin "outputs(6725).0" is outside north or south abutment box side.
        (x:3363um, xAB: [0um:3120um])

[ERROR] Side.place(IoPin): Pin "outputs(6726).0" is outside north or south abutment box side.
        (x:3363.5um, xAB: [0um:3120um])

[ERROR] Side.place(IoPin): Pin "outputs(6727).0" is outside north or south abutment box side.
        (x:3364um, xAB: [0um:3120um])

[ERROR] Side.place(IoPin): Pin "outputs(6728).0" is outside north or south abutment box side.
        (x:3364.5um, xAB: [0um:3120um])

[ERROR] Side.place(IoPin): Pin "outputs(6729).0" is outside north or south abutment box side.
        (x:3365um, xAB: [0um:3120um])

[ERROR] Side.place(IoPin): Pin "outputs(6730).0" is outside north or south abutment box side.
        (x:3365.5um, xAB: [0um:3120um])

[ERROR] Side.place(IoPin): Pin "outputs(6731).0" is outside north or south abutment box side.
        (x:3366um, xAB: [0um:3120um])

[ERROR] Side.place(IoPin): Pin "outputs(6732).0" is outside north or south abutment box side.
        (x:3366.5um, xAB: [0um:3120um])

[ERROR] Side.place(IoPin): Pin "outputs(6733).0" is outside north or south abutment box side.
        (x:3367um, xAB: [0um:3120um])

[ERROR] Side.place(IoPin): Pin "outputs(6734).0" is outside north or south abutment box side.
        (x:3367.5um, xAB: [0um:3120um])

[ERROR] Side.place(IoPin): Pin "outputs(6735).0" is outside north or south abutment box side.
        (x:3368um, xAB: [0um:3120um])

[ERROR] Side.place(IoPin): Pin "outputs(6736).0" is outside north or south abutment box side.
        (x:3368.5um, xAB: [0um:3120um])

[ERROR] Side.place(IoPin): Pin "outputs(6737).0" is outside north or south abutment box side.
        (x:3369um, xAB: [0um:3120um])

[ERROR] Side.place(IoPin): Pin "outputs(6738).0" is outside north or south abutment box side.
        (x:3369.5um, xAB: [0um:3120um])

[ERROR] Side.place(IoPin): Pin "outputs(6739).0" is outside north or south abutment box side.
        (x:3370um, xAB: [0um:3120um])

[ERROR] Side.place(IoPin): Pin "outputs(6740).0" is outside north or south abutment box side.
        (x:3370.5um, xAB: [0um:3120um])

[ERROR] Side.place(IoPin): Pin "outputs(6741).0" is outside north or south abutment box side.
        (x:3371um, xAB: [0um:3120um])

[ERROR] Side.place(IoPin): Pin "outputs(6742).0" is outside north or south abutment box side.
        (x:3371.5um, xAB: [0um:3120um])

[ERROR] Side.place(IoPin): Pin "outputs(6743).0" is outside north or south abutment box side.
        (x:3372um, xAB: [0um:3120um])

[ERROR] Side.place(IoPin): Pin "outputs(6744).0" is outside north or south abutment box side.
        (x:3372.5um, xAB: [0um:3120um])

[ERROR] Side.place(IoPin): Pin "outputs(6745).0" is outside north or south abutment box side.
        (x:3373um, xAB: [0um:3120um])

[ERROR] Side.place(IoPin): Pin "outputs(6746).0" is outside north or south abutment box side.
        (x:3373.5um, xAB: [0um:3120um])

[ERROR] Side.place(IoPin): Pin "outputs(6747).0" is outside north or south abutment box side.
        (x:3374um, xAB: [0um:3120um])

[ERROR] Side.place(IoPin): Pin "outputs(6748).0" is outside north or south abutment box side.
        (x:3374.5um, xAB: [0um:3120um])

[ERROR] Side.place(IoPin): Pin "outputs(6749).0" is outside north or south abutment box side.
        (x:3375um, xAB: [0um:3120um])

[ERROR] Side.place(IoPin): Pin "outputs(6750).0" is outside north or south abutment box side.
        (x:3375.5um, xAB: [0um:3120um])

[ERROR] Side.place(IoPin): Pin "outputs(6751).0" is outside north or south abutment box side.
        (x:3376um, xAB: [0um:3120um])

[ERROR] Side.place(IoPin): Pin "outputs(6752).0" is outside north or south abutment box side.
        (x:3376.5um, xAB: [0um:3120um])

[ERROR] Side.place(IoPin): Pin "outputs(6753).0" is outside north or south abutment box side.
        (x:3377um, xAB: [0um:3120um])

[ERROR] Side.place(IoPin): Pin "outputs(6754).0" is outside north or south abutment box side.
        (x:3377.5um, xAB: [0um:3120um])

[ERROR] Side.place(IoPin): Pin "outputs(6755).0" is outside north or south abutment box side.
        (x:3378um, xAB: [0um:3120um])

[ERROR] Side.place(IoPin): Pin "outputs(6756).0" is outside north or south abutment box side.
        (x:3378.5um, xAB: [0um:3120um])

[ERROR] Side.place(IoPin): Pin "outputs(6757).0" is outside north or south abutment box side.
        (x:3379um, xAB: [0um:3120um])

[ERROR] Side.place(IoPin): Pin "outputs(6758).0" is outside north or south abutment box side.
        (x:3379.5um, xAB: [0um:3120um])

[ERROR] Side.place(IoPin): Pin "outputs(6759).0" is outside north or south abutment box side.
        (x:3380um, xAB: [0um:3120um])

[ERROR] Side.place(IoPin): Pin "outputs(6760).0" is outside north or south abutment box side.
        (x:3380.5um, xAB: [0um:3120um])

[ERROR] Side.place(IoPin): Pin "outputs(6761).0" is outside north or south abutment box side.
        (x:3381um, xAB: [0um:3120um])

[ERROR] Side.place(IoPin): Pin "outputs(6762).0" is outside north or south abutment box side.
        (x:3381.5um, xAB: [0um:3120um])

[ERROR] Side.place(IoPin): Pin "outputs(6763).0" is outside north or south abutment box side.
        (x:3382um, xAB: [0um:3120um])

[ERROR] Side.place(IoPin): Pin "outputs(6764).0" is outside north or south abutment box side.
        (x:3382.5um, xAB: [0um:3120um])

[ERROR] Side.place(IoPin): Pin "outputs(6765).0" is outside north or south abutment box side.
        (x:3383um, xAB: [0um:3120um])

[ERROR] Side.place(IoPin): Pin "outputs(6766).0" is outside north or south abutment box side.
        (x:3383.5um, xAB: [0um:3120um])

[ERROR] Side.place(IoPin): Pin "outputs(6767).0" is outside north or south abutment box side.
        (x:3384um, xAB: [0um:3120um])

[ERROR] Side.place(IoPin): Pin "outputs(6768).0" is outside north or south abutment box side.
        (x:3384.5um, xAB: [0um:3120um])

[ERROR] Side.place(IoPin): Pin "outputs(6769).0" is outside north or south abutment box side.
        (x:3385um, xAB: [0um:3120um])

[ERROR] Side.place(IoPin): Pin "outputs(6770).0" is outside north or south abutment box side.
        (x:3385.5um, xAB: [0um:3120um])

[ERROR] Side.place(IoPin): Pin "outputs(6771).0" is outside north or south abutment box side.
        (x:3386um, xAB: [0um:3120um])

[ERROR] Side.place(IoPin): Pin "outputs(6772).0" is outside north or south abutment box side.
        (x:3386.5um, xAB: [0um:3120um])

[ERROR] Side.place(IoPin): Pin "outputs(6773).0" is outside north or south abutment box side.
        (x:3387um, xAB: [0um:3120um])

[ERROR] Side.place(IoPin): Pin "outputs(6774).0" is outside north or south abutment box side.
        (x:3387.5um, xAB: [0um:3120um])

[ERROR] Side.place(IoPin): Pin "outputs(6775).0" is outside north or south abutment box side.
        (x:3388um, xAB: [0um:3120um])

[ERROR] Side.place(IoPin): Pin "outputs(6776).0" is outside north or south abutment box side.
        (x:3388.5um, xAB: [0um:3120um])

[ERROR] Side.place(IoPin): Pin "outputs(6777).0" is outside north or south abutment box side.
        (x:3389um, xAB: [0um:3120um])

[ERROR] Side.place(IoPin): Pin "outputs(6778).0" is outside north or south abutment box side.
        (x:3389.5um, xAB: [0um:3120um])

[ERROR] Side.place(IoPin): Pin "outputs(6779).0" is outside north or south abutment box side.
        (x:3390um, xAB: [0um:3120um])

[ERROR] Side.place(IoPin): Pin "outputs(6780).0" is outside north or south abutment box side.
        (x:3390.5um, xAB: [0um:3120um])

[ERROR] Side.place(IoPin): Pin "outputs(6781).0" is outside north or south abutment box side.
        (x:3391um, xAB: [0um:3120um])

[ERROR] Side.place(IoPin): Pin "outputs(6782).0" is outside north or south abutment box side.
        (x:3391.5um, xAB: [0um:3120um])

[ERROR] Side.place(IoPin): Pin "outputs(6783).0" is outside north or south abutment box side.
        (x:3392um, xAB: [0um:3120um])

[ERROR] Side.place(IoPin): Pin "outputs(6784).0" is outside north or south abutment box side.
        (x:3392.5um, xAB: [0um:3120um])

[ERROR] Side.place(IoPin): Pin "outputs(6785).0" is outside north or south abutment box side.
        (x:3393um, xAB: [0um:3120um])

[ERROR] Side.place(IoPin): Pin "outputs(6786).0" is outside north or south abutment box side.
        (x:3393.5um, xAB: [0um:3120um])

[ERROR] Side.place(IoPin): Pin "outputs(6787).0" is outside north or south abutment box side.
        (x:3394um, xAB: [0um:3120um])

[ERROR] Side.place(IoPin): Pin "outputs(6788).0" is outside north or south abutment box side.
        (x:3394.5um, xAB: [0um:3120um])

[ERROR] Side.place(IoPin): Pin "outputs(6789).0" is outside north or south abutment box side.
        (x:3395um, xAB: [0um:3120um])

[ERROR] Side.place(IoPin): Pin "outputs(6790).0" is outside north or south abutment box side.
        (x:3395.5um, xAB: [0um:3120um])

[ERROR] Side.place(IoPin): Pin "outputs(6791).0" is outside north or south abutment box side.
        (x:3396um, xAB: [0um:3120um])

[ERROR] Side.place(IoPin): Pin "outputs(6792).0" is outside north or south abutment box side.
        (x:3396.5um, xAB: [0um:3120um])

[ERROR] Side.place(IoPin): Pin "outputs(6793).0" is outside north or south abutment box side.
        (x:3397um, xAB: [0um:3120um])

[ERROR] Side.place(IoPin): Pin "outputs(6794).0" is outside north or south abutment box side.
        (x:3397.5um, xAB: [0um:3120um])

[ERROR] Side.place(IoPin): Pin "outputs(6795).0" is outside north or south abutment box side.
        (x:3398um, xAB: [0um:3120um])

[ERROR] Side.place(IoPin): Pin "outputs(6796).0" is outside north or south abutment box side.
        (x:3398.5um, xAB: [0um:3120um])

[ERROR] Side.place(IoPin): Pin "outputs(6797).0" is outside north or south abutment box side.
        (x:3399um, xAB: [0um:3120um])

[ERROR] Side.place(IoPin): Pin "outputs(6798).0" is outside north or south abutment box side.
        (x:3399.5um, xAB: [0um:3120um])

[ERROR] Side.place(IoPin): Pin "outputs(6799).0" is outside north or south abutment box side.
        (x:3400um, xAB: [0um:3120um])

[ERROR] Side.place(IoPin): Pin "outputs(6800).0" is outside north or south abutment box side.
        (x:3400.5um, xAB: [0um:3120um])

[ERROR] Side.place(IoPin): Pin "outputs(6801).0" is outside north or south abutment box side.
        (x:3401um, xAB: [0um:3120um])

[ERROR] Side.place(IoPin): Pin "outputs(6802).0" is outside north or south abutment box side.
        (x:3401.5um, xAB: [0um:3120um])

[ERROR] Side.place(IoPin): Pin "outputs(6803).0" is outside north or south abutment box side.
        (x:3402um, xAB: [0um:3120um])

[ERROR] Side.place(IoPin): Pin "outputs(6804).0" is outside north or south abutment box side.
        (x:3402.5um, xAB: [0um:3120um])

[ERROR] Side.place(IoPin): Pin "outputs(6805).0" is outside north or south abutment box side.
        (x:3403um, xAB: [0um:3120um])

[ERROR] Side.place(IoPin): Pin "outputs(6806).0" is outside north or south abutment box side.
        (x:3403.5um, xAB: [0um:3120um])

[ERROR] Side.place(IoPin): Pin "outputs(6807).0" is outside north or south abutment box side.
        (x:3404um, xAB: [0um:3120um])

[ERROR] Side.place(IoPin): Pin "outputs(6808).0" is outside north or south abutment box side.
        (x:3404.5um, xAB: [0um:3120um])

[ERROR] Side.place(IoPin): Pin "outputs(6809).0" is outside north or south abutment box side.
        (x:3405um, xAB: [0um:3120um])

[ERROR] Side.place(IoPin): Pin "outputs(6810).0" is outside north or south abutment box side.
        (x:3405.5um, xAB: [0um:3120um])

[ERROR] Side.place(IoPin): Pin "outputs(6811).0" is outside north or south abutment box side.
        (x:3406um, xAB: [0um:3120um])

[ERROR] Side.place(IoPin): Pin "outputs(6812).0" is outside north or south abutment box side.
        (x:3406.5um, xAB: [0um:3120um])

[ERROR] Side.place(IoPin): Pin "outputs(6813).0" is outside north or south abutment box side.
        (x:3407um, xAB: [0um:3120um])

[ERROR] Side.place(IoPin): Pin "outputs(6814).0" is outside north or south abutment box side.
        (x:3407.5um, xAB: [0um:3120um])

[ERROR] Side.place(IoPin): Pin "outputs(6815).0" is outside north or south abutment box side.
        (x:3408um, xAB: [0um:3120um])

[ERROR] Side.place(IoPin): Pin "outputs(6816).0" is outside north or south abutment box side.
        (x:3408.5um, xAB: [0um:3120um])

[ERROR] Side.place(IoPin): Pin "outputs(6817).0" is outside north or south abutment box side.
        (x:3409um, xAB: [0um:3120um])

[ERROR] Side.place(IoPin): Pin "outputs(6818).0" is outside north or south abutment box side.
        (x:3409.5um, xAB: [0um:3120um])

[ERROR] Side.place(IoPin): Pin "outputs(6819).0" is outside north or south abutment box side.
        (x:3410um, xAB: [0um:3120um])

[ERROR] Side.place(IoPin): Pin "outputs(6820).0" is outside north or south abutment box side.
        (x:3410.5um, xAB: [0um:3120um])

[ERROR] Side.place(IoPin): Pin "outputs(6821).0" is outside north or south abutment box side.
        (x:3411um, xAB: [0um:3120um])

[ERROR] Side.place(IoPin): Pin "outputs(6822).0" is outside north or south abutment box side.
        (x:3411.5um, xAB: [0um:3120um])

[ERROR] Side.place(IoPin): Pin "outputs(6823).0" is outside north or south abutment box side.
        (x:3412um, xAB: [0um:3120um])

[ERROR] Side.place(IoPin): Pin "outputs(6824).0" is outside north or south abutment box side.
        (x:3412.5um, xAB: [0um:3120um])

[ERROR] Side.place(IoPin): Pin "outputs(6825).0" is outside north or south abutment box side.
        (x:3413um, xAB: [0um:3120um])

[ERROR] Side.place(IoPin): Pin "outputs(6826).0" is outside north or south abutment box side.
        (x:3413.5um, xAB: [0um:3120um])

[ERROR] Side.place(IoPin): Pin "outputs(6827).0" is outside north or south abutment box side.
        (x:3414um, xAB: [0um:3120um])

[ERROR] Side.place(IoPin): Pin "outputs(6828).0" is outside north or south abutment box side.
        (x:3414.5um, xAB: [0um:3120um])

[ERROR] Side.place(IoPin): Pin "outputs(6829).0" is outside north or south abutment box side.
        (x:3415um, xAB: [0um:3120um])

[ERROR] Side.place(IoPin): Pin "outputs(6830).0" is outside north or south abutment box side.
        (x:3415.5um, xAB: [0um:3120um])

[ERROR] Side.place(IoPin): Pin "outputs(6831).0" is outside north or south abutment box side.
        (x:3416um, xAB: [0um:3120um])

[ERROR] Side.place(IoPin): Pin "outputs(6832).0" is outside north or south abutment box side.
        (x:3416.5um, xAB: [0um:3120um])

[ERROR] Side.place(IoPin): Pin "outputs(6833).0" is outside north or south abutment box side.
        (x:3417um, xAB: [0um:3120um])

[ERROR] Side.place(IoPin): Pin "outputs(6834).0" is outside north or south abutment box side.
        (x:3417.5um, xAB: [0um:3120um])

[ERROR] Side.place(IoPin): Pin "outputs(6835).0" is outside north or south abutment box side.
        (x:3418um, xAB: [0um:3120um])

[ERROR] Side.place(IoPin): Pin "outputs(6836).0" is outside north or south abutment box side.
        (x:3418.5um, xAB: [0um:3120um])

[ERROR] Side.place(IoPin): Pin "outputs(6837).0" is outside north or south abutment box side.
        (x:3419um, xAB: [0um:3120um])

[ERROR] Side.place(IoPin): Pin "outputs(6838).0" is outside north or south abutment box side.
        (x:3419.5um, xAB: [0um:3120um])

[ERROR] Side.place(IoPin): Pin "outputs(6839).0" is outside north or south abutment box side.
        (x:3420um, xAB: [0um:3120um])

[ERROR] Side.place(IoPin): Pin "outputs(6840).0" is outside north or south abutment box side.
        (x:3420.5um, xAB: [0um:3120um])

[ERROR] Side.place(IoPin): Pin "outputs(6841).0" is outside north or south abutment box side.
        (x:3421um, xAB: [0um:3120um])

[ERROR] Side.place(IoPin): Pin "outputs(6842).0" is outside north or south abutment box side.
        (x:3421.5um, xAB: [0um:3120um])

[ERROR] Side.place(IoPin): Pin "outputs(6843).0" is outside north or south abutment box side.
        (x:3422um, xAB: [0um:3120um])

[ERROR] Side.place(IoPin): Pin "outputs(6844).0" is outside north or south abutment box side.
        (x:3422.5um, xAB: [0um:3120um])

[ERROR] Side.place(IoPin): Pin "outputs(6845).0" is outside north or south abutment box side.
        (x:3423um, xAB: [0um:3120um])

[ERROR] Side.place(IoPin): Pin "outputs(6846).0" is outside north or south abutment box side.
        (x:3423.5um, xAB: [0um:3120um])

[ERROR] Side.place(IoPin): Pin "outputs(6847).0" is outside north or south abutment box side.
        (x:3424um, xAB: [0um:3120um])

[ERROR] Side.place(IoPin): Pin "outputs(6848).0" is outside north or south abutment box side.
        (x:3424.5um, xAB: [0um:3120um])

[ERROR] Side.place(IoPin): Pin "outputs(6849).0" is outside north or south abutment box side.
        (x:3425um, xAB: [0um:3120um])

[ERROR] Side.place(IoPin): Pin "outputs(6850).0" is outside north or south abutment box side.
        (x:3425.5um, xAB: [0um:3120um])

[ERROR] Side.place(IoPin): Pin "outputs(6851).0" is outside north or south abutment box side.
        (x:3426um, xAB: [0um:3120um])

[ERROR] Side.place(IoPin): Pin "outputs(6852).0" is outside north or south abutment box side.
        (x:3426.5um, xAB: [0um:3120um])

[ERROR] Side.place(IoPin): Pin "outputs(6853).0" is outside north or south abutment box side.
        (x:3427um, xAB: [0um:3120um])

[ERROR] Side.place(IoPin): Pin "outputs(6854).0" is outside north or south abutment box side.
        (x:3427.5um, xAB: [0um:3120um])

[ERROR] Side.place(IoPin): Pin "outputs(6855).0" is outside north or south abutment box side.
        (x:3428um, xAB: [0um:3120um])

[ERROR] Side.place(IoPin): Pin "outputs(6856).0" is outside north or south abutment box side.
        (x:3428.5um, xAB: [0um:3120um])

[ERROR] Side.place(IoPin): Pin "outputs(6857).0" is outside north or south abutment box side.
        (x:3429um, xAB: [0um:3120um])

[ERROR] Side.place(IoPin): Pin "outputs(6858).0" is outside north or south abutment box side.
        (x:3429.5um, xAB: [0um:3120um])

[ERROR] Side.place(IoPin): Pin "outputs(6859).0" is outside north or south abutment box side.
        (x:3430um, xAB: [0um:3120um])

[ERROR] Side.place(IoPin): Pin "outputs(6860).0" is outside north or south abutment box side.
        (x:3430.5um, xAB: [0um:3120um])

[ERROR] Side.place(IoPin): Pin "outputs(6861).0" is outside north or south abutment box side.
        (x:3431um, xAB: [0um:3120um])

[ERROR] Side.place(IoPin): Pin "outputs(6862).0" is outside north or south abutment box side.
        (x:3431.5um, xAB: [0um:3120um])

[ERROR] Side.place(IoPin): Pin "outputs(6863).0" is outside north or south abutment box side.
        (x:3432um, xAB: [0um:3120um])

[ERROR] Side.place(IoPin): Pin "outputs(6864).0" is outside north or south abutment box side.
        (x:3432.5um, xAB: [0um:3120um])

[ERROR] Side.place(IoPin): Pin "outputs(6865).0" is outside north or south abutment box side.
        (x:3433um, xAB: [0um:3120um])

[ERROR] Side.place(IoPin): Pin "outputs(6866).0" is outside north or south abutment box side.
        (x:3433.5um, xAB: [0um:3120um])

[ERROR] Side.place(IoPin): Pin "outputs(6867).0" is outside north or south abutment box side.
        (x:3434um, xAB: [0um:3120um])

[ERROR] Side.place(IoPin): Pin "outputs(6868).0" is outside north or south abutment box side.
        (x:3434.5um, xAB: [0um:3120um])

[ERROR] Side.place(IoPin): Pin "outputs(6869).0" is outside north or south abutment box side.
        (x:3435um, xAB: [0um:3120um])

[ERROR] Side.place(IoPin): Pin "outputs(6870).0" is outside north or south abutment box side.
        (x:3435.5um, xAB: [0um:3120um])

[ERROR] Side.place(IoPin): Pin "outputs(6871).0" is outside north or south abutment box side.
        (x:3436um, xAB: [0um:3120um])

[ERROR] Side.place(IoPin): Pin "outputs(6872).0" is outside north or south abutment box side.
        (x:3436.5um, xAB: [0um:3120um])

[ERROR] Side.place(IoPin): Pin "outputs(6873).0" is outside north or south abutment box side.
        (x:3437um, xAB: [0um:3120um])

[ERROR] Side.place(IoPin): Pin "outputs(6874).0" is outside north or south abutment box side.
        (x:3437.5um, xAB: [0um:3120um])

[ERROR] Side.place(IoPin): Pin "outputs(6875).0" is outside north or south abutment box side.
        (x:3438um, xAB: [0um:3120um])

[ERROR] Side.place(IoPin): Pin "outputs(6876).0" is outside north or south abutment box side.
        (x:3438.5um, xAB: [0um:3120um])

[ERROR] Side.place(IoPin): Pin "outputs(6877).0" is outside north or south abutment box side.
        (x:3439um, xAB: [0um:3120um])

[ERROR] Side.place(IoPin): Pin "outputs(6878).0" is outside north or south abutment box side.
        (x:3439.5um, xAB: [0um:3120um])

[ERROR] Side.place(IoPin): Pin "outputs(6879).0" is outside north or south abutment box side.
        (x:3440um, xAB: [0um:3120um])

[ERROR] Side.place(IoPin): Pin "outputs(6880).0" is outside north or south abutment box side.
        (x:3440.5um, xAB: [0um:3120um])

[ERROR] Side.place(IoPin): Pin "outputs(6881).0" is outside north or south abutment box side.
        (x:3441um, xAB: [0um:3120um])

[ERROR] Side.place(IoPin): Pin "outputs(6882).0" is outside north or south abutment box side.
        (x:3441.5um, xAB: [0um:3120um])

[ERROR] Side.place(IoPin): Pin "outputs(6883).0" is outside north or south abutment box side.
        (x:3442um, xAB: [0um:3120um])

[ERROR] Side.place(IoPin): Pin "outputs(6884).0" is outside north or south abutment box side.
        (x:3442.5um, xAB: [0um:3120um])

[ERROR] Side.place(IoPin): Pin "outputs(6885).0" is outside north or south abutment box side.
        (x:3443um, xAB: [0um:3120um])

[ERROR] Side.place(IoPin): Pin "outputs(6886).0" is outside north or south abutment box side.
        (x:3443.5um, xAB: [0um:3120um])

[ERROR] Side.place(IoPin): Pin "outputs(6887).0" is outside north or south abutment box side.
        (x:3444um, xAB: [0um:3120um])

[ERROR] Side.place(IoPin): Pin "outputs(6888).0" is outside north or south abutment box side.
        (x:3444.5um, xAB: [0um:3120um])

[ERROR] Side.place(IoPin): Pin "outputs(6889).0" is outside north or south abutment box side.
        (x:3445um, xAB: [0um:3120um])

[ERROR] Side.place(IoPin): Pin "outputs(6890).0" is outside north or south abutment box side.
        (x:3445.5um, xAB: [0um:3120um])

[ERROR] Side.place(IoPin): Pin "outputs(6891).0" is outside north or south abutment box side.
        (x:3446um, xAB: [0um:3120um])

[ERROR] Side.place(IoPin): Pin "outputs(6892).0" is outside north or south abutment box side.
        (x:3446.5um, xAB: [0um:3120um])

[ERROR] Side.place(IoPin): Pin "outputs(6893).0" is outside north or south abutment box side.
        (x:3447um, xAB: [0um:3120um])

[ERROR] Side.place(IoPin): Pin "outputs(6894).0" is outside north or south abutment box side.
        (x:3447.5um, xAB: [0um:3120um])

[ERROR] Side.place(IoPin): Pin "outputs(6895).0" is outside north or south abutment box side.
        (x:3448um, xAB: [0um:3120um])

[ERROR] Side.place(IoPin): Pin "outputs(6896).0" is outside north or south abutment box side.
        (x:3448.5um, xAB: [0um:3120um])

[ERROR] Side.place(IoPin): Pin "outputs(6897).0" is outside north or south abutment box side.
        (x:3449um, xAB: [0um:3120um])

[ERROR] Side.place(IoPin): Pin "outputs(6898).0" is outside north or south abutment box side.
        (x:3449.5um, xAB: [0um:3120um])

[ERROR] Side.place(IoPin): Pin "outputs(6899).0" is outside north or south abutment box side.
        (x:3450um, xAB: [0um:3120um])

[ERROR] Side.place(IoPin): Pin "outputs(6900).0" is outside north or south abutment box side.
        (x:3450.5um, xAB: [0um:3120um])

[ERROR] Side.place(IoPin): Pin "outputs(6901).0" is outside north or south abutment box side.
        (x:3451um, xAB: [0um:3120um])

[ERROR] Side.place(IoPin): Pin "outputs(6902).0" is outside north or south abutment box side.
        (x:3451.5um, xAB: [0um:3120um])

[ERROR] Side.place(IoPin): Pin "outputs(6903).0" is outside north or south abutment box side.
        (x:3452um, xAB: [0um:3120um])

[ERROR] Side.place(IoPin): Pin "outputs(6904).0" is outside north or south abutment box side.
        (x:3452.5um, xAB: [0um:3120um])

[ERROR] Side.place(IoPin): Pin "outputs(6905).0" is outside north or south abutment box side.
        (x:3453um, xAB: [0um:3120um])

[ERROR] Side.place(IoPin): Pin "outputs(6906).0" is outside north or south abutment box side.
        (x:3453.5um, xAB: [0um:3120um])

[ERROR] Side.place(IoPin): Pin "outputs(6907).0" is outside north or south abutment box side.
        (x:3454um, xAB: [0um:3120um])

[ERROR] Side.place(IoPin): Pin "outputs(6908).0" is outside north or south abutment box side.
        (x:3454.5um, xAB: [0um:3120um])

[ERROR] Side.place(IoPin): Pin "outputs(6909).0" is outside north or south abutment box side.
        (x:3455um, xAB: [0um:3120um])

[ERROR] Side.place(IoPin): Pin "outputs(6910).0" is outside north or south abutment box side.
        (x:3455.5um, xAB: [0um:3120um])

[ERROR] Side.place(IoPin): Pin "outputs(6911).0" is outside north or south abutment box side.
        (x:3456um, xAB: [0um:3120um])

[ERROR] Side.place(IoPin): Pin "outputs(6912).0" is outside north or south abutment box side.
        (x:3456.5um, xAB: [0um:3120um])

[ERROR] Side.place(IoPin): Pin "outputs(6913).0" is outside north or south abutment box side.
        (x:3457um, xAB: [0um:3120um])

[ERROR] Side.place(IoPin): Pin "outputs(6914).0" is outside north or south abutment box side.
        (x:3457.5um, xAB: [0um:3120um])

[ERROR] Side.place(IoPin): Pin "outputs(6915).0" is outside north or south abutment box side.
        (x:3458um, xAB: [0um:3120um])

[ERROR] Side.place(IoPin): Pin "outputs(6916).0" is outside north or south abutment box side.
        (x:3458.5um, xAB: [0um:3120um])

[ERROR] Side.place(IoPin): Pin "outputs(6917).0" is outside north or south abutment box side.
        (x:3459um, xAB: [0um:3120um])

[ERROR] Side.place(IoPin): Pin "outputs(6918).0" is outside north or south abutment box side.
        (x:3459.5um, xAB: [0um:3120um])

[ERROR] Side.place(IoPin): Pin "outputs(6919).0" is outside north or south abutment box side.
        (x:3460um, xAB: [0um:3120um])

[ERROR] Side.place(IoPin): Pin "outputs(6920).0" is outside north or south abutment box side.
        (x:3460.5um, xAB: [0um:3120um])

[ERROR] Side.place(IoPin): Pin "outputs(6921).0" is outside north or south abutment box side.
        (x:3461um, xAB: [0um:3120um])

[ERROR] Side.place(IoPin): Pin "outputs(6922).0" is outside north or south abutment box side.
        (x:3461.5um, xAB: [0um:3120um])

[ERROR] Side.place(IoPin): Pin "outputs(6923).0" is outside north or south abutment box side.
        (x:3462um, xAB: [0um:3120um])

[ERROR] Side.place(IoPin): Pin "outputs(6924).0" is outside north or south abutment box side.
        (x:3462.5um, xAB: [0um:3120um])

[ERROR] Side.place(IoPin): Pin "outputs(6925).0" is outside north or south abutment box side.
        (x:3463um, xAB: [0um:3120um])

[ERROR] Side.place(IoPin): Pin "outputs(6926).0" is outside north or south abutment box side.
        (x:3463.5um, xAB: [0um:3120um])

[ERROR] Side.place(IoPin): Pin "outputs(6927).0" is outside north or south abutment box side.
        (x:3464um, xAB: [0um:3120um])

[ERROR] Side.place(IoPin): Pin "outputs(6928).0" is outside north or south abutment box side.
        (x:3464.5um, xAB: [0um:3120um])

[ERROR] Side.place(IoPin): Pin "outputs(6929).0" is outside north or south abutment box side.
        (x:3465um, xAB: [0um:3120um])

[ERROR] Side.place(IoPin): Pin "outputs(6930).0" is outside north or south abutment box side.
        (x:3465.5um, xAB: [0um:3120um])

[ERROR] Side.place(IoPin): Pin "outputs(6931).0" is outside north or south abutment box side.
        (x:3466um, xAB: [0um:3120um])

[ERROR] Side.place(IoPin): Pin "outputs(6932).0" is outside north or south abutment box side.
        (x:3466.5um, xAB: [0um:3120um])

[ERROR] Side.place(IoPin): Pin "outputs(6933).0" is outside north or south abutment box side.
        (x:3467um, xAB: [0um:3120um])

[ERROR] Side.place(IoPin): Pin "outputs(6934).0" is outside north or south abutment box side.
        (x:3467.5um, xAB: [0um:3120um])

[ERROR] Side.place(IoPin): Pin "outputs(6935).0" is outside north or south abutment box side.
        (x:3468um, xAB: [0um:3120um])

[ERROR] Side.place(IoPin): Pin "outputs(6936).0" is outside north or south abutment box side.
        (x:3468.5um, xAB: [0um:3120um])

[ERROR] Side.place(IoPin): Pin "outputs(6937).0" is outside north or south abutment box side.
        (x:3469um, xAB: [0um:3120um])

[ERROR] Side.place(IoPin): Pin "outputs(6938).0" is outside north or south abutment box side.
        (x:3469.5um, xAB: [0um:3120um])

[ERROR] Side.place(IoPin): Pin "outputs(6939).0" is outside north or south abutment box side.
        (x:3470um, xAB: [0um:3120um])

[ERROR] Side.place(IoPin): Pin "outputs(6940).0" is outside north or south abutment box side.
        (x:3470.5um, xAB: [0um:3120um])

[ERROR] Side.place(IoPin): Pin "outputs(6941).0" is outside north or south abutment box side.
        (x:3471um, xAB: [0um:3120um])

[ERROR] Side.place(IoPin): Pin "outputs(6942).0" is outside north or south abutment box side.
        (x:3471.5um, xAB: [0um:3120um])

[ERROR] Side.place(IoPin): Pin "outputs(6943).0" is outside north or south abutment box side.
        (x:3472um, xAB: [0um:3120um])

[ERROR] Side.place(IoPin): Pin "outputs(6944).0" is outside north or south abutment box side.
        (x:3472.5um, xAB: [0um:3120um])

[ERROR] Side.place(IoPin): Pin "outputs(6945).0" is outside north or south abutment box side.
        (x:3473um, xAB: [0um:3120um])

[ERROR] Side.place(IoPin): Pin "outputs(6946).0" is outside north or south abutment box side.
        (x:3473.5um, xAB: [0um:3120um])

[ERROR] Side.place(IoPin): Pin "outputs(6947).0" is outside north or south abutment box side.
        (x:3474um, xAB: [0um:3120um])

[ERROR] Side.place(IoPin): Pin "outputs(6948).0" is outside north or south abutment box side.
        (x:3474.5um, xAB: [0um:3120um])

[ERROR] Side.place(IoPin): Pin "outputs(6949).0" is outside north or south abutment box side.
        (x:3475um, xAB: [0um:3120um])

[ERROR] Side.place(IoPin): Pin "outputs(6950).0" is outside north or south abutment box side.
        (x:3475.5um, xAB: [0um:3120um])

[ERROR] Side.place(IoPin): Pin "outputs(6951).0" is outside north or south abutment box side.
        (x:3476um, xAB: [0um:3120um])

[ERROR] Side.place(IoPin): Pin "outputs(6952).0" is outside north or south abutment box side.
        (x:3476.5um, xAB: [0um:3120um])

[ERROR] Side.place(IoPin): Pin "outputs(6953).0" is outside north or south abutment box side.
        (x:3477um, xAB: [0um:3120um])

[ERROR] Side.place(IoPin): Pin "outputs(6954).0" is outside north or south abutment box side.
        (x:3477.5um, xAB: [0um:3120um])

[ERROR] Side.place(IoPin): Pin "outputs(6955).0" is outside north or south abutment box side.
        (x:3478um, xAB: [0um:3120um])

[ERROR] Side.place(IoPin): Pin "outputs(6956).0" is outside north or south abutment box side.
        (x:3478.5um, xAB: [0um:3120um])

[ERROR] Side.place(IoPin): Pin "outputs(6957).0" is outside north or south abutment box side.
        (x:3479um, xAB: [0um:3120um])

[ERROR] Side.place(IoPin): Pin "outputs(6958).0" is outside north or south abutment box side.
        (x:3479.5um, xAB: [0um:3120um])

[ERROR] Side.place(IoPin): Pin "outputs(6959).0" is outside north or south abutment box side.
        (x:3480um, xAB: [0um:3120um])

[ERROR] Side.place(IoPin): Pin "outputs(6960).0" is outside north or south abutment box side.
        (x:3480.5um, xAB: [0um:3120um])

[ERROR] Side.place(IoPin): Pin "outputs(6961).0" is outside north or south abutment box side.
        (x:3481um, xAB: [0um:3120um])

[ERROR] Side.place(IoPin): Pin "outputs(6962).0" is outside north or south abutment box side.
        (x:3481.5um, xAB: [0um:3120um])

[ERROR] Side.place(IoPin): Pin "outputs(6963).0" is outside north or south abutment box side.
        (x:3482um, xAB: [0um:3120um])

[ERROR] Side.place(IoPin): Pin "outputs(6964).0" is outside north or south abutment box side.
        (x:3482.5um, xAB: [0um:3120um])

[ERROR] Side.place(IoPin): Pin "outputs(6965).0" is outside north or south abutment box side.
        (x:3483um, xAB: [0um:3120um])

[ERROR] Side.place(IoPin): Pin "outputs(6966).0" is outside north or south abutment box side.
        (x:3483.5um, xAB: [0um:3120um])

[ERROR] Side.place(IoPin): Pin "outputs(6967).0" is outside north or south abutment box side.
        (x:3484um, xAB: [0um:3120um])

[ERROR] Side.place(IoPin): Pin "outputs(6968).0" is outside north or south abutment box side.
        (x:3484.5um, xAB: [0um:3120um])

[ERROR] Side.place(IoPin): Pin "outputs(6969).0" is outside north or south abutment box side.
        (x:3485um, xAB: [0um:3120um])

[ERROR] Side.place(IoPin): Pin "outputs(6970).0" is outside north or south abutment box side.
        (x:3485.5um, xAB: [0um:3120um])

[ERROR] Side.place(IoPin): Pin "outputs(6971).0" is outside north or south abutment box side.
        (x:3486um, xAB: [0um:3120um])

[ERROR] Side.place(IoPin): Pin "outputs(6972).0" is outside north or south abutment box side.
        (x:3486.5um, xAB: [0um:3120um])

[ERROR] Side.place(IoPin): Pin "outputs(6973).0" is outside north or south abutment box side.
        (x:3487um, xAB: [0um:3120um])

[ERROR] Side.place(IoPin): Pin "outputs(6974).0" is outside north or south abutment box side.
        (x:3487.5um, xAB: [0um:3120um])

[ERROR] Side.place(IoPin): Pin "outputs(6975).0" is outside north or south abutment box side.
        (x:3488um, xAB: [0um:3120um])

[ERROR] Side.place(IoPin): Pin "outputs(6976).0" is outside north or south abutment box side.
        (x:3488.5um, xAB: [0um:3120um])

[ERROR] Side.place(IoPin): Pin "outputs(6977).0" is outside north or south abutment box side.
        (x:3489um, xAB: [0um:3120um])

[ERROR] Side.place(IoPin): Pin "outputs(6978).0" is outside north or south abutment box side.
        (x:3489.5um, xAB: [0um:3120um])

[ERROR] Side.place(IoPin): Pin "outputs(6979).0" is outside north or south abutment box side.
        (x:3490um, xAB: [0um:3120um])

[ERROR] Side.place(IoPin): Pin "outputs(6980).0" is outside north or south abutment box side.
        (x:3490.5um, xAB: [0um:3120um])

[ERROR] Side.place(IoPin): Pin "outputs(6981).0" is outside north or south abutment box side.
        (x:3491um, xAB: [0um:3120um])

[ERROR] Side.place(IoPin): Pin "outputs(6982).0" is outside north or south abutment box side.
        (x:3491.5um, xAB: [0um:3120um])

[ERROR] Side.place(IoPin): Pin "outputs(6983).0" is outside north or south abutment box side.
        (x:3492um, xAB: [0um:3120um])

[ERROR] Side.place(IoPin): Pin "outputs(6984).0" is outside north or south abutment box side.
        (x:3492.5um, xAB: [0um:3120um])

[ERROR] Side.place(IoPin): Pin "outputs(6985).0" is outside north or south abutment box side.
        (x:3493um, xAB: [0um:3120um])

[ERROR] Side.place(IoPin): Pin "outputs(6986).0" is outside north or south abutment box side.
        (x:3493.5um, xAB: [0um:3120um])

[ERROR] Side.place(IoPin): Pin "outputs(6987).0" is outside north or south abutment box side.
        (x:3494um, xAB: [0um:3120um])

[ERROR] Side.place(IoPin): Pin "outputs(6988).0" is outside north or south abutment box side.
        (x:3494.5um, xAB: [0um:3120um])

[ERROR] Side.place(IoPin): Pin "outputs(6989).0" is outside north or south abutment box side.
        (x:3495um, xAB: [0um:3120um])

[ERROR] Side.place(IoPin): Pin "outputs(6990).0" is outside north or south abutment box side.
        (x:3495.5um, xAB: [0um:3120um])

[ERROR] Side.place(IoPin): Pin "outputs(6991).0" is outside north or south abutment box side.
        (x:3496um, xAB: [0um:3120um])

[ERROR] Side.place(IoPin): Pin "outputs(6992).0" is outside north or south abutment box side.
        (x:3496.5um, xAB: [0um:3120um])

[ERROR] Side.place(IoPin): Pin "outputs(6993).0" is outside north or south abutment box side.
        (x:3497um, xAB: [0um:3120um])

[ERROR] Side.place(IoPin): Pin "outputs(6994).0" is outside north or south abutment box side.
        (x:3497.5um, xAB: [0um:3120um])

[ERROR] Side.place(IoPin): Pin "outputs(6995).0" is outside north or south abutment box side.
        (x:3498um, xAB: [0um:3120um])

[ERROR] Side.place(IoPin): Pin "outputs(6996).0" is outside north or south abutment box side.
        (x:3498.5um, xAB: [0um:3120um])

[ERROR] Side.place(IoPin): Pin "outputs(6997).0" is outside north or south abutment box side.
        (x:3499um, xAB: [0um:3120um])

[ERROR] Side.place(IoPin): Pin "outputs(6998).0" is outside north or south abutment box side.
        (x:3499.5um, xAB: [0um:3120um])

[ERROR] Side.place(IoPin): Pin "outputs(6999).0" is outside north or south abutment box side.
        (x:3500um, xAB: [0um:3120um])

[ERROR] Side.place(IoPin): Pin "outputs(7000).0" is outside north or south abutment box side.
        (x:3500.5um, xAB: [0um:3120um])

[ERROR] Side.place(IoPin): Pin "outputs(7001).0" is outside north or south abutment box side.
        (x:3501um, xAB: [0um:3120um])

[ERROR] Side.place(IoPin): Pin "outputs(7002).0" is outside north or south abutment box side.
        (x:3501.5um, xAB: [0um:3120um])

[ERROR] Side.place(IoPin): Pin "outputs(7003).0" is outside north or south abutment box side.
        (x:3502um, xAB: [0um:3120um])

[ERROR] Side.place(IoPin): Pin "outputs(7004).0" is outside north or south abutment box side.
        (x:3502.5um, xAB: [0um:3120um])

[ERROR] Side.place(IoPin): Pin "outputs(7005).0" is outside north or south abutment box side.
        (x:3503um, xAB: [0um:3120um])

[ERROR] Side.place(IoPin): Pin "outputs(7006).0" is outside north or south abutment box side.
        (x:3503.5um, xAB: [0um:3120um])

[ERROR] Side.place(IoPin): Pin "outputs(7007).0" is outside north or south abutment box side.
        (x:3504um, xAB: [0um:3120um])

[ERROR] Side.place(IoPin): Pin "outputs(7008).0" is outside north or south abutment box side.
        (x:3504.5um, xAB: [0um:3120um])

[ERROR] Side.place(IoPin): Pin "outputs(7009).0" is outside north or south abutment box side.
        (x:3505um, xAB: [0um:3120um])

[ERROR] Side.place(IoPin): Pin "outputs(7010).0" is outside north or south abutment box side.
        (x:3505.5um, xAB: [0um:3120um])

[ERROR] Side.place(IoPin): Pin "outputs(7011).0" is outside north or south abutment box side.
        (x:3506um, xAB: [0um:3120um])

[ERROR] Side.place(IoPin): Pin "outputs(7012).0" is outside north or south abutment box side.
        (x:3506.5um, xAB: [0um:3120um])

[ERROR] Side.place(IoPin): Pin "outputs(7013).0" is outside north or south abutment box side.
        (x:3507um, xAB: [0um:3120um])

[ERROR] Side.place(IoPin): Pin "outputs(7014).0" is outside north or south abutment box side.
        (x:3507.5um, xAB: [0um:3120um])

[ERROR] Side.place(IoPin): Pin "outputs(7015).0" is outside north or south abutment box side.
        (x:3508um, xAB: [0um:3120um])

[ERROR] Side.place(IoPin): Pin "outputs(7016).0" is outside north or south abutment box side.
        (x:3508.5um, xAB: [0um:3120um])

[ERROR] Side.place(IoPin): Pin "outputs(7017).0" is outside north or south abutment box side.
        (x:3509um, xAB: [0um:3120um])

[ERROR] Side.place(IoPin): Pin "outputs(7018).0" is outside north or south abutment box side.
        (x:3509.5um, xAB: [0um:3120um])

[ERROR] Side.place(IoPin): Pin "outputs(7019).0" is outside north or south abutment box side.
        (x:3510um, xAB: [0um:3120um])

[ERROR] Side.place(IoPin): Pin "outputs(7020).0" is outside north or south abutment box side.
        (x:3510.5um, xAB: [0um:3120um])

[ERROR] Side.place(IoPin): Pin "outputs(7021).0" is outside north or south abutment box side.
        (x:3511um, xAB: [0um:3120um])

[ERROR] Side.place(IoPin): Pin "outputs(7022).0" is outside north or south abutment box side.
        (x:3511.5um, xAB: [0um:3120um])

[ERROR] Side.place(IoPin): Pin "outputs(7023).0" is outside north or south abutment box side.
        (x:3512um, xAB: [0um:3120um])

[ERROR] Side.place(IoPin): Pin "outputs(7024).0" is outside north or south abutment box side.
        (x:3512.5um, xAB: [0um:3120um])

[ERROR] Side.place(IoPin): Pin "outputs(7025).0" is outside north or south abutment box side.
        (x:3513um, xAB: [0um:3120um])

[ERROR] Side.place(IoPin): Pin "outputs(7026).0" is outside north or south abutment box side.
        (x:3513.5um, xAB: [0um:3120um])

[ERROR] Side.place(IoPin): Pin "outputs(7027).0" is outside north or south abutment box side.
        (x:3514um, xAB: [0um:3120um])

[ERROR] Side.place(IoPin): Pin "outputs(7028).0" is outside north or south abutment box side.
        (x:3514.5um, xAB: [0um:3120um])

[ERROR] Side.place(IoPin): Pin "outputs(7029).0" is outside north or south abutment box side.
        (x:3515um, xAB: [0um:3120um])

[ERROR] Side.place(IoPin): Pin "outputs(7030).0" is outside north or south abutment box side.
        (x:3515.5um, xAB: [0um:3120um])

[ERROR] Side.place(IoPin): Pin "outputs(7031).0" is outside north or south abutment box side.
        (x:3516um, xAB: [0um:3120um])

[ERROR] Side.place(IoPin): Pin "outputs(7032).0" is outside north or south abutment box side.
        (x:3516.5um, xAB: [0um:3120um])

[ERROR] Side.place(IoPin): Pin "outputs(7033).0" is outside north or south abutment box side.
        (x:3517um, xAB: [0um:3120um])

[ERROR] Side.place(IoPin): Pin "outputs(7034).0" is outside north or south abutment box side.
        (x:3517.5um, xAB: [0um:3120um])

[ERROR] Side.place(IoPin): Pin "outputs(7035).0" is outside north or south abutment box side.
        (x:3518um, xAB: [0um:3120um])

[ERROR] Side.place(IoPin): Pin "outputs(7036).0" is outside north or south abutment box side.
        (x:3518.5um, xAB: [0um:3120um])

[ERROR] Side.place(IoPin): Pin "outputs(7037).0" is outside north or south abutment box side.
        (x:3519um, xAB: [0um:3120um])

[ERROR] Side.place(IoPin): Pin "outputs(7038).0" is outside north or south abutment box side.
        (x:3519.5um, xAB: [0um:3120um])

[ERROR] Side.place(IoPin): Pin "outputs(7039).0" is outside north or south abutment box side.
        (x:3520um, xAB: [0um:3120um])

[ERROR] Side.place(IoPin): Pin "outputs(7040).0" is outside north or south abutment box side.
        (x:3520.5um, xAB: [0um:3120um])

[ERROR] Side.place(IoPin): Pin "outputs(7041).0" is outside north or south abutment box side.
        (x:3521um, xAB: [0um:3120um])

[ERROR] Side.place(IoPin): Pin "outputs(7042).0" is outside north or south abutment box side.
        (x:3521.5um, xAB: [0um:3120um])

[ERROR] Side.place(IoPin): Pin "outputs(7043).0" is outside north or south abutment box side.
        (x:3522um, xAB: [0um:3120um])

[ERROR] Side.place(IoPin): Pin "outputs(7044).0" is outside north or south abutment box side.
        (x:3522.5um, xAB: [0um:3120um])

[ERROR] Side.place(IoPin): Pin "outputs(7045).0" is outside north or south abutment box side.
        (x:3523um, xAB: [0um:3120um])

[ERROR] Side.place(IoPin): Pin "outputs(7046).0" is outside north or south abutment box side.
        (x:3523.5um, xAB: [0um:3120um])

[ERROR] Side.place(IoPin): Pin "outputs(7047).0" is outside north or south abutment box side.
        (x:3524um, xAB: [0um:3120um])

[ERROR] Side.place(IoPin): Pin "outputs(7048).0" is outside north or south abutment box side.
        (x:3524.5um, xAB: [0um:3120um])

[ERROR] Side.place(IoPin): Pin "outputs(7049).0" is outside north or south abutment box side.
        (x:3525um, xAB: [0um:3120um])

[ERROR] Side.place(IoPin): Pin "outputs(7050).0" is outside north or south abutment box side.
        (x:3525.5um, xAB: [0um:3120um])

[ERROR] Side.place(IoPin): Pin "outputs(7051).0" is outside north or south abutment box side.
        (x:3526um, xAB: [0um:3120um])

[ERROR] Side.place(IoPin): Pin "outputs(7052).0" is outside north or south abutment box side.
        (x:3526.5um, xAB: [0um:3120um])

[ERROR] Side.place(IoPin): Pin "outputs(7053).0" is outside north or south abutment box side.
        (x:3527um, xAB: [0um:3120um])

[ERROR] Side.place(IoPin): Pin "outputs(7054).0" is outside north or south abutment box side.
        (x:3527.5um, xAB: [0um:3120um])

[ERROR] Side.place(IoPin): Pin "outputs(7055).0" is outside north or south abutment box side.
        (x:3528um, xAB: [0um:3120um])

[ERROR] Side.place(IoPin): Pin "outputs(7056).0" is outside north or south abutment box side.
        (x:3528.5um, xAB: [0um:3120um])

[ERROR] Side.place(IoPin): Pin "outputs(7057).0" is outside north or south abutment box side.
        (x:3529um, xAB: [0um:3120um])

[ERROR] Side.place(IoPin): Pin "outputs(7058).0" is outside north or south abutment box side.
        (x:3529.5um, xAB: [0um:3120um])

[ERROR] Side.place(IoPin): Pin "outputs(7059).0" is outside north or south abutment box side.
        (x:3530um, xAB: [0um:3120um])

[ERROR] Side.place(IoPin): Pin "outputs(7060).0" is outside north or south abutment box side.
        (x:3530.5um, xAB: [0um:3120um])

[ERROR] Side.place(IoPin): Pin "outputs(7061).0" is outside north or south abutment box side.
        (x:3531um, xAB: [0um:3120um])

[ERROR] Side.place(IoPin): Pin "outputs(7062).0" is outside north or south abutment box side.
        (x:3531.5um, xAB: [0um:3120um])

[ERROR] Side.place(IoPin): Pin "outputs(7063).0" is outside north or south abutment box side.
        (x:3532um, xAB: [0um:3120um])

[ERROR] Side.place(IoPin): Pin "outputs(7064).0" is outside north or south abutment box side.
        (x:3532.5um, xAB: [0um:3120um])

[ERROR] Side.place(IoPin): Pin "outputs(7065).0" is outside north or south abutment box side.
        (x:3533um, xAB: [0um:3120um])

[ERROR] Side.place(IoPin): Pin "outputs(7066).0" is outside north or south abutment box side.
        (x:3533.5um, xAB: [0um:3120um])

[ERROR] Side.place(IoPin): Pin "outputs(7067).0" is outside north or south abutment box side.
        (x:3534um, xAB: [0um:3120um])

[ERROR] Side.place(IoPin): Pin "outputs(7068).0" is outside north or south abutment box side.
        (x:3534.5um, xAB: [0um:3120um])

[ERROR] Side.place(IoPin): Pin "outputs(7069).0" is outside north or south abutment box side.
        (x:3535um, xAB: [0um:3120um])

[ERROR] Side.place(IoPin): Pin "outputs(7070).0" is outside north or south abutment box side.
        (x:3535.5um, xAB: [0um:3120um])

[ERROR] Side.place(IoPin): Pin "outputs(7071).0" is outside north or south abutment box side.
        (x:3536um, xAB: [0um:3120um])

[ERROR] Side.place(IoPin): Pin "outputs(7072).0" is outside north or south abutment box side.
        (x:3536.5um, xAB: [0um:3120um])

[ERROR] Side.place(IoPin): Pin "outputs(7073).0" is outside north or south abutment box side.
        (x:3537um, xAB: [0um:3120um])

[ERROR] Side.place(IoPin): Pin "outputs(7074).0" is outside north or south abutment box side.
        (x:3537.5um, xAB: [0um:3120um])

[ERROR] Side.place(IoPin): Pin "outputs(7075).0" is outside north or south abutment box side.
        (x:3538um, xAB: [0um:3120um])

[ERROR] Side.place(IoPin): Pin "outputs(7076).0" is outside north or south abutment box side.
        (x:3538.5um, xAB: [0um:3120um])

[ERROR] Side.place(IoPin): Pin "outputs(7077).0" is outside north or south abutment box side.
        (x:3539um, xAB: [0um:3120um])

[ERROR] Side.place(IoPin): Pin "outputs(7078).0" is outside north or south abutment box side.
        (x:3539.5um, xAB: [0um:3120um])

[ERROR] Side.place(IoPin): Pin "outputs(7079).0" is outside north or south abutment box side.
        (x:3540um, xAB: [0um:3120um])

[ERROR] Side.place(IoPin): Pin "outputs(7080).0" is outside north or south abutment box side.
        (x:3540.5um, xAB: [0um:3120um])

[ERROR] Side.place(IoPin): Pin "outputs(7081).0" is outside north or south abutment box side.
        (x:3541um, xAB: [0um:3120um])

[ERROR] Side.place(IoPin): Pin "outputs(7082).0" is outside north or south abutment box side.
        (x:3541.5um, xAB: [0um:3120um])

[ERROR] Side.place(IoPin): Pin "outputs(7083).0" is outside north or south abutment box side.
        (x:3542um, xAB: [0um:3120um])

[ERROR] Side.place(IoPin): Pin "outputs(7084).0" is outside north or south abutment box side.
        (x:3542.5um, xAB: [0um:3120um])

[ERROR] Side.place(IoPin): Pin "outputs(7085).0" is outside north or south abutment box side.
        (x:3543um, xAB: [0um:3120um])

[ERROR] Side.place(IoPin): Pin "outputs(7086).0" is outside north or south abutment box side.
        (x:3543.5um, xAB: [0um:3120um])

[ERROR] Side.place(IoPin): Pin "outputs(7087).0" is outside north or south abutment box side.
        (x:3544um, xAB: [0um:3120um])

[ERROR] Side.place(IoPin): Pin "outputs(7088).0" is outside north or south abutment box side.
        (x:3544.5um, xAB: [0um:3120um])

[ERROR] Side.place(IoPin): Pin "outputs(7089).0" is outside north or south abutment box side.
        (x:3545um, xAB: [0um:3120um])

[ERROR] Side.place(IoPin): Pin "outputs(7090).0" is outside north or south abutment box side.
        (x:3545.5um, xAB: [0um:3120um])

[ERROR] Side.place(IoPin): Pin "outputs(7091).0" is outside north or south abutment box side.
        (x:3546um, xAB: [0um:3120um])

[ERROR] Side.place(IoPin): Pin "outputs(7092).0" is outside north or south abutment box side.
        (x:3546.5um, xAB: [0um:3120um])

[ERROR] Side.place(IoPin): Pin "outputs(7093).0" is outside north or south abutment box side.
        (x:3547um, xAB: [0um:3120um])

[ERROR] Side.place(IoPin): Pin "outputs(7094).0" is outside north or south abutment box side.
        (x:3547.5um, xAB: [0um:3120um])

[ERROR] Side.place(IoPin): Pin "outputs(7095).0" is outside north or south abutment box side.
        (x:3548um, xAB: [0um:3120um])

[ERROR] Side.place(IoPin): Pin "outputs(7096).0" is outside north or south abutment box side.
        (x:3548.5um, xAB: [0um:3120um])

[ERROR] Side.place(IoPin): Pin "outputs(7097).0" is outside north or south abutment box side.
        (x:3549um, xAB: [0um:3120um])

[ERROR] Side.place(IoPin): Pin "outputs(7098).0" is outside north or south abutment box side.
        (x:3549.5um, xAB: [0um:3120um])

[ERROR] Side.place(IoPin): Pin "outputs(7099).0" is outside north or south abutment box side.
        (x:3550um, xAB: [0um:3120um])

[ERROR] Side.place(IoPin): Pin "outputs(7100).0" is outside north or south abutment box side.
        (x:3550.5um, xAB: [0um:3120um])

[ERROR] Side.place(IoPin): Pin "outputs(7101).0" is outside north or south abutment box side.
        (x:3551um, xAB: [0um:3120um])

[ERROR] Side.place(IoPin): Pin "outputs(7102).0" is outside north or south abutment box side.
        (x:3551.5um, xAB: [0um:3120um])

[ERROR] Side.place(IoPin): Pin "outputs(7103).0" is outside north or south abutment box side.
        (x:3552um, xAB: [0um:3120um])

[ERROR] Side.place(IoPin): Pin "outputs(7104).0" is outside north or south abutment box side.
        (x:3552.5um, xAB: [0um:3120um])

[ERROR] Side.place(IoPin): Pin "outputs(7105).0" is outside north or south abutment box side.
        (x:3553um, xAB: [0um:3120um])

[ERROR] Side.place(IoPin): Pin "outputs(7106).0" is outside north or south abutment box side.
        (x:3553.5um, xAB: [0um:3120um])

[ERROR] Side.place(IoPin): Pin "outputs(7107).0" is outside north or south abutment box side.
        (x:3554um, xAB: [0um:3120um])

[ERROR] Side.place(IoPin): Pin "outputs(7108).0" is outside north or south abutment box side.
        (x:3554.5um, xAB: [0um:3120um])

[ERROR] Side.place(IoPin): Pin "outputs(7109).0" is outside north or south abutment box side.
        (x:3555um, xAB: [0um:3120um])

[ERROR] Side.place(IoPin): Pin "outputs(7110).0" is outside north or south abutment box side.
        (x:3555.5um, xAB: [0um:3120um])

[ERROR] Side.place(IoPin): Pin "outputs(7111).0" is outside north or south abutment box side.
        (x:3556um, xAB: [0um:3120um])

[ERROR] Side.place(IoPin): Pin "outputs(7112).0" is outside north or south abutment box side.
        (x:3556.5um, xAB: [0um:3120um])

[ERROR] Side.place(IoPin): Pin "outputs(7113).0" is outside north or south abutment box side.
        (x:3557um, xAB: [0um:3120um])

[ERROR] Side.place(IoPin): Pin "outputs(7114).0" is outside north or south abutment box side.
        (x:3557.5um, xAB: [0um:3120um])

[ERROR] Side.place(IoPin): Pin "outputs(7115).0" is outside north or south abutment box side.
        (x:3558um, xAB: [0um:3120um])

[ERROR] Side.place(IoPin): Pin "outputs(7116).0" is outside north or south abutment box side.
        (x:3558.5um, xAB: [0um:3120um])

[ERROR] Side.place(IoPin): Pin "outputs(7117).0" is outside north or south abutment box side.
        (x:3559um, xAB: [0um:3120um])

[ERROR] Side.place(IoPin): Pin "outputs(7118).0" is outside north or south abutment box side.
        (x:3559.5um, xAB: [0um:3120um])

[ERROR] Side.place(IoPin): Pin "outputs(7119).0" is outside north or south abutment box side.
        (x:3560um, xAB: [0um:3120um])

[ERROR] Side.place(IoPin): Pin "outputs(7120).0" is outside north or south abutment box side.
        (x:3560.5um, xAB: [0um:3120um])

[ERROR] Side.place(IoPin): Pin "outputs(7121).0" is outside north or south abutment box side.
        (x:3561um, xAB: [0um:3120um])

[ERROR] Side.place(IoPin): Pin "outputs(7122).0" is outside north or south abutment box side.
        (x:3561.5um, xAB: [0um:3120um])

[ERROR] Side.place(IoPin): Pin "outputs(7123).0" is outside north or south abutment box side.
        (x:3562um, xAB: [0um:3120um])

[ERROR] Side.place(IoPin): Pin "outputs(7124).0" is outside north or south abutment box side.
        (x:3562.5um, xAB: [0um:3120um])

[ERROR] Side.place(IoPin): Pin "outputs(7125).0" is outside north or south abutment box side.
        (x:3563um, xAB: [0um:3120um])

[ERROR] Side.place(IoPin): Pin "outputs(7126).0" is outside north or south abutment box side.
        (x:3563.5um, xAB: [0um:3120um])

[ERROR] Side.place(IoPin): Pin "outputs(7127).0" is outside north or south abutment box side.
        (x:3564um, xAB: [0um:3120um])

[ERROR] Side.place(IoPin): Pin "outputs(7128).0" is outside north or south abutment box side.
        (x:3564.5um, xAB: [0um:3120um])

[ERROR] Side.place(IoPin): Pin "outputs(7129).0" is outside north or south abutment box side.
        (x:3565um, xAB: [0um:3120um])

[ERROR] Side.place(IoPin): Pin "outputs(7130).0" is outside north or south abutment box side.
        (x:3565.5um, xAB: [0um:3120um])

[ERROR] Side.place(IoPin): Pin "outputs(7131).0" is outside north or south abutment box side.
        (x:3566um, xAB: [0um:3120um])

[ERROR] Side.place(IoPin): Pin "outputs(7132).0" is outside north or south abutment box side.
        (x:3566.5um, xAB: [0um:3120um])

[ERROR] Side.place(IoPin): Pin "outputs(7133).0" is outside north or south abutment box side.
        (x:3567um, xAB: [0um:3120um])

[ERROR] Side.place(IoPin): Pin "outputs(7134).0" is outside north or south abutment box side.
        (x:3567.5um, xAB: [0um:3120um])

[ERROR] Side.place(IoPin): Pin "outputs(7135).0" is outside north or south abutment box side.
        (x:3568um, xAB: [0um:3120um])

[ERROR] Side.place(IoPin): Pin "outputs(7136).0" is outside north or south abutment box side.
        (x:3568.5um, xAB: [0um:3120um])

[ERROR] Side.place(IoPin): Pin "outputs(7137).0" is outside north or south abutment box side.
        (x:3569um, xAB: [0um:3120um])

[ERROR] Side.place(IoPin): Pin "outputs(7138).0" is outside north or south abutment box side.
        (x:3569.5um, xAB: [0um:3120um])

[ERROR] Side.place(IoPin): Pin "outputs(7139).0" is outside north or south abutment box side.
        (x:3570um, xAB: [0um:3120um])

[ERROR] Side.place(IoPin): Pin "outputs(7140).0" is outside north or south abutment box side.
        (x:3570.5um, xAB: [0um:3120um])

[ERROR] Side.place(IoPin): Pin "outputs(7141).0" is outside north or south abutment box side.
        (x:3571um, xAB: [0um:3120um])

[ERROR] Side.place(IoPin): Pin "outputs(7142).0" is outside north or south abutment box side.
        (x:3571.5um, xAB: [0um:3120um])

[ERROR] Side.place(IoPin): Pin "outputs(7143).0" is outside north or south abutment box side.
        (x:3572um, xAB: [0um:3120um])

[ERROR] Side.place(IoPin): Pin "outputs(7144).0" is outside north or south abutment box side.
        (x:3572.5um, xAB: [0um:3120um])

[ERROR] Side.place(IoPin): Pin "outputs(7145).0" is outside north or south abutment box side.
        (x:3573um, xAB: [0um:3120um])

[ERROR] Side.place(IoPin): Pin "outputs(7146).0" is outside north or south abutment box side.
        (x:3573.5um, xAB: [0um:3120um])

[ERROR] Side.place(IoPin): Pin "outputs(7147).0" is outside north or south abutment box side.
        (x:3574um, xAB: [0um:3120um])

[ERROR] Side.place(IoPin): Pin "outputs(7148).0" is outside north or south abutment box side.
        (x:3574.5um, xAB: [0um:3120um])

[ERROR] Side.place(IoPin): Pin "outputs(7149).0" is outside north or south abutment box side.
        (x:3575um, xAB: [0um:3120um])

[ERROR] Side.place(IoPin): Pin "outputs(7150).0" is outside north or south abutment box side.
        (x:3575.5um, xAB: [0um:3120um])

[ERROR] Side.place(IoPin): Pin "outputs(7151).0" is outside north or south abutment box side.
        (x:3576um, xAB: [0um:3120um])

[ERROR] Side.place(IoPin): Pin "outputs(7152).0" is outside north or south abutment box side.
        (x:3576.5um, xAB: [0um:3120um])

[ERROR] Side.place(IoPin): Pin "outputs(7153).0" is outside north or south abutment box side.
        (x:3577um, xAB: [0um:3120um])

[ERROR] Side.place(IoPin): Pin "outputs(7154).0" is outside north or south abutment box side.
        (x:3577.5um, xAB: [0um:3120um])

[ERROR] Side.place(IoPin): Pin "outputs(7155).0" is outside north or south abutment box side.
        (x:3578um, xAB: [0um:3120um])

[ERROR] Side.place(IoPin): Pin "outputs(7156).0" is outside north or south abutment box side.
        (x:3578.5um, xAB: [0um:3120um])

[ERROR] Side.place(IoPin): Pin "outputs(7157).0" is outside north or south abutment box side.
        (x:3579um, xAB: [0um:3120um])

[ERROR] Side.place(IoPin): Pin "outputs(7158).0" is outside north or south abutment box side.
        (x:3579.5um, xAB: [0um:3120um])

[ERROR] Side.place(IoPin): Pin "outputs(7159).0" is outside north or south abutment box side.
        (x:3580um, xAB: [0um:3120um])

[ERROR] Side.place(IoPin): Pin "outputs(7160).0" is outside north or south abutment box side.
        (x:3580.5um, xAB: [0um:3120um])

[ERROR] Side.place(IoPin): Pin "outputs(7161).0" is outside north or south abutment box side.
        (x:3581um, xAB: [0um:3120um])

[ERROR] Side.place(IoPin): Pin "outputs(7162).0" is outside north or south abutment box side.
        (x:3581.5um, xAB: [0um:3120um])

[ERROR] Side.place(IoPin): Pin "outputs(7163).0" is outside north or south abutment box side.
        (x:3582um, xAB: [0um:3120um])

[ERROR] Side.place(IoPin): Pin "outputs(7164).0" is outside north or south abutment box side.
        (x:3582.5um, xAB: [0um:3120um])

[ERROR] Side.place(IoPin): Pin "outputs(7165).0" is outside north or south abutment box side.
        (x:3583um, xAB: [0um:3120um])

[ERROR] Side.place(IoPin): Pin "outputs(7166).0" is outside north or south abutment box side.
        (x:3583.5um, xAB: [0um:3120um])

[ERROR] Side.place(IoPin): Pin "outputs(7167).0" is outside north or south abutment box side.
        (x:3584um, xAB: [0um:3120um])

[ERROR] Side.place(IoPin): Pin "outputs(7168).0" is outside north or south abutment box side.
        (x:3584.5um, xAB: [0um:3120um])

[ERROR] Side.place(IoPin): Pin "outputs(7169).0" is outside north or south abutment box side.
        (x:3585um, xAB: [0um:3120um])

[ERROR] Side.place(IoPin): Pin "outputs(7170).0" is outside north or south abutment box side.
        (x:3585.5um, xAB: [0um:3120um])

[ERROR] Side.place(IoPin): Pin "outputs(7171).0" is outside north or south abutment box side.
        (x:3586um, xAB: [0um:3120um])

[ERROR] Side.place(IoPin): Pin "outputs(7172).0" is outside north or south abutment box side.
        (x:3586.5um, xAB: [0um:3120um])

[ERROR] Side.place(IoPin): Pin "outputs(7173).0" is outside north or south abutment box side.
        (x:3587um, xAB: [0um:3120um])

[ERROR] Side.place(IoPin): Pin "outputs(7174).0" is outside north or south abutment box side.
        (x:3587.5um, xAB: [0um:3120um])

[ERROR] Side.place(IoPin): Pin "outputs(7175).0" is outside north or south abutment box side.
        (x:3588um, xAB: [0um:3120um])

[ERROR] Side.place(IoPin): Pin "outputs(7176).0" is outside north or south abutment box side.
        (x:3588.5um, xAB: [0um:3120um])

[ERROR] Side.place(IoPin): Pin "outputs(7177).0" is outside north or south abutment box side.
        (x:3589um, xAB: [0um:3120um])

[ERROR] Side.place(IoPin): Pin "outputs(7178).0" is outside north or south abutment box side.
        (x:3589.5um, xAB: [0um:3120um])

[ERROR] Side.place(IoPin): Pin "outputs(7179).0" is outside north or south abutment box side.
        (x:3590um, xAB: [0um:3120um])

[ERROR] Side.place(IoPin): Pin "outputs(7180).0" is outside north or south abutment box side.
        (x:3590.5um, xAB: [0um:3120um])

[ERROR] Side.place(IoPin): Pin "outputs(7181).0" is outside north or south abutment box side.
        (x:3591um, xAB: [0um:3120um])

[ERROR] Side.place(IoPin): Pin "outputs(7182).0" is outside north or south abutment box side.
        (x:3591.5um, xAB: [0um:3120um])

[ERROR] Side.place(IoPin): Pin "outputs(7183).0" is outside north or south abutment box side.
        (x:3592um, xAB: [0um:3120um])

[ERROR] Side.place(IoPin): Pin "outputs(7184).0" is outside north or south abutment box side.
        (x:3592.5um, xAB: [0um:3120um])

[ERROR] Side.place(IoPin): Pin "outputs(7185).0" is outside north or south abutment box side.
        (x:3593um, xAB: [0um:3120um])

[ERROR] Side.place(IoPin): Pin "outputs(7186).0" is outside north or south abutment box side.
        (x:3593.5um, xAB: [0um:3120um])

[ERROR] Side.place(IoPin): Pin "outputs(7187).0" is outside north or south abutment box side.
        (x:3594um, xAB: [0um:3120um])

[ERROR] Side.place(IoPin): Pin "outputs(7188).0" is outside north or south abutment box side.
        (x:3594.5um, xAB: [0um:3120um])

[ERROR] Side.place(IoPin): Pin "outputs(7189).0" is outside north or south abutment box side.
        (x:3595um, xAB: [0um:3120um])

[ERROR] Side.place(IoPin): Pin "outputs(7190).0" is outside north or south abutment box side.
        (x:3595.5um, xAB: [0um:3120um])

[ERROR] Side.place(IoPin): Pin "outputs(7191).0" is outside north or south abutment box side.
        (x:3596um, xAB: [0um:3120um])

[ERROR] Side.place(IoPin): Pin "outputs(7192).0" is outside north or south abutment box side.
        (x:3596.5um, xAB: [0um:3120um])

[ERROR] Side.place(IoPin): Pin "outputs(7193).0" is outside north or south abutment box side.
        (x:3597um, xAB: [0um:3120um])

[ERROR] Side.place(IoPin): Pin "outputs(7194).0" is outside north or south abutment box side.
        (x:3597.5um, xAB: [0um:3120um])

[ERROR] Side.place(IoPin): Pin "outputs(7195).0" is outside north or south abutment box side.
        (x:3598um, xAB: [0um:3120um])

[ERROR] Side.place(IoPin): Pin "outputs(7196).0" is outside north or south abutment box side.
        (x:3598.5um, xAB: [0um:3120um])

[ERROR] Side.place(IoPin): Pin "outputs(7197).0" is outside north or south abutment box side.
        (x:3599um, xAB: [0um:3120um])

[ERROR] Side.place(IoPin): Pin "outputs(7198).0" is outside north or south abutment box side.
        (x:3599.5um, xAB: [0um:3120um])

[ERROR] Side.place(IoPin): Pin "outputs(7199).0" is outside north or south abutment box side.
        (x:3600um, xAB: [0um:3120um])

[ERROR] Side.place(IoPin): Pin "outputs(7200).0" is outside north or south abutment box side.
        (x:3600.5um, xAB: [0um:3120um])

[ERROR] Side.place(IoPin): Pin "outputs(7201).0" is outside north or south abutment box side.
        (x:3601um, xAB: [0um:3120um])

[ERROR] Side.place(IoPin): Pin "outputs(7202).0" is outside north or south abutment box side.
        (x:3601.5um, xAB: [0um:3120um])

[ERROR] Side.place(IoPin): Pin "outputs(7203).0" is outside north or south abutment box side.
        (x:3602um, xAB: [0um:3120um])

[ERROR] Side.place(IoPin): Pin "outputs(7204).0" is outside north or south abutment box side.
        (x:3602.5um, xAB: [0um:3120um])

[ERROR] Side.place(IoPin): Pin "outputs(7205).0" is outside north or south abutment box side.
        (x:3603um, xAB: [0um:3120um])

[ERROR] Side.place(IoPin): Pin "outputs(7206).0" is outside north or south abutment box side.
        (x:3603.5um, xAB: [0um:3120um])

[ERROR] Side.place(IoPin): Pin "outputs(7207).0" is outside north or south abutment box side.
        (x:3604um, xAB: [0um:3120um])

[ERROR] Side.place(IoPin): Pin "outputs(7208).0" is outside north or south abutment box side.
        (x:3604.5um, xAB: [0um:3120um])

[ERROR] Side.place(IoPin): Pin "outputs(7209).0" is outside north or south abutment box side.
        (x:3605um, xAB: [0um:3120um])

[ERROR] Side.place(IoPin): Pin "outputs(7210).0" is outside north or south abutment box side.
        (x:3605.5um, xAB: [0um:3120um])

[ERROR] Side.place(IoPin): Pin "outputs(7211).0" is outside north or south abutment box side.
        (x:3606um, xAB: [0um:3120um])

[ERROR] Side.place(IoPin): Pin "outputs(7212).0" is outside north or south abutment box side.
        (x:3606.5um, xAB: [0um:3120um])

[ERROR] Side.place(IoPin): Pin "outputs(7213).0" is outside north or south abutment box side.
        (x:3607um, xAB: [0um:3120um])

[ERROR] Side.place(IoPin): Pin "outputs(7214).0" is outside north or south abutment box side.
        (x:3607.5um, xAB: [0um:3120um])

[ERROR] Side.place(IoPin): Pin "outputs(7215).0" is outside north or south abutment box side.
        (x:3608um, xAB: [0um:3120um])

[ERROR] Side.place(IoPin): Pin "outputs(7216).0" is outside north or south abutment box side.
        (x:3608.5um, xAB: [0um:3120um])

[ERROR] Side.place(IoPin): Pin "outputs(7217).0" is outside north or south abutment box side.
        (x:3609um, xAB: [0um:3120um])

[ERROR] Side.place(IoPin): Pin "outputs(7218).0" is outside north or south abutment box side.
        (x:3609.5um, xAB: [0um:3120um])

[ERROR] Side.place(IoPin): Pin "outputs(7219).0" is outside north or south abutment box side.
        (x:3610um, xAB: [0um:3120um])

[ERROR] Side.place(IoPin): Pin "outputs(7220).0" is outside north or south abutment box side.
        (x:3610.5um, xAB: [0um:3120um])

[ERROR] Side.place(IoPin): Pin "outputs(7221).0" is outside north or south abutment box side.
        (x:3611um, xAB: [0um:3120um])

[ERROR] Side.place(IoPin): Pin "outputs(7222).0" is outside north or south abutment box side.
        (x:3611.5um, xAB: [0um:3120um])

[ERROR] Side.place(IoPin): Pin "outputs(7223).0" is outside north or south abutment box side.
        (x:3612um, xAB: [0um:3120um])

[ERROR] Side.place(IoPin): Pin "outputs(7224).0" is outside north or south abutment box side.
        (x:3612.5um, xAB: [0um:3120um])

[ERROR] Side.place(IoPin): Pin "outputs(7225).0" is outside north or south abutment box side.
        (x:3613um, xAB: [0um:3120um])

[ERROR] Side.place(IoPin): Pin "outputs(7226).0" is outside north or south abutment box side.
        (x:3613.5um, xAB: [0um:3120um])

[ERROR] Side.place(IoPin): Pin "outputs(7227).0" is outside north or south abutment box side.
        (x:3614um, xAB: [0um:3120um])

[ERROR] Side.place(IoPin): Pin "outputs(7228).0" is outside north or south abutment box side.
        (x:3614.5um, xAB: [0um:3120um])

[ERROR] Side.place(IoPin): Pin "outputs(7229).0" is outside north or south abutment box side.
        (x:3615um, xAB: [0um:3120um])

[ERROR] Side.place(IoPin): Pin "outputs(7230).0" is outside north or south abutment box side.
        (x:3615.5um, xAB: [0um:3120um])

[ERROR] Side.place(IoPin): Pin "outputs(7231).0" is outside north or south abutment box side.
        (x:3616um, xAB: [0um:3120um])

[ERROR] Side.place(IoPin): Pin "outputs(7232).0" is outside north or south abutment box side.
        (x:3616.5um, xAB: [0um:3120um])

[ERROR] Side.place(IoPin): Pin "outputs(7233).0" is outside north or south abutment box side.
        (x:3617um, xAB: [0um:3120um])

[ERROR] Side.place(IoPin): Pin "outputs(7234).0" is outside north or south abutment box side.
        (x:3617.5um, xAB: [0um:3120um])

[ERROR] Side.place(IoPin): Pin "outputs(7235).0" is outside north or south abutment box side.
        (x:3618um, xAB: [0um:3120um])

[ERROR] Side.place(IoPin): Pin "outputs(7236).0" is outside north or south abutment box side.
        (x:3618.5um, xAB: [0um:3120um])

[ERROR] Side.place(IoPin): Pin "outputs(7237).0" is outside north or south abutment box side.
        (x:3619um, xAB: [0um:3120um])

[ERROR] Side.place(IoPin): Pin "outputs(7238).0" is outside north or south abutment box side.
        (x:3619.5um, xAB: [0um:3120um])

[ERROR] Side.place(IoPin): Pin "outputs(7239).0" is outside north or south abutment box side.
        (x:3620um, xAB: [0um:3120um])

[ERROR] Side.place(IoPin): Pin "outputs(7240).0" is outside north or south abutment box side.
        (x:3620.5um, xAB: [0um:3120um])

[ERROR] Side.place(IoPin): Pin "outputs(7241).0" is outside north or south abutment box side.
        (x:3621um, xAB: [0um:3120um])

[ERROR] Side.place(IoPin): Pin "outputs(7242).0" is outside north or south abutment box side.
        (x:3621.5um, xAB: [0um:3120um])

[ERROR] Side.place(IoPin): Pin "outputs(7243).0" is outside north or south abutment box side.
        (x:3622um, xAB: [0um:3120um])

[ERROR] Side.place(IoPin): Pin "outputs(7244).0" is outside north or south abutment box side.
        (x:3622.5um, xAB: [0um:3120um])

[ERROR] Side.place(IoPin): Pin "outputs(7245).0" is outside north or south abutment box side.
        (x:3623um, xAB: [0um:3120um])

[ERROR] Side.place(IoPin): Pin "outputs(7246).0" is outside north or south abutment box side.
        (x:3623.5um, xAB: [0um:3120um])

[ERROR] Side.place(IoPin): Pin "outputs(7247).0" is outside north or south abutment box side.
        (x:3624um, xAB: [0um:3120um])

[ERROR] Side.place(IoPin): Pin "outputs(7248).0" is outside north or south abutment box side.
        (x:3624.5um, xAB: [0um:3120um])

[ERROR] Side.place(IoPin): Pin "outputs(7249).0" is outside north or south abutment box side.
        (x:3625um, xAB: [0um:3120um])

[ERROR] Side.place(IoPin): Pin "outputs(7250).0" is outside north or south abutment box side.
        (x:3625.5um, xAB: [0um:3120um])

[ERROR] Side.place(IoPin): Pin "outputs(7251).0" is outside north or south abutment box side.
        (x:3626um, xAB: [0um:3120um])

[ERROR] Side.place(IoPin): Pin "outputs(7252).0" is outside north or south abutment box side.
        (x:3626.5um, xAB: [0um:3120um])

[ERROR] Side.place(IoPin): Pin "outputs(7253).0" is outside north or south abutment box side.
        (x:3627um, xAB: [0um:3120um])

[ERROR] Side.place(IoPin): Pin "outputs(7254).0" is outside north or south abutment box side.
        (x:3627.5um, xAB: [0um:3120um])

[ERROR] Side.place(IoPin): Pin "outputs(7255).0" is outside north or south abutment box side.
        (x:3628um, xAB: [0um:3120um])

[ERROR] Side.place(IoPin): Pin "outputs(7256).0" is outside north or south abutment box side.
        (x:3628.5um, xAB: [0um:3120um])

[ERROR] Side.place(IoPin): Pin "outputs(7257).0" is outside north or south abutment box side.
        (x:3629um, xAB: [0um:3120um])

[ERROR] Side.place(IoPin): Pin "outputs(7258).0" is outside north or south abutment box side.
        (x:3629.5um, xAB: [0um:3120um])

[ERROR] Side.place(IoPin): Pin "outputs(7259).0" is outside north or south abutment box side.
        (x:3630um, xAB: [0um:3120um])

[ERROR] Side.place(IoPin): Pin "outputs(7260).0" is outside north or south abutment box side.
        (x:3630.5um, xAB: [0um:3120um])

[ERROR] Side.place(IoPin): Pin "outputs(7261).0" is outside north or south abutment box side.
        (x:3631um, xAB: [0um:3120um])

[ERROR] Side.place(IoPin): Pin "outputs(7262).0" is outside north or south abutment box side.
        (x:3631.5um, xAB: [0um:3120um])

[ERROR] Side.place(IoPin): Pin "outputs(7263).0" is outside north or south abutment box side.
        (x:3632um, xAB: [0um:3120um])

[ERROR] Side.place(IoPin): Pin "outputs(7264).0" is outside north or south abutment box side.
        (x:3632.5um, xAB: [0um:3120um])

[ERROR] Side.place(IoPin): Pin "outputs(7265).0" is outside north or south abutment box side.
        (x:3633um, xAB: [0um:3120um])

[ERROR] Side.place(IoPin): Pin "outputs(7266).0" is outside north or south abutment box side.
        (x:3633.5um, xAB: [0um:3120um])

[ERROR] Side.place(IoPin): Pin "outputs(7267).0" is outside north or south abutment box side.
        (x:3634um, xAB: [0um:3120um])

[ERROR] Side.place(IoPin): Pin "outputs(7268).0" is outside north or south abutment box side.
        (x:3634.5um, xAB: [0um:3120um])

[ERROR] Side.place(IoPin): Pin "outputs(7269).0" is outside north or south abutment box side.
        (x:3635um, xAB: [0um:3120um])

[ERROR] Side.place(IoPin): Pin "outputs(7270).0" is outside north or south abutment box side.
        (x:3635.5um, xAB: [0um:3120um])

[ERROR] Side.place(IoPin): Pin "outputs(7271).0" is outside north or south abutment box side.
        (x:3636um, xAB: [0um:3120um])

[ERROR] Side.place(IoPin): Pin "outputs(7272).0" is outside north or south abutment box side.
        (x:3636.5um, xAB: [0um:3120um])

[ERROR] Side.place(IoPin): Pin "outputs(7273).0" is outside north or south abutment box side.
        (x:3637um, xAB: [0um:3120um])

[ERROR] Side.place(IoPin): Pin "outputs(7274).0" is outside north or south abutment box side.
        (x:3637.5um, xAB: [0um:3120um])

[ERROR] Side.place(IoPin): Pin "outputs(7275).0" is outside north or south abutment box side.
        (x:3638um, xAB: [0um:3120um])

[ERROR] Side.place(IoPin): Pin "outputs(7276).0" is outside north or south abutment box side.
        (x:3638.5um, xAB: [0um:3120um])

[ERROR] Side.place(IoPin): Pin "outputs(7277).0" is outside north or south abutment box side.
        (x:3639um, xAB: [0um:3120um])

[ERROR] Side.place(IoPin): Pin "outputs(7278).0" is outside north or south abutment box side.
        (x:3639.5um, xAB: [0um:3120um])

[ERROR] Side.place(IoPin): Pin "outputs(7279).0" is outside north or south abutment box side.
        (x:3640um, xAB: [0um:3120um])

[ERROR] Side.place(IoPin): Pin "outputs(7280).0" is outside north or south abutment box side.
        (x:3640.5um, xAB: [0um:3120um])

[ERROR] Side.place(IoPin): Pin "outputs(7281).0" is outside north or south abutment box side.
        (x:3641um, xAB: [0um:3120um])

[ERROR] Side.place(IoPin): Pin "outputs(7282).0" is outside north or south abutment box side.
        (x:3641.5um, xAB: [0um:3120um])

[ERROR] Side.place(IoPin): Pin "outputs(7283).0" is outside north or south abutment box side.
        (x:3642um, xAB: [0um:3120um])

[ERROR] Side.place(IoPin): Pin "outputs(7284).0" is outside north or south abutment box side.
        (x:3642.5um, xAB: [0um:3120um])

[ERROR] Side.place(IoPin): Pin "outputs(7285).0" is outside north or south abutment box side.
        (x:3643um, xAB: [0um:3120um])

[ERROR] Side.place(IoPin): Pin "outputs(7286).0" is outside north or south abutment box side.
        (x:3643.5um, xAB: [0um:3120um])

[ERROR] Side.place(IoPin): Pin "outputs(7287).0" is outside north or south abutment box side.
        (x:3644um, xAB: [0um:3120um])

[ERROR] Side.place(IoPin): Pin "outputs(7288).0" is outside north or south abutment box side.
        (x:3644.5um, xAB: [0um:3120um])

[ERROR] Side.place(IoPin): Pin "outputs(7289).0" is outside north or south abutment box side.
        (x:3645um, xAB: [0um:3120um])

[ERROR] Side.place(IoPin): Pin "outputs(7290).0" is outside north or south abutment box side.
        (x:3645.5um, xAB: [0um:3120um])

[ERROR] Side.place(IoPin): Pin "outputs(7291).0" is outside north or south abutment box side.
        (x:3646um, xAB: [0um:3120um])

[ERROR] Side.place(IoPin): Pin "outputs(7292).0" is outside north or south abutment box side.
        (x:3646.5um, xAB: [0um:3120um])

[ERROR] Side.place(IoPin): Pin "outputs(7293).0" is outside north or south abutment box side.
        (x:3647um, xAB: [0um:3120um])

[ERROR] Side.place(IoPin): Pin "outputs(7294).0" is outside north or south abutment box side.
        (x:3647.5um, xAB: [0um:3120um])

[ERROR] Side.place(IoPin): Pin "outputs(7295).0" is outside north or south abutment box side.
        (x:3648um, xAB: [0um:3120um])

[ERROR] Side.place(IoPin): Pin "outputs(7296).0" is outside north or south abutment box side.
        (x:3648.5um, xAB: [0um:3120um])

[ERROR] Side.place(IoPin): Pin "outputs(7297).0" is outside north or south abutment box side.
        (x:3649um, xAB: [0um:3120um])

[ERROR] Side.place(IoPin): Pin "outputs(7298).0" is outside north or south abutment box side.
        (x:3649.5um, xAB: [0um:3120um])

[ERROR] Side.place(IoPin): Pin "outputs(7299).0" is outside north or south abutment box side.
        (x:3650um, xAB: [0um:3120um])

[ERROR] Side.place(IoPin): Pin "outputs(7300).0" is outside north or south abutment box side.
        (x:3650.5um, xAB: [0um:3120um])

[ERROR] Side.place(IoPin): Pin "outputs(7301).0" is outside north or south abutment box side.
        (x:3651um, xAB: [0um:3120um])

[ERROR] Side.place(IoPin): Pin "outputs(7302).0" is outside north or south abutment box side.
        (x:3651.5um, xAB: [0um:3120um])

[ERROR] Side.place(IoPin): Pin "outputs(7303).0" is outside north or south abutment box side.
        (x:3652um, xAB: [0um:3120um])

[ERROR] Side.place(IoPin): Pin "outputs(7304).0" is outside north or south abutment box side.
        (x:3652.5um, xAB: [0um:3120um])

[ERROR] Side.place(IoPin): Pin "outputs(7305).0" is outside north or south abutment box side.
        (x:3653um, xAB: [0um:3120um])

[ERROR] Side.place(IoPin): Pin "outputs(7306).0" is outside north or south abutment box side.
        (x:3653.5um, xAB: [0um:3120um])

[ERROR] Side.place(IoPin): Pin "outputs(7307).0" is outside north or south abutment box side.
        (x:3654um, xAB: [0um:3120um])

[ERROR] Side.place(IoPin): Pin "outputs(7308).0" is outside north or south abutment box side.
        (x:3654.5um, xAB: [0um:3120um])

[ERROR] Side.place(IoPin): Pin "outputs(7309).0" is outside north or south abutment box side.
        (x:3655um, xAB: [0um:3120um])

[ERROR] Side.place(IoPin): Pin "outputs(7310).0" is outside north or south abutment box side.
        (x:3655.5um, xAB: [0um:3120um])

[ERROR] Side.place(IoPin): Pin "outputs(7311).0" is outside north or south abutment box side.
        (x:3656um, xAB: [0um:3120um])

[ERROR] Side.place(IoPin): Pin "outputs(7312).0" is outside north or south abutment box side.
        (x:3656.5um, xAB: [0um:3120um])

[ERROR] Side.place(IoPin): Pin "outputs(7313).0" is outside north or south abutment box side.
        (x:3657um, xAB: [0um:3120um])

[ERROR] Side.place(IoPin): Pin "outputs(7314).0" is outside north or south abutment box side.
        (x:3657.5um, xAB: [0um:3120um])

[ERROR] Side.place(IoPin): Pin "outputs(7315).0" is outside north or south abutment box side.
        (x:3658um, xAB: [0um:3120um])

[ERROR] Side.place(IoPin): Pin "outputs(7316).0" is outside north or south abutment box side.
        (x:3658.5um, xAB: [0um:3120um])

[ERROR] Side.place(IoPin): Pin "outputs(7317).0" is outside north or south abutment box side.
        (x:3659um, xAB: [0um:3120um])

[ERROR] Side.place(IoPin): Pin "outputs(7318).0" is outside north or south abutment box side.
        (x:3659.5um, xAB: [0um:3120um])

[ERROR] Side.place(IoPin): Pin "outputs(7319).0" is outside north or south abutment box side.
        (x:3660um, xAB: [0um:3120um])

[ERROR] Side.place(IoPin): Pin "outputs(7320).0" is outside north or south abutment box side.
        (x:3660.5um, xAB: [0um:3120um])

[ERROR] Side.place(IoPin): Pin "outputs(7321).0" is outside north or south abutment box side.
        (x:3661um, xAB: [0um:3120um])

[ERROR] Side.place(IoPin): Pin "outputs(7322).0" is outside north or south abutment box side.
        (x:3661.5um, xAB: [0um:3120um])

[ERROR] Side.place(IoPin): Pin "outputs(7323).0" is outside north or south abutment box side.
        (x:3662um, xAB: [0um:3120um])

[ERROR] Side.place(IoPin): Pin "outputs(7324).0" is outside north or south abutment box side.
        (x:3662.5um, xAB: [0um:3120um])

[ERROR] Side.place(IoPin): Pin "outputs(7325).0" is outside north or south abutment box side.
        (x:3663um, xAB: [0um:3120um])

[ERROR] Side.place(IoPin): Pin "outputs(7326).0" is outside north or south abutment box side.
        (x:3663.5um, xAB: [0um:3120um])

[ERROR] Side.place(IoPin): Pin "outputs(7327).0" is outside north or south abutment box side.
        (x:3664um, xAB: [0um:3120um])

[ERROR] Side.place(IoPin): Pin "outputs(7328).0" is outside north or south abutment box side.
        (x:3664.5um, xAB: [0um:3120um])

[ERROR] Side.place(IoPin): Pin "outputs(7329).0" is outside north or south abutment box side.
        (x:3665um, xAB: [0um:3120um])

[ERROR] Side.place(IoPin): Pin "outputs(7330).0" is outside north or south abutment box side.
        (x:3665.5um, xAB: [0um:3120um])

[ERROR] Side.place(IoPin): Pin "outputs(7331).0" is outside north or south abutment box side.
        (x:3666um, xAB: [0um:3120um])

[ERROR] Side.place(IoPin): Pin "outputs(7332).0" is outside north or south abutment box side.
        (x:3666.5um, xAB: [0um:3120um])

[ERROR] Side.place(IoPin): Pin "outputs(7333).0" is outside north or south abutment box side.
        (x:3667um, xAB: [0um:3120um])

[ERROR] Side.place(IoPin): Pin "outputs(7334).0" is outside north or south abutment box side.
        (x:3667.5um, xAB: [0um:3120um])

[ERROR] Side.place(IoPin): Pin "outputs(7335).0" is outside north or south abutment box side.
        (x:3668um, xAB: [0um:3120um])

[ERROR] Side.place(IoPin): Pin "outputs(7336).0" is outside north or south abutment box side.
        (x:3668.5um, xAB: [0um:3120um])

[ERROR] Side.place(IoPin): Pin "outputs(7337).0" is outside north or south abutment box side.
        (x:3669um, xAB: [0um:3120um])

[ERROR] Side.place(IoPin): Pin "outputs(7338).0" is outside north or south abutment box side.
        (x:3669.5um, xAB: [0um:3120um])

[ERROR] Side.place(IoPin): Pin "outputs(7339).0" is outside north or south abutment box side.
        (x:3670um, xAB: [0um:3120um])

[ERROR] Side.place(IoPin): Pin "outputs(7340).0" is outside north or south abutment box side.
        (x:3670.5um, xAB: [0um:3120um])

[ERROR] Side.place(IoPin): Pin "outputs(7341).0" is outside north or south abutment box side.
        (x:3671um, xAB: [0um:3120um])

[ERROR] Side.place(IoPin): Pin "outputs(7342).0" is outside north or south abutment box side.
        (x:3671.5um, xAB: [0um:3120um])

[ERROR] Side.place(IoPin): Pin "outputs(7343).0" is outside north or south abutment box side.
        (x:3672um, xAB: [0um:3120um])

[ERROR] Side.place(IoPin): Pin "outputs(7344).0" is outside north or south abutment box side.
        (x:3672.5um, xAB: [0um:3120um])

[ERROR] Side.place(IoPin): Pin "outputs(7345).0" is outside north or south abutment box side.
        (x:3673um, xAB: [0um:3120um])

[ERROR] Side.place(IoPin): Pin "outputs(7346).0" is outside north or south abutment box side.
        (x:3673.5um, xAB: [0um:3120um])

[ERROR] Side.place(IoPin): Pin "outputs(7347).0" is outside north or south abutment box side.
        (x:3674um, xAB: [0um:3120um])

[ERROR] Side.place(IoPin): Pin "outputs(7348).0" is outside north or south abutment box side.
        (x:3674.5um, xAB: [0um:3120um])

[ERROR] Side.place(IoPin): Pin "outputs(7349).0" is outside north or south abutment box side.
        (x:3675um, xAB: [0um:3120um])

[ERROR] Side.place(IoPin): Pin "outputs(7350).0" is outside north or south abutment box side.
        (x:3675.5um, xAB: [0um:3120um])

[ERROR] Side.place(IoPin): Pin "outputs(7351).0" is outside north or south abutment box side.
        (x:3676um, xAB: [0um:3120um])

[ERROR] Side.place(IoPin): Pin "outputs(7352).0" is outside north or south abutment box side.
        (x:3676.5um, xAB: [0um:3120um])

[ERROR] Side.place(IoPin): Pin "outputs(7353).0" is outside north or south abutment box side.
        (x:3677um, xAB: [0um:3120um])

[ERROR] Side.place(IoPin): Pin "outputs(7354).0" is outside north or south abutment box side.
        (x:3677.5um, xAB: [0um:3120um])

[ERROR] Side.place(IoPin): Pin "outputs(7355).0" is outside north or south abutment box side.
        (x:3678um, xAB: [0um:3120um])

[ERROR] Side.place(IoPin): Pin "outputs(7356).0" is outside north or south abutment box side.
        (x:3678.5um, xAB: [0um:3120um])

[ERROR] Side.place(IoPin): Pin "outputs(7357).0" is outside north or south abutment box side.
        (x:3679um, xAB: [0um:3120um])

[ERROR] Side.place(IoPin): Pin "outputs(7358).0" is outside north or south abutment box side.
        (x:3679.5um, xAB: [0um:3120um])

[ERROR] Side.place(IoPin): Pin "outputs(7359).0" is outside north or south abutment box side.
        (x:3680um, xAB: [0um:3120um])

[ERROR] Side.place(IoPin): Pin "outputs(7360).0" is outside north or south abutment box side.
        (x:3680.5um, xAB: [0um:3120um])

[ERROR] Side.place(IoPin): Pin "outputs(7361).0" is outside north or south abutment box side.
        (x:3681um, xAB: [0um:3120um])

[ERROR] Side.place(IoPin): Pin "outputs(7362).0" is outside north or south abutment box side.
        (x:3681.5um, xAB: [0um:3120um])

[ERROR] Side.place(IoPin): Pin "outputs(7363).0" is outside north or south abutment box side.
        (x:3682um, xAB: [0um:3120um])

[ERROR] Side.place(IoPin): Pin "outputs(7364).0" is outside north or south abutment box side.
        (x:3682.5um, xAB: [0um:3120um])

[ERROR] Side.place(IoPin): Pin "outputs(7365).0" is outside north or south abutment box side.
        (x:3683um, xAB: [0um:3120um])

[ERROR] Side.place(IoPin): Pin "outputs(7366).0" is outside north or south abutment box side.
        (x:3683.5um, xAB: [0um:3120um])

[ERROR] Side.place(IoPin): Pin "outputs(7367).0" is outside north or south abutment box side.
        (x:3684um, xAB: [0um:3120um])

[ERROR] Side.place(IoPin): Pin "outputs(7368).0" is outside north or south abutment box side.
        (x:3684.5um, xAB: [0um:3120um])

[ERROR] Side.place(IoPin): Pin "outputs(7369).0" is outside north or south abutment box side.
        (x:3685um, xAB: [0um:3120um])

[ERROR] Side.place(IoPin): Pin "outputs(7370).0" is outside north or south abutment box side.
        (x:3685.5um, xAB: [0um:3120um])

[ERROR] Side.place(IoPin): Pin "outputs(7371).0" is outside north or south abutment box side.
        (x:3686um, xAB: [0um:3120um])

[ERROR] Side.place(IoPin): Pin "outputs(7372).0" is outside north or south abutment box side.
        (x:3686.5um, xAB: [0um:3120um])

[ERROR] Side.place(IoPin): Pin "outputs(7373).0" is outside north or south abutment box side.
        (x:3687um, xAB: [0um:3120um])

[ERROR] Side.place(IoPin): Pin "outputs(7374).0" is outside north or south abutment box side.
        (x:3687.5um, xAB: [0um:3120um])

[ERROR] Side.place(IoPin): Pin "outputs(7375).0" is outside north or south abutment box side.
        (x:3688um, xAB: [0um:3120um])

[ERROR] Side.place(IoPin): Pin "outputs(7376).0" is outside north or south abutment box side.
        (x:3688.5um, xAB: [0um:3120um])

[ERROR] Side.place(IoPin): Pin "outputs(7377).0" is outside north or south abutment box side.
        (x:3689um, xAB: [0um:3120um])

[ERROR] Side.place(IoPin): Pin "outputs(7378).0" is outside north or south abutment box side.
        (x:3689.5um, xAB: [0um:3120um])

[ERROR] Side.place(IoPin): Pin "outputs(7379).0" is outside north or south abutment box side.
        (x:3690um, xAB: [0um:3120um])

[ERROR] Side.place(IoPin): Pin "outputs(7380).0" is outside north or south abutment box side.
        (x:3690.5um, xAB: [0um:3120um])

[ERROR] Side.place(IoPin): Pin "outputs(7381).0" is outside north or south abutment box side.
        (x:3691um, xAB: [0um:3120um])

[ERROR] Side.place(IoPin): Pin "outputs(7382).0" is outside north or south abutment box side.
        (x:3691.5um, xAB: [0um:3120um])

[ERROR] Side.place(IoPin): Pin "outputs(7383).0" is outside north or south abutment box side.
        (x:3692um, xAB: [0um:3120um])

[ERROR] Side.place(IoPin): Pin "outputs(7384).0" is outside north or south abutment box side.
        (x:3692.5um, xAB: [0um:3120um])

[ERROR] Side.place(IoPin): Pin "outputs(7385).0" is outside north or south abutment box side.
        (x:3693um, xAB: [0um:3120um])

[ERROR] Side.place(IoPin): Pin "outputs(7386).0" is outside north or south abutment box side.
        (x:3693.5um, xAB: [0um:3120um])

[ERROR] Side.place(IoPin): Pin "outputs(7387).0" is outside north or south abutment box side.
        (x:3694um, xAB: [0um:3120um])

[ERROR] Side.place(IoPin): Pin "outputs(7388).0" is outside north or south abutment box side.
        (x:3694.5um, xAB: [0um:3120um])

[ERROR] Side.place(IoPin): Pin "outputs(7389).0" is outside north or south abutment box side.
        (x:3695um, xAB: [0um:3120um])

[ERROR] Side.place(IoPin): Pin "outputs(7390).0" is outside north or south abutment box side.
        (x:3695.5um, xAB: [0um:3120um])

[ERROR] Side.place(IoPin): Pin "outputs(7391).0" is outside north or south abutment box side.
        (x:3696um, xAB: [0um:3120um])

[ERROR] Side.place(IoPin): Pin "outputs(7392).0" is outside north or south abutment box side.
        (x:3696.5um, xAB: [0um:3120um])

[ERROR] Side.place(IoPin): Pin "outputs(7393).0" is outside north or south abutment box side.
        (x:3697um, xAB: [0um:3120um])

[ERROR] Side.place(IoPin): Pin "outputs(7394).0" is outside north or south abutment box side.
        (x:3697.5um, xAB: [0um:3120um])

[ERROR] Side.place(IoPin): Pin "outputs(7395).0" is outside north or south abutment box side.
        (x:3698um, xAB: [0um:3120um])

[ERROR] Side.place(IoPin): Pin "outputs(7396).0" is outside north or south abutment box side.
        (x:3698.5um, xAB: [0um:3120um])

[ERROR] Side.place(IoPin): Pin "outputs(7397).0" is outside north or south abutment box side.
        (x:3699um, xAB: [0um:3120um])

[ERROR] Side.place(IoPin): Pin "outputs(7398).0" is outside north or south abutment box side.
        (x:3699.5um, xAB: [0um:3120um])

[ERROR] Side.place(IoPin): Pin "outputs(7399).0" is outside north or south abutment box side.
        (x:3700um, xAB: [0um:3120um])

[ERROR] Side.place(IoPin): Pin "outputs(7400).0" is outside north or south abutment box side.
        (x:3700.5um, xAB: [0um:3120um])

[ERROR] Side.place(IoPin): Pin "outputs(7401).0" is outside north or south abutment box side.
        (x:3701um, xAB: [0um:3120um])

[ERROR] Side.place(IoPin): Pin "outputs(7402).0" is outside north or south abutment box side.
        (x:3701.5um, xAB: [0um:3120um])

[ERROR] Side.place(IoPin): Pin "outputs(7403).0" is outside north or south abutment box side.
        (x:3702um, xAB: [0um:3120um])

[ERROR] Side.place(IoPin): Pin "outputs(7404).0" is outside north or south abutment box side.
        (x:3702.5um, xAB: [0um:3120um])

[ERROR] Side.place(IoPin): Pin "outputs(7405).0" is outside north or south abutment box side.
        (x:3703um, xAB: [0um:3120um])

[ERROR] Side.place(IoPin): Pin "outputs(7406).0" is outside north or south abutment box side.
        (x:3703.5um, xAB: [0um:3120um])

[ERROR] Side.place(IoPin): Pin "outputs(7407).0" is outside north or south abutment box side.
        (x:3704um, xAB: [0um:3120um])

[ERROR] Side.place(IoPin): Pin "outputs(7408).0" is outside north or south abutment box side.
        (x:3704.5um, xAB: [0um:3120um])

[ERROR] Side.place(IoPin): Pin "outputs(7409).0" is outside north or south abutment box side.
        (x:3705um, xAB: [0um:3120um])

[ERROR] Side.place(IoPin): Pin "outputs(7410).0" is outside north or south abutment box side.
        (x:3705.5um, xAB: [0um:3120um])

[ERROR] Side.place(IoPin): Pin "outputs(7411).0" is outside north or south abutment box side.
        (x:3706um, xAB: [0um:3120um])

[ERROR] Side.place(IoPin): Pin "outputs(7412).0" is outside north or south abutment box side.
        (x:3706.5um, xAB: [0um:3120um])

[ERROR] Side.place(IoPin): Pin "outputs(7413).0" is outside north or south abutment box side.
        (x:3707um, xAB: [0um:3120um])

[ERROR] Side.place(IoPin): Pin "outputs(7414).0" is outside north or south abutment box side.
        (x:3707.5um, xAB: [0um:3120um])

[ERROR] Side.place(IoPin): Pin "outputs(7415).0" is outside north or south abutment box side.
        (x:3708um, xAB: [0um:3120um])

[ERROR] Side.place(IoPin): Pin "outputs(7416).0" is outside north or south abutment box side.
        (x:3708.5um, xAB: [0um:3120um])

[ERROR] Side.place(IoPin): Pin "outputs(7417).0" is outside north or south abutment box side.
        (x:3709um, xAB: [0um:3120um])

[ERROR] Side.place(IoPin): Pin "outputs(7418).0" is outside north or south abutment box side.
        (x:3709.5um, xAB: [0um:3120um])

[ERROR] Side.place(IoPin): Pin "outputs(7419).0" is outside north or south abutment box side.
        (x:3710um, xAB: [0um:3120um])

[ERROR] Side.place(IoPin): Pin "outputs(7420).0" is outside north or south abutment box side.
        (x:3710.5um, xAB: [0um:3120um])

[ERROR] Side.place(IoPin): Pin "outputs(7421).0" is outside north or south abutment box side.
        (x:3711um, xAB: [0um:3120um])

[ERROR] Side.place(IoPin): Pin "outputs(7422).0" is outside north or south abutment box side.
        (x:3711.5um, xAB: [0um:3120um])

[ERROR] Side.place(IoPin): Pin "outputs(7423).0" is outside north or south abutment box side.
        (x:3712um, xAB: [0um:3120um])

[ERROR] Side.place(IoPin): Pin "outputs(7424).0" is outside north or south abutment box side.
        (x:3712.5um, xAB: [0um:3120um])

[ERROR] Side.place(IoPin): Pin "outputs(7425).0" is outside north or south abutment box side.
        (x:3713um, xAB: [0um:3120um])

[ERROR] Side.place(IoPin): Pin "outputs(7426).0" is outside north or south abutment box side.
        (x:3713.5um, xAB: [0um:3120um])

[ERROR] Side.place(IoPin): Pin "outputs(7427).0" is outside north or south abutment box side.
        (x:3714um, xAB: [0um:3120um])

[ERROR] Side.place(IoPin): Pin "outputs(7428).0" is outside north or south abutment box side.
        (x:3714.5um, xAB: [0um:3120um])

[ERROR] Side.place(IoPin): Pin "outputs(7429).0" is outside north or south abutment box side.
        (x:3715um, xAB: [0um:3120um])

[ERROR] Side.place(IoPin): Pin "outputs(7430).0" is outside north or south abutment box side.
        (x:3715.5um, xAB: [0um:3120um])

[ERROR] Side.place(IoPin): Pin "outputs(7431).0" is outside north or south abutment box side.
        (x:3716um, xAB: [0um:3120um])

[ERROR] Side.place(IoPin): Pin "outputs(7432).0" is outside north or south abutment box side.
        (x:3716.5um, xAB: [0um:3120um])

[ERROR] Side.place(IoPin): Pin "outputs(7433).0" is outside north or south abutment box side.
        (x:3717um, xAB: [0um:3120um])

[ERROR] Side.place(IoPin): Pin "outputs(7434).0" is outside north or south abutment box side.
        (x:3717.5um, xAB: [0um:3120um])

[ERROR] Side.place(IoPin): Pin "outputs(7435).0" is outside north or south abutment box side.
        (x:3718um, xAB: [0um:3120um])

[ERROR] Side.place(IoPin): Pin "outputs(7436).0" is outside north or south abutment box side.
        (x:3718.5um, xAB: [0um:3120um])

[ERROR] Side.place(IoPin): Pin "outputs(7437).0" is outside north or south abutment box side.
        (x:3719um, xAB: [0um:3120um])

[ERROR] Side.place(IoPin): Pin "outputs(7438).0" is outside north or south abutment box side.
        (x:3719.5um, xAB: [0um:3120um])

[ERROR] Side.place(IoPin): Pin "outputs(7439).0" is outside north or south abutment box side.
        (x:3720um, xAB: [0um:3120um])

[ERROR] Side.place(IoPin): Pin "outputs(7440).0" is outside north or south abutment box side.
        (x:3720.5um, xAB: [0um:3120um])

[ERROR] Side.place(IoPin): Pin "outputs(7441).0" is outside north or south abutment box side.
        (x:3721um, xAB: [0um:3120um])

[ERROR] Side.place(IoPin): Pin "outputs(7442).0" is outside north or south abutment box side.
        (x:3721.5um, xAB: [0um:3120um])

[ERROR] Side.place(IoPin): Pin "outputs(7443).0" is outside north or south abutment box side.
        (x:3722um, xAB: [0um:3120um])

[ERROR] Side.place(IoPin): Pin "outputs(7444).0" is outside north or south abutment box side.
        (x:3722.5um, xAB: [0um:3120um])

[ERROR] Side.place(IoPin): Pin "outputs(7445).0" is outside north or south abutment box side.
        (x:3723um, xAB: [0um:3120um])

[ERROR] Side.place(IoPin): Pin "outputs(7446).0" is outside north or south abutment box side.
        (x:3723.5um, xAB: [0um:3120um])

[ERROR] Side.place(IoPin): Pin "outputs(7447).0" is outside north or south abutment box side.
        (x:3724um, xAB: [0um:3120um])

[ERROR] Side.place(IoPin): Pin "outputs(7448).0" is outside north or south abutment box side.
        (x:3724.5um, xAB: [0um:3120um])

[ERROR] Side.place(IoPin): Pin "outputs(7449).0" is outside north or south abutment box side.
        (x:3725um, xAB: [0um:3120um])

[ERROR] Side.place(IoPin): Pin "outputs(7450).0" is outside north or south abutment box side.
        (x:3725.5um, xAB: [0um:3120um])

[ERROR] Side.place(IoPin): Pin "outputs(7451).0" is outside north or south abutment box side.
        (x:3726um, xAB: [0um:3120um])

[ERROR] Side.place(IoPin): Pin "outputs(7452).0" is outside north or south abutment box side.
        (x:3726.5um, xAB: [0um:3120um])

[ERROR] Side.place(IoPin): Pin "outputs(7453).0" is outside north or south abutment box side.
        (x:3727um, xAB: [0um:3120um])

[ERROR] Side.place(IoPin): Pin "outputs(7454).0" is outside north or south abutment box side.
        (x:3727.5um, xAB: [0um:3120um])

[ERROR] Side.place(IoPin): Pin "outputs(7455).0" is outside north or south abutment box side.
        (x:3728um, xAB: [0um:3120um])

[ERROR] Side.place(IoPin): Pin "outputs(7456).0" is outside north or south abutment box side.
        (x:3728.5um, xAB: [0um:3120um])

[ERROR] Side.place(IoPin): Pin "outputs(7457).0" is outside north or south abutment box side.
        (x:3729um, xAB: [0um:3120um])

[ERROR] Side.place(IoPin): Pin "outputs(7458).0" is outside north or south abutment box side.
        (x:3729.5um, xAB: [0um:3120um])

[ERROR] Side.place(IoPin): Pin "outputs(7459).0" is outside north or south abutment box side.
        (x:3730um, xAB: [0um:3120um])

[ERROR] Side.place(IoPin): Pin "outputs(7460).0" is outside north or south abutment box side.
        (x:3730.5um, xAB: [0um:3120um])

[ERROR] Side.place(IoPin): Pin "outputs(7461).0" is outside north or south abutment box side.
        (x:3731um, xAB: [0um:3120um])

[ERROR] Side.place(IoPin): Pin "outputs(7462).0" is outside north or south abutment box side.
        (x:3731.5um, xAB: [0um:3120um])

[ERROR] Side.place(IoPin): Pin "outputs(7463).0" is outside north or south abutment box side.
        (x:3732um, xAB: [0um:3120um])

[ERROR] Side.place(IoPin): Pin "outputs(7464).0" is outside north or south abutment box side.
        (x:3732.5um, xAB: [0um:3120um])

[ERROR] Side.place(IoPin): Pin "outputs(7465).0" is outside north or south abutment box side.
        (x:3733um, xAB: [0um:3120um])

[ERROR] Side.place(IoPin): Pin "outputs(7466).0" is outside north or south abutment box side.
        (x:3733.5um, xAB: [0um:3120um])

[ERROR] Side.place(IoPin): Pin "outputs(7467).0" is outside north or south abutment box side.
        (x:3734um, xAB: [0um:3120um])

[ERROR] Side.place(IoPin): Pin "outputs(7468).0" is outside north or south abutment box side.
        (x:3734.5um, xAB: [0um:3120um])

[ERROR] Side.place(IoPin): Pin "outputs(7469).0" is outside north or south abutment box side.
        (x:3735um, xAB: [0um:3120um])

[ERROR] Side.place(IoPin): Pin "outputs(7470).0" is outside north or south abutment box side.
        (x:3735.5um, xAB: [0um:3120um])

[ERROR] Side.place(IoPin): Pin "outputs(7471).0" is outside north or south abutment box side.
        (x:3736um, xAB: [0um:3120um])

[ERROR] Side.place(IoPin): Pin "outputs(7472).0" is outside north or south abutment box side.
        (x:3736.5um, xAB: [0um:3120um])

[ERROR] Side.place(IoPin): Pin "outputs(7473).0" is outside north or south abutment box side.
        (x:3737um, xAB: [0um:3120um])

[ERROR] Side.place(IoPin): Pin "outputs(7474).0" is outside north or south abutment box side.
        (x:3737.5um, xAB: [0um:3120um])

[ERROR] Side.place(IoPin): Pin "outputs(7475).0" is outside north or south abutment box side.
        (x:3738um, xAB: [0um:3120um])

[ERROR] Side.place(IoPin): Pin "outputs(7476).0" is outside north or south abutment box side.
        (x:3738.5um, xAB: [0um:3120um])

[ERROR] Side.place(IoPin): Pin "outputs(7477).0" is outside north or south abutment box side.
        (x:3739um, xAB: [0um:3120um])

[ERROR] Side.place(IoPin): Pin "outputs(7478).0" is outside north or south abutment box side.
        (x:3739.5um, xAB: [0um:3120um])

[ERROR] Side.place(IoPin): Pin "outputs(7479).0" is outside north or south abutment box side.
        (x:3740um, xAB: [0um:3120um])

[ERROR] Side.place(IoPin): Pin "outputs(7480).0" is outside north or south abutment box side.
        (x:3740.5um, xAB: [0um:3120um])

[ERROR] Side.place(IoPin): Pin "outputs(7481).0" is outside north or south abutment box side.
        (x:3741um, xAB: [0um:3120um])

[ERROR] Side.place(IoPin): Pin "outputs(7482).0" is outside north or south abutment box side.
        (x:3741.5um, xAB: [0um:3120um])

[ERROR] Side.place(IoPin): Pin "outputs(7483).0" is outside north or south abutment box side.
        (x:3742um, xAB: [0um:3120um])

[ERROR] Side.place(IoPin): Pin "outputs(7484).0" is outside north or south abutment box side.
        (x:3742.5um, xAB: [0um:3120um])

[ERROR] Side.place(IoPin): Pin "outputs(7485).0" is outside north or south abutment box side.
        (x:3743um, xAB: [0um:3120um])

[ERROR] Side.place(IoPin): Pin "outputs(7486).0" is outside north or south abutment box side.
        (x:3743.5um, xAB: [0um:3120um])

[ERROR] Side.place(IoPin): Pin "outputs(7487).0" is outside north or south abutment box side.
        (x:3744um, xAB: [0um:3120um])

[ERROR] Side.place(IoPin): Pin "outputs(7488).0" is outside north or south abutment box side.
        (x:3744.5um, xAB: [0um:3120um])

[ERROR] Side.place(IoPin): Pin "outputs(7489).0" is outside north or south abutment box side.
        (x:3745um, xAB: [0um:3120um])

[ERROR] Side.place(IoPin): Pin "outputs(7490).0" is outside north or south abutment box side.
        (x:3745.5um, xAB: [0um:3120um])

[ERROR] Side.place(IoPin): Pin "outputs(7491).0" is outside north or south abutment box side.
        (x:3746um, xAB: [0um:3120um])

[ERROR] Side.place(IoPin): Pin "outputs(7492).0" is outside north or south abutment box side.
        (x:3746.5um, xAB: [0um:3120um])

[ERROR] Side.place(IoPin): Pin "outputs(7493).0" is outside north or south abutment box side.
        (x:3747um, xAB: [0um:3120um])

[ERROR] Side.place(IoPin): Pin "outputs(7494).0" is outside north or south abutment box side.
        (x:3747.5um, xAB: [0um:3120um])

[ERROR] Side.place(IoPin): Pin "outputs(7495).0" is outside north or south abutment box side.
        (x:3748um, xAB: [0um:3120um])

[ERROR] Side.place(IoPin): Pin "outputs(7496).0" is outside north or south abutment box side.
        (x:3748.5um, xAB: [0um:3120um])

[ERROR] Side.place(IoPin): Pin "outputs(7497).0" is outside north or south abutment box side.
        (x:3749um, xAB: [0um:3120um])

[ERROR] Side.place(IoPin): Pin "outputs(7498).0" is outside north or south abutment box side.
        (x:3749.5um, xAB: [0um:3120um])

[ERROR] Side.place(IoPin): Pin "outputs(7499).0" is outside north or south abutment box side.
        (x:3750um, xAB: [0um:3120um])

[ERROR] Side.place(IoPin): Pin "outputs(7500).0" is outside north or south abutment box side.
        (x:3750.5um, xAB: [0um:3120um])

[ERROR] Side.place(IoPin): Pin "outputs(7501).0" is outside north or south abutment box side.
        (x:3751um, xAB: [0um:3120um])

[ERROR] Side.place(IoPin): Pin "outputs(7502).0" is outside north or south abutment box side.
        (x:3751.5um, xAB: [0um:3120um])

[ERROR] Side.place(IoPin): Pin "outputs(7503).0" is outside north or south abutment box side.
        (x:3752um, xAB: [0um:3120um])

[ERROR] Side.place(IoPin): Pin "outputs(7504).0" is outside north or south abutment box side.
        (x:3752.5um, xAB: [0um:3120um])

[ERROR] Side.place(IoPin): Pin "outputs(7505).0" is outside north or south abutment box side.
        (x:3753um, xAB: [0um:3120um])

[ERROR] Side.place(IoPin): Pin "outputs(7506).0" is outside north or south abutment box side.
        (x:3753.5um, xAB: [0um:3120um])

[ERROR] Side.place(IoPin): Pin "outputs(7507).0" is outside north or south abutment box side.
        (x:3754um, xAB: [0um:3120um])

[ERROR] Side.place(IoPin): Pin "outputs(7508).0" is outside north or south abutment box side.
        (x:3754.5um, xAB: [0um:3120um])

[ERROR] Side.place(IoPin): Pin "outputs(7509).0" is outside north or south abutment box side.
        (x:3755um, xAB: [0um:3120um])

[ERROR] Side.place(IoPin): Pin "outputs(7510).0" is outside north or south abutment box side.
        (x:3755.5um, xAB: [0um:3120um])

[ERROR] Side.place(IoPin): Pin "outputs(7511).0" is outside north or south abutment box side.
        (x:3756um, xAB: [0um:3120um])

[ERROR] Side.place(IoPin): Pin "outputs(7512).0" is outside north or south abutment box side.
        (x:3756.5um, xAB: [0um:3120um])

[ERROR] Side.place(IoPin): Pin "outputs(7513).0" is outside north or south abutment box side.
        (x:3757um, xAB: [0um:3120um])

[ERROR] Side.place(IoPin): Pin "outputs(7514).0" is outside north or south abutment box side.
        (x:3757.5um, xAB: [0um:3120um])

[ERROR] Side.place(IoPin): Pin "outputs(7515).0" is outside north or south abutment box side.
        (x:3758um, xAB: [0um:3120um])

[ERROR] Side.place(IoPin): Pin "outputs(7516).0" is outside north or south abutment box side.
        (x:3758.5um, xAB: [0um:3120um])

[ERROR] Side.place(IoPin): Pin "outputs(7517).0" is outside north or south abutment box side.
        (x:3759um, xAB: [0um:3120um])

[ERROR] Side.place(IoPin): Pin "outputs(7518).0" is outside north or south abutment box side.
        (x:3759.5um, xAB: [0um:3120um])

[ERROR] Side.place(IoPin): Pin "outputs(7519).0" is outside north or south abutment box side.
        (x:3760um, xAB: [0um:3120um])

[ERROR] Side.place(IoPin): Pin "outputs(7520).0" is outside north or south abutment box side.
        (x:3760.5um, xAB: [0um:3120um])

[ERROR] Side.place(IoPin): Pin "outputs(7521).0" is outside north or south abutment box side.
        (x:3761um, xAB: [0um:3120um])

[ERROR] Side.place(IoPin): Pin "outputs(7522).0" is outside north or south abutment box side.
        (x:3761.5um, xAB: [0um:3120um])

[ERROR] Side.place(IoPin): Pin "outputs(7523).0" is outside north or south abutment box side.
        (x:3762um, xAB: [0um:3120um])

[ERROR] Side.place(IoPin): Pin "outputs(7524).0" is outside north or south abutment box side.
        (x:3762.5um, xAB: [0um:3120um])

[ERROR] Side.place(IoPin): Pin "outputs(7525).0" is outside north or south abutment box side.
        (x:3763um, xAB: [0um:3120um])

[ERROR] Side.place(IoPin): Pin "outputs(7526).0" is outside north or south abutment box side.
        (x:3763.5um, xAB: [0um:3120um])

[ERROR] Side.place(IoPin): Pin "outputs(7527).0" is outside north or south abutment box side.
        (x:3764um, xAB: [0um:3120um])

[ERROR] Side.place(IoPin): Pin "outputs(7528).0" is outside north or south abutment box side.
        (x:3764.5um, xAB: [0um:3120um])

[ERROR] Side.place(IoPin): Pin "outputs(7529).0" is outside north or south abutment box side.
        (x:3765um, xAB: [0um:3120um])

[ERROR] Side.place(IoPin): Pin "outputs(7530).0" is outside north or south abutment box side.
        (x:3765.5um, xAB: [0um:3120um])

[ERROR] Side.place(IoPin): Pin "outputs(7531).0" is outside north or south abutment box side.
        (x:3766um, xAB: [0um:3120um])

[ERROR] Side.place(IoPin): Pin "outputs(7532).0" is outside north or south abutment box side.
        (x:3766.5um, xAB: [0um:3120um])

[ERROR] Side.place(IoPin): Pin "outputs(7533).0" is outside north or south abutment box side.
        (x:3767um, xAB: [0um:3120um])

[ERROR] Side.place(IoPin): Pin "outputs(7534).0" is outside north or south abutment box side.
        (x:3767.5um, xAB: [0um:3120um])

[ERROR] Side.place(IoPin): Pin "outputs(7535).0" is outside north or south abutment box side.
        (x:3768um, xAB: [0um:3120um])

[ERROR] Side.place(IoPin): Pin "outputs(7536).0" is outside north or south abutment box side.
        (x:3768.5um, xAB: [0um:3120um])

[ERROR] Side.place(IoPin): Pin "outputs(7537).0" is outside north or south abutment box side.
        (x:3769um, xAB: [0um:3120um])

[ERROR] Side.place(IoPin): Pin "outputs(7538).0" is outside north or south abutment box side.
        (x:3769.5um, xAB: [0um:3120um])

[ERROR] Side.place(IoPin): Pin "outputs(7539).0" is outside north or south abutment box side.
        (x:3770um, xAB: [0um:3120um])

[ERROR] Side.place(IoPin): Pin "outputs(7540).0" is outside north or south abutment box side.
        (x:3770.5um, xAB: [0um:3120um])

[ERROR] Side.place(IoPin): Pin "outputs(7541).0" is outside north or south abutment box side.
        (x:3771um, xAB: [0um:3120um])

[ERROR] Side.place(IoPin): Pin "outputs(7542).0" is outside north or south abutment box side.
        (x:3771.5um, xAB: [0um:3120um])

[ERROR] Side.place(IoPin): Pin "outputs(7543).0" is outside north or south abutment box side.
        (x:3772um, xAB: [0um:3120um])

[ERROR] Side.place(IoPin): Pin "outputs(7544).0" is outside north or south abutment box side.
        (x:3772.5um, xAB: [0um:3120um])

[ERROR] Side.place(IoPin): Pin "outputs(7545).0" is outside north or south abutment box side.
        (x:3773um, xAB: [0um:3120um])

[ERROR] Side.place(IoPin): Pin "outputs(7546).0" is outside north or south abutment box side.
        (x:3773.5um, xAB: [0um:3120um])

[ERROR] Side.place(IoPin): Pin "outputs(7547).0" is outside north or south abutment box side.
        (x:3774um, xAB: [0um:3120um])

[ERROR] Side.place(IoPin): Pin "outputs(7548).0" is outside north or south abutment box side.
        (x:3774.5um, xAB: [0um:3120um])

[ERROR] Side.place(IoPin): Pin "outputs(7549).0" is outside north or south abutment box side.
        (x:3775um, xAB: [0um:3120um])

[ERROR] Side.place(IoPin): Pin "outputs(7550).0" is outside north or south abutment box side.
        (x:3775.5um, xAB: [0um:3120um])

[ERROR] Side.place(IoPin): Pin "outputs(7551).0" is outside north or south abutment box side.
        (x:3776um, xAB: [0um:3120um])

[ERROR] Side.place(IoPin): Pin "outputs(7552).0" is outside north or south abutment box side.
        (x:3776.5um, xAB: [0um:3120um])

[ERROR] Side.place(IoPin): Pin "outputs(7553).0" is outside north or south abutment box side.
        (x:3777um, xAB: [0um:3120um])

[ERROR] Side.place(IoPin): Pin "outputs(7554).0" is outside north or south abutment box side.
        (x:3777.5um, xAB: [0um:3120um])

[ERROR] Side.place(IoPin): Pin "outputs(7555).0" is outside north or south abutment box side.
        (x:3778um, xAB: [0um:3120um])

[ERROR] Side.place(IoPin): Pin "outputs(7556).0" is outside north or south abutment box side.
        (x:3778.5um, xAB: [0um:3120um])

[ERROR] Side.place(IoPin): Pin "outputs(7557).0" is outside north or south abutment box side.
        (x:3779um, xAB: [0um:3120um])

[ERROR] Side.place(IoPin): Pin "outputs(7558).0" is outside north or south abutment box side.
        (x:3779.5um, xAB: [0um:3120um])

[ERROR] Side.place(IoPin): Pin "outputs(7559).0" is outside north or south abutment box side.
        (x:3780um, xAB: [0um:3120um])

[ERROR] Side.place(IoPin): Pin "outputs(7560).0" is outside north or south abutment box side.
        (x:3780.5um, xAB: [0um:3120um])

[ERROR] Side.place(IoPin): Pin "outputs(7561).0" is outside north or south abutment box side.
        (x:3781um, xAB: [0um:3120um])

[ERROR] Side.place(IoPin): Pin "outputs(7562).0" is outside north or south abutment box side.
        (x:3781.5um, xAB: [0um:3120um])

[ERROR] Side.place(IoPin): Pin "outputs(7563).0" is outside north or south abutment box side.
        (x:3782um, xAB: [0um:3120um])

[ERROR] Side.place(IoPin): Pin "outputs(7564).0" is outside north or south abutment box side.
        (x:3782.5um, xAB: [0um:3120um])

[ERROR] Side.place(IoPin): Pin "outputs(7565).0" is outside north or south abutment box side.
        (x:3783um, xAB: [0um:3120um])

[ERROR] Side.place(IoPin): Pin "outputs(7566).0" is outside north or south abutment box side.
        (x:3783.5um, xAB: [0um:3120um])

[ERROR] Side.place(IoPin): Pin "outputs(7567).0" is outside north or south abutment box side.
        (x:3784um, xAB: [0um:3120um])

[ERROR] Side.place(IoPin): Pin "outputs(7568).0" is outside north or south abutment box side.
        (x:3784.5um, xAB: [0um:3120um])

[ERROR] Side.place(IoPin): Pin "outputs(7569).0" is outside north or south abutment box side.
        (x:3785um, xAB: [0um:3120um])

[ERROR] Side.place(IoPin): Pin "outputs(7570).0" is outside north or south abutment box side.
        (x:3785.5um, xAB: [0um:3120um])

[ERROR] Side.place(IoPin): Pin "outputs(7571).0" is outside north or south abutment box side.
        (x:3786um, xAB: [0um:3120um])

[ERROR] Side.place(IoPin): Pin "outputs(7572).0" is outside north or south abutment box side.
        (x:3786.5um, xAB: [0um:3120um])

[ERROR] Side.place(IoPin): Pin "outputs(7573).0" is outside north or south abutment box side.
        (x:3787um, xAB: [0um:3120um])

[ERROR] Side.place(IoPin): Pin "outputs(7574).0" is outside north or south abutment box side.
        (x:3787.5um, xAB: [0um:3120um])

[ERROR] Side.place(IoPin): Pin "outputs(7575).0" is outside north or south abutment box side.
        (x:3788um, xAB: [0um:3120um])

[ERROR] Side.place(IoPin): Pin "outputs(7576).0" is outside north or south abutment box side.
        (x:3788.5um, xAB: [0um:3120um])

[ERROR] Side.place(IoPin): Pin "outputs(7577).0" is outside north or south abutment box side.
        (x:3789um, xAB: [0um:3120um])

[ERROR] Side.place(IoPin): Pin "outputs(7578).0" is outside north or south abutment box side.
        (x:3789.5um, xAB: [0um:3120um])

[ERROR] Side.place(IoPin): Pin "outputs(7579).0" is outside north or south abutment box side.
        (x:3790um, xAB: [0um:3120um])

[ERROR] Side.place(IoPin): Pin "outputs(7580).0" is outside north or south abutment box side.
        (x:3790.5um, xAB: [0um:3120um])

[ERROR] Side.place(IoPin): Pin "outputs(7581).0" is outside north or south abutment box side.
        (x:3791um, xAB: [0um:3120um])

[ERROR] Side.place(IoPin): Pin "outputs(7582).0" is outside north or south abutment box side.
        (x:3791.5um, xAB: [0um:3120um])

[ERROR] Side.place(IoPin): Pin "outputs(7583).0" is outside north or south abutment box side.
        (x:3792um, xAB: [0um:3120um])

[ERROR] Side.place(IoPin): Pin "outputs(7584).0" is outside north or south abutment box side.
        (x:3792.5um, xAB: [0um:3120um])

[ERROR] Side.place(IoPin): Pin "outputs(7585).0" is outside north or south abutment box side.
        (x:3793um, xAB: [0um:3120um])

[ERROR] Side.place(IoPin): Pin "outputs(7586).0" is outside north or south abutment box side.
        (x:3793.5um, xAB: [0um:3120um])

[ERROR] Side.place(IoPin): Pin "outputs(7587).0" is outside north or south abutment box side.
        (x:3794um, xAB: [0um:3120um])

[ERROR] Side.place(IoPin): Pin "outputs(7588).0" is outside north or south abutment box side.
        (x:3794.5um, xAB: [0um:3120um])

[ERROR] Side.place(IoPin): Pin "outputs(7589).0" is outside north or south abutment box side.
        (x:3795um, xAB: [0um:3120um])

[ERROR] Side.place(IoPin): Pin "outputs(7590).0" is outside north or south abutment box side.
        (x:3795.5um, xAB: [0um:3120um])

[ERROR] Side.place(IoPin): Pin "outputs(7591).0" is outside north or south abutment box side.
        (x:3796um, xAB: [0um:3120um])

[ERROR] Side.place(IoPin): Pin "outputs(7592).0" is outside north or south abutment box side.
        (x:3796.5um, xAB: [0um:3120um])

[ERROR] Side.place(IoPin): Pin "outputs(7593).0" is outside north or south abutment box side.
        (x:3797um, xAB: [0um:3120um])

[ERROR] Side.place(IoPin): Pin "outputs(7594).0" is outside north or south abutment box side.
        (x:3797.5um, xAB: [0um:3120um])

[ERROR] Side.place(IoPin): Pin "outputs(7595).0" is outside north or south abutment box side.
        (x:3798um, xAB: [0um:3120um])

[ERROR] Side.place(IoPin): Pin "outputs(7596).0" is outside north or south abutment box side.
        (x:3798.5um, xAB: [0um:3120um])

[ERROR] Side.place(IoPin): Pin "outputs(7597).0" is outside north or south abutment box side.
        (x:3799um, xAB: [0um:3120um])

[ERROR] Side.place(IoPin): Pin "outputs(7598).0" is outside north or south abutment box side.
        (x:3799.5um, xAB: [0um:3120um])

[ERROR] Side.place(IoPin): Pin "outputs(7599).0" is outside north or south abutment box side.
        (x:3800um, xAB: [0um:3120um])

[ERROR] Side.place(IoPin): Pin "outputs(7600).0" is outside north or south abutment box side.
        (x:3800.5um, xAB: [0um:3120um])

[ERROR] Side.place(IoPin): Pin "outputs(7601).0" is outside north or south abutment box side.
        (x:3801um, xAB: [0um:3120um])

[ERROR] Side.place(IoPin): Pin "outputs(7602).0" is outside north or south abutment box side.
        (x:3801.5um, xAB: [0um:3120um])

[ERROR] Side.place(IoPin): Pin "outputs(7603).0" is outside north or south abutment box side.
        (x:3802um, xAB: [0um:3120um])

[ERROR] Side.place(IoPin): Pin "outputs(7604).0" is outside north or south abutment box side.
        (x:3802.5um, xAB: [0um:3120um])

[ERROR] Side.place(IoPin): Pin "outputs(7605).0" is outside north or south abutment box side.
        (x:3803um, xAB: [0um:3120um])

[ERROR] Side.place(IoPin): Pin "outputs(7606).0" is outside north or south abutment box side.
        (x:3803.5um, xAB: [0um:3120um])

[ERROR] Side.place(IoPin): Pin "outputs(7607).0" is outside north or south abutment box side.
        (x:3804um, xAB: [0um:3120um])

[ERROR] Side.place(IoPin): Pin "outputs(7608).0" is outside north or south abutment box side.
        (x:3804.5um, xAB: [0um:3120um])

[ERROR] Side.place(IoPin): Pin "outputs(7609).0" is outside north or south abutment box side.
        (x:3805um, xAB: [0um:3120um])

[ERROR] Side.place(IoPin): Pin "outputs(7610).0" is outside north or south abutment box side.
        (x:3805.5um, xAB: [0um:3120um])

[ERROR] Side.place(IoPin): Pin "outputs(7611).0" is outside north or south abutment box side.
        (x:3806um, xAB: [0um:3120um])

[ERROR] Side.place(IoPin): Pin "outputs(7612).0" is outside north or south abutment box side.
        (x:3806.5um, xAB: [0um:3120um])

[ERROR] Side.place(IoPin): Pin "outputs(7613).0" is outside north or south abutment box side.
        (x:3807um, xAB: [0um:3120um])

[ERROR] Side.place(IoPin): Pin "outputs(7614).0" is outside north or south abutment box side.
        (x:3807.5um, xAB: [0um:3120um])

[ERROR] Side.place(IoPin): Pin "outputs(7615).0" is outside north or south abutment box side.
        (x:3808um, xAB: [0um:3120um])

[ERROR] Side.place(IoPin): Pin "outputs(7616).0" is outside north or south abutment box side.
        (x:3808.5um, xAB: [0um:3120um])

[ERROR] Side.place(IoPin): Pin "outputs(7617).0" is outside north or south abutment box side.
        (x:3809um, xAB: [0um:3120um])

[ERROR] Side.place(IoPin): Pin "outputs(7618).0" is outside north or south abutment box side.
        (x:3809.5um, xAB: [0um:3120um])

[ERROR] Side.place(IoPin): Pin "outputs(7619).0" is outside north or south abutment box side.
        (x:3810um, xAB: [0um:3120um])

[ERROR] Side.place(IoPin): Pin "outputs(7620).0" is outside north or south abutment box side.
        (x:3810.5um, xAB: [0um:3120um])

[ERROR] Side.place(IoPin): Pin "outputs(7621).0" is outside north or south abutment box side.
        (x:3811um, xAB: [0um:3120um])

[ERROR] Side.place(IoPin): Pin "outputs(7622).0" is outside north or south abutment box side.
        (x:3811.5um, xAB: [0um:3120um])

[ERROR] Side.place(IoPin): Pin "outputs(7623).0" is outside north or south abutment box side.
        (x:3812um, xAB: [0um:3120um])

[ERROR] Side.place(IoPin): Pin "outputs(7624).0" is outside north or south abutment box side.
        (x:3812.5um, xAB: [0um:3120um])

[ERROR] Side.place(IoPin): Pin "outputs(7625).0" is outside north or south abutment box side.
        (x:3813um, xAB: [0um:3120um])

[ERROR] Side.place(IoPin): Pin "outputs(7626).0" is outside north or south abutment box side.
        (x:3813.5um, xAB: [0um:3120um])

[ERROR] Side.place(IoPin): Pin "outputs(7627).0" is outside north or south abutment box side.
        (x:3814um, xAB: [0um:3120um])

[ERROR] Side.place(IoPin): Pin "outputs(7628).0" is outside north or south abutment box side.
        (x:3814.5um, xAB: [0um:3120um])

[ERROR] Side.place(IoPin): Pin "outputs(7629).0" is outside north or south abutment box side.
        (x:3815um, xAB: [0um:3120um])

[ERROR] Side.place(IoPin): Pin "outputs(7630).0" is outside north or south abutment box side.
        (x:3815.5um, xAB: [0um:3120um])

[ERROR] Side.place(IoPin): Pin "outputs(7631).0" is outside north or south abutment box side.
        (x:3816um, xAB: [0um:3120um])

[ERROR] Side.place(IoPin): Pin "outputs(7632).0" is outside north or south abutment box side.
        (x:3816.5um, xAB: [0um:3120um])

[ERROR] Side.place(IoPin): Pin "outputs(7633).0" is outside north or south abutment box side.
        (x:3817um, xAB: [0um:3120um])

[ERROR] Side.place(IoPin): Pin "outputs(7634).0" is outside north or south abutment box side.
        (x:3817.5um, xAB: [0um:3120um])

[ERROR] Side.place(IoPin): Pin "outputs(7635).0" is outside north or south abutment box side.
        (x:3818um, xAB: [0um:3120um])

[ERROR] Side.place(IoPin): Pin "outputs(7636).0" is outside north or south abutment box side.
        (x:3818.5um, xAB: [0um:3120um])

[ERROR] Side.place(IoPin): Pin "outputs(7637).0" is outside north or south abutment box side.
        (x:3819um, xAB: [0um:3120um])

[ERROR] Side.place(IoPin): Pin "outputs(7638).0" is outside north or south abutment box side.
        (x:3819.5um, xAB: [0um:3120um])

[ERROR] Side.place(IoPin): Pin "outputs(7639).0" is outside north or south abutment box side.
        (x:3820um, xAB: [0um:3120um])

[ERROR] Side.place(IoPin): Pin "outputs(7640).0" is outside north or south abutment box side.
        (x:3820.5um, xAB: [0um:3120um])

[ERROR] Side.place(IoPin): Pin "outputs(7641).0" is outside north or south abutment box side.
        (x:3821um, xAB: [0um:3120um])

[ERROR] Side.place(IoPin): Pin "outputs(7642).0" is outside north or south abutment box side.
        (x:3821.5um, xAB: [0um:3120um])

[ERROR] Side.place(IoPin): Pin "outputs(7643).0" is outside north or south abutment box side.
        (x:3822um, xAB: [0um:3120um])

[ERROR] Side.place(IoPin): Pin "outputs(7644).0" is outside north or south abutment box side.
        (x:3822.5um, xAB: [0um:3120um])

[ERROR] Side.place(IoPin): Pin "outputs(7645).0" is outside north or south abutment box side.
        (x:3823um, xAB: [0um:3120um])

[ERROR] Side.place(IoPin): Pin "outputs(7646).0" is outside north or south abutment box side.
        (x:3823.5um, xAB: [0um:3120um])

[ERROR] Side.place(IoPin): Pin "outputs(7647).0" is outside north or south abutment box side.
        (x:3824um, xAB: [0um:3120um])

[ERROR] Side.place(IoPin): Pin "outputs(7648).0" is outside north or south abutment box side.
        (x:3824.5um, xAB: [0um:3120um])

[ERROR] Side.place(IoPin): Pin "outputs(7649).0" is outside north or south abutment box side.
        (x:3825um, xAB: [0um:3120um])

[ERROR] Side.place(IoPin): Pin "outputs(7650).0" is outside north or south abutment box side.
        (x:3825.5um, xAB: [0um:3120um])

[ERROR] Side.place(IoPin): Pin "outputs(7651).0" is outside north or south abutment box side.
        (x:3826um, xAB: [0um:3120um])

[ERROR] Side.place(IoPin): Pin "outputs(7652).0" is outside north or south abutment box side.
        (x:3826.5um, xAB: [0um:3120um])

[ERROR] Side.place(IoPin): Pin "outputs(7653).0" is outside north or south abutment box side.
        (x:3827um, xAB: [0um:3120um])

[ERROR] Side.place(IoPin): Pin "outputs(7654).0" is outside north or south abutment box side.
        (x:3827.5um, xAB: [0um:3120um])

[ERROR] Side.place(IoPin): Pin "outputs(7655).0" is outside north or south abutment box side.
        (x:3828um, xAB: [0um:3120um])

[ERROR] Side.place(IoPin): Pin "outputs(7656).0" is outside north or south abutment box side.
        (x:3828.5um, xAB: [0um:3120um])

[ERROR] Side.place(IoPin): Pin "outputs(7657).0" is outside north or south abutment box side.
        (x:3829um, xAB: [0um:3120um])

[ERROR] Side.place(IoPin): Pin "outputs(7658).0" is outside north or south abutment box side.
        (x:3829.5um, xAB: [0um:3120um])

[ERROR] Side.place(IoPin): Pin "outputs(7659).0" is outside north or south abutment box side.
        (x:3830um, xAB: [0um:3120um])

[ERROR] Side.place(IoPin): Pin "outputs(7660).0" is outside north or south abutment box side.
        (x:3830.5um, xAB: [0um:3120um])

[ERROR] Side.place(IoPin): Pin "outputs(7661).0" is outside north or south abutment box side.
        (x:3831um, xAB: [0um:3120um])

[ERROR] Side.place(IoPin): Pin "outputs(7662).0" is outside north or south abutment box side.
        (x:3831.5um, xAB: [0um:3120um])

[ERROR] Side.place(IoPin): Pin "outputs(7663).0" is outside north or south abutment box side.
        (x:3832um, xAB: [0um:3120um])

[ERROR] Side.place(IoPin): Pin "outputs(7664).0" is outside north or south abutment box side.
        (x:3832.5um, xAB: [0um:3120um])

[ERROR] Side.place(IoPin): Pin "outputs(7665).0" is outside north or south abutment box side.
        (x:3833um, xAB: [0um:3120um])

[ERROR] Side.place(IoPin): Pin "outputs(7666).0" is outside north or south abutment box side.
        (x:3833.5um, xAB: [0um:3120um])

[ERROR] Side.place(IoPin): Pin "outputs(7667).0" is outside north or south abutment box side.
        (x:3834um, xAB: [0um:3120um])

[ERROR] Side.place(IoPin): Pin "outputs(7668).0" is outside north or south abutment box side.
        (x:3834.5um, xAB: [0um:3120um])

[ERROR] Side.place(IoPin): Pin "outputs(7669).0" is outside north or south abutment box side.
        (x:3835um, xAB: [0um:3120um])

[ERROR] Side.place(IoPin): Pin "outputs(7670).0" is outside north or south abutment box side.
        (x:3835.5um, xAB: [0um:3120um])

[ERROR] Side.place(IoPin): Pin "outputs(7671).0" is outside north or south abutment box side.
        (x:3836um, xAB: [0um:3120um])

[ERROR] Side.place(IoPin): Pin "outputs(7672).0" is outside north or south abutment box side.
        (x:3836.5um, xAB: [0um:3120um])

[ERROR] Side.place(IoPin): Pin "outputs(7673).0" is outside north or south abutment box side.
        (x:3837um, xAB: [0um:3120um])

[ERROR] Side.place(IoPin): Pin "outputs(7674).0" is outside north or south abutment box side.
        (x:3837.5um, xAB: [0um:3120um])

[ERROR] Side.place(IoPin): Pin "outputs(7675).0" is outside north or south abutment box side.
        (x:3838um, xAB: [0um:3120um])

[ERROR] Side.place(IoPin): Pin "outputs(7676).0" is outside north or south abutment box side.
        (x:3838.5um, xAB: [0um:3120um])

[ERROR] Side.place(IoPin): Pin "outputs(7677).0" is outside north or south abutment box side.
        (x:3839um, xAB: [0um:3120um])

[ERROR] Side.place(IoPin): Pin "outputs(7678).0" is outside north or south abutment box side.
        (x:3839.5um, xAB: [0um:3120um])

[ERROR] Side.place(IoPin): Pin "outputs(7679).0" is outside north or south abutment box side.
        (x:3840um, xAB: [0um:3120um])

[ERROR] Side.place(IoPin): Pin "outputs(7680).0" is outside north or south abutment box side.
        (x:3840.5um, xAB: [0um:3120um])

[ERROR] Side.place(IoPin): Pin "outputs(7681).0" is outside north or south abutment box side.
        (x:3841um, xAB: [0um:3120um])

[ERROR] Side.place(IoPin): Pin "outputs(7682).0" is outside north or south abutment box side.
        (x:3841.5um, xAB: [0um:3120um])

[ERROR] Side.place(IoPin): Pin "outputs(7683).0" is outside north or south abutment box side.
        (x:3842um, xAB: [0um:3120um])

[ERROR] Side.place(IoPin): Pin "outputs(7684).0" is outside north or south abutment box side.
        (x:3842.5um, xAB: [0um:3120um])

[ERROR] Side.place(IoPin): Pin "outputs(7685).0" is outside north or south abutment box side.
        (x:3843um, xAB: [0um:3120um])

[ERROR] Side.place(IoPin): Pin "outputs(7686).0" is outside north or south abutment box side.
        (x:3843.5um, xAB: [0um:3120um])

[ERROR] Side.place(IoPin): Pin "outputs(7687).0" is outside north or south abutment box side.
        (x:3844um, xAB: [0um:3120um])

[ERROR] Side.place(IoPin): Pin "outputs(7688).0" is outside north or south abutment box side.
        (x:3844.5um, xAB: [0um:3120um])

[ERROR] Side.place(IoPin): Pin "outputs(7689).0" is outside north or south abutment box side.
        (x:3845um, xAB: [0um:3120um])

[ERROR] Side.place(IoPin): Pin "outputs(7690).0" is outside north or south abutment box side.
        (x:3845.5um, xAB: [0um:3120um])

[ERROR] Side.place(IoPin): Pin "outputs(7691).0" is outside north or south abutment box side.
        (x:3846um, xAB: [0um:3120um])

[ERROR] Side.place(IoPin): Pin "outputs(7692).0" is outside north or south abutment box side.
        (x:3846.5um, xAB: [0um:3120um])

[ERROR] Side.place(IoPin): Pin "outputs(7693).0" is outside north or south abutment box side.
        (x:3847um, xAB: [0um:3120um])

[ERROR] Side.place(IoPin): Pin "outputs(7694).0" is outside north or south abutment box side.
        (x:3847.5um, xAB: [0um:3120um])

[ERROR] Side.place(IoPin): Pin "outputs(7695).0" is outside north or south abutment box side.
        (x:3848um, xAB: [0um:3120um])

[ERROR] Side.place(IoPin): Pin "outputs(7696).0" is outside north or south abutment box side.
        (x:3848.5um, xAB: [0um:3120um])

[ERROR] Side.place(IoPin): Pin "outputs(7697).0" is outside north or south abutment box side.
        (x:3849um, xAB: [0um:3120um])

[ERROR] Side.place(IoPin): Pin "outputs(7698).0" is outside north or south abutment box side.
        (x:3849.5um, xAB: [0um:3120um])

[ERROR] Side.place(IoPin): Pin "outputs(7699).0" is outside north or south abutment box side.
        (x:3850um, xAB: [0um:3120um])

[ERROR] Side.place(IoPin): Pin "outputs(7700).0" is outside north or south abutment box side.
        (x:3850.5um, xAB: [0um:3120um])

[ERROR] Side.place(IoPin): Pin "outputs(7701).0" is outside north or south abutment box side.
        (x:3851um, xAB: [0um:3120um])

[ERROR] Side.place(IoPin): Pin "outputs(7702).0" is outside north or south abutment box side.
        (x:3851.5um, xAB: [0um:3120um])

[ERROR] Side.place(IoPin): Pin "outputs(7703).0" is outside north or south abutment box side.
        (x:3852um, xAB: [0um:3120um])

[ERROR] Side.place(IoPin): Pin "outputs(7704).0" is outside north or south abutment box side.
        (x:3852.5um, xAB: [0um:3120um])

[ERROR] Side.place(IoPin): Pin "outputs(7705).0" is outside north or south abutment box side.
        (x:3853um, xAB: [0um:3120um])

[ERROR] Side.place(IoPin): Pin "outputs(7706).0" is outside north or south abutment box side.
        (x:3853.5um, xAB: [0um:3120um])

[ERROR] Side.place(IoPin): Pin "outputs(7707).0" is outside north or south abutment box side.
        (x:3854um, xAB: [0um:3120um])

[ERROR] Side.place(IoPin): Pin "outputs(7708).0" is outside north or south abutment box side.
        (x:3854.5um, xAB: [0um:3120um])

[ERROR] Side.place(IoPin): Pin "outputs(7709).0" is outside north or south abutment box side.
        (x:3855um, xAB: [0um:3120um])

[ERROR] Side.place(IoPin): Pin "outputs(7710).0" is outside north or south abutment box side.
        (x:3855.5um, xAB: [0um:3120um])

[ERROR] Side.place(IoPin): Pin "outputs(7711).0" is outside north or south abutment box side.
        (x:3856um, xAB: [0um:3120um])

[ERROR] Side.place(IoPin): Pin "outputs(7712).0" is outside north or south abutment box side.
        (x:3856.5um, xAB: [0um:3120um])

[ERROR] Side.place(IoPin): Pin "outputs(7713).0" is outside north or south abutment box side.
        (x:3857um, xAB: [0um:3120um])

[ERROR] Side.place(IoPin): Pin "outputs(7714).0" is outside north or south abutment box side.
        (x:3857.5um, xAB: [0um:3120um])

[ERROR] Side.place(IoPin): Pin "outputs(7715).0" is outside north or south abutment box side.
        (x:3858um, xAB: [0um:3120um])

[ERROR] Side.place(IoPin): Pin "outputs(7716).0" is outside north or south abutment box side.
        (x:3858.5um, xAB: [0um:3120um])

[ERROR] Side.place(IoPin): Pin "outputs(7717).0" is outside north or south abutment box side.
        (x:3859um, xAB: [0um:3120um])

[ERROR] Side.place(IoPin): Pin "outputs(7718).0" is outside north or south abutment box side.
        (x:3859.5um, xAB: [0um:3120um])

[ERROR] Side.place(IoPin): Pin "outputs(7719).0" is outside north or south abutment box side.
        (x:3860um, xAB: [0um:3120um])

[ERROR] Side.place(IoPin): Pin "outputs(7720).0" is outside north or south abutment box side.
        (x:3860.5um, xAB: [0um:3120um])

[ERROR] Side.place(IoPin): Pin "outputs(7721).0" is outside north or south abutment box side.
        (x:3861um, xAB: [0um:3120um])

[ERROR] Side.place(IoPin): Pin "outputs(7722).0" is outside north or south abutment box side.
        (x:3861.5um, xAB: [0um:3120um])

[ERROR] Side.place(IoPin): Pin "outputs(7723).0" is outside north or south abutment box side.
        (x:3862um, xAB: [0um:3120um])

[ERROR] Side.place(IoPin): Pin "outputs(7724).0" is outside north or south abutment box side.
        (x:3862.5um, xAB: [0um:3120um])

[ERROR] Side.place(IoPin): Pin "outputs(7725).0" is outside north or south abutment box side.
        (x:3863um, xAB: [0um:3120um])

[ERROR] Side.place(IoPin): Pin "outputs(7726).0" is outside north or south abutment box side.
        (x:3863.5um, xAB: [0um:3120um])

[ERROR] Side.place(IoPin): Pin "outputs(7727).0" is outside north or south abutment box side.
        (x:3864um, xAB: [0um:3120um])

[ERROR] Side.place(IoPin): Pin "outputs(7728).0" is outside north or south abutment box side.
        (x:3864.5um, xAB: [0um:3120um])

[ERROR] Side.place(IoPin): Pin "outputs(7729).0" is outside north or south abutment box side.
        (x:3865um, xAB: [0um:3120um])

[ERROR] Side.place(IoPin): Pin "outputs(7730).0" is outside north or south abutment box side.
        (x:3865.5um, xAB: [0um:3120um])

[ERROR] Side.place(IoPin): Pin "outputs(7731).0" is outside north or south abutment box side.
        (x:3866um, xAB: [0um:3120um])

[ERROR] Side.place(IoPin): Pin "outputs(7732).0" is outside north or south abutment box side.
        (x:3866.5um, xAB: [0um:3120um])

[ERROR] Side.place(IoPin): Pin "outputs(7733).0" is outside north or south abutment box side.
        (x:3867um, xAB: [0um:3120um])

[ERROR] Side.place(IoPin): Pin "outputs(7734).0" is outside north or south abutment box side.
        (x:3867.5um, xAB: [0um:3120um])

[ERROR] Side.place(IoPin): Pin "outputs(7735).0" is outside north or south abutment box side.
        (x:3868um, xAB: [0um:3120um])

[ERROR] Side.place(IoPin): Pin "outputs(7736).0" is outside north or south abutment box side.
        (x:3868.5um, xAB: [0um:3120um])

[ERROR] Side.place(IoPin): Pin "outputs(7737).0" is outside north or south abutment box side.
        (x:3869um, xAB: [0um:3120um])

[ERROR] Side.place(IoPin): Pin "outputs(7738).0" is outside north or south abutment box side.
        (x:3869.5um, xAB: [0um:3120um])

[ERROR] Side.place(IoPin): Pin "outputs(7739).0" is outside north or south abutment box side.
        (x:3870um, xAB: [0um:3120um])

[ERROR] Side.place(IoPin): Pin "outputs(7740).0" is outside north or south abutment box side.
        (x:3870.5um, xAB: [0um:3120um])

[ERROR] Side.place(IoPin): Pin "outputs(7741).0" is outside north or south abutment box side.
        (x:3871um, xAB: [0um:3120um])

[ERROR] Side.place(IoPin): Pin "outputs(7742).0" is outside north or south abutment box side.
        (x:3871.5um, xAB: [0um:3120um])

[ERROR] Side.place(IoPin): Pin "outputs(7743).0" is outside north or south abutment box side.
        (x:3872um, xAB: [0um:3120um])

[ERROR] Side.place(IoPin): Pin "outputs(7744).0" is outside north or south abutment box side.
        (x:3872.5um, xAB: [0um:3120um])

[ERROR] Side.place(IoPin): Pin "outputs(7745).0" is outside north or south abutment box side.
        (x:3873um, xAB: [0um:3120um])

[ERROR] Side.place(IoPin): Pin "outputs(7746).0" is outside north or south abutment box side.
        (x:3873.5um, xAB: [0um:3120um])

[ERROR] Side.place(IoPin): Pin "outputs(7747).0" is outside north or south abutment box side.
        (x:3874um, xAB: [0um:3120um])

[ERROR] Side.place(IoPin): Pin "outputs(7748).0" is outside north or south abutment box side.
        (x:3874.5um, xAB: [0um:3120um])

[ERROR] Side.place(IoPin): Pin "outputs(7749).0" is outside north or south abutment box side.
        (x:3875um, xAB: [0um:3120um])

[ERROR] Side.place(IoPin): Pin "outputs(7750).0" is outside north or south abutment box side.
        (x:3875.5um, xAB: [0um:3120um])

[ERROR] Side.place(IoPin): Pin "outputs(7751).0" is outside north or south abutment box side.
        (x:3876um, xAB: [0um:3120um])

[ERROR] Side.place(IoPin): Pin "outputs(7752).0" is outside north or south abutment box side.
        (x:3876.5um, xAB: [0um:3120um])

[ERROR] Side.place(IoPin): Pin "outputs(7753).0" is outside north or south abutment box side.
        (x:3877um, xAB: [0um:3120um])

[ERROR] Side.place(IoPin): Pin "outputs(7754).0" is outside north or south abutment box side.
        (x:3877.5um, xAB: [0um:3120um])

[ERROR] Side.place(IoPin): Pin "outputs(7755).0" is outside north or south abutment box side.
        (x:3878um, xAB: [0um:3120um])

[ERROR] Side.place(IoPin): Pin "outputs(7756).0" is outside north or south abutment box side.
        (x:3878.5um, xAB: [0um:3120um])

[ERROR] Side.place(IoPin): Pin "outputs(7757).0" is outside north or south abutment box side.
        (x:3879um, xAB: [0um:3120um])

[ERROR] Side.place(IoPin): Pin "outputs(7758).0" is outside north or south abutment box side.
        (x:3879.5um, xAB: [0um:3120um])

[ERROR] Side.place(IoPin): Pin "outputs(7759).0" is outside north or south abutment box side.
        (x:3880um, xAB: [0um:3120um])

[ERROR] Side.place(IoPin): Pin "outputs(7760).0" is outside north or south abutment box side.
        (x:3880.5um, xAB: [0um:3120um])

[ERROR] Side.place(IoPin): Pin "outputs(7761).0" is outside north or south abutment box side.
        (x:3881um, xAB: [0um:3120um])

[ERROR] Side.place(IoPin): Pin "outputs(7762).0" is outside north or south abutment box side.
        (x:3881.5um, xAB: [0um:3120um])

[ERROR] Side.place(IoPin): Pin "outputs(7763).0" is outside north or south abutment box side.
        (x:3882um, xAB: [0um:3120um])

[ERROR] Side.place(IoPin): Pin "outputs(7764).0" is outside north or south abutment box side.
        (x:3882.5um, xAB: [0um:3120um])

[ERROR] Side.place(IoPin): Pin "outputs(7765).0" is outside north or south abutment box side.
        (x:3883um, xAB: [0um:3120um])

[ERROR] Side.place(IoPin): Pin "outputs(7766).0" is outside north or south abutment box side.
        (x:3883.5um, xAB: [0um:3120um])

[ERROR] Side.place(IoPin): Pin "outputs(7767).0" is outside north or south abutment box side.
        (x:3884um, xAB: [0um:3120um])

[ERROR] Side.place(IoPin): Pin "outputs(7768).0" is outside north or south abutment box side.
        (x:3884.5um, xAB: [0um:3120um])

[ERROR] Side.place(IoPin): Pin "outputs(7769).0" is outside north or south abutment box side.
        (x:3885um, xAB: [0um:3120um])

[ERROR] Side.place(IoPin): Pin "outputs(7770).0" is outside north or south abutment box side.
        (x:3885.5um, xAB: [0um:3120um])

[ERROR] Side.place(IoPin): Pin "outputs(7771).0" is outside north or south abutment box side.
        (x:3886um, xAB: [0um:3120um])

[ERROR] Side.place(IoPin): Pin "outputs(7772).0" is outside north or south abutment box side.
        (x:3886.5um, xAB: [0um:3120um])

[ERROR] Side.place(IoPin): Pin "outputs(7773).0" is outside north or south abutment box side.
        (x:3887um, xAB: [0um:3120um])

[ERROR] Side.place(IoPin): Pin "outputs(7774).0" is outside north or south abutment box side.
        (x:3887.5um, xAB: [0um:3120um])

[ERROR] Side.place(IoPin): Pin "outputs(7775).0" is outside north or south abutment box side.
        (x:3888um, xAB: [0um:3120um])

[ERROR] Side.place(IoPin): Pin "outputs(7776).0" is outside north or south abutment box side.
        (x:3888.5um, xAB: [0um:3120um])

[ERROR] Side.place(IoPin): Pin "outputs(7777).0" is outside north or south abutment box side.
        (x:3889um, xAB: [0um:3120um])

[ERROR] Side.place(IoPin): Pin "outputs(7778).0" is outside north or south abutment box side.
        (x:3889.5um, xAB: [0um:3120um])

[ERROR] Side.place(IoPin): Pin "outputs(7779).0" is outside north or south abutment box side.
        (x:3890um, xAB: [0um:3120um])

[ERROR] Side.place(IoPin): Pin "outputs(7780).0" is outside north or south abutment box side.
        (x:3890.5um, xAB: [0um:3120um])

[ERROR] Side.place(IoPin): Pin "outputs(7781).0" is outside north or south abutment box side.
        (x:3891um, xAB: [0um:3120um])

[ERROR] Side.place(IoPin): Pin "outputs(7782).0" is outside north or south abutment box side.
        (x:3891.5um, xAB: [0um:3120um])

[ERROR] Side.place(IoPin): Pin "outputs(7783).0" is outside north or south abutment box side.
        (x:3892um, xAB: [0um:3120um])

[ERROR] Side.place(IoPin): Pin "outputs(7784).0" is outside north or south abutment box side.
        (x:3892.5um, xAB: [0um:3120um])

[ERROR] Side.place(IoPin): Pin "outputs(7785).0" is outside north or south abutment box side.
        (x:3893um, xAB: [0um:3120um])

[ERROR] Side.place(IoPin): Pin "outputs(7786).0" is outside north or south abutment box side.
        (x:3893.5um, xAB: [0um:3120um])

[ERROR] Side.place(IoPin): Pin "outputs(7787).0" is outside north or south abutment box side.
        (x:3894um, xAB: [0um:3120um])

[ERROR] Side.place(IoPin): Pin "outputs(7788).0" is outside north or south abutment box side.
        (x:3894.5um, xAB: [0um:3120um])

[ERROR] Side.place(IoPin): Pin "outputs(7789).0" is outside north or south abutment box side.
        (x:3895um, xAB: [0um:3120um])

[ERROR] Side.place(IoPin): Pin "outputs(7790).0" is outside north or south abutment box side.
        (x:3895.5um, xAB: [0um:3120um])

[ERROR] Side.place(IoPin): Pin "outputs(7791).0" is outside north or south abutment box side.
        (x:3896um, xAB: [0um:3120um])

[ERROR] Side.place(IoPin): Pin "outputs(7792).0" is outside north or south abutment box side.
        (x:3896.5um, xAB: [0um:3120um])

[ERROR] Side.place(IoPin): Pin "outputs(7793).0" is outside north or south abutment box side.
        (x:3897um, xAB: [0um:3120um])

[ERROR] Side.place(IoPin): Pin "outputs(7794).0" is outside north or south abutment box side.
        (x:3897.5um, xAB: [0um:3120um])

[ERROR] Side.place(IoPin): Pin "outputs(7795).0" is outside north or south abutment box side.
        (x:3898um, xAB: [0um:3120um])

[ERROR] Side.place(IoPin): Pin "outputs(7796).0" is outside north or south abutment box side.
        (x:3898.5um, xAB: [0um:3120um])

[ERROR] Side.place(IoPin): Pin "outputs(7797).0" is outside north or south abutment box side.
        (x:3899um, xAB: [0um:3120um])

[ERROR] Side.place(IoPin): Pin "outputs(7798).0" is outside north or south abutment box side.
        (x:3899.5um, xAB: [0um:3120um])

[ERROR] Side.place(IoPin): Pin "outputs(7799).0" is outside north or south abutment box side.
        (x:3900um, xAB: [0um:3120um])

[ERROR] Side.place(IoPin): Pin "outputs(7800).0" is outside north or south abutment box side.
        (x:3900.5um, xAB: [0um:3120um])

[ERROR] Side.place(IoPin): Pin "outputs(7801).0" is outside north or south abutment box side.
        (x:3901um, xAB: [0um:3120um])

[ERROR] Side.place(IoPin): Pin "outputs(7802).0" is outside north or south abutment box side.
        (x:3901.5um, xAB: [0um:3120um])

[ERROR] Side.place(IoPin): Pin "outputs(7803).0" is outside north or south abutment box side.
        (x:3902um, xAB: [0um:3120um])

[ERROR] Side.place(IoPin): Pin "outputs(7804).0" is outside north or south abutment box side.
        (x:3902.5um, xAB: [0um:3120um])

[ERROR] Side.place(IoPin): Pin "outputs(7805).0" is outside north or south abutment box side.
        (x:3903um, xAB: [0um:3120um])

[ERROR] Side.place(IoPin): Pin "outputs(7806).0" is outside north or south abutment box side.
        (x:3903.5um, xAB: [0um:3120um])

[ERROR] Side.place(IoPin): Pin "outputs(7807).0" is outside north or south abutment box side.
        (x:3904um, xAB: [0um:3120um])

[ERROR] Side.place(IoPin): Pin "outputs(7808).0" is outside north or south abutment box side.
        (x:3904.5um, xAB: [0um:3120um])

[ERROR] Side.place(IoPin): Pin "outputs(7809).0" is outside north or south abutment box side.
        (x:3905um, xAB: [0um:3120um])

[ERROR] Side.place(IoPin): Pin "outputs(7810).0" is outside north or south abutment box side.
        (x:3905.5um, xAB: [0um:3120um])

[ERROR] Side.place(IoPin): Pin "outputs(7811).0" is outside north or south abutment box side.
        (x:3906um, xAB: [0um:3120um])

[ERROR] Side.place(IoPin): Pin "outputs(7812).0" is outside north or south abutment box side.
        (x:3906.5um, xAB: [0um:3120um])

[ERROR] Side.place(IoPin): Pin "outputs(7813).0" is outside north or south abutment box side.
        (x:3907um, xAB: [0um:3120um])

[ERROR] Side.place(IoPin): Pin "outputs(7814).0" is outside north or south abutment box side.
        (x:3907.5um, xAB: [0um:3120um])

[ERROR] Side.place(IoPin): Pin "outputs(7815).0" is outside north or south abutment box side.
        (x:3908um, xAB: [0um:3120um])

[ERROR] Side.place(IoPin): Pin "outputs(7816).0" is outside north or south abutment box side.
        (x:3908.5um, xAB: [0um:3120um])

[ERROR] Side.place(IoPin): Pin "outputs(7817).0" is outside north or south abutment box side.
        (x:3909um, xAB: [0um:3120um])

[ERROR] Side.place(IoPin): Pin "outputs(7818).0" is outside north or south abutment box side.
        (x:3909.5um, xAB: [0um:3120um])

[ERROR] Side.place(IoPin): Pin "outputs(7819).0" is outside north or south abutment box side.
        (x:3910um, xAB: [0um:3120um])

[ERROR] Side.place(IoPin): Pin "outputs(7820).0" is outside north or south abutment box side.
        (x:3910.5um, xAB: [0um:3120um])

[ERROR] Side.place(IoPin): Pin "outputs(7821).0" is outside north or south abutment box side.
        (x:3911um, xAB: [0um:3120um])

[ERROR] Side.place(IoPin): Pin "outputs(7822).0" is outside north or south abutment box side.
        (x:3911.5um, xAB: [0um:3120um])

[ERROR] Side.place(IoPin): Pin "outputs(7823).0" is outside north or south abutment box side.
        (x:3912um, xAB: [0um:3120um])

[ERROR] Side.place(IoPin): Pin "outputs(7824).0" is outside north or south abutment box side.
        (x:3912.5um, xAB: [0um:3120um])

[ERROR] Side.place(IoPin): Pin "outputs(7825).0" is outside north or south abutment box side.
        (x:3913um, xAB: [0um:3120um])

[ERROR] Side.place(IoPin): Pin "outputs(7826).0" is outside north or south abutment box side.
        (x:3913.5um, xAB: [0um:3120um])

[ERROR] Side.place(IoPin): Pin "outputs(7827).0" is outside north or south abutment box side.
        (x:3914um, xAB: [0um:3120um])

[ERROR] Side.place(IoPin): Pin "outputs(7828).0" is outside north or south abutment box side.
        (x:3914.5um, xAB: [0um:3120um])

[ERROR] Side.place(IoPin): Pin "outputs(7829).0" is outside north or south abutment box side.
        (x:3915um, xAB: [0um:3120um])

[ERROR] Side.place(IoPin): Pin "outputs(7830).0" is outside north or south abutment box side.
        (x:3915.5um, xAB: [0um:3120um])

[ERROR] Side.place(IoPin): Pin "outputs(7831).0" is outside north or south abutment box side.
        (x:3916um, xAB: [0um:3120um])

[ERROR] Side.place(IoPin): Pin "outputs(7832).0" is outside north or south abutment box side.
        (x:3916.5um, xAB: [0um:3120um])

[ERROR] Side.place(IoPin): Pin "outputs(7833).0" is outside north or south abutment box side.
        (x:3917um, xAB: [0um:3120um])

[ERROR] Side.place(IoPin): Pin "outputs(7834).0" is outside north or south abutment box side.
        (x:3917.5um, xAB: [0um:3120um])

[ERROR] Side.place(IoPin): Pin "outputs(7835).0" is outside north or south abutment box side.
        (x:3918um, xAB: [0um:3120um])

[ERROR] Side.place(IoPin): Pin "outputs(7836).0" is outside north or south abutment box side.
        (x:3918.5um, xAB: [0um:3120um])

[ERROR] Side.place(IoPin): Pin "outputs(7837).0" is outside north or south abutment box side.
        (x:3919um, xAB: [0um:3120um])

[ERROR] Side.place(IoPin): Pin "outputs(7838).0" is outside north or south abutment box side.
        (x:3919.5um, xAB: [0um:3120um])

[ERROR] Side.place(IoPin): Pin "outputs(7839).0" is outside north or south abutment box side.
        (x:3920um, xAB: [0um:3120um])

[ERROR] Side.place(IoPin): Pin "outputs(7840).0" is outside north or south abutment box side.
        (x:3920.5um, xAB: [0um:3120um])

[ERROR] Side.place(IoPin): Pin "outputs(7841).0" is outside north or south abutment box side.
        (x:3921um, xAB: [0um:3120um])

[ERROR] Side.place(IoPin): Pin "outputs(7842).0" is outside north or south abutment box side.
        (x:3921.5um, xAB: [0um:3120um])

[ERROR] Side.place(IoPin): Pin "outputs(7843).0" is outside north or south abutment box side.
        (x:3922um, xAB: [0um:3120um])

[ERROR] Side.place(IoPin): Pin "outputs(7844).0" is outside north or south abutment box side.
        (x:3922.5um, xAB: [0um:3120um])

[ERROR] Side.place(IoPin): Pin "outputs(7845).0" is outside north or south abutment box side.
        (x:3923um, xAB: [0um:3120um])

[ERROR] Side.place(IoPin): Pin "outputs(7846).0" is outside north or south abutment box side.
        (x:3923.5um, xAB: [0um:3120um])

[ERROR] Side.place(IoPin): Pin "outputs(7847).0" is outside north or south abutment box side.
        (x:3924um, xAB: [0um:3120um])

[ERROR] Side.place(IoPin): Pin "outputs(7848).0" is outside north or south abutment box side.
        (x:3924.5um, xAB: [0um:3120um])

[ERROR] Side.place(IoPin): Pin "outputs(7849).0" is outside north or south abutment box side.
        (x:3925um, xAB: [0um:3120um])

[ERROR] Side.place(IoPin): Pin "outputs(7850).0" is outside north or south abutment box side.
        (x:3925.5um, xAB: [0um:3120um])

[ERROR] Side.place(IoPin): Pin "outputs(7851).0" is outside north or south abutment box side.
        (x:3926um, xAB: [0um:3120um])

[ERROR] Side.place(IoPin): Pin "outputs(7852).0" is outside north or south abutment box side.
        (x:3926.5um, xAB: [0um:3120um])

[ERROR] Side.place(IoPin): Pin "outputs(7853).0" is outside north or south abutment box side.
        (x:3927um, xAB: [0um:3120um])

[ERROR] Side.place(IoPin): Pin "outputs(7854).0" is outside north or south abutment box side.
        (x:3927.5um, xAB: [0um:3120um])

[ERROR] Side.place(IoPin): Pin "outputs(7855).0" is outside north or south abutment box side.
        (x:3928um, xAB: [0um:3120um])

[ERROR] Side.place(IoPin): Pin "outputs(7856).0" is outside north or south abutment box side.
        (x:3928.5um, xAB: [0um:3120um])

[ERROR] Side.place(IoPin): Pin "outputs(7857).0" is outside north or south abutment box side.
        (x:3929um, xAB: [0um:3120um])

[ERROR] Side.place(IoPin): Pin "outputs(7858).0" is outside north or south abutment box side.
        (x:3929.5um, xAB: [0um:3120um])

[ERROR] Side.place(IoPin): Pin "outputs(7859).0" is outside north or south abutment box side.
        (x:3930um, xAB: [0um:3120um])

[ERROR] Side.place(IoPin): Pin "outputs(7860).0" is outside north or south abutment box side.
        (x:3930.5um, xAB: [0um:3120um])

[ERROR] Side.place(IoPin): Pin "outputs(7861).0" is outside north or south abutment box side.
        (x:3931um, xAB: [0um:3120um])

[ERROR] Side.place(IoPin): Pin "outputs(7862).0" is outside north or south abutment box side.
        (x:3931.5um, xAB: [0um:3120um])

[ERROR] Side.place(IoPin): Pin "outputs(7863).0" is outside north or south abutment box side.
        (x:3932um, xAB: [0um:3120um])

[ERROR] Side.place(IoPin): Pin "outputs(7864).0" is outside north or south abutment box side.
        (x:3932.5um, xAB: [0um:3120um])

[ERROR] Side.place(IoPin): Pin "outputs(7865).0" is outside north or south abutment box side.
        (x:3933um, xAB: [0um:3120um])

[ERROR] Side.place(IoPin): Pin "outputs(7866).0" is outside north or south abutment box side.
        (x:3933.5um, xAB: [0um:3120um])

[ERROR] Side.place(IoPin): Pin "outputs(7867).0" is outside north or south abutment box side.
        (x:3934um, xAB: [0um:3120um])

[ERROR] Side.place(IoPin): Pin "outputs(7868).0" is outside north or south abutment box side.
        (x:3934.5um, xAB: [0um:3120um])

[ERROR] Side.place(IoPin): Pin "outputs(7869).0" is outside north or south abutment box side.
        (x:3935um, xAB: [0um:3120um])

[ERROR] Side.place(IoPin): Pin "outputs(7870).0" is outside north or south abutment box side.
        (x:3935.5um, xAB: [0um:3120um])

[ERROR] Side.place(IoPin): Pin "outputs(7871).0" is outside north or south abutment box side.
        (x:3936um, xAB: [0um:3120um])

[ERROR] Side.place(IoPin): Pin "outputs(7872).0" is outside north or south abutment box side.
        (x:3936.5um, xAB: [0um:3120um])

[ERROR] Side.place(IoPin): Pin "outputs(7873).0" is outside north or south abutment box side.
        (x:3937um, xAB: [0um:3120um])

[ERROR] Side.place(IoPin): Pin "outputs(7874).0" is outside north or south abutment box side.
        (x:3937.5um, xAB: [0um:3120um])

[ERROR] Side.place(IoPin): Pin "outputs(7875).0" is outside north or south abutment box side.
        (x:3938um, xAB: [0um:3120um])

[ERROR] Side.place(IoPin): Pin "outputs(7876).0" is outside north or south abutment box side.
        (x:3938.5um, xAB: [0um:3120um])

[ERROR] Side.place(IoPin): Pin "outputs(7877).0" is outside north or south abutment box side.
        (x:3939um, xAB: [0um:3120um])

[ERROR] Side.place(IoPin): Pin "outputs(7878).0" is outside north or south abutment box side.
        (x:3939.5um, xAB: [0um:3120um])

[ERROR] Side.place(IoPin): Pin "outputs(7879).0" is outside north or south abutment box side.
        (x:3940um, xAB: [0um:3120um])

[ERROR] Side.place(IoPin): Pin "outputs(7880).0" is outside north or south abutment box side.
        (x:3940.5um, xAB: [0um:3120um])

[ERROR] Side.place(IoPin): Pin "outputs(7881).0" is outside north or south abutment box side.
        (x:3941um, xAB: [0um:3120um])

[ERROR] Side.place(IoPin): Pin "outputs(7882).0" is outside north or south abutment box side.
        (x:3941.5um, xAB: [0um:3120um])

[ERROR] Side.place(IoPin): Pin "outputs(7883).0" is outside north or south abutment box side.
        (x:3942um, xAB: [0um:3120um])

[ERROR] Side.place(IoPin): Pin "outputs(7884).0" is outside north or south abutment box side.
        (x:3942.5um, xAB: [0um:3120um])

[ERROR] Side.place(IoPin): Pin "outputs(7885).0" is outside north or south abutment box side.
        (x:3943um, xAB: [0um:3120um])

[ERROR] Side.place(IoPin): Pin "outputs(7886).0" is outside north or south abutment box side.
        (x:3943.5um, xAB: [0um:3120um])

[ERROR] Side.place(IoPin): Pin "outputs(7887).0" is outside north or south abutment box side.
        (x:3944um, xAB: [0um:3120um])

[ERROR] Side.place(IoPin): Pin "outputs(7888).0" is outside north or south abutment box side.
        (x:3944.5um, xAB: [0um:3120um])

[ERROR] Side.place(IoPin): Pin "outputs(7889).0" is outside north or south abutment box side.
        (x:3945um, xAB: [0um:3120um])

[ERROR] Side.place(IoPin): Pin "outputs(7890).0" is outside north or south abutment box side.
        (x:3945.5um, xAB: [0um:3120um])

[ERROR] Side.place(IoPin): Pin "outputs(7891).0" is outside north or south abutment box side.
        (x:3946um, xAB: [0um:3120um])

[ERROR] Side.place(IoPin): Pin "outputs(7892).0" is outside north or south abutment box side.
        (x:3946.5um, xAB: [0um:3120um])

[ERROR] Side.place(IoPin): Pin "outputs(7893).0" is outside north or south abutment box side.
        (x:3947um, xAB: [0um:3120um])

[ERROR] Side.place(IoPin): Pin "outputs(7894).0" is outside north or south abutment box side.
        (x:3947.5um, xAB: [0um:3120um])

[ERROR] Side.place(IoPin): Pin "outputs(7895).0" is outside north or south abutment box side.
        (x:3948um, xAB: [0um:3120um])

[ERROR] Side.place(IoPin): Pin "outputs(7896).0" is outside north or south abutment box side.
        (x:3948.5um, xAB: [0um:3120um])

[ERROR] Side.place(IoPin): Pin "outputs(7897).0" is outside north or south abutment box side.
        (x:3949um, xAB: [0um:3120um])

[ERROR] Side.place(IoPin): Pin "outputs(7898).0" is outside north or south abutment box side.
        (x:3949.5um, xAB: [0um:3120um])

[ERROR] Side.place(IoPin): Pin "outputs(7899).0" is outside north or south abutment box side.
        (x:3950um, xAB: [0um:3120um])

[ERROR] Side.place(IoPin): Pin "outputs(7900).0" is outside north or south abutment box side.
        (x:3950.5um, xAB: [0um:3120um])

[ERROR] Side.place(IoPin): Pin "outputs(7901).0" is outside north or south abutment box side.
        (x:3951um, xAB: [0um:3120um])

[ERROR] Side.place(IoPin): Pin "outputs(7902).0" is outside north or south abutment box side.
        (x:3951.5um, xAB: [0um:3120um])

[ERROR] Side.place(IoPin): Pin "outputs(7903).0" is outside north or south abutment box side.
        (x:3952um, xAB: [0um:3120um])

[ERROR] Side.place(IoPin): Pin "outputs(7904).0" is outside north or south abutment box side.
        (x:3952.5um, xAB: [0um:3120um])

[ERROR] Side.place(IoPin): Pin "outputs(7905).0" is outside north or south abutment box side.
        (x:3953um, xAB: [0um:3120um])

[ERROR] Side.place(IoPin): Pin "outputs(7906).0" is outside north or south abutment box side.
        (x:3953.5um, xAB: [0um:3120um])

[ERROR] Side.place(IoPin): Pin "outputs(7907).0" is outside north or south abutment box side.
        (x:3954um, xAB: [0um:3120um])

[ERROR] Side.place(IoPin): Pin "outputs(7908).0" is outside north or south abutment box side.
        (x:3954.5um, xAB: [0um:3120um])

[ERROR] Side.place(IoPin): Pin "outputs(7909).0" is outside north or south abutment box side.
        (x:3955um, xAB: [0um:3120um])

[ERROR] Side.place(IoPin): Pin "outputs(7910).0" is outside north or south abutment box side.
        (x:3955.5um, xAB: [0um:3120um])

[ERROR] Side.place(IoPin): Pin "outputs(7911).0" is outside north or south abutment box side.
        (x:3956um, xAB: [0um:3120um])

[ERROR] Side.place(IoPin): Pin "outputs(7912).0" is outside north or south abutment box side.
        (x:3956.5um, xAB: [0um:3120um])

[ERROR] Side.place(IoPin): Pin "outputs(7913).0" is outside north or south abutment box side.
        (x:3957um, xAB: [0um:3120um])

[ERROR] Side.place(IoPin): Pin "outputs(7914).0" is outside north or south abutment box side.
        (x:3957.5um, xAB: [0um:3120um])

[ERROR] Side.place(IoPin): Pin "outputs(7915).0" is outside north or south abutment box side.
        (x:3958um, xAB: [0um:3120um])

[ERROR] Side.place(IoPin): Pin "outputs(7916).0" is outside north or south abutment box side.
        (x:3958.5um, xAB: [0um:3120um])

[ERROR] Side.place(IoPin): Pin "outputs(7917).0" is outside north or south abutment box side.
        (x:3959um, xAB: [0um:3120um])

[ERROR] Side.place(IoPin): Pin "outputs(7918).0" is outside north or south abutment box side.
        (x:3959.5um, xAB: [0um:3120um])

[ERROR] Side.place(IoPin): Pin "outputs(7919).0" is outside north or south abutment box side.
        (x:3960um, xAB: [0um:3120um])

[ERROR] Side.place(IoPin): Pin "outputs(7920).0" is outside north or south abutment box side.
        (x:3960.5um, xAB: [0um:3120um])

[ERROR] Side.place(IoPin): Pin "outputs(7921).0" is outside north or south abutment box side.
        (x:3961um, xAB: [0um:3120um])

[ERROR] Side.place(IoPin): Pin "outputs(7922).0" is outside north or south abutment box side.
        (x:3961.5um, xAB: [0um:3120um])

[ERROR] Side.place(IoPin): Pin "outputs(7923).0" is outside north or south abutment box side.
        (x:3962um, xAB: [0um:3120um])

[ERROR] Side.place(IoPin): Pin "outputs(7924).0" is outside north or south abutment box side.
        (x:3962.5um, xAB: [0um:3120um])

[ERROR] Side.place(IoPin): Pin "outputs(7925).0" is outside north or south abutment box side.
        (x:3963um, xAB: [0um:3120um])

[ERROR] Side.place(IoPin): Pin "outputs(7926).0" is outside north or south abutment box side.
        (x:3963.5um, xAB: [0um:3120um])

[ERROR] Side.place(IoPin): Pin "outputs(7927).0" is outside north or south abutment box side.
        (x:3964um, xAB: [0um:3120um])

[ERROR] Side.place(IoPin): Pin "outputs(7928).0" is outside north or south abutment box side.
        (x:3964.5um, xAB: [0um:3120um])

[ERROR] Side.place(IoPin): Pin "outputs(7929).0" is outside north or south abutment box side.
        (x:3965um, xAB: [0um:3120um])

[ERROR] Side.place(IoPin): Pin "outputs(7930).0" is outside north or south abutment box side.
        (x:3965.5um, xAB: [0um:3120um])

[ERROR] Side.place(IoPin): Pin "outputs(7931).0" is outside north or south abutment box side.
        (x:3966um, xAB: [0um:3120um])

[ERROR] Side.place(IoPin): Pin "outputs(7932).0" is outside north or south abutment box side.
        (x:3966.5um, xAB: [0um:3120um])

[ERROR] Side.place(IoPin): Pin "outputs(7933).0" is outside north or south abutment box side.
        (x:3967um, xAB: [0um:3120um])

[ERROR] Side.place(IoPin): Pin "outputs(7934).0" is outside north or south abutment box side.
        (x:3967.5um, xAB: [0um:3120um])

[ERROR] Side.place(IoPin): Pin "outputs(7935).0" is outside north or south abutment box side.
        (x:3968um, xAB: [0um:3120um])

[ERROR] Side.place(IoPin): Pin "outputs(7936).0" is outside north or south abutment box side.
        (x:3968.5um, xAB: [0um:3120um])

[ERROR] Side.place(IoPin): Pin "outputs(7937).0" is outside north or south abutment box side.
        (x:3969um, xAB: [0um:3120um])

[ERROR] Side.place(IoPin): Pin "outputs(7938).0" is outside north or south abutment box side.
        (x:3969.5um, xAB: [0um:3120um])

[ERROR] Side.place(IoPin): Pin "outputs(7939).0" is outside north or south abutment box side.
        (x:3970um, xAB: [0um:3120um])

[ERROR] Side.place(IoPin): Pin "outputs(7940).0" is outside north or south abutment box side.
        (x:3970.5um, xAB: [0um:3120um])

[ERROR] Side.place(IoPin): Pin "outputs(7941).0" is outside north or south abutment box side.
        (x:3971um, xAB: [0um:3120um])

[ERROR] Side.place(IoPin): Pin "outputs(7942).0" is outside north or south abutment box side.
        (x:3971.5um, xAB: [0um:3120um])

[ERROR] Side.place(IoPin): Pin "outputs(7943).0" is outside north or south abutment box side.
        (x:3972um, xAB: [0um:3120um])

[ERROR] Side.place(IoPin): Pin "outputs(7944).0" is outside north or south abutment box side.
        (x:3972.5um, xAB: [0um:3120um])

[ERROR] Side.place(IoPin): Pin "outputs(7945).0" is outside north or south abutment box side.
        (x:3973um, xAB: [0um:3120um])

[ERROR] Side.place(IoPin): Pin "outputs(7946).0" is outside north or south abutment box side.
        (x:3973.5um, xAB: [0um:3120um])

[ERROR] Side.place(IoPin): Pin "outputs(7947).0" is outside north or south abutment box side.
        (x:3974um, xAB: [0um:3120um])

[ERROR] Side.place(IoPin): Pin "outputs(7948).0" is outside north or south abutment box side.
        (x:3974.5um, xAB: [0um:3120um])

[ERROR] Side.place(IoPin): Pin "outputs(7949).0" is outside north or south abutment box side.
        (x:3975um, xAB: [0um:3120um])

[ERROR] Side.place(IoPin): Pin "outputs(7950).0" is outside north or south abutment box side.
        (x:3975.5um, xAB: [0um:3120um])

[ERROR] Side.place(IoPin): Pin "outputs(7951).0" is outside north or south abutment box side.
        (x:3976um, xAB: [0um:3120um])

[ERROR] Side.place(IoPin): Pin "outputs(7952).0" is outside north or south abutment box side.
        (x:3976.5um, xAB: [0um:3120um])

[ERROR] Side.place(IoPin): Pin "outputs(7953).0" is outside north or south abutment box side.
        (x:3977um, xAB: [0um:3120um])

[ERROR] Side.place(IoPin): Pin "outputs(7954).0" is outside north or south abutment box side.
        (x:3977.5um, xAB: [0um:3120um])

[ERROR] Side.place(IoPin): Pin "outputs(7955).0" is outside north or south abutment box side.
        (x:3978um, xAB: [0um:3120um])

[ERROR] Side.place(IoPin): Pin "outputs(7956).0" is outside north or south abutment box side.
        (x:3978.5um, xAB: [0um:3120um])

[ERROR] Side.place(IoPin): Pin "outputs(7957).0" is outside north or south abutment box side.
        (x:3979um, xAB: [0um:3120um])

[ERROR] Side.place(IoPin): Pin "outputs(7958).0" is outside north or south abutment box side.
        (x:3979.5um, xAB: [0um:3120um])

[ERROR] Side.place(IoPin): Pin "outputs(7959).0" is outside north or south abutment box side.
        (x:3980um, xAB: [0um:3120um])

[ERROR] Side.place(IoPin): Pin "outputs(7960).0" is outside north or south abutment box side.
        (x:3980.5um, xAB: [0um:3120um])

[ERROR] Side.place(IoPin): Pin "outputs(7961).0" is outside north or south abutment box side.
        (x:3981um, xAB: [0um:3120um])

[ERROR] Side.place(IoPin): Pin "outputs(7962).0" is outside north or south abutment box side.
        (x:3981.5um, xAB: [0um:3120um])

[ERROR] Side.place(IoPin): Pin "outputs(7963).0" is outside north or south abutment box side.
        (x:3982um, xAB: [0um:3120um])

[ERROR] Side.place(IoPin): Pin "outputs(14204).0" is outside north or south abutment box side.
        (x:3120.5um, xAB: [0um:3120um])

[ERROR] Side.place(IoPin): Pin "outputs(14205).0" is outside north or south abutment box side.
        (x:3121um, xAB: [0um:3120um])

[ERROR] Side.place(IoPin): Pin "outputs(14206).0" is outside north or south abutment box side.
        (x:3121.5um, xAB: [0um:3120um])

[ERROR] Side.place(IoPin): Pin "outputs(14207).0" is outside north or south abutment box side.
        (x:3122um, xAB: [0um:3120um])

[ERROR] Side.place(IoPin): Pin "outputs(14208).0" is outside north or south abutment box side.
        (x:3122.5um, xAB: [0um:3120um])

[ERROR] Side.place(IoPin): Pin "outputs(14209).0" is outside north or south abutment box side.
        (x:3123um, xAB: [0um:3120um])

[ERROR] Side.place(IoPin): Pin "outputs(14210).0" is outside north or south abutment box side.
        (x:3123.5um, xAB: [0um:3120um])

[ERROR] Side.place(IoPin): Pin "outputs(14211).0" is outside north or south abutment box side.
        (x:3124um, xAB: [0um:3120um])

[ERROR] Side.place(IoPin): Pin "outputs(14212).0" is outside north or south abutment box side.
        (x:3124.5um, xAB: [0um:3120um])

[ERROR] Side.place(IoPin): Pin "outputs(14213).0" is outside north or south abutment box side.
        (x:3125um, xAB: [0um:3120um])

[ERROR] Side.place(IoPin): Pin "outputs(14214).0" is outside north or south abutment box side.
        (x:3125.5um, xAB: [0um:3120um])

[ERROR] Side.place(IoPin): Pin "outputs(14215).0" is outside north or south abutment box side.
        (x:3126um, xAB: [0um:3120um])

[ERROR] Side.place(IoPin): Pin "outputs(14216).0" is outside north or south abutment box side.
        (x:3126.5um, xAB: [0um:3120um])

[ERROR] Side.place(IoPin): Pin "outputs(14217).0" is outside north or south abutment box side.
        (x:3127um, xAB: [0um:3120um])

[ERROR] Side.place(IoPin): Pin "outputs(14218).0" is outside north or south abutment box side.
        (x:3127.5um, xAB: [0um:3120um])

[ERROR] Side.place(IoPin): Pin "outputs(14219).0" is outside north or south abutment box side.
        (x:3128um, xAB: [0um:3120um])

[ERROR] Side.place(IoPin): Pin "outputs(14220).0" is outside north or south abutment box side.
        (x:3128.5um, xAB: [0um:3120um])

[ERROR] Side.place(IoPin): Pin "outputs(14221).0" is outside north or south abutment box side.
        (x:3129um, xAB: [0um:3120um])

[ERROR] Side.place(IoPin): Pin "outputs(14222).0" is outside north or south abutment box side.
        (x:3129.5um, xAB: [0um:3120um])

[ERROR] Side.place(IoPin): Pin "outputs(14223).0" is outside north or south abutment box side.
        (x:3130um, xAB: [0um:3120um])

[ERROR] Side.place(IoPin): Pin "outputs(14224).0" is outside north or south abutment box side.
        (x:3130.5um, xAB: [0um:3120um])

[ERROR] Side.place(IoPin): Pin "outputs(14225).0" is outside north or south abutment box side.
        (x:3131um, xAB: [0um:3120um])

[ERROR] Side.place(IoPin): Pin "outputs(14226).0" is outside north or south abutment box side.
        (x:3131.5um, xAB: [0um:3120um])

[ERROR] Side.place(IoPin): Pin "outputs(14227).0" is outside north or south abutment box side.
        (x:3132um, xAB: [0um:3120um])

[ERROR] Side.place(IoPin): Pin "outputs(14228).0" is outside north or south abutment box side.
        (x:3132.5um, xAB: [0um:3120um])

[ERROR] Side.place(IoPin): Pin "outputs(14229).0" is outside north or south abutment box side.
        (x:3133um, xAB: [0um:3120um])

[ERROR] Side.place(IoPin): Pin "outputs(14230).0" is outside north or south abutment box side.
        (x:3133.5um, xAB: [0um:3120um])

[ERROR] Side.place(IoPin): Pin "outputs(14231).0" is outside north or south abutment box side.
        (x:3134um, xAB: [0um:3120um])

[ERROR] Side.place(IoPin): Pin "outputs(14232).0" is outside north or south abutment box side.
        (x:3134.5um, xAB: [0um:3120um])

[ERROR] Side.place(IoPin): Pin "outputs(14233).0" is outside north or south abutment box side.
        (x:3135um, xAB: [0um:3120um])

[ERROR] Side.place(IoPin): Pin "outputs(14234).0" is outside north or south abutment box side.
        (x:3135.5um, xAB: [0um:3120um])

[ERROR] Side.place(IoPin): Pin "outputs(14235).0" is outside north or south abutment box side.
        (x:3136um, xAB: [0um:3120um])

[ERROR] Side.place(IoPin): Pin "outputs(14236).0" is outside north or south abutment box side.
        (x:3136.5um, xAB: [0um:3120um])

[ERROR] Side.place(IoPin): Pin "outputs(14237).0" is outside north or south abutment box side.
        (x:3137um, xAB: [0um:3120um])

[ERROR] Side.place(IoPin): Pin "outputs(14238).0" is outside north or south abutment box side.
        (x:3137.5um, xAB: [0um:3120um])

[ERROR] Side.place(IoPin): Pin "outputs(14239).0" is outside north or south abutment box side.
        (x:3138um, xAB: [0um:3120um])

[ERROR] Side.place(IoPin): Pin "outputs(14240).0" is outside north or south abutment box side.
        (x:3138.5um, xAB: [0um:3120um])

[ERROR] Side.place(IoPin): Pin "outputs(14241).0" is outside north or south abutment box side.
        (x:3139um, xAB: [0um:3120um])

[ERROR] Side.place(IoPin): Pin "outputs(14242).0" is outside north or south abutment box side.
        (x:3139.5um, xAB: [0um:3120um])

[ERROR] Side.place(IoPin): Pin "outputs(14243).0" is outside north or south abutment box side.
        (x:3140um, xAB: [0um:3120um])

[ERROR] Side.place(IoPin): Pin "outputs(14244).0" is outside north or south abutment box side.
        (x:3140.5um, xAB: [0um:3120um])

[ERROR] Side.place(IoPin): Pin "outputs(14245).0" is outside north or south abutment box side.
        (x:3141um, xAB: [0um:3120um])

[ERROR] Side.place(IoPin): Pin "outputs(14246).0" is outside north or south abutment box side.
        (x:3141.5um, xAB: [0um:3120um])

[ERROR] Side.place(IoPin): Pin "outputs(14247).0" is outside north or south abutment box side.
        (x:3142um, xAB: [0um:3120um])

[ERROR] Side.place(IoPin): Pin "outputs(14248).0" is outside north or south abutment box side.
        (x:3142.5um, xAB: [0um:3120um])

[ERROR] Side.place(IoPin): Pin "outputs(14249).0" is outside north or south abutment box side.
        (x:3143um, xAB: [0um:3120um])

[ERROR] Side.place(IoPin): Pin "outputs(14250).0" is outside north or south abutment box side.
        (x:3143.5um, xAB: [0um:3120um])

[ERROR] Side.place(IoPin): Pin "outputs(14251).0" is outside north or south abutment box side.
        (x:3144um, xAB: [0um:3120um])

[ERROR] Side.place(IoPin): Pin "outputs(14252).0" is outside north or south abutment box side.
        (x:3144.5um, xAB: [0um:3120um])

[ERROR] Side.place(IoPin): Pin "outputs(14253).0" is outside north or south abutment box side.
        (x:3145um, xAB: [0um:3120um])

[ERROR] Side.place(IoPin): Pin "outputs(14254).0" is outside north or south abutment box side.
        (x:3145.5um, xAB: [0um:3120um])

[ERROR] Side.place(IoPin): Pin "outputs(14255).0" is outside north or south abutment box side.
        (x:3146um, xAB: [0um:3120um])

[ERROR] Side.place(IoPin): Pin "outputs(14256).0" is outside north or south abutment box side.
        (x:3146.5um, xAB: [0um:3120um])

[ERROR] Side.place(IoPin): Pin "outputs(14257).0" is outside north or south abutment box side.
        (x:3147um, xAB: [0um:3120um])

[ERROR] Side.place(IoPin): Pin "outputs(14258).0" is outside north or south abutment box side.
        (x:3147.5um, xAB: [0um:3120um])

[ERROR] Side.place(IoPin): Pin "outputs(14259).0" is outside north or south abutment box side.
        (x:3148um, xAB: [0um:3120um])

[ERROR] Side.place(IoPin): Pin "outputs(14260).0" is outside north or south abutment box side.
        (x:3148.5um, xAB: [0um:3120um])

[ERROR] Side.place(IoPin): Pin "outputs(14261).0" is outside north or south abutment box side.
        (x:3149um, xAB: [0um:3120um])

[ERROR] Side.place(IoPin): Pin "outputs(14262).0" is outside north or south abutment box side.
        (x:3149.5um, xAB: [0um:3120um])

[ERROR] Side.place(IoPin): Pin "outputs(14263).0" is outside north or south abutment box side.
        (x:3150um, xAB: [0um:3120um])

[ERROR] Side.place(IoPin): Pin "outputs(14264).0" is outside north or south abutment box side.
        (x:3150.5um, xAB: [0um:3120um])

[ERROR] Side.place(IoPin): Pin "outputs(14265).0" is outside north or south abutment box side.
        (x:3151um, xAB: [0um:3120um])

[ERROR] Side.place(IoPin): Pin "outputs(14266).0" is outside north or south abutment box side.
        (x:3151.5um, xAB: [0um:3120um])

[ERROR] Side.place(IoPin): Pin "outputs(14267).0" is outside north or south abutment box side.
        (x:3152um, xAB: [0um:3120um])

[ERROR] Side.place(IoPin): Pin "outputs(14268).0" is outside north or south abutment box side.
        (x:3152.5um, xAB: [0um:3120um])

[ERROR] Side.place(IoPin): Pin "outputs(14269).0" is outside north or south abutment box side.
        (x:3153um, xAB: [0um:3120um])

[ERROR] Side.place(IoPin): Pin "outputs(14270).0" is outside north or south abutment box side.
        (x:3153.5um, xAB: [0um:3120um])

[ERROR] Side.place(IoPin): Pin "outputs(14271).0" is outside north or south abutment box side.
        (x:3154um, xAB: [0um:3120um])

[ERROR] Side.place(IoPin): Pin "outputs(14272).0" is outside north or south abutment box side.
        (x:3154.5um, xAB: [0um:3120um])

[ERROR] Side.place(IoPin): Pin "outputs(14273).0" is outside north or south abutment box side.
        (x:3155um, xAB: [0um:3120um])

[ERROR] Side.place(IoPin): Pin "outputs(14274).0" is outside north or south abutment box side.
        (x:3155.5um, xAB: [0um:3120um])

[ERROR] Side.place(IoPin): Pin "outputs(14275).0" is outside north or south abutment box side.
        (x:3156um, xAB: [0um:3120um])

[ERROR] Side.place(IoPin): Pin "outputs(14276).0" is outside north or south abutment box side.
        (x:3156.5um, xAB: [0um:3120um])

[ERROR] Side.place(IoPin): Pin "outputs(14277).0" is outside north or south abutment box side.
        (x:3157um, xAB: [0um:3120um])

[ERROR] Side.place(IoPin): Pin "outputs(14278).0" is outside north or south abutment box side.
        (x:3157.5um, xAB: [0um:3120um])

[ERROR] Side.place(IoPin): Pin "outputs(14279).0" is outside north or south abutment box side.
        (x:3158um, xAB: [0um:3120um])

[ERROR] Side.place(IoPin): Pin "outputs(14280).0" is outside north or south abutment box side.
        (x:3158.5um, xAB: [0um:3120um])

[ERROR] Side.place(IoPin): Pin "outputs(14281).0" is outside north or south abutment box side.
        (x:3159um, xAB: [0um:3120um])

[ERROR] Side.place(IoPin): Pin "outputs(14282).0" is outside north or south abutment box side.
        (x:3159.5um, xAB: [0um:3120um])

[ERROR] Side.place(IoPin): Pin "outputs(14283).0" is outside north or south abutment box side.
        (x:3160um, xAB: [0um:3120um])

[ERROR] Side.place(IoPin): Pin "outputs(14284).0" is outside north or south abutment box side.
        (x:3160.5um, xAB: [0um:3120um])

[ERROR] Side.place(IoPin): Pin "outputs(14285).0" is outside north or south abutment box side.
        (x:3161um, xAB: [0um:3120um])

[ERROR] Side.place(IoPin): Pin "outputs(14286).0" is outside north or south abutment box side.
        (x:3161.5um, xAB: [0um:3120um])

[ERROR] Side.place(IoPin): Pin "outputs(14287).0" is outside north or south abutment box side.
        (x:3162um, xAB: [0um:3120um])

[ERROR] Side.place(IoPin): Pin "outputs(14288).0" is outside north or south abutment box side.
        (x:3162.5um, xAB: [0um:3120um])

[ERROR] Side.place(IoPin): Pin "outputs(14289).0" is outside north or south abutment box side.
        (x:3163um, xAB: [0um:3120um])

[ERROR] Side.place(IoPin): Pin "outputs(14290).0" is outside north or south abutment box side.
        (x:3163.5um, xAB: [0um:3120um])

[ERROR] Side.place(IoPin): Pin "outputs(14291).0" is outside north or south abutment box side.
        (x:3164um, xAB: [0um:3120um])

[ERROR] Side.place(IoPin): Pin "outputs(14292).0" is outside north or south abutment box side.
        (x:3164.5um, xAB: [0um:3120um])

[ERROR] Side.place(IoPin): Pin "outputs(14293).0" is outside north or south abutment box side.
        (x:3165um, xAB: [0um:3120um])

[ERROR] Side.place(IoPin): Pin "outputs(14294).0" is outside north or south abutment box side.
        (x:3165.5um, xAB: [0um:3120um])

[ERROR] Side.place(IoPin): Pin "outputs(14295).0" is outside north or south abutment box side.
        (x:3166um, xAB: [0um:3120um])

[ERROR] Side.place(IoPin): Pin "outputs(14296).0" is outside north or south abutment box side.
        (x:3166.5um, xAB: [0um:3120um])

[ERROR] Side.place(IoPin): Pin "outputs(14297).0" is outside north or south abutment box side.
        (x:3167um, xAB: [0um:3120um])

[ERROR] Side.place(IoPin): Pin "outputs(14298).0" is outside north or south abutment box side.
        (x:3167.5um, xAB: [0um:3120um])

[ERROR] Side.place(IoPin): Pin "outputs(14299).0" is outside north or south abutment box side.
        (x:3168um, xAB: [0um:3120um])

[ERROR] Side.place(IoPin): Pin "outputs(14300).0" is outside north or south abutment box side.
        (x:3168.5um, xAB: [0um:3120um])

[ERROR] Side.place(IoPin): Pin "outputs(14301).0" is outside north or south abutment box side.
        (x:3169um, xAB: [0um:3120um])

[ERROR] Side.place(IoPin): Pin "outputs(14302).0" is outside north or south abutment box side.
        (x:3169.5um, xAB: [0um:3120um])

[ERROR] Side.place(IoPin): Pin "outputs(14303).0" is outside north or south abutment box side.
        (x:3170um, xAB: [0um:3120um])

[ERROR] Side.place(IoPin): Pin "outputs(14304).0" is outside north or south abutment box side.
        (x:3170.5um, xAB: [0um:3120um])

[ERROR] Side.place(IoPin): Pin "outputs(14305).0" is outside north or south abutment box side.
        (x:3171um, xAB: [0um:3120um])

[ERROR] Side.place(IoPin): Pin "outputs(14306).0" is outside north or south abutment box side.
        (x:3171.5um, xAB: [0um:3120um])

[ERROR] Side.place(IoPin): Pin "outputs(14307).0" is outside north or south abutment box side.
        (x:3172um, xAB: [0um:3120um])

[ERROR] Side.place(IoPin): Pin "outputs(14308).0" is outside north or south abutment box side.
        (x:3172.5um, xAB: [0um:3120um])

[ERROR] Side.place(IoPin): Pin "outputs(14309).0" is outside north or south abutment box side.
        (x:3173um, xAB: [0um:3120um])

[ERROR] Side.place(IoPin): Pin "outputs(14310).0" is outside north or south abutment box side.
        (x:3173.5um, xAB: [0um:3120um])

[ERROR] Side.place(IoPin): Pin "outputs(14311).0" is outside north or south abutment box side.
        (x:3174um, xAB: [0um:3120um])

[ERROR] Side.place(IoPin): Pin "outputs(14312).0" is outside north or south abutment box side.
        (x:3174.5um, xAB: [0um:3120um])

[ERROR] Side.place(IoPin): Pin "outputs(14313).0" is outside north or south abutment box side.
        (x:3175um, xAB: [0um:3120um])

[ERROR] Side.place(IoPin): Pin "outputs(14314).0" is outside north or south abutment box side.
        (x:3175.5um, xAB: [0um:3120um])

[ERROR] Side.place(IoPin): Pin "outputs(14315).0" is outside north or south abutment box side.
        (x:3176um, xAB: [0um:3120um])

[ERROR] Side.place(IoPin): Pin "outputs(14316).0" is outside north or south abutment box side.
        (x:3176.5um, xAB: [0um:3120um])

[ERROR] Side.place(IoPin): Pin "outputs(14317).0" is outside north or south abutment box side.
        (x:3177um, xAB: [0um:3120um])

[ERROR] Side.place(IoPin): Pin "outputs(14318).0" is outside north or south abutment box side.
        (x:3177.5um, xAB: [0um:3120um])

[ERROR] Side.place(IoPin): Pin "outputs(14319).0" is outside north or south abutment box side.
        (x:3178um, xAB: [0um:3120um])

[ERROR] Side.place(IoPin): Pin "outputs(14320).0" is outside north or south abutment box side.
        (x:3178.5um, xAB: [0um:3120um])

[ERROR] Side.place(IoPin): Pin "outputs(14321).0" is outside north or south abutment box side.
        (x:3179um, xAB: [0um:3120um])

[ERROR] Side.place(IoPin): Pin "outputs(14322).0" is outside north or south abutment box side.
        (x:3179.5um, xAB: [0um:3120um])

[ERROR] Side.place(IoPin): Pin "outputs(14323).0" is outside north or south abutment box side.
        (x:3180um, xAB: [0um:3120um])

[ERROR] Side.place(IoPin): Pin "outputs(14324).0" is outside north or south abutment box side.
        (x:3180.5um, xAB: [0um:3120um])

[ERROR] Side.place(IoPin): Pin "outputs(14325).0" is outside north or south abutment box side.
        (x:3181um, xAB: [0um:3120um])

[ERROR] Side.place(IoPin): Pin "outputs(14326).0" is outside north or south abutment box side.
        (x:3181.5um, xAB: [0um:3120um])

[ERROR] Side.place(IoPin): Pin "outputs(14327).0" is outside north or south abutment box side.
        (x:3182um, xAB: [0um:3120um])

[ERROR] Side.place(IoPin): Pin "outputs(14328).0" is outside north or south abutment box side.
        (x:3182.5um, xAB: [0um:3120um])

[ERROR] Side.place(IoPin): Pin "outputs(14329).0" is outside north or south abutment box side.
        (x:3183um, xAB: [0um:3120um])

[ERROR] Side.place(IoPin): Pin "outputs(14330).0" is outside north or south abutment box side.
        (x:3183.5um, xAB: [0um:3120um])

[ERROR] Side.place(IoPin): Pin "outputs(14331).0" is outside north or south abutment box side.
        (x:3184um, xAB: [0um:3120um])

[ERROR] Side.place(IoPin): Pin "outputs(14332).0" is outside north or south abutment box side.
        (x:3184.5um, xAB: [0um:3120um])

[ERROR] Side.place(IoPin): Pin "outputs(14333).0" is outside north or south abutment box side.
        (x:3185um, xAB: [0um:3120um])

[ERROR] Side.place(IoPin): Pin "outputs(14334).0" is outside north or south abutment box side.
        (x:3185.5um, xAB: [0um:3120um])

[ERROR] Side.place(IoPin): Pin "outputs(14335).0" is outside north or south abutment box side.
        (x:3186um, xAB: [0um:3120um])

[ERROR] Side.place(IoPin): Pin "outputs(14336).0" is outside north or south abutment box side.
        (x:3186.5um, xAB: [0um:3120um])

[ERROR] Side.place(IoPin): Pin "outputs(14337).0" is outside north or south abutment box side.
        (x:3187um, xAB: [0um:3120um])

[ERROR] Side.place(IoPin): Pin "outputs(14338).0" is outside north or south abutment box side.
        (x:3187.5um, xAB: [0um:3120um])

[ERROR] Side.place(IoPin): Pin "outputs(14339).0" is outside north or south abutment box side.
        (x:3188um, xAB: [0um:3120um])

[ERROR] Side.place(IoPin): Pin "outputs(14340).0" is outside north or south abutment box side.
        (x:3188.5um, xAB: [0um:3120um])

[ERROR] Side.place(IoPin): Pin "outputs(14341).0" is outside north or south abutment box side.
        (x:3189um, xAB: [0um:3120um])

[ERROR] Side.place(IoPin): Pin "outputs(14342).0" is outside north or south abutment box side.
        (x:3189.5um, xAB: [0um:3120um])

[ERROR] Side.place(IoPin): Pin "outputs(14343).0" is outside north or south abutment box side.
        (x:3190um, xAB: [0um:3120um])

[ERROR] Side.place(IoPin): Pin "outputs(14344).0" is outside north or south abutment box side.
        (x:3190.5um, xAB: [0um:3120um])

[ERROR] Side.place(IoPin): Pin "outputs(14345).0" is outside north or south abutment box side.
        (x:3191um, xAB: [0um:3120um])

[ERROR] Side.place(IoPin): Pin "outputs(14346).0" is outside north or south abutment box side.
        (x:3191.5um, xAB: [0um:3120um])

[ERROR] Side.place(IoPin): Pin "outputs(14347).0" is outside north or south abutment box side.
        (x:3192um, xAB: [0um:3120um])

[ERROR] Side.place(IoPin): Pin "outputs(14348).0" is outside north or south abutment box side.
        (x:3192.5um, xAB: [0um:3120um])

[ERROR] Side.place(IoPin): Pin "outputs(14349).0" is outside north or south abutment box side.
        (x:3193um, xAB: [0um:3120um])

[ERROR] Side.place(IoPin): Pin "outputs(14350).0" is outside north or south abutment box side.
        (x:3193.5um, xAB: [0um:3120um])

[ERROR] Side.place(IoPin): Pin "outputs(14351).0" is outside north or south abutment box side.
        (x:3194um, xAB: [0um:3120um])

[ERROR] Side.place(IoPin): Pin "outputs(14352).0" is outside north or south abutment box side.
        (x:3194.5um, xAB: [0um:3120um])

[ERROR] Side.place(IoPin): Pin "outputs(14353).0" is outside north or south abutment box side.
        (x:3195um, xAB: [0um:3120um])

[ERROR] Side.place(IoPin): Pin "outputs(14354).0" is outside north or south abutment box side.
        (x:3195.5um, xAB: [0um:3120um])

[ERROR] Side.place(IoPin): Pin "outputs(14355).0" is outside north or south abutment box side.
        (x:3196um, xAB: [0um:3120um])

[ERROR] Side.place(IoPin): Pin "outputs(14356).0" is outside north or south abutment box side.
        (x:3196.5um, xAB: [0um:3120um])

[ERROR] Side.place(IoPin): Pin "outputs(14357).0" is outside north or south abutment box side.
        (x:3197um, xAB: [0um:3120um])

[ERROR] Side.place(IoPin): Pin "outputs(14358).0" is outside north or south abutment box side.
        (x:3197.5um, xAB: [0um:3120um])

[ERROR] Side.place(IoPin): Pin "outputs(14359).0" is outside north or south abutment box side.
        (x:3198um, xAB: [0um:3120um])

[ERROR] Side.place(IoPin): Pin "outputs(14360).0" is outside north or south abutment box side.
        (x:3198.5um, xAB: [0um:3120um])

[ERROR] Side.place(IoPin): Pin "outputs(14361).0" is outside north or south abutment box side.
        (x:3199um, xAB: [0um:3120um])

[ERROR] Side.place(IoPin): Pin "outputs(14362).0" is outside north or south abutment box side.
        (x:3199.5um, xAB: [0um:3120um])

[ERROR] Side.place(IoPin): Pin "outputs(14363).0" is outside north or south abutment box side.
        (x:3200um, xAB: [0um:3120um])

[ERROR] Side.place(IoPin): Pin "outputs(14364).0" is outside north or south abutment box side.
        (x:3200.5um, xAB: [0um:3120um])

[ERROR] Side.place(IoPin): Pin "outputs(14365).0" is outside north or south abutment box side.
        (x:3201um, xAB: [0um:3120um])

[ERROR] Side.place(IoPin): Pin "outputs(14366).0" is outside north or south abutment box side.
        (x:3201.5um, xAB: [0um:3120um])

[ERROR] Side.place(IoPin): Pin "outputs(14367).0" is outside north or south abutment box side.
        (x:3202um, xAB: [0um:3120um])

[ERROR] Side.place(IoPin): Pin "outputs(14368).0" is outside north or south abutment box side.
        (x:3202.5um, xAB: [0um:3120um])

[ERROR] Side.place(IoPin): Pin "outputs(14369).0" is outside north or south abutment box side.
        (x:3203um, xAB: [0um:3120um])

[ERROR] Side.place(IoPin): Pin "outputs(14370).0" is outside north or south abutment box side.
        (x:3203.5um, xAB: [0um:3120um])

[ERROR] Side.place(IoPin): Pin "outputs(14371).0" is outside north or south abutment box side.
        (x:3204um, xAB: [0um:3120um])

[ERROR] Side.place(IoPin): Pin "outputs(14372).0" is outside north or south abutment box side.
        (x:3204.5um, xAB: [0um:3120um])

[ERROR] Side.place(IoPin): Pin "outputs(14373).0" is outside north or south abutment box side.
        (x:3205um, xAB: [0um:3120um])

[ERROR] Side.place(IoPin): Pin "outputs(14374).0" is outside north or south abutment box side.
        (x:3205.5um, xAB: [0um:3120um])

[ERROR] Side.place(IoPin): Pin "outputs(14375).0" is outside north or south abutment box side.
        (x:3206um, xAB: [0um:3120um])

[ERROR] Side.place(IoPin): Pin "outputs(14376).0" is outside north or south abutment box side.
        (x:3206.5um, xAB: [0um:3120um])

[ERROR] Side.place(IoPin): Pin "outputs(14377).0" is outside north or south abutment box side.
        (x:3207um, xAB: [0um:3120um])

[ERROR] Side.place(IoPin): Pin "outputs(14378).0" is outside north or south abutment box side.
        (x:3207.5um, xAB: [0um:3120um])

[ERROR] Side.place(IoPin): Pin "outputs(14379).0" is outside north or south abutment box side.
        (x:3208um, xAB: [0um:3120um])

[ERROR] Side.place(IoPin): Pin "outputs(14380).0" is outside north or south abutment box side.
        (x:3208.5um, xAB: [0um:3120um])

[ERROR] Side.place(IoPin): Pin "outputs(14381).0" is outside north or south abutment box side.
        (x:3209um, xAB: [0um:3120um])

[ERROR] Side.place(IoPin): Pin "outputs(14382).0" is outside north or south abutment box side.
        (x:3209.5um, xAB: [0um:3120um])

[ERROR] Side.place(IoPin): Pin "outputs(14383).0" is outside north or south abutment box side.
        (x:3210um, xAB: [0um:3120um])

[ERROR] Side.place(IoPin): Pin "outputs(14384).0" is outside north or south abutment box side.
        (x:3210.5um, xAB: [0um:3120um])

[ERROR] Side.place(IoPin): Pin "outputs(14385).0" is outside north or south abutment box side.
        (x:3211um, xAB: [0um:3120um])

[ERROR] Side.place(IoPin): Pin "outputs(14386).0" is outside north or south abutment box side.
        (x:3211.5um, xAB: [0um:3120um])

[ERROR] Side.place(IoPin): Pin "outputs(14387).0" is outside north or south abutment box side.
        (x:3212um, xAB: [0um:3120um])

[ERROR] Side.place(IoPin): Pin "outputs(14388).0" is outside north or south abutment box side.
        (x:3212.5um, xAB: [0um:3120um])

[ERROR] Side.place(IoPin): Pin "outputs(14389).0" is outside north or south abutment box side.
        (x:3213um, xAB: [0um:3120um])

[ERROR] Side.place(IoPin): Pin "outputs(14390).0" is outside north or south abutment box side.
        (x:3213.5um, xAB: [0um:3120um])

[ERROR] Side.place(IoPin): Pin "outputs(14391).0" is outside north or south abutment box side.
        (x:3214um, xAB: [0um:3120um])

[ERROR] Side.place(IoPin): Pin "outputs(14392).0" is outside north or south abutment box side.
        (x:3214.5um, xAB: [0um:3120um])

[ERROR] Side.place(IoPin): Pin "outputs(14393).0" is outside north or south abutment box side.
        (x:3215um, xAB: [0um:3120um])

[ERROR] Side.place(IoPin): Pin "outputs(14394).0" is outside north or south abutment box side.
        (x:3215.5um, xAB: [0um:3120um])

[ERROR] Side.place(IoPin): Pin "outputs(14395).0" is outside north or south abutment box side.
        (x:3216um, xAB: [0um:3120um])

[ERROR] Side.place(IoPin): Pin "outputs(14396).0" is outside north or south abutment box side.
        (x:3216.5um, xAB: [0um:3120um])

[ERROR] Side.place(IoPin): Pin "outputs(14397).0" is outside north or south abutment box side.
        (x:3217um, xAB: [0um:3120um])

[ERROR] Side.place(IoPin): Pin "outputs(14398).0" is outside north or south abutment box side.
        (x:3217.5um, xAB: [0um:3120um])

[ERROR] Side.place(IoPin): Pin "outputs(14399).0" is outside north or south abutment box side.
        (x:3218um, xAB: [0um:3120um])

[ERROR] Side.place(IoPin): Pin "outputs(14400).0" is outside north or south abutment box side.
        (x:3218.5um, xAB: [0um:3120um])

[ERROR] Side.place(IoPin): Pin "outputs(14401).0" is outside north or south abutment box side.
        (x:3219um, xAB: [0um:3120um])

[ERROR] Side.place(IoPin): Pin "outputs(14402).0" is outside north or south abutment box side.
        (x:3219.5um, xAB: [0um:3120um])

[ERROR] Side.place(IoPin): Pin "outputs(14403).0" is outside north or south abutment box side.
        (x:3220um, xAB: [0um:3120um])

[ERROR] Side.place(IoPin): Pin "outputs(14404).0" is outside north or south abutment box side.
        (x:3220.5um, xAB: [0um:3120um])

[ERROR] Side.place(IoPin): Pin "outputs(14405).0" is outside north or south abutment box side.
        (x:3221um, xAB: [0um:3120um])

[ERROR] Side.place(IoPin): Pin "outputs(14406).0" is outside north or south abutment box side.
        (x:3221.5um, xAB: [0um:3120um])

[ERROR] Side.place(IoPin): Pin "outputs(14407).0" is outside north or south abutment box side.
        (x:3222um, xAB: [0um:3120um])

[ERROR] Side.place(IoPin): Pin "outputs(14408).0" is outside north or south abutment box side.
        (x:3222.5um, xAB: [0um:3120um])

[ERROR] Side.place(IoPin): Pin "outputs(14409).0" is outside north or south abutment box side.
        (x:3223um, xAB: [0um:3120um])

[ERROR] Side.place(IoPin): Pin "outputs(14410).0" is outside north or south abutment box side.
        (x:3223.5um, xAB: [0um:3120um])

[ERROR] Side.place(IoPin): Pin "outputs(14411).0" is outside north or south abutment box side.
        (x:3224um, xAB: [0um:3120um])

[ERROR] Side.place(IoPin): Pin "outputs(14412).0" is outside north or south abutment box side.
        (x:3224.5um, xAB: [0um:3120um])

[ERROR] Side.place(IoPin): Pin "outputs(14413).0" is outside north or south abutment box side.
        (x:3225um, xAB: [0um:3120um])

[ERROR] Side.place(IoPin): Pin "outputs(14414).0" is outside north or south abutment box side.
        (x:3225.5um, xAB: [0um:3120um])

[ERROR] Side.place(IoPin): Pin "outputs(14415).0" is outside north or south abutment box side.
        (x:3226um, xAB: [0um:3120um])

[ERROR] Side.place(IoPin): Pin "outputs(14416).0" is outside north or south abutment box side.
        (x:3226.5um, xAB: [0um:3120um])

[ERROR] Side.place(IoPin): Pin "outputs(14417).0" is outside north or south abutment box side.
        (x:3227um, xAB: [0um:3120um])

[ERROR] Side.place(IoPin): Pin "outputs(14418).0" is outside north or south abutment box side.
        (x:3227.5um, xAB: [0um:3120um])

[ERROR] Side.place(IoPin): Pin "outputs(14419).0" is outside north or south abutment box side.
        (x:3228um, xAB: [0um:3120um])

[ERROR] Side.place(IoPin): Pin "outputs(14420).0" is outside north or south abutment box side.
        (x:3228.5um, xAB: [0um:3120um])

[ERROR] Side.place(IoPin): Pin "outputs(14421).0" is outside north or south abutment box side.
        (x:3229um, xAB: [0um:3120um])

[ERROR] Side.place(IoPin): Pin "outputs(14422).0" is outside north or south abutment box side.
        (x:3229.5um, xAB: [0um:3120um])

[ERROR] Side.place(IoPin): Pin "outputs(14423).0" is outside north or south abutment box side.
        (x:3230um, xAB: [0um:3120um])

[ERROR] Side.place(IoPin): Pin "outputs(14424).0" is outside north or south abutment box side.
        (x:3230.5um, xAB: [0um:3120um])

[ERROR] Side.place(IoPin): Pin "outputs(14425).0" is outside north or south abutment box side.
        (x:3231um, xAB: [0um:3120um])

[ERROR] Side.place(IoPin): Pin "outputs(14426).0" is outside north or south abutment box side.
        (x:3231.5um, xAB: [0um:3120um])

[ERROR] Side.place(IoPin): Pin "outputs(14427).0" is outside north or south abutment box side.
        (x:3232um, xAB: [0um:3120um])

[ERROR] Side.place(IoPin): Pin "outputs(14428).0" is outside north or south abutment box side.
        (x:3232.5um, xAB: [0um:3120um])

[ERROR] Side.place(IoPin): Pin "outputs(14429).0" is outside north or south abutment box side.
        (x:3233um, xAB: [0um:3120um])

[ERROR] Side.place(IoPin): Pin "outputs(14430).0" is outside north or south abutment box side.
        (x:3233.5um, xAB: [0um:3120um])

[ERROR] Side.place(IoPin): Pin "outputs(14431).0" is outside north or south abutment box side.
        (x:3234um, xAB: [0um:3120um])

[ERROR] Side.place(IoPin): Pin "outputs(14432).0" is outside north or south abutment box side.
        (x:3234.5um, xAB: [0um:3120um])

[ERROR] Side.place(IoPin): Pin "outputs(14433).0" is outside north or south abutment box side.
        (x:3235um, xAB: [0um:3120um])

[ERROR] Side.place(IoPin): Pin "outputs(14434).0" is outside north or south abutment box side.
        (x:3235.5um, xAB: [0um:3120um])

[ERROR] Side.place(IoPin): Pin "outputs(14435).0" is outside north or south abutment box side.
        (x:3236um, xAB: [0um:3120um])

[ERROR] Side.place(IoPin): Pin "outputs(14436).0" is outside north or south abutment box side.
        (x:3236.5um, xAB: [0um:3120um])

[ERROR] Side.place(IoPin): Pin "outputs(14437).0" is outside north or south abutment box side.
        (x:3237um, xAB: [0um:3120um])

[ERROR] Side.place(IoPin): Pin "outputs(14438).0" is outside north or south abutment box side.
        (x:3237.5um, xAB: [0um:3120um])

[ERROR] Side.place(IoPin): Pin "outputs(14439).0" is outside north or south abutment box side.
        (x:3238um, xAB: [0um:3120um])

[ERROR] Side.place(IoPin): Pin "outputs(14440).0" is outside north or south abutment box side.
        (x:3238.5um, xAB: [0um:3120um])

[ERROR] Side.place(IoPin): Pin "outputs(14441).0" is outside north or south abutment box side.
        (x:3239um, xAB: [0um:3120um])

[ERROR] Side.place(IoPin): Pin "outputs(14442).0" is outside north or south abutment box side.
        (x:3239.5um, xAB: [0um:3120um])

[ERROR] Side.place(IoPin): Pin "outputs(14443).0" is outside north or south abutment box side.
        (x:3240um, xAB: [0um:3120um])

[ERROR] Side.place(IoPin): Pin "outputs(14444).0" is outside north or south abutment box side.
        (x:3240.5um, xAB: [0um:3120um])

[ERROR] Side.place(IoPin): Pin "outputs(14445).0" is outside north or south abutment box side.
        (x:3241um, xAB: [0um:3120um])

[ERROR] Side.place(IoPin): Pin "outputs(14446).0" is outside north or south abutment box side.
        (x:3241.5um, xAB: [0um:3120um])

[ERROR] Side.place(IoPin): Pin "outputs(14447).0" is outside north or south abutment box side.
        (x:3242um, xAB: [0um:3120um])

[ERROR] Side.place(IoPin): Pin "outputs(14448).0" is outside north or south abutment box side.
        (x:3242.5um, xAB: [0um:3120um])

[ERROR] Side.place(IoPin): Pin "outputs(14449).0" is outside north or south abutment box side.
        (x:3243um, xAB: [0um:3120um])

[ERROR] Side.place(IoPin): Pin "outputs(14450).0" is outside north or south abutment box side.
        (x:3243.5um, xAB: [0um:3120um])

[ERROR] Side.place(IoPin): Pin "outputs(14451).0" is outside north or south abutment box side.
        (x:3244um, xAB: [0um:3120um])

[ERROR] Side.place(IoPin): Pin "outputs(14452).0" is outside north or south abutment box side.
        (x:3244.5um, xAB: [0um:3120um])

[ERROR] Side.place(IoPin): Pin "outputs(14453).0" is outside north or south abutment box side.
        (x:3245um, xAB: [0um:3120um])

[ERROR] Side.place(IoPin): Pin "outputs(14454).0" is outside north or south abutment box side.
        (x:3245.5um, xAB: [0um:3120um])

[ERROR] Side.place(IoPin): Pin "outputs(14455).0" is outside north or south abutment box side.
        (x:3246um, xAB: [0um:3120um])

[ERROR] Side.place(IoPin): Pin "outputs(14456).0" is outside north or south abutment box side.
        (x:3246.5um, xAB: [0um:3120um])

[ERROR] Side.place(IoPin): Pin "outputs(14457).0" is outside north or south abutment box side.
        (x:3247um, xAB: [0um:3120um])

[ERROR] Side.place(IoPin): Pin "outputs(14458).0" is outside north or south abutment box side.
        (x:3247.5um, xAB: [0um:3120um])

[ERROR] Side.place(IoPin): Pin "outputs(14459).0" is outside north or south abutment box side.
        (x:3248um, xAB: [0um:3120um])

[ERROR] Side.place(IoPin): Pin "outputs(14460).0" is outside north or south abutment box side.
        (x:3248.5um, xAB: [0um:3120um])

[ERROR] Side.place(IoPin): Pin "outputs(14461).0" is outside north or south abutment box side.
        (x:3249um, xAB: [0um:3120um])

[ERROR] Side.place(IoPin): Pin "outputs(14462).0" is outside north or south abutment box side.
        (x:3249.5um, xAB: [0um:3120um])

[ERROR] Side.place(IoPin): Pin "outputs(14463).0" is outside north or south abutment box side.
        (x:3250um, xAB: [0um:3120um])

[ERROR] Side.place(IoPin): Pin "outputs(14464).0" is outside north or south abutment box side.
        (x:3250.5um, xAB: [0um:3120um])

[ERROR] Side.place(IoPin): Pin "outputs(14465).0" is outside north or south abutment box side.
        (x:3251um, xAB: [0um:3120um])

[ERROR] Side.place(IoPin): Pin "outputs(14466).0" is outside north or south abutment box side.
        (x:3251.5um, xAB: [0um:3120um])

[ERROR] Side.place(IoPin): Pin "outputs(14467).0" is outside north or south abutment box side.
        (x:3252um, xAB: [0um:3120um])

[ERROR] Side.place(IoPin): Pin "outputs(14468).0" is outside north or south abutment box side.
        (x:3252.5um, xAB: [0um:3120um])

[ERROR] Side.place(IoPin): Pin "outputs(14469).0" is outside north or south abutment box side.
        (x:3253um, xAB: [0um:3120um])

[ERROR] Side.place(IoPin): Pin "outputs(14470).0" is outside north or south abutment box side.
        (x:3253.5um, xAB: [0um:3120um])

[ERROR] Side.place(IoPin): Pin "outputs(14471).0" is outside north or south abutment box side.
        (x:3254um, xAB: [0um:3120um])

[ERROR] Side.place(IoPin): Pin "outputs(14472).0" is outside north or south abutment box side.
        (x:3254.5um, xAB: [0um:3120um])

[ERROR] Side.place(IoPin): Pin "outputs(14473).0" is outside north or south abutment box side.
        (x:3255um, xAB: [0um:3120um])

[ERROR] Side.place(IoPin): Pin "outputs(14474).0" is outside north or south abutment box side.
        (x:3255.5um, xAB: [0um:3120um])

[ERROR] Side.place(IoPin): Pin "outputs(14475).0" is outside north or south abutment box side.
        (x:3256um, xAB: [0um:3120um])

[ERROR] Side.place(IoPin): Pin "outputs(14476).0" is outside north or south abutment box side.
        (x:3256.5um, xAB: [0um:3120um])

[ERROR] Side.place(IoPin): Pin "outputs(14477).0" is outside north or south abutment box side.
        (x:3257um, xAB: [0um:3120um])

[ERROR] Side.place(IoPin): Pin "outputs(14478).0" is outside north or south abutment box side.
        (x:3257.5um, xAB: [0um:3120um])

[ERROR] Side.place(IoPin): Pin "outputs(14479).0" is outside north or south abutment box side.
        (x:3258um, xAB: [0um:3120um])

[ERROR] Side.place(IoPin): Pin "outputs(14480).0" is outside north or south abutment box side.
        (x:3258.5um, xAB: [0um:3120um])

[ERROR] Side.place(IoPin): Pin "outputs(14481).0" is outside north or south abutment box side.
        (x:3259um, xAB: [0um:3120um])

[ERROR] Side.place(IoPin): Pin "outputs(14482).0" is outside north or south abutment box side.
        (x:3259.5um, xAB: [0um:3120um])

[ERROR] Side.place(IoPin): Pin "outputs(14483).0" is outside north or south abutment box side.
        (x:3260um, xAB: [0um:3120um])

[ERROR] Side.place(IoPin): Pin "outputs(14484).0" is outside north or south abutment box side.
        (x:3260.5um, xAB: [0um:3120um])

[ERROR] Side.place(IoPin): Pin "outputs(14485).0" is outside north or south abutment box side.
        (x:3261um, xAB: [0um:3120um])

[ERROR] Side.place(IoPin): Pin "outputs(14486).0" is outside north or south abutment box side.
        (x:3261.5um, xAB: [0um:3120um])

[ERROR] Side.place(IoPin): Pin "outputs(14487).0" is outside north or south abutment box side.
        (x:3262um, xAB: [0um:3120um])

[ERROR] Side.place(IoPin): Pin "outputs(14488).0" is outside north or south abutment box side.
        (x:3262.5um, xAB: [0um:3120um])

[ERROR] Side.place(IoPin): Pin "outputs(14489).0" is outside north or south abutment box side.
        (x:3263um, xAB: [0um:3120um])

[ERROR] Side.place(IoPin): Pin "outputs(14490).0" is outside north or south abutment box side.
        (x:3263.5um, xAB: [0um:3120um])

[ERROR] Side.place(IoPin): Pin "outputs(14491).0" is outside north or south abutment box side.
        (x:3264um, xAB: [0um:3120um])

[ERROR] Side.place(IoPin): Pin "outputs(14492).0" is outside north or south abutment box side.
        (x:3264.5um, xAB: [0um:3120um])

[ERROR] Side.place(IoPin): Pin "outputs(14493).0" is outside north or south abutment box side.
        (x:3265um, xAB: [0um:3120um])

[ERROR] Side.place(IoPin): Pin "outputs(14494).0" is outside north or south abutment box side.
        (x:3265.5um, xAB: [0um:3120um])

[ERROR] Side.place(IoPin): Pin "outputs(14495).0" is outside north or south abutment box side.
        (x:3266um, xAB: [0um:3120um])

[ERROR] Side.place(IoPin): Pin "outputs(14496).0" is outside north or south abutment box side.
        (x:3266.5um, xAB: [0um:3120um])

[ERROR] Side.place(IoPin): Pin "outputs(14497).0" is outside north or south abutment box side.
        (x:3267um, xAB: [0um:3120um])

[ERROR] Side.place(IoPin): Pin "outputs(14498).0" is outside north or south abutment box side.
        (x:3267.5um, xAB: [0um:3120um])

[ERROR] Side.place(IoPin): Pin "outputs(14499).0" is outside north or south abutment box side.
        (x:3268um, xAB: [0um:3120um])

[ERROR] Side.place(IoPin): Pin "outputs(14500).0" is outside north or south abutment box side.
        (x:3268.5um, xAB: [0um:3120um])

[ERROR] Side.place(IoPin): Pin "outputs(14501).0" is outside north or south abutment box side.
        (x:3269um, xAB: [0um:3120um])

[ERROR] Side.place(IoPin): Pin "outputs(14502).0" is outside north or south abutment box side.
        (x:3269.5um, xAB: [0um:3120um])

[ERROR] Side.place(IoPin): Pin "outputs(14503).0" is outside north or south abutment box side.
        (x:3270um, xAB: [0um:3120um])

[ERROR] Side.place(IoPin): Pin "outputs(14504).0" is outside north or south abutment box side.
        (x:3270.5um, xAB: [0um:3120um])

[ERROR] Side.place(IoPin): Pin "outputs(14505).0" is outside north or south abutment box side.
        (x:3271um, xAB: [0um:3120um])

[ERROR] Side.place(IoPin): Pin "outputs(14506).0" is outside north or south abutment box side.
        (x:3271.5um, xAB: [0um:3120um])

[ERROR] Side.place(IoPin): Pin "outputs(14507).0" is outside north or south abutment box side.
        (x:3272um, xAB: [0um:3120um])

[ERROR] Side.place(IoPin): Pin "outputs(14508).0" is outside north or south abutment box side.
        (x:3272.5um, xAB: [0um:3120um])

[ERROR] Side.place(IoPin): Pin "outputs(14509).0" is outside north or south abutment box side.
        (x:3273um, xAB: [0um:3120um])

[ERROR] Side.place(IoPin): Pin "outputs(14510).0" is outside north or south abutment box side.
        (x:3273.5um, xAB: [0um:3120um])

[ERROR] Side.place(IoPin): Pin "outputs(14511).0" is outside north or south abutment box side.
        (x:3274um, xAB: [0um:3120um])

[ERROR] Side.place(IoPin): Pin "outputs(14512).0" is outside north or south abutment box side.
        (x:3274.5um, xAB: [0um:3120um])

[ERROR] Side.place(IoPin): Pin "outputs(14513).0" is outside north or south abutment box side.
        (x:3275um, xAB: [0um:3120um])

[ERROR] Side.place(IoPin): Pin "outputs(14514).0" is outside north or south abutment box side.
        (x:3275.5um, xAB: [0um:3120um])

[ERROR] Side.place(IoPin): Pin "outputs(14515).0" is outside north or south abutment box side.
        (x:3276um, xAB: [0um:3120um])

[ERROR] Side.place(IoPin): Pin "outputs(14516).0" is outside north or south abutment box side.
        (x:3276.5um, xAB: [0um:3120um])

[ERROR] Side.place(IoPin): Pin "outputs(14517).0" is outside north or south abutment box side.
        (x:3277um, xAB: [0um:3120um])

[ERROR] Side.place(IoPin): Pin "outputs(14518).0" is outside north or south abutment box side.
        (x:3277.5um, xAB: [0um:3120um])

[ERROR] Side.place(IoPin): Pin "outputs(14519).0" is outside north or south abutment box side.
        (x:3278um, xAB: [0um:3120um])

[ERROR] Side.place(IoPin): Pin "outputs(14520).0" is outside north or south abutment box side.
        (x:3278.5um, xAB: [0um:3120um])

[ERROR] Side.place(IoPin): Pin "outputs(14521).0" is outside north or south abutment box side.
        (x:3279um, xAB: [0um:3120um])

[ERROR] Side.place(IoPin): Pin "outputs(14522).0" is outside north or south abutment box side.
        (x:3279.5um, xAB: [0um:3120um])

[ERROR] Side.place(IoPin): Pin "outputs(14523).0" is outside north or south abutment box side.
        (x:3280um, xAB: [0um:3120um])

[ERROR] Side.place(IoPin): Pin "outputs(14524).0" is outside north or south abutment box side.
        (x:3280.5um, xAB: [0um:3120um])

[ERROR] Side.place(IoPin): Pin "outputs(14525).0" is outside north or south abutment box side.
        (x:3281um, xAB: [0um:3120um])

[ERROR] Side.place(IoPin): Pin "outputs(14526).0" is outside north or south abutment box side.
        (x:3281.5um, xAB: [0um:3120um])

[ERROR] Side.place(IoPin): Pin "outputs(14527).0" is outside north or south abutment box side.
        (x:3282um, xAB: [0um:3120um])

[ERROR] Side.place(IoPin): Pin "outputs(14528).0" is outside north or south abutment box side.
        (x:3282.5um, xAB: [0um:3120um])

[ERROR] Side.place(IoPin): Pin "outputs(14529).0" is outside north or south abutment box side.
        (x:3283um, xAB: [0um:3120um])

[ERROR] Side.place(IoPin): Pin "outputs(14530).0" is outside north or south abutment box side.
        (x:3283.5um, xAB: [0um:3120um])

[ERROR] Side.place(IoPin): Pin "outputs(14531).0" is outside north or south abutment box side.
        (x:3284um, xAB: [0um:3120um])

[ERROR] Side.place(IoPin): Pin "outputs(14532).0" is outside north or south abutment box side.
        (x:3284.5um, xAB: [0um:3120um])

[ERROR] Side.place(IoPin): Pin "outputs(14533).0" is outside north or south abutment box side.
        (x:3285um, xAB: [0um:3120um])

[ERROR] Side.place(IoPin): Pin "outputs(14534).0" is outside north or south abutment box side.
        (x:3285.5um, xAB: [0um:3120um])

[ERROR] Side.place(IoPin): Pin "outputs(14535).0" is outside north or south abutment box side.
        (x:3286um, xAB: [0um:3120um])

[ERROR] Side.place(IoPin): Pin "outputs(14536).0" is outside north or south abutment box side.
        (x:3286.5um, xAB: [0um:3120um])

[ERROR] Side.place(IoPin): Pin "outputs(14537).0" is outside north or south abutment box side.
        (x:3287um, xAB: [0um:3120um])

[ERROR] Side.place(IoPin): Pin "outputs(14538).0" is outside north or south abutment box side.
        (x:3287.5um, xAB: [0um:3120um])

[ERROR] Side.place(IoPin): Pin "outputs(14539).0" is outside north or south abutment box side.
        (x:3288um, xAB: [0um:3120um])

[ERROR] Side.place(IoPin): Pin "outputs(14540).0" is outside north or south abutment box side.
        (x:3288.5um, xAB: [0um:3120um])

[ERROR] Side.place(IoPin): Pin "outputs(14541).0" is outside north or south abutment box side.
        (x:3289um, xAB: [0um:3120um])

[ERROR] Side.place(IoPin): Pin "outputs(14542).0" is outside north or south abutment box side.
        (x:3289.5um, xAB: [0um:3120um])

[ERROR] Side.place(IoPin): Pin "outputs(14543).0" is outside north or south abutment box side.
        (x:3290um, xAB: [0um:3120um])

[ERROR] Side.place(IoPin): Pin "outputs(14544).0" is outside north or south abutment box side.
        (x:3290.5um, xAB: [0um:3120um])

[ERROR] Side.place(IoPin): Pin "outputs(14545).0" is outside north or south abutment box side.
        (x:3291um, xAB: [0um:3120um])

[ERROR] Side.place(IoPin): Pin "outputs(14546).0" is outside north or south abutment box side.
        (x:3291.5um, xAB: [0um:3120um])

[ERROR] Side.place(IoPin): Pin "outputs(14547).0" is outside north or south abutment box side.
        (x:3292um, xAB: [0um:3120um])

[ERROR] Side.place(IoPin): Pin "outputs(14548).0" is outside north or south abutment box side.
        (x:3292.5um, xAB: [0um:3120um])

[ERROR] Side.place(IoPin): Pin "outputs(14549).0" is outside north or south abutment box side.
        (x:3293um, xAB: [0um:3120um])

[ERROR] Side.place(IoPin): Pin "outputs(14550).0" is outside north or south abutment box side.
        (x:3293.5um, xAB: [0um:3120um])

[ERROR] Side.place(IoPin): Pin "outputs(14551).0" is outside north or south abutment box side.
        (x:3294um, xAB: [0um:3120um])

[ERROR] Side.place(IoPin): Pin "outputs(14552).0" is outside north or south abutment box side.
        (x:3294.5um, xAB: [0um:3120um])

[ERROR] Side.place(IoPin): Pin "outputs(14553).0" is outside north or south abutment box side.
        (x:3295um, xAB: [0um:3120um])

[ERROR] Side.place(IoPin): Pin "outputs(14554).0" is outside north or south abutment box side.
        (x:3295.5um, xAB: [0um:3120um])

[ERROR] Side.place(IoPin): Pin "outputs(14555).0" is outside north or south abutment box side.
        (x:3296um, xAB: [0um:3120um])

[ERROR] Side.place(IoPin): Pin "outputs(14556).0" is outside north or south abutment box side.
        (x:3296.5um, xAB: [0um:3120um])

[ERROR] Side.place(IoPin): Pin "outputs(14557).0" is outside north or south abutment box side.
        (x:3297um, xAB: [0um:3120um])

[ERROR] Side.place(IoPin): Pin "outputs(14558).0" is outside north or south abutment box side.
        (x:3297.5um, xAB: [0um:3120um])

[ERROR] Side.place(IoPin): Pin "outputs(14559).0" is outside north or south abutment box side.
        (x:3298um, xAB: [0um:3120um])

[ERROR] Side.place(IoPin): Pin "outputs(14560).0" is outside north or south abutment box side.
        (x:3298.5um, xAB: [0um:3120um])

[ERROR] Side.place(IoPin): Pin "outputs(14561).0" is outside north or south abutment box side.
        (x:3299um, xAB: [0um:3120um])

[ERROR] Side.place(IoPin): Pin "outputs(14562).0" is outside north or south abutment box side.
        (x:3299.5um, xAB: [0um:3120um])

[ERROR] Side.place(IoPin): Pin "outputs(14563).0" is outside north or south abutment box side.
        (x:3300um, xAB: [0um:3120um])

[ERROR] Side.place(IoPin): Pin "outputs(14564).0" is outside north or south abutment box side.
        (x:3300.5um, xAB: [0um:3120um])

[ERROR] Side.place(IoPin): Pin "outputs(14565).0" is outside north or south abutment box side.
        (x:3301um, xAB: [0um:3120um])

[ERROR] Side.place(IoPin): Pin "outputs(14566).0" is outside north or south abutment box side.
        (x:3301.5um, xAB: [0um:3120um])

[ERROR] Side.place(IoPin): Pin "outputs(14567).0" is outside north or south abutment box side.
        (x:3302um, xAB: [0um:3120um])

[ERROR] Side.place(IoPin): Pin "outputs(14568).0" is outside north or south abutment box side.
        (x:3302.5um, xAB: [0um:3120um])

[ERROR] Side.place(IoPin): Pin "outputs(14569).0" is outside north or south abutment box side.
        (x:3303um, xAB: [0um:3120um])

[ERROR] Side.place(IoPin): Pin "outputs(14570).0" is outside north or south abutment box side.
        (x:3303.5um, xAB: [0um:3120um])

[ERROR] Side.place(IoPin): Pin "outputs(14571).0" is outside north or south abutment box side.
        (x:3304um, xAB: [0um:3120um])

[ERROR] Side.place(IoPin): Pin "outputs(14572).0" is outside north or south abutment box side.
        (x:3304.5um, xAB: [0um:3120um])

[ERROR] Side.place(IoPin): Pin "outputs(14573).0" is outside north or south abutment box side.
        (x:3305um, xAB: [0um:3120um])

[ERROR] Side.place(IoPin): Pin "outputs(14574).0" is outside north or south abutment box side.
        (x:3305.5um, xAB: [0um:3120um])

[ERROR] Side.place(IoPin): Pin "outputs(14575).0" is outside north or south abutment box side.
        (x:3306um, xAB: [0um:3120um])

[ERROR] Side.place(IoPin): Pin "outputs(14576).0" is outside north or south abutment box side.
        (x:3306.5um, xAB: [0um:3120um])

[ERROR] Side.place(IoPin): Pin "outputs(14577).0" is outside north or south abutment box side.
        (x:3307um, xAB: [0um:3120um])

[ERROR] Side.place(IoPin): Pin "outputs(14578).0" is outside north or south abutment box side.
        (x:3307.5um, xAB: [0um:3120um])

[ERROR] Side.place(IoPin): Pin "outputs(14579).0" is outside north or south abutment box side.
        (x:3308um, xAB: [0um:3120um])

[ERROR] Side.place(IoPin): Pin "outputs(14580).0" is outside north or south abutment box side.
        (x:3308.5um, xAB: [0um:3120um])

[ERROR] Side.place(IoPin): Pin "outputs(14581).0" is outside north or south abutment box side.
        (x:3309um, xAB: [0um:3120um])

[ERROR] Side.place(IoPin): Pin "outputs(14582).0" is outside north or south abutment box side.
        (x:3309.5um, xAB: [0um:3120um])

[ERROR] Side.place(IoPin): Pin "outputs(14583).0" is outside north or south abutment box side.
        (x:3310um, xAB: [0um:3120um])

[ERROR] Side.place(IoPin): Pin "outputs(14584).0" is outside north or south abutment box side.
        (x:3310.5um, xAB: [0um:3120um])

[ERROR] Side.place(IoPin): Pin "outputs(14585).0" is outside north or south abutment box side.
        (x:3311um, xAB: [0um:3120um])

[ERROR] Side.place(IoPin): Pin "outputs(14586).0" is outside north or south abutment box side.
        (x:3311.5um, xAB: [0um:3120um])

[ERROR] Side.place(IoPin): Pin "outputs(14587).0" is outside north or south abutment box side.
        (x:3312um, xAB: [0um:3120um])

[ERROR] Side.place(IoPin): Pin "outputs(14588).0" is outside north or south abutment box side.
        (x:3312.5um, xAB: [0um:3120um])

[ERROR] Side.place(IoPin): Pin "outputs(14589).0" is outside north or south abutment box side.
        (x:3313um, xAB: [0um:3120um])

[ERROR] Side.place(IoPin): Pin "outputs(14590).0" is outside north or south abutment box side.
        (x:3313.5um, xAB: [0um:3120um])

[ERROR] Side.place(IoPin): Pin "outputs(14591).0" is outside north or south abutment box side.
        (x:3314um, xAB: [0um:3120um])

[ERROR] Side.place(IoPin): Pin "outputs(14592).0" is outside north or south abutment box side.
        (x:3314.5um, xAB: [0um:3120um])

[ERROR] Side.place(IoPin): Pin "outputs(14593).0" is outside north or south abutment box side.
        (x:3315um, xAB: [0um:3120um])

[ERROR] Side.place(IoPin): Pin "outputs(14594).0" is outside north or south abutment box side.
        (x:3315.5um, xAB: [0um:3120um])

[ERROR] Side.place(IoPin): Pin "outputs(14595).0" is outside north or south abutment box side.
        (x:3316um, xAB: [0um:3120um])

[ERROR] Side.place(IoPin): Pin "outputs(14596).0" is outside north or south abutment box side.
        (x:3316.5um, xAB: [0um:3120um])

[ERROR] Side.place(IoPin): Pin "outputs(14597).0" is outside north or south abutment box side.
        (x:3317um, xAB: [0um:3120um])

[ERROR] Side.place(IoPin): Pin "outputs(14598).0" is outside north or south abutment box side.
        (x:3317.5um, xAB: [0um:3120um])

[ERROR] Side.place(IoPin): Pin "outputs(14599).0" is outside north or south abutment box side.
        (x:3318um, xAB: [0um:3120um])

[ERROR] Side.place(IoPin): Pin "outputs(14600).0" is outside north or south abutment box side.
        (x:3318.5um, xAB: [0um:3120um])

[ERROR] Side.place(IoPin): Pin "outputs(14601).0" is outside north or south abutment box side.
        (x:3319um, xAB: [0um:3120um])

[ERROR] Side.place(IoPin): Pin "outputs(14602).0" is outside north or south abutment box side.
        (x:3319.5um, xAB: [0um:3120um])

[ERROR] Side.place(IoPin): Pin "outputs(14603).0" is outside north or south abutment box side.
        (x:3320um, xAB: [0um:3120um])

[ERROR] Side.place(IoPin): Pin "outputs(14604).0" is outside north or south abutment box side.
        (x:3320.5um, xAB: [0um:3120um])

[ERROR] Side.place(IoPin): Pin "outputs(14605).0" is outside north or south abutment box side.
        (x:3321um, xAB: [0um:3120um])

[ERROR] Side.place(IoPin): Pin "outputs(14606).0" is outside north or south abutment box side.
        (x:3321.5um, xAB: [0um:3120um])

[ERROR] Side.place(IoPin): Pin "outputs(14607).0" is outside north or south abutment box side.
        (x:3322um, xAB: [0um:3120um])

[ERROR] Side.place(IoPin): Pin "outputs(14608).0" is outside north or south abutment box side.
        (x:3322.5um, xAB: [0um:3120um])

[ERROR] Side.place(IoPin): Pin "outputs(14609).0" is outside north or south abutment box side.
        (x:3323um, xAB: [0um:3120um])

[ERROR] Side.place(IoPin): Pin "outputs(14610).0" is outside north or south abutment box side.
        (x:3323.5um, xAB: [0um:3120um])

[ERROR] Side.place(IoPin): Pin "outputs(14611).0" is outside north or south abutment box side.
        (x:3324um, xAB: [0um:3120um])

[ERROR] Side.place(IoPin): Pin "outputs(14612).0" is outside north or south abutment box side.
        (x:3324.5um, xAB: [0um:3120um])

[ERROR] Side.place(IoPin): Pin "outputs(14613).0" is outside north or south abutment box side.
        (x:3325um, xAB: [0um:3120um])

[ERROR] Side.place(IoPin): Pin "outputs(14614).0" is outside north or south abutment box side.
        (x:3325.5um, xAB: [0um:3120um])

[ERROR] Side.place(IoPin): Pin "outputs(14615).0" is outside north or south abutment box side.
        (x:3326um, xAB: [0um:3120um])

[ERROR] Side.place(IoPin): Pin "outputs(14616).0" is outside north or south abutment box side.
        (x:3326.5um, xAB: [0um:3120um])

[ERROR] Side.place(IoPin): Pin "outputs(14617).0" is outside north or south abutment box side.
        (x:3327um, xAB: [0um:3120um])

[ERROR] Side.place(IoPin): Pin "outputs(14618).0" is outside north or south abutment box side.
        (x:3327.5um, xAB: [0um:3120um])

[ERROR] Side.place(IoPin): Pin "outputs(14619).0" is outside north or south abutment box side.
        (x:3328um, xAB: [0um:3120um])

[ERROR] Side.place(IoPin): Pin "outputs(14620).0" is outside north or south abutment box side.
        (x:3328.5um, xAB: [0um:3120um])

[ERROR] Side.place(IoPin): Pin "outputs(14621).0" is outside north or south abutment box side.
        (x:3329um, xAB: [0um:3120um])

[ERROR] Side.place(IoPin): Pin "outputs(14622).0" is outside north or south abutment box side.
        (x:3329.5um, xAB: [0um:3120um])

[ERROR] Side.place(IoPin): Pin "outputs(14623).0" is outside north or south abutment box side.
        (x:3330um, xAB: [0um:3120um])

[ERROR] Side.place(IoPin): Pin "outputs(14624).0" is outside north or south abutment box side.
        (x:3330.5um, xAB: [0um:3120um])

[ERROR] Side.place(IoPin): Pin "outputs(14625).0" is outside north or south abutment box side.
        (x:3331um, xAB: [0um:3120um])

[ERROR] Side.place(IoPin): Pin "outputs(14626).0" is outside north or south abutment box side.
        (x:3331.5um, xAB: [0um:3120um])

[ERROR] Side.place(IoPin): Pin "outputs(14627).0" is outside north or south abutment box side.
        (x:3332um, xAB: [0um:3120um])

[ERROR] Side.place(IoPin): Pin "outputs(14628).0" is outside north or south abutment box side.
        (x:3332.5um, xAB: [0um:3120um])

[ERROR] Side.place(IoPin): Pin "outputs(14629).0" is outside north or south abutment box side.
        (x:3333um, xAB: [0um:3120um])

[ERROR] Side.place(IoPin): Pin "outputs(14630).0" is outside north or south abutment box side.
        (x:3333.5um, xAB: [0um:3120um])

[ERROR] Side.place(IoPin): Pin "outputs(14631).0" is outside north or south abutment box side.
        (x:3334um, xAB: [0um:3120um])

[ERROR] Side.place(IoPin): Pin "outputs(14632).0" is outside north or south abutment box side.
        (x:3334.5um, xAB: [0um:3120um])

[ERROR] Side.place(IoPin): Pin "outputs(14633).0" is outside north or south abutment box side.
        (x:3335um, xAB: [0um:3120um])

[ERROR] Side.place(IoPin): Pin "outputs(14634).0" is outside north or south abutment box side.
        (x:3335.5um, xAB: [0um:3120um])

[ERROR] Side.place(IoPin): Pin "outputs(14635).0" is outside north or south abutment box side.
        (x:3336um, xAB: [0um:3120um])

[ERROR] Side.place(IoPin): Pin "outputs(14636).0" is outside north or south abutment box side.
        (x:3336.5um, xAB: [0um:3120um])

[ERROR] Side.place(IoPin): Pin "outputs(14637).0" is outside north or south abutment box side.
        (x:3337um, xAB: [0um:3120um])

[ERROR] Side.place(IoPin): Pin "outputs(14638).0" is outside north or south abutment box side.
        (x:3337.5um, xAB: [0um:3120um])

[ERROR] Side.place(IoPin): Pin "outputs(14639).0" is outside north or south abutment box side.
        (x:3338um, xAB: [0um:3120um])

[ERROR] Side.place(IoPin): Pin "outputs(14640).0" is outside north or south abutment box side.
        (x:3338.5um, xAB: [0um:3120um])

[ERROR] Side.place(IoPin): Pin "outputs(14641).0" is outside north or south abutment box side.
        (x:3339um, xAB: [0um:3120um])

[ERROR] Side.place(IoPin): Pin "outputs(14642).0" is outside north or south abutment box side.
        (x:3339.5um, xAB: [0um:3120um])

[ERROR] Side.place(IoPin): Pin "outputs(14643).0" is outside north or south abutment box side.
        (x:3340um, xAB: [0um:3120um])

[ERROR] Side.place(IoPin): Pin "outputs(14644).0" is outside north or south abutment box side.
        (x:3340.5um, xAB: [0um:3120um])

[ERROR] Side.place(IoPin): Pin "outputs(14645).0" is outside north or south abutment box side.
        (x:3341um, xAB: [0um:3120um])

[ERROR] Side.place(IoPin): Pin "outputs(14646).0" is outside north or south abutment box side.
        (x:3341.5um, xAB: [0um:3120um])

[ERROR] Side.place(IoPin): Pin "outputs(14647).0" is outside north or south abutment box side.
        (x:3342um, xAB: [0um:3120um])

[ERROR] Side.place(IoPin): Pin "outputs(14648).0" is outside north or south abutment box side.
        (x:3342.5um, xAB: [0um:3120um])

[ERROR] Side.place(IoPin): Pin "outputs(14649).0" is outside north or south abutment box side.
        (x:3343um, xAB: [0um:3120um])

[ERROR] Side.place(IoPin): Pin "outputs(14650).0" is outside north or south abutment box side.
        (x:3343.5um, xAB: [0um:3120um])

[ERROR] Side.place(IoPin): Pin "outputs(14651).0" is outside north or south abutment box side.
        (x:3344um, xAB: [0um:3120um])

[ERROR] Side.place(IoPin): Pin "outputs(14652).0" is outside north or south abutment box side.
        (x:3344.5um, xAB: [0um:3120um])

[ERROR] Side.place(IoPin): Pin "outputs(14653).0" is outside north or south abutment box side.
        (x:3345um, xAB: [0um:3120um])

[ERROR] Side.place(IoPin): Pin "outputs(14654).0" is outside north or south abutment box side.
        (x:3345.5um, xAB: [0um:3120um])

[ERROR] Side.place(IoPin): Pin "outputs(14655).0" is outside north or south abutment box side.
        (x:3346um, xAB: [0um:3120um])

[ERROR] Side.place(IoPin): Pin "outputs(14656).0" is outside north or south abutment box side.
        (x:3346.5um, xAB: [0um:3120um])

[ERROR] Side.place(IoPin): Pin "outputs(14657).0" is outside north or south abutment box side.
        (x:3347um, xAB: [0um:3120um])

[ERROR] Side.place(IoPin): Pin "outputs(14658).0" is outside north or south abutment box side.
        (x:3347.5um, xAB: [0um:3120um])

[ERROR] Side.place(IoPin): Pin "outputs(14659).0" is outside north or south abutment box side.
        (x:3348um, xAB: [0um:3120um])

[ERROR] Side.place(IoPin): Pin "outputs(14660).0" is outside north or south abutment box side.
        (x:3348.5um, xAB: [0um:3120um])

[ERROR] Side.place(IoPin): Pin "outputs(14661).0" is outside north or south abutment box side.
        (x:3349um, xAB: [0um:3120um])

[ERROR] Side.place(IoPin): Pin "outputs(14662).0" is outside north or south abutment box side.
        (x:3349.5um, xAB: [0um:3120um])

[ERROR] Side.place(IoPin): Pin "outputs(14663).0" is outside north or south abutment box side.
        (x:3350um, xAB: [0um:3120um])

[ERROR] Side.place(IoPin): Pin "outputs(14664).0" is outside north or south abutment box side.
        (x:3350.5um, xAB: [0um:3120um])

[ERROR] Side.place(IoPin): Pin "outputs(14665).0" is outside north or south abutment box side.
        (x:3351um, xAB: [0um:3120um])

[ERROR] Side.place(IoPin): Pin "outputs(14666).0" is outside north or south abutment box side.
        (x:3351.5um, xAB: [0um:3120um])

[ERROR] Side.place(IoPin): Pin "outputs(14667).0" is outside north or south abutment box side.
        (x:3352um, xAB: [0um:3120um])

[ERROR] Side.place(IoPin): Pin "outputs(14668).0" is outside north or south abutment box side.
        (x:3352.5um, xAB: [0um:3120um])

[ERROR] Side.place(IoPin): Pin "outputs(14669).0" is outside north or south abutment box side.
        (x:3353um, xAB: [0um:3120um])

[ERROR] Side.place(IoPin): Pin "outputs(14670).0" is outside north or south abutment box side.
        (x:3353.5um, xAB: [0um:3120um])

[ERROR] Side.place(IoPin): Pin "outputs(14671).0" is outside north or south abutment box side.
        (x:3354um, xAB: [0um:3120um])

[ERROR] Side.place(IoPin): Pin "outputs(14672).0" is outside north or south abutment box side.
        (x:3354.5um, xAB: [0um:3120um])

[ERROR] Side.place(IoPin): Pin "outputs(14673).0" is outside north or south abutment box side.
        (x:3355um, xAB: [0um:3120um])

[ERROR] Side.place(IoPin): Pin "outputs(14674).0" is outside north or south abutment box side.
        (x:3355.5um, xAB: [0um:3120um])

[ERROR] Side.place(IoPin): Pin "outputs(14675).0" is outside north or south abutment box side.
        (x:3356um, xAB: [0um:3120um])

[ERROR] Side.place(IoPin): Pin "outputs(14676).0" is outside north or south abutment box side.
        (x:3356.5um, xAB: [0um:3120um])

[ERROR] Side.place(IoPin): Pin "outputs(14677).0" is outside north or south abutment box side.
        (x:3357um, xAB: [0um:3120um])

[ERROR] Side.place(IoPin): Pin "outputs(14678).0" is outside north or south abutment box side.
        (x:3357.5um, xAB: [0um:3120um])

[ERROR] Side.place(IoPin): Pin "outputs(14679).0" is outside north or south abutment box side.
        (x:3358um, xAB: [0um:3120um])

[ERROR] Side.place(IoPin): Pin "outputs(14680).0" is outside north or south abutment box side.
        (x:3358.5um, xAB: [0um:3120um])

[ERROR] Side.place(IoPin): Pin "outputs(14681).0" is outside north or south abutment box side.
        (x:3359um, xAB: [0um:3120um])

[ERROR] Side.place(IoPin): Pin "outputs(14682).0" is outside north or south abutment box side.
        (x:3359.5um, xAB: [0um:3120um])

[ERROR] Side.place(IoPin): Pin "outputs(14683).0" is outside north or south abutment box side.
        (x:3360um, xAB: [0um:3120um])

[ERROR] Side.place(IoPin): Pin "outputs(14684).0" is outside north or south abutment box side.
        (x:3360.5um, xAB: [0um:3120um])

[ERROR] Side.place(IoPin): Pin "outputs(14685).0" is outside north or south abutment box side.
        (x:3361um, xAB: [0um:3120um])

[ERROR] Side.place(IoPin): Pin "outputs(14686).0" is outside north or south abutment box side.
        (x:3361.5um, xAB: [0um:3120um])

[ERROR] Side.place(IoPin): Pin "outputs(14687).0" is outside north or south abutment box side.
        (x:3362um, xAB: [0um:3120um])

[ERROR] Side.place(IoPin): Pin "outputs(14688).0" is outside north or south abutment box side.
        (x:3362.5um, xAB: [0um:3120um])

[ERROR] Side.place(IoPin): Pin "outputs(14689).0" is outside north or south abutment box side.
        (x:3363um, xAB: [0um:3120um])

[ERROR] Side.place(IoPin): Pin "outputs(14690).0" is outside north or south abutment box side.
        (x:3363.5um, xAB: [0um:3120um])

[ERROR] Side.place(IoPin): Pin "outputs(14691).0" is outside north or south abutment box side.
        (x:3364um, xAB: [0um:3120um])

[ERROR] Side.place(IoPin): Pin "outputs(14692).0" is outside north or south abutment box side.
        (x:3364.5um, xAB: [0um:3120um])

[ERROR] Side.place(IoPin): Pin "outputs(14693).0" is outside north or south abutment box side.
        (x:3365um, xAB: [0um:3120um])

[ERROR] Side.place(IoPin): Pin "outputs(14694).0" is outside north or south abutment box side.
        (x:3365.5um, xAB: [0um:3120um])

[ERROR] Side.place(IoPin): Pin "outputs(14695).0" is outside north or south abutment box side.
        (x:3366um, xAB: [0um:3120um])

[ERROR] Side.place(IoPin): Pin "outputs(14696).0" is outside north or south abutment box side.
        (x:3366.5um, xAB: [0um:3120um])

[ERROR] Side.place(IoPin): Pin "outputs(14697).0" is outside north or south abutment box side.
        (x:3367um, xAB: [0um:3120um])

[ERROR] Side.place(IoPin): Pin "outputs(14698).0" is outside north or south abutment box side.
        (x:3367.5um, xAB: [0um:3120um])

[ERROR] Side.place(IoPin): Pin "outputs(14699).0" is outside north or south abutment box side.
        (x:3368um, xAB: [0um:3120um])

[ERROR] Side.place(IoPin): Pin "outputs(14700).0" is outside north or south abutment box side.
        (x:3368.5um, xAB: [0um:3120um])

[ERROR] Side.place(IoPin): Pin "outputs(14701).0" is outside north or south abutment box side.
        (x:3369um, xAB: [0um:3120um])

[ERROR] Side.place(IoPin): Pin "outputs(14702).0" is outside north or south abutment box side.
        (x:3369.5um, xAB: [0um:3120um])

[ERROR] Side.place(IoPin): Pin "outputs(14703).0" is outside north or south abutment box side.
        (x:3370um, xAB: [0um:3120um])

[ERROR] Side.place(IoPin): Pin "outputs(14704).0" is outside north or south abutment box side.
        (x:3370.5um, xAB: [0um:3120um])

[ERROR] Side.place(IoPin): Pin "outputs(14705).0" is outside north or south abutment box side.
        (x:3371um, xAB: [0um:3120um])

[ERROR] Side.place(IoPin): Pin "outputs(14706).0" is outside north or south abutment box side.
        (x:3371.5um, xAB: [0um:3120um])

[ERROR] Side.place(IoPin): Pin "outputs(14707).0" is outside north or south abutment box side.
        (x:3372um, xAB: [0um:3120um])

[ERROR] Side.place(IoPin): Pin "outputs(14708).0" is outside north or south abutment box side.
        (x:3372.5um, xAB: [0um:3120um])

[ERROR] Side.place(IoPin): Pin "outputs(14709).0" is outside north or south abutment box side.
        (x:3373um, xAB: [0um:3120um])

[ERROR] Side.place(IoPin): Pin "outputs(14710).0" is outside north or south abutment box side.
        (x:3373.5um, xAB: [0um:3120um])

[ERROR] Side.place(IoPin): Pin "outputs(14711).0" is outside north or south abutment box side.
        (x:3374um, xAB: [0um:3120um])

[ERROR] Side.place(IoPin): Pin "outputs(14712).0" is outside north or south abutment box side.
        (x:3374.5um, xAB: [0um:3120um])

[ERROR] Side.place(IoPin): Pin "outputs(14713).0" is outside north or south abutment box side.
        (x:3375um, xAB: [0um:3120um])

[ERROR] Side.place(IoPin): Pin "outputs(14714).0" is outside north or south abutment box side.
        (x:3375.5um, xAB: [0um:3120um])

[ERROR] Side.place(IoPin): Pin "outputs(14715).0" is outside north or south abutment box side.
        (x:3376um, xAB: [0um:3120um])

[ERROR] Side.place(IoPin): Pin "outputs(14716).0" is outside north or south abutment box side.
        (x:3376.5um, xAB: [0um:3120um])

[ERROR] Side.place(IoPin): Pin "outputs(14717).0" is outside north or south abutment box side.
        (x:3377um, xAB: [0um:3120um])

[ERROR] Side.place(IoPin): Pin "outputs(14718).0" is outside north or south abutment box side.
        (x:3377.5um, xAB: [0um:3120um])

[ERROR] Side.place(IoPin): Pin "outputs(14719).0" is outside north or south abutment box side.
        (x:3378um, xAB: [0um:3120um])

[ERROR] Side.place(IoPin): Pin "outputs(14720).0" is outside north or south abutment box side.
        (x:3378.5um, xAB: [0um:3120um])

[ERROR] Side.place(IoPin): Pin "outputs(14721).0" is outside north or south abutment box side.
        (x:3379um, xAB: [0um:3120um])

[ERROR] Side.place(IoPin): Pin "outputs(14722).0" is outside north or south abutment box side.
        (x:3379.5um, xAB: [0um:3120um])

[ERROR] Side.place(IoPin): Pin "outputs(14723).0" is outside north or south abutment box side.
        (x:3380um, xAB: [0um:3120um])

[ERROR] Side.place(IoPin): Pin "outputs(14724).0" is outside north or south abutment box side.
        (x:3380.5um, xAB: [0um:3120um])

[ERROR] Side.place(IoPin): Pin "outputs(14725).0" is outside north or south abutment box side.
        (x:3381um, xAB: [0um:3120um])

[ERROR] Side.place(IoPin): Pin "outputs(14726).0" is outside north or south abutment box side.
        (x:3381.5um, xAB: [0um:3120um])

[ERROR] Side.place(IoPin): Pin "outputs(14727).0" is outside north or south abutment box side.
        (x:3382um, xAB: [0um:3120um])

[ERROR] Side.place(IoPin): Pin "outputs(14728).0" is outside north or south abutment box side.
        (x:3382.5um, xAB: [0um:3120um])

[ERROR] Side.place(IoPin): Pin "outputs(14729).0" is outside north or south abutment box side.
        (x:3383um, xAB: [0um:3120um])

[ERROR] Side.place(IoPin): Pin "outputs(14730).0" is outside north or south abutment box side.
        (x:3383.5um, xAB: [0um:3120um])

[ERROR] Side.place(IoPin): Pin "outputs(14731).0" is outside north or south abutment box side.
        (x:3384um, xAB: [0um:3120um])

[ERROR] Side.place(IoPin): Pin "outputs(14732).0" is outside north or south abutment box side.
        (x:3384.5um, xAB: [0um:3120um])

[ERROR] Side.place(IoPin): Pin "outputs(14733).0" is outside north or south abutment box side.
        (x:3385um, xAB: [0um:3120um])

[ERROR] Side.place(IoPin): Pin "outputs(14734).0" is outside north or south abutment box side.
        (x:3385.5um, xAB: [0um:3120um])

[ERROR] Side.place(IoPin): Pin "outputs(14735).0" is outside north or south abutment box side.
        (x:3386um, xAB: [0um:3120um])

[ERROR] Side.place(IoPin): Pin "outputs(14736).0" is outside north or south abutment box side.
        (x:3386.5um, xAB: [0um:3120um])

[ERROR] Side.place(IoPin): Pin "outputs(14737).0" is outside north or south abutment box side.
        (x:3387um, xAB: [0um:3120um])

[ERROR] Side.place(IoPin): Pin "outputs(14738).0" is outside north or south abutment box side.
        (x:3387.5um, xAB: [0um:3120um])

[ERROR] Side.place(IoPin): Pin "outputs(14739).0" is outside north or south abutment box side.
        (x:3388um, xAB: [0um:3120um])

[ERROR] Side.place(IoPin): Pin "outputs(14740).0" is outside north or south abutment box side.
        (x:3388.5um, xAB: [0um:3120um])

[ERROR] Side.place(IoPin): Pin "outputs(14741).0" is outside north or south abutment box side.
        (x:3389um, xAB: [0um:3120um])

[ERROR] Side.place(IoPin): Pin "outputs(14742).0" is outside north or south abutment box side.
        (x:3389.5um, xAB: [0um:3120um])

[ERROR] Side.place(IoPin): Pin "outputs(14743).0" is outside north or south abutment box side.
        (x:3390um, xAB: [0um:3120um])

[ERROR] Side.place(IoPin): Pin "outputs(14744).0" is outside north or south abutment box side.
        (x:3390.5um, xAB: [0um:3120um])

[ERROR] Side.place(IoPin): Pin "outputs(14745).0" is outside north or south abutment box side.
        (x:3391um, xAB: [0um:3120um])

[ERROR] Side.place(IoPin): Pin "outputs(14746).0" is outside north or south abutment box side.
        (x:3391.5um, xAB: [0um:3120um])

[ERROR] Side.place(IoPin): Pin "outputs(14747).0" is outside north or south abutment box side.
        (x:3392um, xAB: [0um:3120um])

[ERROR] Side.place(IoPin): Pin "outputs(14748).0" is outside north or south abutment box side.
        (x:3392.5um, xAB: [0um:3120um])

[ERROR] Side.place(IoPin): Pin "outputs(14749).0" is outside north or south abutment box side.
        (x:3393um, xAB: [0um:3120um])

[ERROR] Side.place(IoPin): Pin "outputs(14750).0" is outside north or south abutment box side.
        (x:3393.5um, xAB: [0um:3120um])

[ERROR] Side.place(IoPin): Pin "outputs(14751).0" is outside north or south abutment box side.
        (x:3394um, xAB: [0um:3120um])

[ERROR] Side.place(IoPin): Pin "outputs(14752).0" is outside north or south abutment box side.
        (x:3394.5um, xAB: [0um:3120um])

[ERROR] Side.place(IoPin): Pin "outputs(14753).0" is outside north or south abutment box side.
        (x:3395um, xAB: [0um:3120um])

[ERROR] Side.place(IoPin): Pin "outputs(14754).0" is outside north or south abutment box side.
        (x:3395.5um, xAB: [0um:3120um])

[ERROR] Side.place(IoPin): Pin "outputs(14755).0" is outside north or south abutment box side.
        (x:3396um, xAB: [0um:3120um])

[ERROR] Side.place(IoPin): Pin "outputs(14756).0" is outside north or south abutment box side.
        (x:3396.5um, xAB: [0um:3120um])

[ERROR] Side.place(IoPin): Pin "outputs(14757).0" is outside north or south abutment box side.
        (x:3397um, xAB: [0um:3120um])

[ERROR] Side.place(IoPin): Pin "outputs(14758).0" is outside north or south abutment box side.
        (x:3397.5um, xAB: [0um:3120um])

[ERROR] Side.place(IoPin): Pin "outputs(14759).0" is outside north or south abutment box side.
        (x:3398um, xAB: [0um:3120um])

[ERROR] Side.place(IoPin): Pin "outputs(14760).0" is outside north or south abutment box side.
        (x:3398.5um, xAB: [0um:3120um])

[ERROR] Side.place(IoPin): Pin "outputs(14761).0" is outside north or south abutment box side.
        (x:3399um, xAB: [0um:3120um])

[ERROR] Side.place(IoPin): Pin "outputs(14762).0" is outside north or south abutment box side.
        (x:3399.5um, xAB: [0um:3120um])

[ERROR] Side.place(IoPin): Pin "outputs(14763).0" is outside north or south abutment box side.
        (x:3400um, xAB: [0um:3120um])

[ERROR] Side.place(IoPin): Pin "outputs(14764).0" is outside north or south abutment box side.
        (x:3400.5um, xAB: [0um:3120um])

[ERROR] Side.place(IoPin): Pin "outputs(14765).0" is outside north or south abutment box side.
        (x:3401um, xAB: [0um:3120um])

[ERROR] Side.place(IoPin): Pin "outputs(14766).0" is outside north or south abutment box side.
        (x:3401.5um, xAB: [0um:3120um])

[ERROR] Side.place(IoPin): Pin "outputs(14767).0" is outside north or south abutment box side.
        (x:3402um, xAB: [0um:3120um])

[ERROR] Side.place(IoPin): Pin "outputs(14768).0" is outside north or south abutment box side.
        (x:3402.5um, xAB: [0um:3120um])

[ERROR] Side.place(IoPin): Pin "outputs(14769).0" is outside north or south abutment box side.
        (x:3403um, xAB: [0um:3120um])

[ERROR] Side.place(IoPin): Pin "outputs(14770).0" is outside north or south abutment box side.
        (x:3403.5um, xAB: [0um:3120um])

[ERROR] Side.place(IoPin): Pin "outputs(14771).0" is outside north or south abutment box side.
        (x:3404um, xAB: [0um:3120um])

[ERROR] Side.place(IoPin): Pin "outputs(14772).0" is outside north or south abutment box side.
        (x:3404.5um, xAB: [0um:3120um])

[ERROR] Side.place(IoPin): Pin "outputs(14773).0" is outside north or south abutment box side.
        (x:3405um, xAB: [0um:3120um])

[ERROR] Side.place(IoPin): Pin "outputs(14774).0" is outside north or south abutment box side.
        (x:3405.5um, xAB: [0um:3120um])

[ERROR] Side.place(IoPin): Pin "outputs(14775).0" is outside north or south abutment box side.
        (x:3406um, xAB: [0um:3120um])

[ERROR] Side.place(IoPin): Pin "outputs(14776).0" is outside north or south abutment box side.
        (x:3406.5um, xAB: [0um:3120um])

[ERROR] Side.place(IoPin): Pin "outputs(14777).0" is outside north or south abutment box side.
        (x:3407um, xAB: [0um:3120um])

[ERROR] Side.place(IoPin): Pin "outputs(14778).0" is outside north or south abutment box side.
        (x:3407.5um, xAB: [0um:3120um])

[ERROR] Side.place(IoPin): Pin "outputs(14779).0" is outside north or south abutment box side.
        (x:3408um, xAB: [0um:3120um])

[ERROR] Side.place(IoPin): Pin "outputs(14780).0" is outside north or south abutment box side.
        (x:3408.5um, xAB: [0um:3120um])

[ERROR] Side.place(IoPin): Pin "outputs(14781).0" is outside north or south abutment box side.
        (x:3409um, xAB: [0um:3120um])

[ERROR] Side.place(IoPin): Pin "outputs(14782).0" is outside north or south abutment box side.
        (x:3409.5um, xAB: [0um:3120um])

[ERROR] Side.place(IoPin): Pin "outputs(14783).0" is outside north or south abutment box side.
        (x:3410um, xAB: [0um:3120um])

[ERROR] Side.place(IoPin): Pin "outputs(14784).0" is outside north or south abutment box side.
        (x:3410.5um, xAB: [0um:3120um])

[ERROR] Side.place(IoPin): Pin "outputs(14785).0" is outside north or south abutment box side.
        (x:3411um, xAB: [0um:3120um])

[ERROR] Side.place(IoPin): Pin "outputs(14786).0" is outside north or south abutment box side.
        (x:3411.5um, xAB: [0um:3120um])

[ERROR] Side.place(IoPin): Pin "outputs(14787).0" is outside north or south abutment box side.
        (x:3412um, xAB: [0um:3120um])

[ERROR] Side.place(IoPin): Pin "outputs(14788).0" is outside north or south abutment box side.
        (x:3412.5um, xAB: [0um:3120um])

[ERROR] Side.place(IoPin): Pin "outputs(14789).0" is outside north or south abutment box side.
        (x:3413um, xAB: [0um:3120um])

[ERROR] Side.place(IoPin): Pin "outputs(14790).0" is outside north or south abutment box side.
        (x:3413.5um, xAB: [0um:3120um])

[ERROR] Side.place(IoPin): Pin "outputs(14791).0" is outside north or south abutment box side.
        (x:3414um, xAB: [0um:3120um])

[ERROR] Side.place(IoPin): Pin "outputs(14792).0" is outside north or south abutment box side.
        (x:3414.5um, xAB: [0um:3120um])

[ERROR] Side.place(IoPin): Pin "outputs(14793).0" is outside north or south abutment box side.
        (x:3415um, xAB: [0um:3120um])

[ERROR] Side.place(IoPin): Pin "outputs(14794).0" is outside north or south abutment box side.
        (x:3415.5um, xAB: [0um:3120um])

[ERROR] Side.place(IoPin): Pin "outputs(14795).0" is outside north or south abutment box side.
        (x:3416um, xAB: [0um:3120um])

[ERROR] Side.place(IoPin): Pin "outputs(14796).0" is outside north or south abutment box side.
        (x:3416.5um, xAB: [0um:3120um])

[ERROR] Side.place(IoPin): Pin "outputs(14797).0" is outside north or south abutment box side.
        (x:3417um, xAB: [0um:3120um])

[ERROR] Side.place(IoPin): Pin "outputs(14798).0" is outside north or south abutment box side.
        (x:3417.5um, xAB: [0um:3120um])

[ERROR] Side.place(IoPin): Pin "outputs(14799).0" is outside north or south abutment box side.
        (x:3418um, xAB: [0um:3120um])

[ERROR] Side.place(IoPin): Pin "outputs(14800).0" is outside north or south abutment box side.
        (x:3418.5um, xAB: [0um:3120um])

[ERROR] Side.place(IoPin): Pin "outputs(14801).0" is outside north or south abutment box side.
        (x:3419um, xAB: [0um:3120um])

[ERROR] Side.place(IoPin): Pin "outputs(14802).0" is outside north or south abutment box side.
        (x:3419.5um, xAB: [0um:3120um])

[ERROR] Side.place(IoPin): Pin "outputs(14803).0" is outside north or south abutment box side.
        (x:3420um, xAB: [0um:3120um])

[ERROR] Side.place(IoPin): Pin "outputs(14804).0" is outside north or south abutment box side.
        (x:3420.5um, xAB: [0um:3120um])

[ERROR] Side.place(IoPin): Pin "outputs(14805).0" is outside north or south abutment box side.
        (x:3421um, xAB: [0um:3120um])

[ERROR] Side.place(IoPin): Pin "outputs(14806).0" is outside north or south abutment box side.
        (x:3421.5um, xAB: [0um:3120um])

[ERROR] Side.place(IoPin): Pin "outputs(14807).0" is outside north or south abutment box side.
        (x:3422um, xAB: [0um:3120um])

[ERROR] Side.place(IoPin): Pin "outputs(14808).0" is outside north or south abutment box side.
        (x:3422.5um, xAB: [0um:3120um])

[ERROR] Side.place(IoPin): Pin "outputs(14809).0" is outside north or south abutment box side.
        (x:3423um, xAB: [0um:3120um])

[ERROR] Side.place(IoPin): Pin "outputs(14810).0" is outside north or south abutment box side.
        (x:3423.5um, xAB: [0um:3120um])

[ERROR] Side.place(IoPin): Pin "outputs(14811).0" is outside north or south abutment box side.
        (x:3424um, xAB: [0um:3120um])

[ERROR] Side.place(IoPin): Pin "outputs(14812).0" is outside north or south abutment box side.
        (x:3424.5um, xAB: [0um:3120um])

[ERROR] Side.place(IoPin): Pin "outputs(14813).0" is outside north or south abutment box side.
        (x:3425um, xAB: [0um:3120um])

[ERROR] Side.place(IoPin): Pin "outputs(14814).0" is outside north or south abutment box side.
        (x:3425.5um, xAB: [0um:3120um])

[ERROR] Side.place(IoPin): Pin "outputs(14815).0" is outside north or south abutment box side.
        (x:3426um, xAB: [0um:3120um])

[ERROR] Side.place(IoPin): Pin "outputs(14816).0" is outside north or south abutment box side.
        (x:3426.5um, xAB: [0um:3120um])

[ERROR] Side.place(IoPin): Pin "outputs(14817).0" is outside north or south abutment box side.
        (x:3427um, xAB: [0um:3120um])

[ERROR] Side.place(IoPin): Pin "outputs(14818).0" is outside north or south abutment box side.
        (x:3427.5um, xAB: [0um:3120um])

[ERROR] Side.place(IoPin): Pin "outputs(14819).0" is outside north or south abutment box side.
        (x:3428um, xAB: [0um:3120um])

[ERROR] Side.place(IoPin): Pin "outputs(14820).0" is outside north or south abutment box side.
        (x:3428.5um, xAB: [0um:3120um])

[ERROR] Side.place(IoPin): Pin "outputs(14821).0" is outside north or south abutment box side.
        (x:3429um, xAB: [0um:3120um])

[ERROR] Side.place(IoPin): Pin "outputs(14822).0" is outside north or south abutment box side.
        (x:3429.5um, xAB: [0um:3120um])

[ERROR] Side.place(IoPin): Pin "outputs(14823).0" is outside north or south abutment box side.
        (x:3430um, xAB: [0um:3120um])

[ERROR] Side.place(IoPin): Pin "outputs(14824).0" is outside north or south abutment box side.
        (x:3430.5um, xAB: [0um:3120um])

[ERROR] Side.place(IoPin): Pin "outputs(14825).0" is outside north or south abutment box side.
        (x:3431um, xAB: [0um:3120um])

[ERROR] Side.place(IoPin): Pin "outputs(14826).0" is outside north or south abutment box side.
        (x:3431.5um, xAB: [0um:3120um])

[ERROR] Side.place(IoPin): Pin "outputs(14827).0" is outside north or south abutment box side.
        (x:3432um, xAB: [0um:3120um])

[ERROR] Side.place(IoPin): Pin "outputs(14828).0" is outside north or south abutment box side.
        (x:3432.5um, xAB: [0um:3120um])

[ERROR] Side.place(IoPin): Pin "outputs(14829).0" is outside north or south abutment box side.
        (x:3433um, xAB: [0um:3120um])

[ERROR] Side.place(IoPin): Pin "outputs(14830).0" is outside north or south abutment box side.
        (x:3433.5um, xAB: [0um:3120um])

[ERROR] Side.place(IoPin): Pin "outputs(14831).0" is outside north or south abutment box side.
        (x:3434um, xAB: [0um:3120um])

[ERROR] Side.place(IoPin): Pin "outputs(14832).0" is outside north or south abutment box side.
        (x:3434.5um, xAB: [0um:3120um])

[ERROR] Side.place(IoPin): Pin "outputs(14833).0" is outside north or south abutment box side.
        (x:3435um, xAB: [0um:3120um])

[ERROR] Side.place(IoPin): Pin "outputs(14834).0" is outside north or south abutment box side.
        (x:3435.5um, xAB: [0um:3120um])

[ERROR] Side.place(IoPin): Pin "outputs(14835).0" is outside north or south abutment box side.
        (x:3436um, xAB: [0um:3120um])

[ERROR] Side.place(IoPin): Pin "outputs(14836).0" is outside north or south abutment box side.
        (x:3436.5um, xAB: [0um:3120um])

[ERROR] Side.place(IoPin): Pin "outputs(14837).0" is outside north or south abutment box side.
        (x:3437um, xAB: [0um:3120um])

[ERROR] Side.place(IoPin): Pin "outputs(14838).0" is outside north or south abutment box side.
        (x:3437.5um, xAB: [0um:3120um])

[ERROR] Side.place(IoPin): Pin "outputs(14839).0" is outside north or south abutment box side.
        (x:3438um, xAB: [0um:3120um])

[ERROR] Side.place(IoPin): Pin "outputs(14840).0" is outside north or south abutment box side.
        (x:3438.5um, xAB: [0um:3120um])

[ERROR] Side.place(IoPin): Pin "outputs(14841).0" is outside north or south abutment box side.
        (x:3439um, xAB: [0um:3120um])

[ERROR] Side.place(IoPin): Pin "outputs(14842).0" is outside north or south abutment box side.
        (x:3439.5um, xAB: [0um:3120um])

[ERROR] Side.place(IoPin): Pin "outputs(14843).0" is outside north or south abutment box side.
        (x:3440um, xAB: [0um:3120um])

[ERROR] Side.place(IoPin): Pin "outputs(14844).0" is outside north or south abutment box side.
        (x:3440.5um, xAB: [0um:3120um])

[ERROR] Side.place(IoPin): Pin "outputs(14845).0" is outside north or south abutment box side.
        (x:3441um, xAB: [0um:3120um])

[ERROR] Side.place(IoPin): Pin "outputs(14846).0" is outside north or south abutment box side.
        (x:3441.5um, xAB: [0um:3120um])

[ERROR] Side.place(IoPin): Pin "outputs(14847).0" is outside north or south abutment box side.
        (x:3442um, xAB: [0um:3120um])

[ERROR] Side.place(IoPin): Pin "outputs(14848).0" is outside north or south abutment box side.
        (x:3442.5um, xAB: [0um:3120um])

[ERROR] Side.place(IoPin): Pin "outputs(14849).0" is outside north or south abutment box side.
        (x:3443um, xAB: [0um:3120um])

[ERROR] Side.place(IoPin): Pin "outputs(14850).0" is outside north or south abutment box side.
        (x:3443.5um, xAB: [0um:3120um])

[ERROR] Side.place(IoPin): Pin "outputs(14851).0" is outside north or south abutment box side.
        (x:3444um, xAB: [0um:3120um])

[ERROR] Side.place(IoPin): Pin "outputs(14852).0" is outside north or south abutment box side.
        (x:3444.5um, xAB: [0um:3120um])

[ERROR] Side.place(IoPin): Pin "outputs(14853).0" is outside north or south abutment box side.
        (x:3445um, xAB: [0um:3120um])

[ERROR] Side.place(IoPin): Pin "outputs(14854).0" is outside north or south abutment box side.
        (x:3445.5um, xAB: [0um:3120um])

[ERROR] Side.place(IoPin): Pin "outputs(14855).0" is outside north or south abutment box side.
        (x:3446um, xAB: [0um:3120um])

[ERROR] Side.place(IoPin): Pin "outputs(14856).0" is outside north or south abutment box side.
        (x:3446.5um, xAB: [0um:3120um])

[ERROR] Side.place(IoPin): Pin "outputs(14857).0" is outside north or south abutment box side.
        (x:3447um, xAB: [0um:3120um])

[ERROR] Side.place(IoPin): Pin "outputs(14858).0" is outside north or south abutment box side.
        (x:3447.5um, xAB: [0um:3120um])

[ERROR] Side.place(IoPin): Pin "outputs(14859).0" is outside north or south abutment box side.
        (x:3448um, xAB: [0um:3120um])

[ERROR] Side.place(IoPin): Pin "outputs(14860).0" is outside north or south abutment box side.
        (x:3448.5um, xAB: [0um:3120um])

[ERROR] Side.place(IoPin): Pin "outputs(14861).0" is outside north or south abutment box side.
        (x:3449um, xAB: [0um:3120um])

[ERROR] Side.place(IoPin): Pin "outputs(14862).0" is outside north or south abutment box side.
        (x:3449.5um, xAB: [0um:3120um])

[ERROR] Side.place(IoPin): Pin "outputs(14863).0" is outside north or south abutment box side.
        (x:3450um, xAB: [0um:3120um])

[ERROR] Side.place(IoPin): Pin "outputs(14864).0" is outside north or south abutment box side.
        (x:3450.5um, xAB: [0um:3120um])

[ERROR] Side.place(IoPin): Pin "outputs(14865).0" is outside north or south abutment box side.
        (x:3451um, xAB: [0um:3120um])

[ERROR] Side.place(IoPin): Pin "outputs(14866).0" is outside north or south abutment box side.
        (x:3451.5um, xAB: [0um:3120um])

[ERROR] Side.place(IoPin): Pin "outputs(14867).0" is outside north or south abutment box side.
        (x:3452um, xAB: [0um:3120um])

[ERROR] Side.place(IoPin): Pin "outputs(14868).0" is outside north or south abutment box side.
        (x:3452.5um, xAB: [0um:3120um])

[ERROR] Side.place(IoPin): Pin "outputs(14869).0" is outside north or south abutment box side.
        (x:3453um, xAB: [0um:3120um])

[ERROR] Side.place(IoPin): Pin "outputs(14870).0" is outside north or south abutment box side.
        (x:3453.5um, xAB: [0um:3120um])

[ERROR] Side.place(IoPin): Pin "outputs(14871).0" is outside north or south abutment box side.
        (x:3454um, xAB: [0um:3120um])

[ERROR] Side.place(IoPin): Pin "outputs(14872).0" is outside north or south abutment box side.
        (x:3454.5um, xAB: [0um:3120um])

[ERROR] Side.place(IoPin): Pin "outputs(14873).0" is outside north or south abutment box side.
        (x:3455um, xAB: [0um:3120um])

[ERROR] Side.place(IoPin): Pin "outputs(14874).0" is outside north or south abutment box side.
        (x:3455.5um, xAB: [0um:3120um])

[ERROR] Side.place(IoPin): Pin "outputs(14875).0" is outside north or south abutment box side.
        (x:3456um, xAB: [0um:3120um])

[ERROR] Side.place(IoPin): Pin "outputs(14876).0" is outside north or south abutment box side.
        (x:3456.5um, xAB: [0um:3120um])

[ERROR] Side.place(IoPin): Pin "outputs(14877).0" is outside north or south abutment box side.
        (x:3457um, xAB: [0um:3120um])

[ERROR] Side.place(IoPin): Pin "outputs(14878).0" is outside north or south abutment box side.
        (x:3457.5um, xAB: [0um:3120um])

[ERROR] Side.place(IoPin): Pin "outputs(14879).0" is outside north or south abutment box side.
        (x:3458um, xAB: [0um:3120um])

[ERROR] Side.place(IoPin): Pin "outputs(14880).0" is outside north or south abutment box side.
        (x:3458.5um, xAB: [0um:3120um])

[ERROR] Side.place(IoPin): Pin "outputs(14881).0" is outside north or south abutment box side.
        (x:3459um, xAB: [0um:3120um])

[ERROR] Side.place(IoPin): Pin "outputs(14882).0" is outside north or south abutment box side.
        (x:3459.5um, xAB: [0um:3120um])

[ERROR] Side.place(IoPin): Pin "outputs(14883).0" is outside north or south abutment box side.
        (x:3460um, xAB: [0um:3120um])

[ERROR] Side.place(IoPin): Pin "outputs(14884).0" is outside north or south abutment box side.
        (x:3460.5um, xAB: [0um:3120um])

[ERROR] Side.place(IoPin): Pin "outputs(14885).0" is outside north or south abutment box side.
        (x:3461um, xAB: [0um:3120um])

[ERROR] Side.place(IoPin): Pin "outputs(14886).0" is outside north or south abutment box side.
        (x:3461.5um, xAB: [0um:3120um])

[ERROR] Side.place(IoPin): Pin "outputs(14887).0" is outside north or south abutment box side.
        (x:3462um, xAB: [0um:3120um])

[ERROR] Side.place(IoPin): Pin "outputs(14888).0" is outside north or south abutment box side.
        (x:3462.5um, xAB: [0um:3120um])

[ERROR] Side.place(IoPin): Pin "outputs(14889).0" is outside north or south abutment box side.
        (x:3463um, xAB: [0um:3120um])

[ERROR] Side.place(IoPin): Pin "outputs(14890).0" is outside north or south abutment box side.
        (x:3463.5um, xAB: [0um:3120um])

[ERROR] Side.place(IoPin): Pin "outputs(14891).0" is outside north or south abutment box side.
        (x:3464um, xAB: [0um:3120um])

[ERROR] Side.place(IoPin): Pin "outputs(14892).0" is outside north or south abutment box side.
        (x:3464.5um, xAB: [0um:3120um])

[ERROR] Side.place(IoPin): Pin "outputs(14893).0" is outside north or south abutment box side.
        (x:3465um, xAB: [0um:3120um])

[ERROR] Side.place(IoPin): Pin "outputs(14894).0" is outside north or south abutment box side.
        (x:3465.5um, xAB: [0um:3120um])

[ERROR] Side.place(IoPin): Pin "outputs(14895).0" is outside north or south abutment box side.
        (x:3466um, xAB: [0um:3120um])

[ERROR] Side.place(IoPin): Pin "outputs(14896).0" is outside north or south abutment box side.
        (x:3466.5um, xAB: [0um:3120um])

[ERROR] Side.place(IoPin): Pin "outputs(14897).0" is outside north or south abutment box side.
        (x:3467um, xAB: [0um:3120um])

[ERROR] Side.place(IoPin): Pin "outputs(14898).0" is outside north or south abutment box side.
        (x:3467.5um, xAB: [0um:3120um])

[ERROR] Side.place(IoPin): Pin "outputs(14899).0" is outside north or south abutment box side.
        (x:3468um, xAB: [0um:3120um])

[ERROR] Side.place(IoPin): Pin "outputs(14900).0" is outside north or south abutment box side.
        (x:3468.5um, xAB: [0um:3120um])

[ERROR] Side.place(IoPin): Pin "outputs(14901).0" is outside north or south abutment box side.
        (x:3469um, xAB: [0um:3120um])

[ERROR] Side.place(IoPin): Pin "outputs(14902).0" is outside north or south abutment box side.
        (x:3469.5um, xAB: [0um:3120um])

[ERROR] Side.place(IoPin): Pin "outputs(14903).0" is outside north or south abutment box side.
        (x:3470um, xAB: [0um:3120um])

[ERROR] Side.place(IoPin): Pin "outputs(14904).0" is outside north or south abutment box side.
        (x:3470.5um, xAB: [0um:3120um])

[ERROR] Side.place(IoPin): Pin "outputs(14905).0" is outside north or south abutment box side.
        (x:3471um, xAB: [0um:3120um])

[ERROR] Side.place(IoPin): Pin "outputs(14906).0" is outside north or south abutment box side.
        (x:3471.5um, xAB: [0um:3120um])

[ERROR] Side.place(IoPin): Pin "outputs(14907).0" is outside north or south abutment box side.
        (x:3472um, xAB: [0um:3120um])

[ERROR] Side.place(IoPin): Pin "outputs(14908).0" is outside north or south abutment box side.
        (x:3472.5um, xAB: [0um:3120um])

[ERROR] Side.place(IoPin): Pin "outputs(14909).0" is outside north or south abutment box side.
        (x:3473um, xAB: [0um:3120um])

[ERROR] Side.place(IoPin): Pin "outputs(14910).0" is outside north or south abutment box side.
        (x:3473.5um, xAB: [0um:3120um])

[ERROR] Side.place(IoPin): Pin "outputs(14911).0" is outside north or south abutment box side.
        (x:3474um, xAB: [0um:3120um])

[ERROR] Side.place(IoPin): Pin "outputs(14912).0" is outside north or south abutment box side.
        (x:3474.5um, xAB: [0um:3120um])

[ERROR] Side.place(IoPin): Pin "outputs(14913).0" is outside north or south abutment box side.
        (x:3475um, xAB: [0um:3120um])

[ERROR] Side.place(IoPin): Pin "outputs(14914).0" is outside north or south abutment box side.
        (x:3475.5um, xAB: [0um:3120um])

[ERROR] Side.place(IoPin): Pin "outputs(14915).0" is outside north or south abutment box side.
        (x:3476um, xAB: [0um:3120um])

[ERROR] Side.place(IoPin): Pin "outputs(14916).0" is outside north or south abutment box side.
        (x:3476.5um, xAB: [0um:3120um])

[ERROR] Side.place(IoPin): Pin "outputs(14917).0" is outside north or south abutment box side.
        (x:3477um, xAB: [0um:3120um])

[ERROR] Side.place(IoPin): Pin "outputs(14918).0" is outside north or south abutment box side.
        (x:3477.5um, xAB: [0um:3120um])

[ERROR] Side.place(IoPin): Pin "outputs(14919).0" is outside north or south abutment box side.
        (x:3478um, xAB: [0um:3120um])

[ERROR] Side.place(IoPin): Pin "outputs(14920).0" is outside north or south abutment box side.
        (x:3478.5um, xAB: [0um:3120um])

[ERROR] Side.place(IoPin): Pin "outputs(14921).0" is outside north or south abutment box side.
        (x:3479um, xAB: [0um:3120um])

[ERROR] Side.place(IoPin): Pin "outputs(14922).0" is outside north or south abutment box side.
        (x:3479.5um, xAB: [0um:3120um])

[ERROR] Side.place(IoPin): Pin "outputs(14923).0" is outside north or south abutment box side.
        (x:3480um, xAB: [0um:3120um])

[ERROR] Side.place(IoPin): Pin "outputs(14924).0" is outside north or south abutment box side.
        (x:3480.5um, xAB: [0um:3120um])

[ERROR] Side.place(IoPin): Pin "outputs(14925).0" is outside north or south abutment box side.
        (x:3481um, xAB: [0um:3120um])

[ERROR] Side.place(IoPin): Pin "outputs(14926).0" is outside north or south abutment box side.
        (x:3481.5um, xAB: [0um:3120um])

[ERROR] Side.place(IoPin): Pin "outputs(14927).0" is outside north or south abutment box side.
        (x:3482um, xAB: [0um:3120um])

[ERROR] Side.place(IoPin): Pin "outputs(14928).0" is outside north or south abutment box side.
        (x:3482.5um, xAB: [0um:3120um])

[ERROR] Side.place(IoPin): Pin "outputs(14929).0" is outside north or south abutment box side.
        (x:3483um, xAB: [0um:3120um])

[ERROR] Side.place(IoPin): Pin "outputs(14930).0" is outside north or south abutment box side.
        (x:3483.5um, xAB: [0um:3120um])

[ERROR] Side.place(IoPin): Pin "outputs(14931).0" is outside north or south abutment box side.
        (x:3484um, xAB: [0um:3120um])

[ERROR] Side.place(IoPin): Pin "outputs(14932).0" is outside north or south abutment box side.
        (x:3484.5um, xAB: [0um:3120um])

[ERROR] Side.place(IoPin): Pin "outputs(14933).0" is outside north or south abutment box side.
        (x:3485um, xAB: [0um:3120um])

[ERROR] Side.place(IoPin): Pin "outputs(14934).0" is outside north or south abutment box side.
        (x:3485.5um, xAB: [0um:3120um])

[ERROR] Side.place(IoPin): Pin "outputs(14935).0" is outside north or south abutment box side.
        (x:3486um, xAB: [0um:3120um])

[ERROR] Side.place(IoPin): Pin "outputs(14936).0" is outside north or south abutment box side.
        (x:3486.5um, xAB: [0um:3120um])

[ERROR] Side.place(IoPin): Pin "outputs(14937).0" is outside north or south abutment box side.
        (x:3487um, xAB: [0um:3120um])

[ERROR] Side.place(IoPin): Pin "outputs(14938).0" is outside north or south abutment box side.
        (x:3487.5um, xAB: [0um:3120um])

[ERROR] Side.place(IoPin): Pin "outputs(14939).0" is outside north or south abutment box side.
        (x:3488um, xAB: [0um:3120um])

[ERROR] Side.place(IoPin): Pin "outputs(14940).0" is outside north or south abutment box side.
        (x:3488.5um, xAB: [0um:3120um])

[ERROR] Side.place(IoPin): Pin "outputs(14941).0" is outside north or south abutment box side.
        (x:3489um, xAB: [0um:3120um])

[ERROR] Side.place(IoPin): Pin "outputs(14942).0" is outside north or south abutment box side.
        (x:3489.5um, xAB: [0um:3120um])

[ERROR] Side.place(IoPin): Pin "outputs(14943).0" is outside north or south abutment box side.
        (x:3490um, xAB: [0um:3120um])

[ERROR] Side.place(IoPin): Pin "outputs(14944).0" is outside north or south abutment box side.
        (x:3490.5um, xAB: [0um:3120um])

[ERROR] Side.place(IoPin): Pin "outputs(14945).0" is outside north or south abutment box side.
        (x:3491um, xAB: [0um:3120um])

[ERROR] Side.place(IoPin): Pin "outputs(14946).0" is outside north or south abutment box side.
        (x:3491.5um, xAB: [0um:3120um])

[ERROR] Side.place(IoPin): Pin "outputs(14947).0" is outside north or south abutment box side.
        (x:3492um, xAB: [0um:3120um])

[ERROR] Side.place(IoPin): Pin "outputs(14948).0" is outside north or south abutment box side.
        (x:3492.5um, xAB: [0um:3120um])

[ERROR] Side.place(IoPin): Pin "outputs(14949).0" is outside north or south abutment box side.
        (x:3493um, xAB: [0um:3120um])

[ERROR] Side.place(IoPin): Pin "outputs(14950).0" is outside north or south abutment box side.
        (x:3493.5um, xAB: [0um:3120um])

[ERROR] Side.place(IoPin): Pin "outputs(14951).0" is outside north or south abutment box side.
        (x:3494um, xAB: [0um:3120um])

[ERROR] Side.place(IoPin): Pin "outputs(14952).0" is outside north or south abutment box side.
        (x:3494.5um, xAB: [0um:3120um])

[ERROR] Side.place(IoPin): Pin "outputs(14953).0" is outside north or south abutment box side.
        (x:3495um, xAB: [0um:3120um])

[ERROR] Side.place(IoPin): Pin "outputs(14954).0" is outside north or south abutment box side.
        (x:3495.5um, xAB: [0um:3120um])

[ERROR] Side.place(IoPin): Pin "outputs(14955).0" is outside north or south abutment box side.
        (x:3496um, xAB: [0um:3120um])

[ERROR] Side.place(IoPin): Pin "outputs(14956).0" is outside north or south abutment box side.
        (x:3496.5um, xAB: [0um:3120um])

[ERROR] Side.place(IoPin): Pin "outputs(14957).0" is outside north or south abutment box side.
        (x:3497um, xAB: [0um:3120um])

[ERROR] Side.place(IoPin): Pin "outputs(14958).0" is outside north or south abutment box side.
        (x:3497.5um, xAB: [0um:3120um])

[ERROR] Side.place(IoPin): Pin "outputs(14959).0" is outside north or south abutment box side.
        (x:3498um, xAB: [0um:3120um])

[ERROR] Side.place(IoPin): Pin "outputs(14960).0" is outside north or south abutment box side.
        (x:3498.5um, xAB: [0um:3120um])

[ERROR] Side.place(IoPin): Pin "outputs(14961).0" is outside north or south abutment box side.
        (x:3499um, xAB: [0um:3120um])

[ERROR] Side.place(IoPin): Pin "outputs(14962).0" is outside north or south abutment box side.
        (x:3499.5um, xAB: [0um:3120um])

[ERROR] Side.place(IoPin): Pin "outputs(14963).0" is outside north or south abutment box side.
        (x:3500um, xAB: [0um:3120um])

[ERROR] Side.place(IoPin): Pin "outputs(14964).0" is outside north or south abutment box side.
        (x:3500.5um, xAB: [0um:3120um])

[ERROR] Side.place(IoPin): Pin "outputs(14965).0" is outside north or south abutment box side.
        (x:3501um, xAB: [0um:3120um])

[ERROR] Side.place(IoPin): Pin "outputs(14966).0" is outside north or south abutment box side.
        (x:3501.5um, xAB: [0um:3120um])

[ERROR] Side.place(IoPin): Pin "outputs(14967).0" is outside north or south abutment box side.
        (x:3502um, xAB: [0um:3120um])

[ERROR] Side.place(IoPin): Pin "outputs(14968).0" is outside north or south abutment box side.
        (x:3502.5um, xAB: [0um:3120um])

[ERROR] Side.place(IoPin): Pin "outputs(14969).0" is outside north or south abutment box side.
        (x:3503um, xAB: [0um:3120um])

[ERROR] Side.place(IoPin): Pin "outputs(14970).0" is outside north or south abutment box side.
        (x:3503.5um, xAB: [0um:3120um])

[ERROR] Side.place(IoPin): Pin "outputs(14971).0" is outside north or south abutment box side.
        (x:3504um, xAB: [0um:3120um])

[ERROR] Side.place(IoPin): Pin "outputs(14972).0" is outside north or south abutment box side.
        (x:3504.5um, xAB: [0um:3120um])

[ERROR] Side.place(IoPin): Pin "outputs(14973).0" is outside north or south abutment box side.
        (x:3505um, xAB: [0um:3120um])

[ERROR] Side.place(IoPin): Pin "outputs(14974).0" is outside north or south abutment box side.
        (x:3505.5um, xAB: [0um:3120um])

[ERROR] Side.place(IoPin): Pin "outputs(14975).0" is outside north or south abutment box side.
        (x:3506um, xAB: [0um:3120um])

[ERROR] Side.place(IoPin): Pin "outputs(14976).0" is outside north or south abutment box side.
        (x:3506.5um, xAB: [0um:3120um])

[ERROR] Side.place(IoPin): Pin "outputs(14977).0" is outside north or south abutment box side.
        (x:3507um, xAB: [0um:3120um])

[ERROR] Side.place(IoPin): Pin "outputs(14978).0" is outside north or south abutment box side.
        (x:3507.5um, xAB: [0um:3120um])

[ERROR] Side.place(IoPin): Pin "outputs(14979).0" is outside north or south abutment box side.
        (x:3508um, xAB: [0um:3120um])

[ERROR] Side.place(IoPin): Pin "outputs(14980).0" is outside north or south abutment box side.
        (x:3508.5um, xAB: [0um:3120um])

[ERROR] Side.place(IoPin): Pin "outputs(14981).0" is outside north or south abutment box side.
        (x:3509um, xAB: [0um:3120um])

[ERROR] Side.place(IoPin): Pin "outputs(14982).0" is outside north or south abutment box side.
        (x:3509.5um, xAB: [0um:3120um])

[ERROR] Side.place(IoPin): Pin "outputs(14983).0" is outside north or south abutment box side.
        (x:3510um, xAB: [0um:3120um])

[ERROR] Side.place(IoPin): Pin "outputs(14984).0" is outside north or south abutment box side.
        (x:3510.5um, xAB: [0um:3120um])

[ERROR] Side.place(IoPin): Pin "outputs(14985).0" is outside north or south abutment box side.
        (x:3511um, xAB: [0um:3120um])

[ERROR] Side.place(IoPin): Pin "outputs(14986).0" is outside north or south abutment box side.
        (x:3511.5um, xAB: [0um:3120um])

[ERROR] Side.place(IoPin): Pin "outputs(14987).0" is outside north or south abutment box side.
        (x:3512um, xAB: [0um:3120um])

[ERROR] Side.place(IoPin): Pin "outputs(14988).0" is outside north or south abutment box side.
        (x:3512.5um, xAB: [0um:3120um])

[ERROR] Side.place(IoPin): Pin "outputs(14989).0" is outside north or south abutment box side.
        (x:3513um, xAB: [0um:3120um])

[ERROR] Side.place(IoPin): Pin "outputs(14990).0" is outside north or south abutment box side.
        (x:3513.5um, xAB: [0um:3120um])

[ERROR] Side.place(IoPin): Pin "outputs(14991).0" is outside north or south abutment box side.
        (x:3514um, xAB: [0um:3120um])

[ERROR] Side.place(IoPin): Pin "outputs(14992).0" is outside north or south abutment box side.
        (x:3514.5um, xAB: [0um:3120um])

[ERROR] Side.place(IoPin): Pin "outputs(14993).0" is outside north or south abutment box side.
        (x:3515um, xAB: [0um:3120um])

[ERROR] Side.place(IoPin): Pin "outputs(14994).0" is outside north or south abutment box side.
        (x:3515.5um, xAB: [0um:3120um])

[ERROR] Side.place(IoPin): Pin "outputs(14995).0" is outside north or south abutment box side.
        (x:3516um, xAB: [0um:3120um])

[ERROR] Side.place(IoPin): Pin "outputs(14996).0" is outside north or south abutment box side.
        (x:3516.5um, xAB: [0um:3120um])

[ERROR] Side.place(IoPin): Pin "outputs(14997).0" is outside north or south abutment box side.
        (x:3517um, xAB: [0um:3120um])

[ERROR] Side.place(IoPin): Pin "outputs(14998).0" is outside north or south abutment box side.
        (x:3517.5um, xAB: [0um:3120um])

[ERROR] Side.place(IoPin): Pin "outputs(14999).0" is outside north or south abutment box side.
        (x:3518um, xAB: [0um:3120um])

[ERROR] Side.place(IoPin): Pin "outputs(15000).0" is outside north or south abutment box side.
        (x:3518.5um, xAB: [0um:3120um])

[ERROR] Side.place(IoPin): Pin "outputs(15001).0" is outside north or south abutment box side.
        (x:3519um, xAB: [0um:3120um])

[ERROR] Side.place(IoPin): Pin "outputs(15002).0" is outside north or south abutment box side.
        (x:3519.5um, xAB: [0um:3120um])

[ERROR] Side.place(IoPin): Pin "outputs(15003).0" is outside north or south abutment box side.
        (x:3520um, xAB: [0um:3120um])

[ERROR] Side.place(IoPin): Pin "outputs(15004).0" is outside north or south abutment box side.
        (x:3520.5um, xAB: [0um:3120um])

[ERROR] Side.place(IoPin): Pin "outputs(15005).0" is outside north or south abutment box side.
        (x:3521um, xAB: [0um:3120um])

[ERROR] Side.place(IoPin): Pin "outputs(15006).0" is outside north or south abutment box side.
        (x:3521.5um, xAB: [0um:3120um])

[ERROR] Side.place(IoPin): Pin "outputs(15007).0" is outside north or south abutment box side.
        (x:3522um, xAB: [0um:3120um])

[ERROR] Side.place(IoPin): Pin "outputs(15008).0" is outside north or south abutment box side.
        (x:3522.5um, xAB: [0um:3120um])

[ERROR] Side.place(IoPin): Pin "outputs(15009).0" is outside north or south abutment box side.
        (x:3523um, xAB: [0um:3120um])

[ERROR] Side.place(IoPin): Pin "outputs(15010).0" is outside north or south abutment box side.
        (x:3523.5um, xAB: [0um:3120um])

[ERROR] Side.place(IoPin): Pin "outputs(15011).0" is outside north or south abutment box side.
        (x:3524um, xAB: [0um:3120um])

[ERROR] Side.place(IoPin): Pin "outputs(15012).0" is outside north or south abutment box side.
        (x:3524.5um, xAB: [0um:3120um])

[ERROR] Side.place(IoPin): Pin "outputs(15013).0" is outside north or south abutment box side.
        (x:3525um, xAB: [0um:3120um])

[ERROR] Side.place(IoPin): Pin "outputs(15014).0" is outside north or south abutment box side.
        (x:3525.5um, xAB: [0um:3120um])

[ERROR] Side.place(IoPin): Pin "outputs(15015).0" is outside north or south abutment box side.
        (x:3526um, xAB: [0um:3120um])

[ERROR] Side.place(IoPin): Pin "outputs(15016).0" is outside north or south abutment box side.
        (x:3526.5um, xAB: [0um:3120um])

[ERROR] Side.place(IoPin): Pin "outputs(15017).0" is outside north or south abutment box side.
        (x:3527um, xAB: [0um:3120um])

[ERROR] Side.place(IoPin): Pin "outputs(15018).0" is outside north or south abutment box side.
        (x:3527.5um, xAB: [0um:3120um])

[ERROR] Side.place(IoPin): Pin "outputs(15019).0" is outside north or south abutment box side.
        (x:3528um, xAB: [0um:3120um])

[ERROR] Side.place(IoPin): Pin "outputs(15020).0" is outside north or south abutment box side.
        (x:3528.5um, xAB: [0um:3120um])

[ERROR] Side.place(IoPin): Pin "outputs(15021).0" is outside north or south abutment box side.
        (x:3529um, xAB: [0um:3120um])

[ERROR] Side.place(IoPin): Pin "outputs(15022).0" is outside north or south abutment box side.
        (x:3529.5um, xAB: [0um:3120um])

[ERROR] Side.place(IoPin): Pin "outputs(15023).0" is outside north or south abutment box side.
        (x:3530um, xAB: [0um:3120um])

[ERROR] Side.place(IoPin): Pin "outputs(15024).0" is outside north or south abutment box side.
        (x:3530.5um, xAB: [0um:3120um])

[ERROR] Side.place(IoPin): Pin "outputs(15025).0" is outside north or south abutment box side.
        (x:3531um, xAB: [0um:3120um])

[ERROR] Side.place(IoPin): Pin "outputs(15026).0" is outside north or south abutment box side.
        (x:3531.5um, xAB: [0um:3120um])

[ERROR] Side.place(IoPin): Pin "outputs(15027).0" is outside north or south abutment box side.
        (x:3532um, xAB: [0um:3120um])

[ERROR] Side.place(IoPin): Pin "outputs(15028).0" is outside north or south abutment box side.
        (x:3532.5um, xAB: [0um:3120um])

[ERROR] Side.place(IoPin): Pin "outputs(15029).0" is outside north or south abutment box side.
        (x:3533um, xAB: [0um:3120um])

[ERROR] Side.place(IoPin): Pin "outputs(15030).0" is outside north or south abutment box side.
        (x:3533.5um, xAB: [0um:3120um])

[ERROR] Side.place(IoPin): Pin "outputs(15031).0" is outside north or south abutment box side.
        (x:3534um, xAB: [0um:3120um])

[ERROR] Side.place(IoPin): Pin "outputs(15032).0" is outside north or south abutment box side.
        (x:3534.5um, xAB: [0um:3120um])

[ERROR] Side.place(IoPin): Pin "outputs(15033).0" is outside north or south abutment box side.
        (x:3535um, xAB: [0um:3120um])

[ERROR] Side.place(IoPin): Pin "outputs(15034).0" is outside north or south abutment box side.
        (x:3535.5um, xAB: [0um:3120um])

[ERROR] Side.place(IoPin): Pin "outputs(15035).0" is outside north or south abutment box side.
        (x:3536um, xAB: [0um:3120um])

[ERROR] Side.place(IoPin): Pin "outputs(15036).0" is outside north or south abutment box side.
        (x:3536.5um, xAB: [0um:3120um])

[ERROR] Side.place(IoPin): Pin "outputs(15037).0" is outside north or south abutment box side.
        (x:3537um, xAB: [0um:3120um])

[ERROR] Side.place(IoPin): Pin "outputs(15038).0" is outside north or south abutment box side.
        (x:3537.5um, xAB: [0um:3120um])

[ERROR] Side.place(IoPin): Pin "outputs(15039).0" is outside north or south abutment box side.
        (x:3538um, xAB: [0um:3120um])

[ERROR] Side.place(IoPin): Pin "outputs(15040).0" is outside north or south abutment box side.
        (x:3538.5um, xAB: [0um:3120um])

[ERROR] Side.place(IoPin): Pin "outputs(15041).0" is outside north or south abutment box side.
        (x:3539um, xAB: [0um:3120um])

[ERROR] Side.place(IoPin): Pin "outputs(15042).0" is outside north or south abutment box side.
        (x:3539.5um, xAB: [0um:3120um])

[ERROR] Side.place(IoPin): Pin "outputs(15043).0" is outside north or south abutment box side.
        (x:3540um, xAB: [0um:3120um])

[ERROR] Side.place(IoPin): Pin "outputs(15044).0" is outside north or south abutment box side.
        (x:3540.5um, xAB: [0um:3120um])

[ERROR] Side.place(IoPin): Pin "outputs(15045).0" is outside north or south abutment box side.
        (x:3541um, xAB: [0um:3120um])

[ERROR] Side.place(IoPin): Pin "outputs(15046).0" is outside north or south abutment box side.
        (x:3541.5um, xAB: [0um:3120um])

[ERROR] Side.place(IoPin): Pin "outputs(15047).0" is outside north or south abutment box side.
        (x:3542um, xAB: [0um:3120um])

[ERROR] Side.place(IoPin): Pin "outputs(15048).0" is outside north or south abutment box side.
        (x:3542.5um, xAB: [0um:3120um])

[ERROR] Side.place(IoPin): Pin "outputs(15049).0" is outside north or south abutment box side.
        (x:3543um, xAB: [0um:3120um])

[ERROR] Side.place(IoPin): Pin "outputs(15050).0" is outside north or south abutment box side.
        (x:3543.5um, xAB: [0um:3120um])

[ERROR] Side.place(IoPin): Pin "outputs(15051).0" is outside north or south abutment box side.
        (x:3544um, xAB: [0um:3120um])

[ERROR] Side.place(IoPin): Pin "outputs(15052).0" is outside north or south abutment box side.
        (x:3544.5um, xAB: [0um:3120um])

[ERROR] Side.place(IoPin): Pin "outputs(15053).0" is outside north or south abutment box side.
        (x:3545um, xAB: [0um:3120um])

[ERROR] Side.place(IoPin): Pin "outputs(15054).0" is outside north or south abutment box side.
        (x:3545.5um, xAB: [0um:3120um])

[ERROR] Side.place(IoPin): Pin "outputs(15055).0" is outside north or south abutment box side.
        (x:3546um, xAB: [0um:3120um])

[ERROR] Side.place(IoPin): Pin "outputs(15056).0" is outside north or south abutment box side.
        (x:3546.5um, xAB: [0um:3120um])

[ERROR] Side.place(IoPin): Pin "outputs(15057).0" is outside north or south abutment box side.
        (x:3547um, xAB: [0um:3120um])

[ERROR] Side.place(IoPin): Pin "outputs(15058).0" is outside north or south abutment box side.
        (x:3547.5um, xAB: [0um:3120um])

[ERROR] Side.place(IoPin): Pin "outputs(15059).0" is outside north or south abutment box side.
        (x:3548um, xAB: [0um:3120um])

[ERROR] Side.place(IoPin): Pin "outputs(15060).0" is outside north or south abutment box side.
        (x:3548.5um, xAB: [0um:3120um])

[ERROR] Side.place(IoPin): Pin "outputs(15061).0" is outside north or south abutment box side.
        (x:3549um, xAB: [0um:3120um])

[ERROR] Side.place(IoPin): Pin "outputs(15062).0" is outside north or south abutment box side.
        (x:3549.5um, xAB: [0um:3120um])

[ERROR] Side.place(IoPin): Pin "outputs(15063).0" is outside north or south abutment box side.
        (x:3550um, xAB: [0um:3120um])

[ERROR] Side.place(IoPin): Pin "outputs(15064).0" is outside north or south abutment box side.
        (x:3550.5um, xAB: [0um:3120um])

[ERROR] Side.place(IoPin): Pin "outputs(15065).0" is outside north or south abutment box side.
        (x:3551um, xAB: [0um:3120um])

[ERROR] Side.place(IoPin): Pin "outputs(15066).0" is outside north or south abutment box side.
        (x:3551.5um, xAB: [0um:3120um])

[ERROR] Side.place(IoPin): Pin "outputs(15067).0" is outside north or south abutment box side.
        (x:3552um, xAB: [0um:3120um])

[ERROR] Side.place(IoPin): Pin "outputs(15068).0" is outside north or south abutment box side.
        (x:3552.5um, xAB: [0um:3120um])

[ERROR] Side.place(IoPin): Pin "outputs(15069).0" is outside north or south abutment box side.
        (x:3553um, xAB: [0um:3120um])

[ERROR] Side.place(IoPin): Pin "outputs(15070).0" is outside north or south abutment box side.
        (x:3553.5um, xAB: [0um:3120um])

[ERROR] Side.place(IoPin): Pin "outputs(15071).0" is outside north or south abutment box side.
        (x:3554um, xAB: [0um:3120um])

[ERROR] Side.place(IoPin): Pin "outputs(15072).0" is outside north or south abutment box side.
        (x:3554.5um, xAB: [0um:3120um])

[ERROR] Side.place(IoPin): Pin "outputs(15073).0" is outside north or south abutment box side.
        (x:3555um, xAB: [0um:3120um])

[ERROR] Side.place(IoPin): Pin "outputs(15074).0" is outside north or south abutment box side.
        (x:3555.5um, xAB: [0um:3120um])

[ERROR] Side.place(IoPin): Pin "outputs(15075).0" is outside north or south abutment box side.
        (x:3556um, xAB: [0um:3120um])

[ERROR] Side.place(IoPin): Pin "outputs(15076).0" is outside north or south abutment box side.
        (x:3556.5um, xAB: [0um:3120um])

[ERROR] Side.place(IoPin): Pin "outputs(15077).0" is outside north or south abutment box side.
        (x:3557um, xAB: [0um:3120um])

[ERROR] Side.place(IoPin): Pin "outputs(15078).0" is outside north or south abutment box side.
        (x:3557.5um, xAB: [0um:3120um])

[ERROR] Side.place(IoPin): Pin "outputs(15079).0" is outside north or south abutment box side.
        (x:3558um, xAB: [0um:3120um])

[ERROR] Side.place(IoPin): Pin "outputs(15080).0" is outside north or south abutment box side.
        (x:3558.5um, xAB: [0um:3120um])

[ERROR] Side.place(IoPin): Pin "outputs(15081).0" is outside north or south abutment box side.
        (x:3559um, xAB: [0um:3120um])

[ERROR] Side.place(IoPin): Pin "outputs(15082).0" is outside north or south abutment box side.
        (x:3559.5um, xAB: [0um:3120um])

[ERROR] Side.place(IoPin): Pin "outputs(15083).0" is outside north or south abutment box side.
        (x:3560um, xAB: [0um:3120um])

[ERROR] Side.place(IoPin): Pin "outputs(15084).0" is outside north or south abutment box side.
        (x:3560.5um, xAB: [0um:3120um])

[ERROR] Side.place(IoPin): Pin "outputs(15085).0" is outside north or south abutment box side.
        (x:3561um, xAB: [0um:3120um])

[ERROR] Side.place(IoPin): Pin "outputs(15086).0" is outside north or south abutment box side.
        (x:3561.5um, xAB: [0um:3120um])

[ERROR] Side.place(IoPin): Pin "outputs(15087).0" is outside north or south abutment box side.
        (x:3562um, xAB: [0um:3120um])

[ERROR] Side.place(IoPin): Pin "outputs(15088).0" is outside north or south abutment box side.
        (x:3562.5um, xAB: [0um:3120um])

[ERROR] Side.place(IoPin): Pin "outputs(15089).0" is outside north or south abutment box side.
        (x:3563um, xAB: [0um:3120um])

[ERROR] Side.place(IoPin): Pin "outputs(15090).0" is outside north or south abutment box side.
        (x:3563.5um, xAB: [0um:3120um])

[ERROR] Side.place(IoPin): Pin "outputs(15091).0" is outside north or south abutment box side.
        (x:3564um, xAB: [0um:3120um])

[ERROR] Side.place(IoPin): Pin "outputs(15092).0" is outside north or south abutment box side.
        (x:3564.5um, xAB: [0um:3120um])

[ERROR] Side.place(IoPin): Pin "outputs(15093).0" is outside north or south abutment box side.
        (x:3565um, xAB: [0um:3120um])

[ERROR] Side.place(IoPin): Pin "outputs(15094).0" is outside north or south abutment box side.
        (x:3565.5um, xAB: [0um:3120um])

[ERROR] Side.place(IoPin): Pin "outputs(15095).0" is outside north or south abutment box side.
        (x:3566um, xAB: [0um:3120um])

[ERROR] Side.place(IoPin): Pin "outputs(15096).0" is outside north or south abutment box side.
        (x:3566.5um, xAB: [0um:3120um])

[ERROR] Side.place(IoPin): Pin "outputs(15097).0" is outside north or south abutment box side.
        (x:3567um, xAB: [0um:3120um])

[ERROR] Side.place(IoPin): Pin "outputs(15098).0" is outside north or south abutment box side.
        (x:3567.5um, xAB: [0um:3120um])

[ERROR] Side.place(IoPin): Pin "outputs(15099).0" is outside north or south abutment box side.
        (x:3568um, xAB: [0um:3120um])

[ERROR] Side.place(IoPin): Pin "outputs(15100).0" is outside north or south abutment box side.
        (x:3568.5um, xAB: [0um:3120um])

[ERROR] Side.place(IoPin): Pin "outputs(15101).0" is outside north or south abutment box side.
        (x:3569um, xAB: [0um:3120um])

[ERROR] Side.place(IoPin): Pin "outputs(15102).0" is outside north or south abutment box side.
        (x:3569.5um, xAB: [0um:3120um])

[ERROR] Side.place(IoPin): Pin "outputs(15103).0" is outside north or south abutment box side.
        (x:3570um, xAB: [0um:3120um])

[ERROR] Side.place(IoPin): Pin "outputs(15104).0" is outside north or south abutment box side.
        (x:3570.5um, xAB: [0um:3120um])

[ERROR] Side.place(IoPin): Pin "outputs(15105).0" is outside north or south abutment box side.
        (x:3571um, xAB: [0um:3120um])

[ERROR] Side.place(IoPin): Pin "outputs(15106).0" is outside north or south abutment box side.
        (x:3571.5um, xAB: [0um:3120um])

[ERROR] Side.place(IoPin): Pin "outputs(15107).0" is outside north or south abutment box side.
        (x:3572um, xAB: [0um:3120um])

[ERROR] Side.place(IoPin): Pin "outputs(15108).0" is outside north or south abutment box side.
        (x:3572.5um, xAB: [0um:3120um])

[ERROR] Side.place(IoPin): Pin "outputs(15109).0" is outside north or south abutment box side.
        (x:3573um, xAB: [0um:3120um])

[ERROR] Side.place(IoPin): Pin "outputs(15110).0" is outside north or south abutment box side.
        (x:3573.5um, xAB: [0um:3120um])

[ERROR] Side.place(IoPin): Pin "outputs(15111).0" is outside north or south abutment box side.
        (x:3574um, xAB: [0um:3120um])

[ERROR] Side.place(IoPin): Pin "outputs(15112).0" is outside north or south abutment box side.
        (x:3574.5um, xAB: [0um:3120um])

[ERROR] Side.place(IoPin): Pin "outputs(15113).0" is outside north or south abutment box side.
        (x:3575um, xAB: [0um:3120um])

[ERROR] Side.place(IoPin): Pin "outputs(15114).0" is outside north or south abutment box side.
        (x:3575.5um, xAB: [0um:3120um])

[ERROR] Side.place(IoPin): Pin "outputs(15115).0" is outside north or south abutment box side.
        (x:3576um, xAB: [0um:3120um])

[ERROR] Side.place(IoPin): Pin "outputs(15116).0" is outside north or south abutment box side.
        (x:3576.5um, xAB: [0um:3120um])

[ERROR] Side.place(IoPin): Pin "outputs(15117).0" is outside north or south abutment box side.
        (x:3577um, xAB: [0um:3120um])

[ERROR] Side.place(IoPin): Pin "outputs(15118).0" is outside north or south abutment box side.
        (x:3577.5um, xAB: [0um:3120um])

[ERROR] Side.place(IoPin): Pin "outputs(15119).0" is outside north or south abutment box side.
        (x:3578um, xAB: [0um:3120um])

[ERROR] Side.place(IoPin): Pin "outputs(15120).0" is outside north or south abutment box side.
        (x:3578.5um, xAB: [0um:3120um])

[ERROR] Side.place(IoPin): Pin "outputs(15121).0" is outside north or south abutment box side.
        (x:3579um, xAB: [0um:3120um])

[ERROR] Side.place(IoPin): Pin "outputs(15122).0" is outside north or south abutment box side.
        (x:3579.5um, xAB: [0um:3120um])

[ERROR] Side.place(IoPin): Pin "outputs(15123).0" is outside north or south abutment box side.
        (x:3580um, xAB: [0um:3120um])

[ERROR] Side.place(IoPin): Pin "outputs(15124).0" is outside north or south abutment box side.
        (x:3580.5um, xAB: [0um:3120um])

[ERROR] Side.place(IoPin): Pin "outputs(15125).0" is outside north or south abutment box side.
        (x:3581um, xAB: [0um:3120um])

[ERROR] Side.place(IoPin): Pin "outputs(15126).0" is outside north or south abutment box side.
        (x:3581.5um, xAB: [0um:3120um])

[ERROR] Side.place(IoPin): Pin "outputs(15127).0" is outside north or south abutment box side.
        (x:3582um, xAB: [0um:3120um])

[ERROR] Side.place(IoPin): Pin "outputs(15128).0" is outside north or south abutment box side.
        (x:3582.5um, xAB: [0um:3120um])

[ERROR] Side.place(IoPin): Pin "outputs(15129).0" is outside north or south abutment box side.
        (x:3583um, xAB: [0um:3120um])

[ERROR] Side.place(IoPin): Pin "outputs(15130).0" is outside north or south abutment box side.
        (x:3583.5um, xAB: [0um:3120um])

[ERROR] Side.place(IoPin): Pin "outputs(15131).0" is outside north or south abutment box side.
        (x:3584um, xAB: [0um:3120um])

[ERROR] Side.place(IoPin): Pin "outputs(15132).0" is outside north or south abutment box side.
        (x:3584.5um, xAB: [0um:3120um])

[ERROR] Side.place(IoPin): Pin "outputs(15133).0" is outside north or south abutment box side.
        (x:3585um, xAB: [0um:3120um])

[ERROR] Side.place(IoPin): Pin "outputs(15134).0" is outside north or south abutment box side.
        (x:3585.5um, xAB: [0um:3120um])

[ERROR] Side.place(IoPin): Pin "outputs(15135).0" is outside north or south abutment box side.
        (x:3586um, xAB: [0um:3120um])

[ERROR] Side.place(IoPin): Pin "outputs(15136).0" is outside north or south abutment box side.
        (x:3586.5um, xAB: [0um:3120um])

[ERROR] Side.place(IoPin): Pin "outputs(15137).0" is outside north or south abutment box side.
        (x:3587um, xAB: [0um:3120um])

[ERROR] Side.place(IoPin): Pin "outputs(15138).0" is outside north or south abutment box side.
        (x:3587.5um, xAB: [0um:3120um])

[ERROR] Side.place(IoPin): Pin "outputs(15139).0" is outside north or south abutment box side.
        (x:3588um, xAB: [0um:3120um])

[ERROR] Side.place(IoPin): Pin "outputs(15140).0" is outside north or south abutment box side.
        (x:3588.5um, xAB: [0um:3120um])

[ERROR] Side.place(IoPin): Pin "outputs(15141).0" is outside north or south abutment box side.
        (x:3589um, xAB: [0um:3120um])

[ERROR] Side.place(IoPin): Pin "outputs(15142).0" is outside north or south abutment box side.
        (x:3589.5um, xAB: [0um:3120um])

[ERROR] Side.place(IoPin): Pin "outputs(15143).0" is outside north or south abutment box side.
        (x:3590um, xAB: [0um:3120um])

[ERROR] Side.place(IoPin): Pin "outputs(15144).0" is outside north or south abutment box side.
        (x:3590.5um, xAB: [0um:3120um])

[ERROR] Side.place(IoPin): Pin "outputs(15145).0" is outside north or south abutment box side.
        (x:3591um, xAB: [0um:3120um])

[ERROR] Side.place(IoPin): Pin "outputs(15146).0" is outside north or south abutment box side.
        (x:3591.5um, xAB: [0um:3120um])

[ERROR] Side.place(IoPin): Pin "outputs(15147).0" is outside north or south abutment box side.
        (x:3592um, xAB: [0um:3120um])

[ERROR] Side.place(IoPin): Pin "outputs(15148).0" is outside north or south abutment box side.
        (x:3592.5um, xAB: [0um:3120um])

[ERROR] Side.place(IoPin): Pin "outputs(15149).0" is outside north or south abutment box side.
        (x:3593um, xAB: [0um:3120um])

[ERROR] Side.place(IoPin): Pin "outputs(15150).0" is outside north or south abutment box side.
        (x:3593.5um, xAB: [0um:3120um])

[ERROR] Side.place(IoPin): Pin "outputs(15151).0" is outside north or south abutment box side.
        (x:3594um, xAB: [0um:3120um])

[ERROR] Side.place(IoPin): Pin "outputs(15152).0" is outside north or south abutment box side.
        (x:3594.5um, xAB: [0um:3120um])

[ERROR] Side.place(IoPin): Pin "outputs(15153).0" is outside north or south abutment box side.
        (x:3595um, xAB: [0um:3120um])

[ERROR] Side.place(IoPin): Pin "outputs(15154).0" is outside north or south abutment box side.
        (x:3595.5um, xAB: [0um:3120um])

[ERROR] Side.place(IoPin): Pin "outputs(15155).0" is outside north or south abutment box side.
        (x:3596um, xAB: [0um:3120um])

[ERROR] Side.place(IoPin): Pin "outputs(15156).0" is outside north or south abutment box side.
        (x:3596.5um, xAB: [0um:3120um])

[ERROR] Side.place(IoPin): Pin "outputs(15157).0" is outside north or south abutment box side.
        (x:3597um, xAB: [0um:3120um])

[ERROR] Side.place(IoPin): Pin "outputs(15158).0" is outside north or south abutment box side.
        (x:3597.5um, xAB: [0um:3120um])

[ERROR] Side.place(IoPin): Pin "outputs(15159).0" is outside north or south abutment box side.
        (x:3598um, xAB: [0um:3120um])

[ERROR] Side.place(IoPin): Pin "outputs(15160).0" is outside north or south abutment box side.
        (x:3598.5um, xAB: [0um:3120um])

[ERROR] Side.place(IoPin): Pin "outputs(15161).0" is outside north or south abutment box side.
        (x:3599um, xAB: [0um:3120um])

[ERROR] Side.place(IoPin): Pin "outputs(15162).0" is outside north or south abutment box side.
        (x:3599.5um, xAB: [0um:3120um])

[ERROR] Side.place(IoPin): Pin "outputs(15163).0" is outside north or south abutment box side.
        (x:3600um, xAB: [0um:3120um])

[ERROR] Side.place(IoPin): Pin "outputs(15164).0" is outside north or south abutment box side.
        (x:3600.5um, xAB: [0um:3120um])

[ERROR] Side.place(IoPin): Pin "outputs(15165).0" is outside north or south abutment box side.
        (x:3601um, xAB: [0um:3120um])

[ERROR] Side.place(IoPin): Pin "outputs(15166).0" is outside north or south abutment box side.
        (x:3601.5um, xAB: [0um:3120um])

[ERROR] Side.place(IoPin): Pin "outputs(15167).0" is outside north or south abutment box side.
        (x:3602um, xAB: [0um:3120um])

[ERROR] Side.place(IoPin): Pin "outputs(15168).0" is outside north or south abutment box side.
        (x:3602.5um, xAB: [0um:3120um])

[ERROR] Side.place(IoPin): Pin "outputs(15169).0" is outside north or south abutment box side.
        (x:3603um, xAB: [0um:3120um])

[ERROR] Side.place(IoPin): Pin "outputs(15170).0" is outside north or south abutment box side.
        (x:3603.5um, xAB: [0um:3120um])

[ERROR] Side.place(IoPin): Pin "outputs(15171).0" is outside north or south abutment box side.
        (x:3604um, xAB: [0um:3120um])

[ERROR] Side.place(IoPin): Pin "outputs(15172).0" is outside north or south abutment box side.
        (x:3604.5um, xAB: [0um:3120um])

[ERROR] Side.place(IoPin): Pin "outputs(15173).0" is outside north or south abutment box side.
        (x:3605um, xAB: [0um:3120um])

[ERROR] Side.place(IoPin): Pin "outputs(15174).0" is outside north or south abutment box side.
        (x:3605.5um, xAB: [0um:3120um])

[ERROR] Side.place(IoPin): Pin "outputs(15175).0" is outside north or south abutment box side.
        (x:3606um, xAB: [0um:3120um])

[ERROR] Side.place(IoPin): Pin "outputs(15176).0" is outside north or south abutment box side.
        (x:3606.5um, xAB: [0um:3120um])

[ERROR] Side.place(IoPin): Pin "outputs(15177).0" is outside north or south abutment box side.
        (x:3607um, xAB: [0um:3120um])

[ERROR] Side.place(IoPin): Pin "outputs(15178).0" is outside north or south abutment box side.
        (x:3607.5um, xAB: [0um:3120um])

[ERROR] Side.place(IoPin): Pin "outputs(15179).0" is outside north or south abutment box side.
        (x:3608um, xAB: [0um:3120um])

[ERROR] Side.place(IoPin): Pin "outputs(15180).0" is outside north or south abutment box side.
        (x:3608.5um, xAB: [0um:3120um])

[ERROR] Side.place(IoPin): Pin "outputs(15181).0" is outside north or south abutment box side.
        (x:3609um, xAB: [0um:3120um])

[ERROR] Side.place(IoPin): Pin "outputs(15182).0" is outside north or south abutment box side.
        (x:3609.5um, xAB: [0um:3120um])

[ERROR] Side.place(IoPin): Pin "outputs(15183).0" is outside north or south abutment box side.
        (x:3610um, xAB: [0um:3120um])

[ERROR] Side.place(IoPin): Pin "outputs(15184).0" is outside north or south abutment box side.
        (x:3610.5um, xAB: [0um:3120um])

[ERROR] Side.place(IoPin): Pin "outputs(15185).0" is outside north or south abutment box side.
        (x:3611um, xAB: [0um:3120um])

[ERROR] Side.place(IoPin): Pin "outputs(15186).0" is outside north or south abutment box side.
        (x:3611.5um, xAB: [0um:3120um])

[ERROR] Side.place(IoPin): Pin "outputs(15187).0" is outside north or south abutment box side.
        (x:3612um, xAB: [0um:3120um])

[ERROR] Side.place(IoPin): Pin "outputs(15188).0" is outside north or south abutment box side.
        (x:3612.5um, xAB: [0um:3120um])

[ERROR] Side.place(IoPin): Pin "outputs(15189).0" is outside north or south abutment box side.
        (x:3613um, xAB: [0um:3120um])

[ERROR] Side.place(IoPin): Pin "outputs(15190).0" is outside north or south abutment box side.
        (x:3613.5um, xAB: [0um:3120um])

[ERROR] Side.place(IoPin): Pin "outputs(15191).0" is outside north or south abutment box side.
        (x:3614um, xAB: [0um:3120um])

[ERROR] Side.place(IoPin): Pin "outputs(15192).0" is outside north or south abutment box side.
        (x:3614.5um, xAB: [0um:3120um])

[ERROR] Side.place(IoPin): Pin "outputs(15193).0" is outside north or south abutment box side.
        (x:3615um, xAB: [0um:3120um])

[ERROR] Side.place(IoPin): Pin "outputs(15194).0" is outside north or south abutment box side.
        (x:3615.5um, xAB: [0um:3120um])

[ERROR] Side.place(IoPin): Pin "outputs(15195).0" is outside north or south abutment box side.
        (x:3616um, xAB: [0um:3120um])

[ERROR] Side.place(IoPin): Pin "outputs(15196).0" is outside north or south abutment box side.
        (x:3616.5um, xAB: [0um:3120um])

[ERROR] Side.place(IoPin): Pin "outputs(15197).0" is outside north or south abutment box side.
        (x:3617um, xAB: [0um:3120um])

[ERROR] Side.place(IoPin): Pin "outputs(15198).0" is outside north or south abutment box side.
        (x:3617.5um, xAB: [0um:3120um])

[ERROR] Side.place(IoPin): Pin "outputs(15199).0" is outside north or south abutment box side.
        (x:3618um, xAB: [0um:3120um])

[ERROR] Side.place(IoPin): Pin "outputs(15200).0" is outside north or south abutment box side.
        (x:3618.5um, xAB: [0um:3120um])

[ERROR] Side.place(IoPin): Pin "outputs(15201).0" is outside north or south abutment box side.
        (x:3619um, xAB: [0um:3120um])

[ERROR] Side.place(IoPin): Pin "outputs(15202).0" is outside north or south abutment box side.
        (x:3619.5um, xAB: [0um:3120um])

[ERROR] Side.place(IoPin): Pin "outputs(15203).0" is outside north or south abutment box side.
        (x:3620um, xAB: [0um:3120um])

[ERROR] Side.place(IoPin): Pin "outputs(15204).0" is outside north or south abutment box side.
        (x:3620.5um, xAB: [0um:3120um])

[ERROR] Side.place(IoPin): Pin "outputs(15205).0" is outside north or south abutment box side.
        (x:3621um, xAB: [0um:3120um])

[ERROR] Side.place(IoPin): Pin "outputs(15206).0" is outside north or south abutment box side.
        (x:3621.5um, xAB: [0um:3120um])

[ERROR] Side.place(IoPin): Pin "outputs(15207).0" is outside north or south abutment box side.
        (x:3622um, xAB: [0um:3120um])

[ERROR] Side.place(IoPin): Pin "outputs(15208).0" is outside north or south abutment box side.
        (x:3622.5um, xAB: [0um:3120um])

[ERROR] Side.place(IoPin): Pin "outputs(15209).0" is outside north or south abutment box side.
        (x:3623um, xAB: [0um:3120um])

[ERROR] Side.place(IoPin): Pin "outputs(15210).0" is outside north or south abutment box side.
        (x:3623.5um, xAB: [0um:3120um])

[ERROR] Side.place(IoPin): Pin "outputs(15211).0" is outside north or south abutment box side.
        (x:3624um, xAB: [0um:3120um])

[ERROR] Side.place(IoPin): Pin "outputs(15212).0" is outside north or south abutment box side.
        (x:3624.5um, xAB: [0um:3120um])

[ERROR] Side.place(IoPin): Pin "outputs(15213).0" is outside north or south abutment box side.
        (x:3625um, xAB: [0um:3120um])

[ERROR] Side.place(IoPin): Pin "outputs(15214).0" is outside north or south abutment box side.
        (x:3625.5um, xAB: [0um:3120um])

[ERROR] Side.place(IoPin): Pin "outputs(15215).0" is outside north or south abutment box side.
        (x:3626um, xAB: [0um:3120um])

[ERROR] Side.place(IoPin): Pin "outputs(15216).0" is outside north or south abutment box side.
        (x:3626.5um, xAB: [0um:3120um])

[ERROR] Side.place(IoPin): Pin "outputs(15217).0" is outside north or south abutment box side.
        (x:3627um, xAB: [0um:3120um])

[ERROR] Side.place(IoPin): Pin "outputs(15218).0" is outside north or south abutment box side.
        (x:3627.5um, xAB: [0um:3120um])

[ERROR] Side.place(IoPin): Pin "outputs(15219).0" is outside north or south abutment box side.
        (x:3628um, xAB: [0um:3120um])

[ERROR] Side.place(IoPin): Pin "outputs(15220).0" is outside north or south abutment box side.
        (x:3628.5um, xAB: [0um:3120um])

[ERROR] Side.place(IoPin): Pin "outputs(15221).0" is outside north or south abutment box side.
        (x:3629um, xAB: [0um:3120um])

[ERROR] Side.place(IoPin): Pin "outputs(15222).0" is outside north or south abutment box side.
        (x:3629.5um, xAB: [0um:3120um])

[ERROR] Side.place(IoPin): Pin "outputs(15223).0" is outside north or south abutment box side.
        (x:3630um, xAB: [0um:3120um])

[ERROR] Side.place(IoPin): Pin "outputs(15224).0" is outside north or south abutment box side.
        (x:3630.5um, xAB: [0um:3120um])

[ERROR] Side.place(IoPin): Pin "outputs(15225).0" is outside north or south abutment box side.
        (x:3631um, xAB: [0um:3120um])

[ERROR] Side.place(IoPin): Pin "outputs(15226).0" is outside north or south abutment box side.
        (x:3631.5um, xAB: [0um:3120um])

[ERROR] Side.place(IoPin): Pin "outputs(15227).0" is outside north or south abutment box side.
        (x:3632um, xAB: [0um:3120um])

[ERROR] Side.place(IoPin): Pin "outputs(15228).0" is outside north or south abutment box side.
        (x:3632.5um, xAB: [0um:3120um])

[ERROR] Side.place(IoPin): Pin "outputs(15229).0" is outside north or south abutment box side.
        (x:3633um, xAB: [0um:3120um])

[ERROR] Side.place(IoPin): Pin "outputs(15230).0" is outside north or south abutment box side.
        (x:3633.5um, xAB: [0um:3120um])

[ERROR] Side.place(IoPin): Pin "outputs(15231).0" is outside north or south abutment box side.
        (x:3634um, xAB: [0um:3120um])

[ERROR] Side.place(IoPin): Pin "outputs(15232).0" is outside north or south abutment box side.
        (x:3634.5um, xAB: [0um:3120um])

[ERROR] Side.place(IoPin): Pin "outputs(15233).0" is outside north or south abutment box side.
        (x:3635um, xAB: [0um:3120um])

[ERROR] Side.place(IoPin): Pin "outputs(15234).0" is outside north or south abutment box side.
        (x:3635.5um, xAB: [0um:3120um])

[ERROR] Side.place(IoPin): Pin "outputs(15235).0" is outside north or south abutment box side.
        (x:3636um, xAB: [0um:3120um])

[ERROR] Side.place(IoPin): Pin "outputs(15236).0" is outside north or south abutment box side.
        (x:3636.5um, xAB: [0um:3120um])

[ERROR] Side.place(IoPin): Pin "outputs(15237).0" is outside north or south abutment box side.
        (x:3637um, xAB: [0um:3120um])

[ERROR] Side.place(IoPin): Pin "outputs(15238).0" is outside north or south abutment box side.
        (x:3637.5um, xAB: [0um:3120um])

[ERROR] Side.place(IoPin): Pin "outputs(15239).0" is outside north or south abutment box side.
        (x:3638um, xAB: [0um:3120um])

[ERROR] Side.place(IoPin): Pin "outputs(15240).0" is outside north or south abutment box side.
        (x:3638.5um, xAB: [0um:3120um])

[ERROR] Side.place(IoPin): Pin "outputs(15241).0" is outside north or south abutment box side.
        (x:3639um, xAB: [0um:3120um])

[ERROR] Side.place(IoPin): Pin "outputs(15242).0" is outside north or south abutment box side.
        (x:3639.5um, xAB: [0um:3120um])

[ERROR] Side.place(IoPin): Pin "outputs(15243).0" is outside north or south abutment box side.
        (x:3640um, xAB: [0um:3120um])

[ERROR] Side.place(IoPin): Pin "outputs(15244).0" is outside north or south abutment box side.
        (x:3640.5um, xAB: [0um:3120um])

[ERROR] Side.place(IoPin): Pin "outputs(15245).0" is outside north or south abutment box side.
        (x:3641um, xAB: [0um:3120um])

[ERROR] Side.place(IoPin): Pin "outputs(15246).0" is outside north or south abutment box side.
        (x:3641.5um, xAB: [0um:3120um])

[ERROR] Side.place(IoPin): Pin "outputs(15247).0" is outside north or south abutment box side.
        (x:3642um, xAB: [0um:3120um])

[ERROR] Side.place(IoPin): Pin "outputs(15248).0" is outside north or south abutment box side.
        (x:3642.5um, xAB: [0um:3120um])

[ERROR] Side.place(IoPin): Pin "outputs(15249).0" is outside north or south abutment box side.
        (x:3643um, xAB: [0um:3120um])

[ERROR] Side.place(IoPin): Pin "outputs(15250).0" is outside north or south abutment box side.
        (x:3643.5um, xAB: [0um:3120um])

[ERROR] Side.place(IoPin): Pin "outputs(15251).0" is outside north or south abutment box side.
        (x:3644um, xAB: [0um:3120um])

[ERROR] Side.place(IoPin): Pin "outputs(15252).0" is outside north or south abutment box side.
        (x:3644.5um, xAB: [0um:3120um])

[ERROR] Side.place(IoPin): Pin "outputs(15253).0" is outside north or south abutment box side.
        (x:3645um, xAB: [0um:3120um])

[ERROR] Side.place(IoPin): Pin "outputs(15254).0" is outside north or south abutment box side.
        (x:3645.5um, xAB: [0um:3120um])

[ERROR] Side.place(IoPin): Pin "outputs(15255).0" is outside north or south abutment box side.
        (x:3646um, xAB: [0um:3120um])

[ERROR] Side.place(IoPin): Pin "outputs(15256).0" is outside north or south abutment box side.
        (x:3646.5um, xAB: [0um:3120um])

[ERROR] Side.place(IoPin): Pin "outputs(15257).0" is outside north or south abutment box side.
        (x:3647um, xAB: [0um:3120um])

[ERROR] Side.place(IoPin): Pin "outputs(15258).0" is outside north or south abutment box side.
        (x:3647.5um, xAB: [0um:3120um])

[ERROR] Side.place(IoPin): Pin "outputs(15259).0" is outside north or south abutment box side.
        (x:3648um, xAB: [0um:3120um])

[ERROR] Side.place(IoPin): Pin "outputs(15260).0" is outside north or south abutment box side.
        (x:3648.5um, xAB: [0um:3120um])

[ERROR] Side.place(IoPin): Pin "outputs(15261).0" is outside north or south abutment box side.
        (x:3649um, xAB: [0um:3120um])

[ERROR] Side.place(IoPin): Pin "outputs(15262).0" is outside north or south abutment box side.
        (x:3649.5um, xAB: [0um:3120um])

[ERROR] Side.place(IoPin): Pin "outputs(15263).0" is outside north or south abutment box side.
        (x:3650um, xAB: [0um:3120um])

[ERROR] Side.place(IoPin): Pin "outputs(15264).0" is outside north or south abutment box side.
        (x:3650.5um, xAB: [0um:3120um])

[ERROR] Side.place(IoPin): Pin "outputs(15265).0" is outside north or south abutment box side.
        (x:3651um, xAB: [0um:3120um])

[ERROR] Side.place(IoPin): Pin "outputs(15266).0" is outside north or south abutment box side.
        (x:3651.5um, xAB: [0um:3120um])

[ERROR] Side.place(IoPin): Pin "outputs(15267).0" is outside north or south abutment box side.
        (x:3652um, xAB: [0um:3120um])

[ERROR] Side.place(IoPin): Pin "outputs(15268).0" is outside north or south abutment box side.
        (x:3652.5um, xAB: [0um:3120um])

[ERROR] Side.place(IoPin): Pin "outputs(15269).0" is outside north or south abutment box side.
        (x:3653um, xAB: [0um:3120um])

[ERROR] Side.place(IoPin): Pin "outputs(15270).0" is outside north or south abutment box side.
        (x:3653.5um, xAB: [0um:3120um])

[ERROR] Side.place(IoPin): Pin "outputs(15271).0" is outside north or south abutment box side.
        (x:3654um, xAB: [0um:3120um])

[ERROR] Side.place(IoPin): Pin "outputs(15272).0" is outside north or south abutment box side.
        (x:3654.5um, xAB: [0um:3120um])

[ERROR] Side.place(IoPin): Pin "outputs(15273).0" is outside north or south abutment box side.
        (x:3655um, xAB: [0um:3120um])

[ERROR] Side.place(IoPin): Pin "outputs(15274).0" is outside north or south abutment box side.
        (x:3655.5um, xAB: [0um:3120um])

[ERROR] Side.place(IoPin): Pin "outputs(15275).0" is outside north or south abutment box side.
        (x:3656um, xAB: [0um:3120um])

[ERROR] Side.place(IoPin): Pin "outputs(15276).0" is outside north or south abutment box side.
        (x:3656.5um, xAB: [0um:3120um])

[ERROR] Side.place(IoPin): Pin "outputs(15277).0" is outside north or south abutment box side.
        (x:3657um, xAB: [0um:3120um])

[ERROR] Side.place(IoPin): Pin "outputs(15278).0" is outside north or south abutment box side.
        (x:3657.5um, xAB: [0um:3120um])

[ERROR] Side.place(IoPin): Pin "outputs(15279).0" is outside north or south abutment box side.
        (x:3658um, xAB: [0um:3120um])

[ERROR] Side.place(IoPin): Pin "outputs(15280).0" is outside north or south abutment box side.
        (x:3658.5um, xAB: [0um:3120um])

[ERROR] Side.place(IoPin): Pin "outputs(15281).0" is outside north or south abutment box side.
        (x:3659um, xAB: [0um:3120um])

[ERROR] Side.place(IoPin): Pin "outputs(15282).0" is outside north or south abutment box side.
        (x:3659.5um, xAB: [0um:3120um])

[ERROR] Side.place(IoPin): Pin "outputs(15283).0" is outside north or south abutment box side.
        (x:3660um, xAB: [0um:3120um])

[ERROR] Side.place(IoPin): Pin "outputs(15284).0" is outside north or south abutment box side.
        (x:3660.5um, xAB: [0um:3120um])

[ERROR] Side.place(IoPin): Pin "outputs(15285).0" is outside north or south abutment box side.
        (x:3661um, xAB: [0um:3120um])

[ERROR] Side.place(IoPin): Pin "outputs(15286).0" is outside north or south abutment box side.
        (x:3661.5um, xAB: [0um:3120um])

[ERROR] Side.place(IoPin): Pin "outputs(15287).0" is outside north or south abutment box side.
        (x:3662um, xAB: [0um:3120um])

[ERROR] Side.place(IoPin): Pin "outputs(15288).0" is outside north or south abutment box side.
        (x:3662.5um, xAB: [0um:3120um])

[ERROR] Side.place(IoPin): Pin "outputs(15289).0" is outside north or south abutment box side.
        (x:3663um, xAB: [0um:3120um])

[ERROR] Side.place(IoPin): Pin "outputs(15290).0" is outside north or south abutment box side.
        (x:3663.5um, xAB: [0um:3120um])

[ERROR] Side.place(IoPin): Pin "outputs(15291).0" is outside north or south abutment box side.
        (x:3664um, xAB: [0um:3120um])

[ERROR] Side.place(IoPin): Pin "outputs(15292).0" is outside north or south abutment box side.
        (x:3664.5um, xAB: [0um:3120um])

[ERROR] Side.place(IoPin): Pin "outputs(15293).0" is outside north or south abutment box side.
        (x:3665um, xAB: [0um:3120um])

[ERROR] Side.place(IoPin): Pin "outputs(15294).0" is outside north or south abutment box side.
        (x:3665.5um, xAB: [0um:3120um])

[ERROR] Side.place(IoPin): Pin "outputs(15295).0" is outside north or south abutment box side.
        (x:3666um, xAB: [0um:3120um])

[ERROR] Side.place(IoPin): Pin "outputs(15296).0" is outside north or south abutment box side.
        (x:3666.5um, xAB: [0um:3120um])

[ERROR] Side.place(IoPin): Pin "outputs(15297).0" is outside north or south abutment box side.
        (x:3667um, xAB: [0um:3120um])

[ERROR] Side.place(IoPin): Pin "outputs(15298).0" is outside north or south abutment box side.
        (x:3667.5um, xAB: [0um:3120um])

[ERROR] Side.place(IoPin): Pin "outputs(15299).0" is outside north or south abutment box side.
        (x:3668um, xAB: [0um:3120um])

[ERROR] Side.place(IoPin): Pin "outputs(15300).0" is outside north or south abutment box side.
        (x:3668.5um, xAB: [0um:3120um])

[ERROR] Side.place(IoPin): Pin "outputs(15301).0" is outside north or south abutment box side.
        (x:3669um, xAB: [0um:3120um])

[ERROR] Side.place(IoPin): Pin "outputs(15302).0" is outside north or south abutment box side.
        (x:3669.5um, xAB: [0um:3120um])

[ERROR] Side.place(IoPin): Pin "outputs(15303).0" is outside north or south abutment box side.
        (x:3670um, xAB: [0um:3120um])

[ERROR] Side.place(IoPin): Pin "outputs(15304).0" is outside north or south abutment box side.
        (x:3670.5um, xAB: [0um:3120um])

[ERROR] Side.place(IoPin): Pin "outputs(15305).0" is outside north or south abutment box side.
        (x:3671um, xAB: [0um:3120um])

[ERROR] Side.place(IoPin): Pin "outputs(15306).0" is outside north or south abutment box side.
        (x:3671.5um, xAB: [0um:3120um])

[ERROR] Side.place(IoPin): Pin "outputs(15307).0" is outside north or south abutment box side.
        (x:3672um, xAB: [0um:3120um])

[ERROR] Side.place(IoPin): Pin "outputs(15308).0" is outside north or south abutment box side.
        (x:3672.5um, xAB: [0um:3120um])

[ERROR] Side.place(IoPin): Pin "outputs(15309).0" is outside north or south abutment box side.
        (x:3673um, xAB: [0um:3120um])

[ERROR] Side.place(IoPin): Pin "outputs(15310).0" is outside north or south abutment box side.
        (x:3673.5um, xAB: [0um:3120um])

[ERROR] Side.place(IoPin): Pin "outputs(15311).0" is outside north or south abutment box side.
        (x:3674um, xAB: [0um:3120um])

[ERROR] Side.place(IoPin): Pin "outputs(15312).0" is outside north or south abutment box side.
        (x:3674.5um, xAB: [0um:3120um])

[ERROR] Side.place(IoPin): Pin "outputs(15313).0" is outside north or south abutment box side.
        (x:3675um, xAB: [0um:3120um])

[ERROR] Side.place(IoPin): Pin "outputs(15314).0" is outside north or south abutment box side.
        (x:3675.5um, xAB: [0um:3120um])

[ERROR] Side.place(IoPin): Pin "outputs(15315).0" is outside north or south abutment box side.
        (x:3676um, xAB: [0um:3120um])

[ERROR] Side.place(IoPin): Pin "outputs(15316).0" is outside north or south abutment box side.
        (x:3676.5um, xAB: [0um:3120um])

[ERROR] Side.place(IoPin): Pin "outputs(15317).0" is outside north or south abutment box side.
        (x:3677um, xAB: [0um:3120um])

[ERROR] Side.place(IoPin): Pin "outputs(15318).0" is outside north or south abutment box side.
        (x:3677.5um, xAB: [0um:3120um])

[ERROR] Side.place(IoPin): Pin "outputs(15319).0" is outside north or south abutment box side.
        (x:3678um, xAB: [0um:3120um])

[ERROR] Side.place(IoPin): Pin "outputs(15320).0" is outside north or south abutment box side.
        (x:3678.5um, xAB: [0um:3120um])

[ERROR] Side.place(IoPin): Pin "outputs(15321).0" is outside north or south abutment box side.
        (x:3679um, xAB: [0um:3120um])

[ERROR] Side.place(IoPin): Pin "outputs(15322).0" is outside north or south abutment box side.
        (x:3679.5um, xAB: [0um:3120um])

[ERROR] Side.place(IoPin): Pin "outputs(15323).0" is outside north or south abutment box side.
        (x:3680um, xAB: [0um:3120um])

[ERROR] Side.place(IoPin): Pin "outputs(15324).0" is outside north or south abutment box side.
        (x:3680.5um, xAB: [0um:3120um])

[ERROR] Side.place(IoPin): Pin "outputs(15325).0" is outside north or south abutment box side.
        (x:3681um, xAB: [0um:3120um])

[ERROR] Side.place(IoPin): Pin "outputs(15326).0" is outside north or south abutment box side.
        (x:3681.5um, xAB: [0um:3120um])

[ERROR] Side.place(IoPin): Pin "outputs(15327).0" is outside north or south abutment box side.
        (x:3682um, xAB: [0um:3120um])

[ERROR] Side.place(IoPin): Pin "outputs(15328).0" is outside north or south abutment box side.
        (x:3682.5um, xAB: [0um:3120um])

[ERROR] Side.place(IoPin): Pin "outputs(15329).0" is outside north or south abutment box side.
        (x:3683um, xAB: [0um:3120um])

[ERROR] Side.place(IoPin): Pin "outputs(15330).0" is outside north or south abutment box side.
        (x:3683.5um, xAB: [0um:3120um])

[ERROR] Side.place(IoPin): Pin "outputs(15331).0" is outside north or south abutment box side.
        (x:3684um, xAB: [0um:3120um])

[ERROR] Side.place(IoPin): Pin "outputs(15332).0" is outside north or south abutment box side.
        (x:3684.5um, xAB: [0um:3120um])

[ERROR] Side.place(IoPin): Pin "outputs(15333).0" is outside north or south abutment box side.
        (x:3685um, xAB: [0um:3120um])

[ERROR] Side.place(IoPin): Pin "outputs(15334).0" is outside north or south abutment box side.
        (x:3685.5um, xAB: [0um:3120um])

[ERROR] Side.place(IoPin): Pin "outputs(15335).0" is outside north or south abutment box side.
        (x:3686um, xAB: [0um:3120um])

[ERROR] Side.place(IoPin): Pin "outputs(15336).0" is outside north or south abutment box side.
        (x:3686.5um, xAB: [0um:3120um])

[ERROR] Side.place(IoPin): Pin "outputs(15337).0" is outside north or south abutment box side.
        (x:3687um, xAB: [0um:3120um])

[ERROR] Side.place(IoPin): Pin "outputs(15338).0" is outside north or south abutment box side.
        (x:3687.5um, xAB: [0um:3120um])

[ERROR] Side.place(IoPin): Pin "outputs(15339).0" is outside north or south abutment box side.
        (x:3688um, xAB: [0um:3120um])

[ERROR] Side.place(IoPin): Pin "outputs(15340).0" is outside north or south abutment box side.
        (x:3688.5um, xAB: [0um:3120um])

[ERROR] Side.place(IoPin): Pin "outputs(15341).0" is outside north or south abutment box side.
        (x:3689um, xAB: [0um:3120um])

[ERROR] Side.place(IoPin): Pin "outputs(15342).0" is outside north or south abutment box side.
        (x:3689.5um, xAB: [0um:3120um])

[ERROR] Side.place(IoPin): Pin "outputs(15343).0" is outside north or south abutment box side.
        (x:3690um, xAB: [0um:3120um])

[ERROR] Side.place(IoPin): Pin "outputs(15344).0" is outside north or south abutment box side.
        (x:3690.5um, xAB: [0um:3120um])

[ERROR] Side.place(IoPin): Pin "outputs(15345).0" is outside north or south abutment box side.
        (x:3691um, xAB: [0um:3120um])

[ERROR] Side.place(IoPin): Pin "outputs(15346).0" is outside north or south abutment box side.
        (x:3691.5um, xAB: [0um:3120um])

[ERROR] Side.place(IoPin): Pin "outputs(15347).0" is outside north or south abutment box side.
        (x:3692um, xAB: [0um:3120um])

[ERROR] Side.place(IoPin): Pin "outputs(15348).0" is outside north or south abutment box side.
        (x:3692.5um, xAB: [0um:3120um])

[ERROR] Side.place(IoPin): Pin "outputs(15349).0" is outside north or south abutment box side.
        (x:3693um, xAB: [0um:3120um])

[ERROR] Side.place(IoPin): Pin "outputs(15350).0" is outside north or south abutment box side.
        (x:3693.5um, xAB: [0um:3120um])

[ERROR] Side.place(IoPin): Pin "outputs(15351).0" is outside north or south abutment box side.
        (x:3694um, xAB: [0um:3120um])

[ERROR] Side.place(IoPin): Pin "outputs(15352).0" is outside north or south abutment box side.
        (x:3694.5um, xAB: [0um:3120um])

[ERROR] Side.place(IoPin): Pin "outputs(15353).0" is outside north or south abutment box side.
        (x:3695um, xAB: [0um:3120um])

[ERROR] Side.place(IoPin): Pin "outputs(15354).0" is outside north or south abutment box side.
        (x:3695.5um, xAB: [0um:3120um])

[ERROR] Side.place(IoPin): Pin "outputs(15355).0" is outside north or south abutment box side.
        (x:3696um, xAB: [0um:3120um])

[ERROR] Side.place(IoPin): Pin "outputs(15356).0" is outside north or south abutment box side.
        (x:3696.5um, xAB: [0um:3120um])

[ERROR] Side.place(IoPin): Pin "outputs(15357).0" is outside north or south abutment box side.
        (x:3697um, xAB: [0um:3120um])

[ERROR] Side.place(IoPin): Pin "outputs(15358).0" is outside north or south abutment box side.
        (x:3697.5um, xAB: [0um:3120um])

[ERROR] Side.place(IoPin): Pin "outputs(15359).0" is outside north or south abutment box side.
        (x:3698um, xAB: [0um:3120um])

[ERROR] Side.place(IoPin): Pin "outputs(15360).0" is outside north or south abutment box side.
        (x:3698.5um, xAB: [0um:3120um])

[ERROR] Side.place(IoPin): Pin "outputs(15361).0" is outside north or south abutment box side.
        (x:3699um, xAB: [0um:3120um])

[ERROR] Side.place(IoPin): Pin "outputs(15362).0" is outside north or south abutment box side.
        (x:3699.5um, xAB: [0um:3120um])

[ERROR] Side.place(IoPin): Pin "outputs(15363).0" is outside north or south abutment box side.
        (x:3700um, xAB: [0um:3120um])

[ERROR] Side.place(IoPin): Pin "outputs(15364).0" is outside north or south abutment box side.
        (x:3700.5um, xAB: [0um:3120um])

[ERROR] Side.place(IoPin): Pin "outputs(15365).0" is outside north or south abutment box side.
        (x:3701um, xAB: [0um:3120um])

[ERROR] Side.place(IoPin): Pin "outputs(15366).0" is outside north or south abutment box side.
        (x:3701.5um, xAB: [0um:3120um])

[ERROR] Side.place(IoPin): Pin "outputs(15367).0" is outside north or south abutment box side.
        (x:3702um, xAB: [0um:3120um])

[ERROR] Side.place(IoPin): Pin "outputs(15368).0" is outside north or south abutment box side.
        (x:3702.5um, xAB: [0um:3120um])

[ERROR] Side.place(IoPin): Pin "outputs(15369).0" is outside north or south abutment box side.
        (x:3703um, xAB: [0um:3120um])

[ERROR] Side.place(IoPin): Pin "outputs(15370).0" is outside north or south abutment box side.
        (x:3703.5um, xAB: [0um:3120um])

[ERROR] Side.place(IoPin): Pin "outputs(15371).0" is outside north or south abutment box side.
        (x:3704um, xAB: [0um:3120um])

[ERROR] Side.place(IoPin): Pin "outputs(15372).0" is outside north or south abutment box side.
        (x:3704.5um, xAB: [0um:3120um])

[ERROR] Side.place(IoPin): Pin "outputs(15373).0" is outside north or south abutment box side.
        (x:3705um, xAB: [0um:3120um])

[ERROR] Side.place(IoPin): Pin "outputs(15374).0" is outside north or south abutment box side.
        (x:3705.5um, xAB: [0um:3120um])

[ERROR] Side.place(IoPin): Pin "outputs(15375).0" is outside north or south abutment box side.
        (x:3706um, xAB: [0um:3120um])

[ERROR] Side.place(IoPin): Pin "outputs(15376).0" is outside north or south abutment box side.
        (x:3706.5um, xAB: [0um:3120um])

[ERROR] Side.place(IoPin): Pin "outputs(15377).0" is outside north or south abutment box side.
        (x:3707um, xAB: [0um:3120um])

[ERROR] Side.place(IoPin): Pin "outputs(15378).0" is outside north or south abutment box side.
        (x:3707.5um, xAB: [0um:3120um])

[ERROR] Side.place(IoPin): Pin "outputs(15379).0" is outside north or south abutment box side.
        (x:3708um, xAB: [0um:3120um])

[ERROR] Side.place(IoPin): Pin "outputs(15380).0" is outside north or south abutment box side.
        (x:3708.5um, xAB: [0um:3120um])

[ERROR] Side.place(IoPin): Pin "outputs(15381).0" is outside north or south abutment box side.
        (x:3709um, xAB: [0um:3120um])

[ERROR] Side.place(IoPin): Pin "outputs(15382).0" is outside north or south abutment box side.
        (x:3709.5um, xAB: [0um:3120um])

[ERROR] Side.place(IoPin): Pin "outputs(15383).0" is outside north or south abutment box side.
        (x:3710um, xAB: [0um:3120um])

[ERROR] Side.place(IoPin): Pin "outputs(15384).0" is outside north or south abutment box side.
        (x:3710.5um, xAB: [0um:3120um])

[ERROR] Side.place(IoPin): Pin "outputs(15385).0" is outside north or south abutment box side.
        (x:3711um, xAB: [0um:3120um])

[ERROR] Side.place(IoPin): Pin "outputs(15386).0" is outside north or south abutment box side.
        (x:3711.5um, xAB: [0um:3120um])

[ERROR] Side.place(IoPin): Pin "outputs(15387).0" is outside north or south abutment box side.
        (x:3712um, xAB: [0um:3120um])

[ERROR] Side.place(IoPin): Pin "outputs(15388).0" is outside north or south abutment box side.
        (x:3712.5um, xAB: [0um:3120um])

[ERROR] Side.place(IoPin): Pin "outputs(15389).0" is outside north or south abutment box side.
        (x:3713um, xAB: [0um:3120um])

[ERROR] Side.place(IoPin): Pin "outputs(15390).0" is outside north or south abutment box side.
        (x:3713.5um, xAB: [0um:3120um])

[ERROR] Side.place(IoPin): Pin "outputs(15391).0" is outside north or south abutment box side.
        (x:3714um, xAB: [0um:3120um])

[ERROR] Side.place(IoPin): Pin "outputs(15392).0" is outside north or south abutment box side.
        (x:3714.5um, xAB: [0um:3120um])

[ERROR] Side.place(IoPin): Pin "outputs(15393).0" is outside north or south abutment box side.
        (x:3715um, xAB: [0um:3120um])

[ERROR] Side.place(IoPin): Pin "outputs(15394).0" is outside north or south abutment box side.
        (x:3715.5um, xAB: [0um:3120um])

[ERROR] Side.place(IoPin): Pin "outputs(15395).0" is outside north or south abutment box side.
        (x:3716um, xAB: [0um:3120um])

[ERROR] Side.place(IoPin): Pin "outputs(15396).0" is outside north or south abutment box side.
        (x:3716.5um, xAB: [0um:3120um])

[ERROR] Side.place(IoPin): Pin "outputs(15397).0" is outside north or south abutment box side.
        (x:3717um, xAB: [0um:3120um])

[ERROR] Side.place(IoPin): Pin "outputs(15398).0" is outside north or south abutment box side.
        (x:3717.5um, xAB: [0um:3120um])

[ERROR] Side.place(IoPin): Pin "outputs(15399).0" is outside north or south abutment box side.
        (x:3718um, xAB: [0um:3120um])

[ERROR] Side.place(IoPin): Pin "outputs(15400).0" is outside north or south abutment box side.
        (x:3718.5um, xAB: [0um:3120um])

[ERROR] Side.place(IoPin): Pin "outputs(15401).0" is outside north or south abutment box side.
        (x:3719um, xAB: [0um:3120um])

[ERROR] Side.place(IoPin): Pin "outputs(15402).0" is outside north or south abutment box side.
        (x:3719.5um, xAB: [0um:3120um])

[ERROR] Side.place(IoPin): Pin "outputs(15403).0" is outside north or south abutment box side.
        (x:3720um, xAB: [0um:3120um])

[ERROR] Side.place(IoPin): Pin "outputs(15404).0" is outside north or south abutment box side.
        (x:3720.5um, xAB: [0um:3120um])

[ERROR] Side.place(IoPin): Pin "outputs(15405).0" is outside north or south abutment box side.
        (x:3721um, xAB: [0um:3120um])

[ERROR] Side.place(IoPin): Pin "outputs(15406).0" is outside north or south abutment box side.
        (x:3721.5um, xAB: [0um:3120um])

[ERROR] Side.place(IoPin): Pin "outputs(15407).0" is outside north or south abutment box side.
        (x:3722um, xAB: [0um:3120um])

[ERROR] Side.place(IoPin): Pin "outputs(15408).0" is outside north or south abutment box side.
        (x:3722.5um, xAB: [0um:3120um])

[ERROR] Side.place(IoPin): Pin "outputs(15409).0" is outside north or south abutment box side.
        (x:3723um, xAB: [0um:3120um])

[ERROR] Side.place(IoPin): Pin "outputs(15410).0" is outside north or south abutment box side.
        (x:3723.5um, xAB: [0um:3120um])

[ERROR] Side.place(IoPin): Pin "outputs(15411).0" is outside north or south abutment box side.
        (x:3724um, xAB: [0um:3120um])

[ERROR] Side.place(IoPin): Pin "outputs(15412).0" is outside north or south abutment box side.
        (x:3724.5um, xAB: [0um:3120um])

[ERROR] Side.place(IoPin): Pin "outputs(15413).0" is outside north or south abutment box side.
        (x:3725um, xAB: [0um:3120um])

[ERROR] Side.place(IoPin): Pin "outputs(15414).0" is outside north or south abutment box side.
        (x:3725.5um, xAB: [0um:3120um])

[ERROR] Side.place(IoPin): Pin "outputs(15415).0" is outside north or south abutment box side.
        (x:3726um, xAB: [0um:3120um])

[ERROR] Side.place(IoPin): Pin "outputs(15416).0" is outside north or south abutment box side.
        (x:3726.5um, xAB: [0um:3120um])

[ERROR] Side.place(IoPin): Pin "outputs(15417).0" is outside north or south abutment box side.
        (x:3727um, xAB: [0um:3120um])

[ERROR] Side.place(IoPin): Pin "outputs(15418).0" is outside north or south abutment box side.
        (x:3727.5um, xAB: [0um:3120um])

[ERROR] Side.place(IoPin): Pin "outputs(15419).0" is outside north or south abutment box side.
        (x:3728um, xAB: [0um:3120um])

[ERROR] Side.place(IoPin): Pin "outputs(15420).0" is outside north or south abutment box side.
        (x:3728.5um, xAB: [0um:3120um])

[ERROR] Side.place(IoPin): Pin "outputs(15421).0" is outside north or south abutment box side.
        (x:3729um, xAB: [0um:3120um])

[ERROR] Side.place(IoPin): Pin "outputs(15422).0" is outside north or south abutment box side.
        (x:3729.5um, xAB: [0um:3120um])

[ERROR] Side.place(IoPin): Pin "outputs(15423).0" is outside north or south abutment box side.
        (x:3730um, xAB: [0um:3120um])

[ERROR] Side.place(IoPin): Pin "outputs(15424).0" is outside north or south abutment box side.
        (x:3730.5um, xAB: [0um:3120um])

[ERROR] Side.place(IoPin): Pin "outputs(15425).0" is outside north or south abutment box side.
        (x:3731um, xAB: [0um:3120um])

[ERROR] Side.place(IoPin): Pin "outputs(15426).0" is outside north or south abutment box side.
        (x:3731.5um, xAB: [0um:3120um])

[ERROR] Side.place(IoPin): Pin "outputs(15427).0" is outside north or south abutment box side.
        (x:3732um, xAB: [0um:3120um])

[ERROR] Side.place(IoPin): Pin "outputs(15428).0" is outside north or south abutment box side.
        (x:3732.5um, xAB: [0um:3120um])

[ERROR] Side.place(IoPin): Pin "outputs(15429).0" is outside north or south abutment box side.
        (x:3733um, xAB: [0um:3120um])

[ERROR] Side.place(IoPin): Pin "outputs(15430).0" is outside north or south abutment box side.
        (x:3733.5um, xAB: [0um:3120um])

[ERROR] Side.place(IoPin): Pin "outputs(15431).0" is outside north or south abutment box side.
        (x:3734um, xAB: [0um:3120um])

[ERROR] Side.place(IoPin): Pin "outputs(15432).0" is outside north or south abutment box side.
        (x:3734.5um, xAB: [0um:3120um])

[ERROR] Side.place(IoPin): Pin "outputs(15433).0" is outside north or south abutment box side.
        (x:3735um, xAB: [0um:3120um])

[ERROR] Side.place(IoPin): Pin "outputs(15434).0" is outside north or south abutment box side.
        (x:3735.5um, xAB: [0um:3120um])

[ERROR] Side.place(IoPin): Pin "outputs(15435).0" is outside north or south abutment box side.
        (x:3736um, xAB: [0um:3120um])

[ERROR] Side.place(IoPin): Pin "outputs(15436).0" is outside north or south abutment box side.
        (x:3736.5um, xAB: [0um:3120um])

[ERROR] Side.place(IoPin): Pin "outputs(15437).0" is outside north or south abutment box side.
        (x:3737um, xAB: [0um:3120um])

[ERROR] Side.place(IoPin): Pin "outputs(15438).0" is outside north or south abutment box side.
        (x:3737.5um, xAB: [0um:3120um])

[ERROR] Side.place(IoPin): Pin "outputs(15439).0" is outside north or south abutment box side.
        (x:3738um, xAB: [0um:3120um])

[ERROR] Side.place(IoPin): Pin "outputs(15440).0" is outside north or south abutment box side.
        (x:3738.5um, xAB: [0um:3120um])

[ERROR] Side.place(IoPin): Pin "outputs(15441).0" is outside north or south abutment box side.
        (x:3739um, xAB: [0um:3120um])

[ERROR] Side.place(IoPin): Pin "outputs(15442).0" is outside north or south abutment box side.
        (x:3739.5um, xAB: [0um:3120um])

[ERROR] Side.place(IoPin): Pin "outputs(15443).0" is outside north or south abutment box side.
        (x:3740um, xAB: [0um:3120um])

[ERROR] Side.place(IoPin): Pin "outputs(15444).0" is outside north or south abutment box side.
        (x:3740.5um, xAB: [0um:3120um])

[ERROR] Side.place(IoPin): Pin "outputs(15445).0" is outside north or south abutment box side.
        (x:3741um, xAB: [0um:3120um])

[ERROR] Side.place(IoPin): Pin "outputs(15446).0" is outside north or south abutment box side.
        (x:3741.5um, xAB: [0um:3120um])

[ERROR] Side.place(IoPin): Pin "outputs(15447).0" is outside north or south abutment box side.
        (x:3742um, xAB: [0um:3120um])

[ERROR] Side.place(IoPin): Pin "outputs(15448).0" is outside north or south abutment box side.
        (x:3742.5um, xAB: [0um:3120um])

[ERROR] Side.place(IoPin): Pin "outputs(15449).0" is outside north or south abutment box side.
        (x:3743um, xAB: [0um:3120um])

[ERROR] Side.place(IoPin): Pin "outputs(15450).0" is outside north or south abutment box side.
        (x:3743.5um, xAB: [0um:3120um])

[ERROR] Side.place(IoPin): Pin "outputs(15451).0" is outside north or south abutment box side.
        (x:3744um, xAB: [0um:3120um])

[ERROR] Side.place(IoPin): Pin "outputs(15452).0" is outside north or south abutment box side.
        (x:3744.5um, xAB: [0um:3120um])

[ERROR] Side.place(IoPin): Pin "outputs(15453).0" is outside north or south abutment box side.
        (x:3745um, xAB: [0um:3120um])

[ERROR] Side.place(IoPin): Pin "outputs(15454).0" is outside north or south abutment box side.
        (x:3745.5um, xAB: [0um:3120um])

[ERROR] Side.place(IoPin): Pin "outputs(15455).0" is outside north or south abutment box side.
        (x:3746um, xAB: [0um:3120um])

[ERROR] Side.place(IoPin): Pin "outputs(15456).0" is outside north or south abutment box side.
        (x:3746.5um, xAB: [0um:3120um])

[ERROR] Side.place(IoPin): Pin "outputs(15457).0" is outside north or south abutment box side.
        (x:3747um, xAB: [0um:3120um])

[ERROR] Side.place(IoPin): Pin "outputs(15458).0" is outside north or south abutment box side.
        (x:3747.5um, xAB: [0um:3120um])

[ERROR] Side.place(IoPin): Pin "outputs(15459).0" is outside north or south abutment box side.
        (x:3748um, xAB: [0um:3120um])

[ERROR] Side.place(IoPin): Pin "outputs(15460).0" is outside north or south abutment box side.
        (x:3748.5um, xAB: [0um:3120um])

[ERROR] Side.place(IoPin): Pin "outputs(15461).0" is outside north or south abutment box side.
        (x:3749um, xAB: [0um:3120um])

[ERROR] Side.place(IoPin): Pin "outputs(15462).0" is outside north or south abutment box side.
        (x:3749.5um, xAB: [0um:3120um])

[ERROR] Side.place(IoPin): Pin "outputs(15463).0" is outside north or south abutment box side.
        (x:3750um, xAB: [0um:3120um])

[ERROR] Side.place(IoPin): Pin "outputs(15464).0" is outside north or south abutment box side.
        (x:3750.5um, xAB: [0um:3120um])

[ERROR] Side.place(IoPin): Pin "outputs(15465).0" is outside north or south abutment box side.
        (x:3751um, xAB: [0um:3120um])

[ERROR] Side.place(IoPin): Pin "outputs(15466).0" is outside north or south abutment box side.
        (x:3751.5um, xAB: [0um:3120um])

[ERROR] Side.place(IoPin): Pin "outputs(15467).0" is outside north or south abutment box side.
        (x:3752um, xAB: [0um:3120um])

[ERROR] Side.place(IoPin): Pin "outputs(15468).0" is outside north or south abutment box side.
        (x:3752.5um, xAB: [0um:3120um])

[ERROR] Side.place(IoPin): Pin "outputs(15469).0" is outside north or south abutment box side.
        (x:3753um, xAB: [0um:3120um])

[ERROR] Side.place(IoPin): Pin "outputs(15470).0" is outside north or south abutment box side.
        (x:3753.5um, xAB: [0um:3120um])

[ERROR] Side.place(IoPin): Pin "outputs(15471).0" is outside north or south abutment box side.
        (x:3754um, xAB: [0um:3120um])

[ERROR] Side.place(IoPin): Pin "outputs(15472).0" is outside north or south abutment box side.
        (x:3754.5um, xAB: [0um:3120um])

[ERROR] Side.place(IoPin): Pin "outputs(15473).0" is outside north or south abutment box side.
        (x:3755um, xAB: [0um:3120um])

[ERROR] Side.place(IoPin): Pin "outputs(15474).0" is outside north or south abutment box side.
        (x:3755.5um, xAB: [0um:3120um])

[ERROR] Side.place(IoPin): Pin "outputs(15475).0" is outside north or south abutment box side.
        (x:3756um, xAB: [0um:3120um])

[ERROR] Side.place(IoPin): Pin "outputs(15476).0" is outside north or south abutment box side.
        (x:3756.5um, xAB: [0um:3120um])

[ERROR] Side.place(IoPin): Pin "outputs(15477).0" is outside north or south abutment box side.
        (x:3757um, xAB: [0um:3120um])

[ERROR] Side.place(IoPin): Pin "outputs(15478).0" is outside north or south abutment box side.
        (x:3757.5um, xAB: [0um:3120um])

[ERROR] Side.place(IoPin): Pin "outputs(15479).0" is outside north or south abutment box side.
        (x:3758um, xAB: [0um:3120um])

[ERROR] Side.place(IoPin): Pin "outputs(15480).0" is outside north or south abutment box side.
        (x:3758.5um, xAB: [0um:3120um])

[ERROR] Side.place(IoPin): Pin "outputs(15481).0" is outside north or south abutment box side.
        (x:3759um, xAB: [0um:3120um])

[ERROR] Side.place(IoPin): Pin "outputs(15482).0" is outside north or south abutment box side.
        (x:3759.5um, xAB: [0um:3120um])

[ERROR] Side.place(IoPin): Pin "outputs(15483).0" is outside north or south abutment box side.
        (x:3760um, xAB: [0um:3120um])

[ERROR] Side.place(IoPin): Pin "outputs(15484).0" is outside north or south abutment box side.
        (x:3760.5um, xAB: [0um:3120um])

[ERROR] Side.place(IoPin): Pin "outputs(15485).0" is outside north or south abutment box side.
        (x:3761um, xAB: [0um:3120um])

[ERROR] Side.place(IoPin): Pin "outputs(15486).0" is outside north or south abutment box side.
        (x:3761.5um, xAB: [0um:3120um])

[ERROR] Side.place(IoPin): Pin "outputs(15487).0" is outside north or south abutment box side.
        (x:3762um, xAB: [0um:3120um])

[ERROR] Side.place(IoPin): Pin "outputs(15488).0" is outside north or south abutment box side.
        (x:3762.5um, xAB: [0um:3120um])

[ERROR] Side.place(IoPin): Pin "outputs(15489).0" is outside north or south abutment box side.
        (x:3763um, xAB: [0um:3120um])

[ERROR] Side.place(IoPin): Pin "outputs(15490).0" is outside north or south abutment box side.
        (x:3763.5um, xAB: [0um:3120um])

[ERROR] Side.place(IoPin): Pin "outputs(15491).0" is outside north or south abutment box side.
        (x:3764um, xAB: [0um:3120um])

[ERROR] Side.place(IoPin): Pin "outputs(15492).0" is outside north or south abutment box side.
        (x:3764.5um, xAB: [0um:3120um])

[ERROR] Side.place(IoPin): Pin "outputs(15493).0" is outside north or south abutment box side.
        (x:3765um, xAB: [0um:3120um])

[ERROR] Side.place(IoPin): Pin "outputs(15494).0" is outside north or south abutment box side.
        (x:3765.5um, xAB: [0um:3120um])

[ERROR] Side.place(IoPin): Pin "outputs(15495).0" is outside north or south abutment box side.
        (x:3766um, xAB: [0um:3120um])

[ERROR] Side.place(IoPin): Pin "outputs(15496).0" is outside north or south abutment box side.
        (x:3766.5um, xAB: [0um:3120um])

[ERROR] Side.place(IoPin): Pin "outputs(15497).0" is outside north or south abutment box side.
        (x:3767um, xAB: [0um:3120um])

[ERROR] Side.place(IoPin): Pin "outputs(15498).0" is outside north or south abutment box side.
        (x:3767.5um, xAB: [0um:3120um])

[ERROR] Side.place(IoPin): Pin "outputs(15499).0" is outside north or south abutment box side.
        (x:3768um, xAB: [0um:3120um])

[ERROR] Side.place(IoPin): Pin "outputs(15500).0" is outside north or south abutment box side.
        (x:3768.5um, xAB: [0um:3120um])

[ERROR] Side.place(IoPin): Pin "outputs(15501).0" is outside north or south abutment box side.
        (x:3769um, xAB: [0um:3120um])

[ERROR] Side.place(IoPin): Pin "outputs(15502).0" is outside north or south abutment box side.
        (x:3769.5um, xAB: [0um:3120um])

[ERROR] Side.place(IoPin): Pin "outputs(15503).0" is outside north or south abutment box side.
        (x:3770um, xAB: [0um:3120um])

[ERROR] Side.place(IoPin): Pin "outputs(15504).0" is outside north or south abutment box side.
        (x:3770.5um, xAB: [0um:3120um])

[ERROR] Side.place(IoPin): Pin "outputs(15505).0" is outside north or south abutment box side.
        (x:3771um, xAB: [0um:3120um])

[ERROR] Side.place(IoPin): Pin "outputs(15506).0" is outside north or south abutment box side.
        (x:3771.5um, xAB: [0um:3120um])

[ERROR] Side.place(IoPin): Pin "outputs(15507).0" is outside north or south abutment box side.
        (x:3772um, xAB: [0um:3120um])

[ERROR] Side.place(IoPin): Pin "outputs(15508).0" is outside north or south abutment box side.
        (x:3772.5um, xAB: [0um:3120um])

[ERROR] Side.place(IoPin): Pin "outputs(15509).0" is outside north or south abutment box side.
        (x:3773um, xAB: [0um:3120um])

[ERROR] Side.place(IoPin): Pin "outputs(15510).0" is outside north or south abutment box side.
        (x:3773.5um, xAB: [0um:3120um])

[ERROR] Side.place(IoPin): Pin "outputs(15511).0" is outside north or south abutment box side.
        (x:3774um, xAB: [0um:3120um])

[ERROR] Side.place(IoPin): Pin "outputs(15512).0" is outside north or south abutment box side.
        (x:3774.5um, xAB: [0um:3120um])

[ERROR] Side.place(IoPin): Pin "outputs(15513).0" is outside north or south abutment box side.
        (x:3775um, xAB: [0um:3120um])

[ERROR] Side.place(IoPin): Pin "outputs(15514).0" is outside north or south abutment box side.
        (x:3775.5um, xAB: [0um:3120um])

[ERROR] Side.place(IoPin): Pin "outputs(15515).0" is outside north or south abutment box side.
        (x:3776um, xAB: [0um:3120um])

[ERROR] Side.place(IoPin): Pin "outputs(15516).0" is outside north or south abutment box side.
        (x:3776.5um, xAB: [0um:3120um])

[ERROR] Side.place(IoPin): Pin "outputs(15517).0" is outside north or south abutment box side.
        (x:3777um, xAB: [0um:3120um])

[ERROR] Side.place(IoPin): Pin "outputs(15518).0" is outside north or south abutment box side.
        (x:3777.5um, xAB: [0um:3120um])

[ERROR] Side.place(IoPin): Pin "outputs(15519).0" is outside north or south abutment box side.
        (x:3778um, xAB: [0um:3120um])

[ERROR] Side.place(IoPin): Pin "outputs(15520).0" is outside north or south abutment box side.
        (x:3778.5um, xAB: [0um:3120um])

[ERROR] Side.place(IoPin): Pin "outputs(15521).0" is outside north or south abutment box side.
        (x:3779um, xAB: [0um:3120um])

[ERROR] Side.place(IoPin): Pin "outputs(15522).0" is outside north or south abutment box side.
        (x:3779.5um, xAB: [0um:3120um])

[ERROR] Side.place(IoPin): Pin "outputs(15523).0" is outside north or south abutment box side.
        (x:3780um, xAB: [0um:3120um])

[ERROR] Side.place(IoPin): Pin "outputs(15524).0" is outside north or south abutment box side.
        (x:3780.5um, xAB: [0um:3120um])

[ERROR] Side.place(IoPin): Pin "outputs(15525).0" is outside north or south abutment box side.
        (x:3781um, xAB: [0um:3120um])

[ERROR] Side.place(IoPin): Pin "outputs(15526).0" is outside north or south abutment box side.
        (x:3781.5um, xAB: [0um:3120um])

[ERROR] Side.place(IoPin): Pin "outputs(15527).0" is outside north or south abutment box side.
        (x:3782um, xAB: [0um:3120um])

[ERROR] Side.place(IoPin): Pin "outputs(15528).0" is outside north or south abutment box side.
        (x:3782.5um, xAB: [0um:3120um])

[ERROR] Side.place(IoPin): Pin "outputs(15529).0" is outside north or south abutment box side.
        (x:3783um, xAB: [0um:3120um])

[ERROR] Side.place(IoPin): Pin "outputs(15530).0" is outside north or south abutment box side.
        (x:3783.5um, xAB: [0um:3120um])

[ERROR] Side.place(IoPin): Pin "outputs(15531).0" is outside north or south abutment box side.
        (x:3784um, xAB: [0um:3120um])

[ERROR] Side.place(IoPin): Pin "outputs(15532).0" is outside north or south abutment box side.
        (x:3784.5um, xAB: [0um:3120um])

[ERROR] Side.place(IoPin): Pin "outputs(15533).0" is outside north or south abutment box side.
        (x:3785um, xAB: [0um:3120um])

[ERROR] Side.place(IoPin): Pin "outputs(15534).0" is outside north or south abutment box side.
        (x:3785.5um, xAB: [0um:3120um])

[ERROR] Side.place(IoPin): Pin "outputs(15535).0" is outside north or south abutment box side.
        (x:3786um, xAB: [0um:3120um])

[ERROR] Side.place(IoPin): Pin "outputs(15536).0" is outside north or south abutment box side.
        (x:3786.5um, xAB: [0um:3120um])

[ERROR] Side.place(IoPin): Pin "outputs(15537).0" is outside north or south abutment box side.
        (x:3787um, xAB: [0um:3120um])

[ERROR] Side.place(IoPin): Pin "outputs(15538).0" is outside north or south abutment box side.
        (x:3787.5um, xAB: [0um:3120um])

[ERROR] Side.place(IoPin): Pin "outputs(15539).0" is outside north or south abutment box side.
        (x:3788um, xAB: [0um:3120um])

[ERROR] Side.place(IoPin): Pin "outputs(15540).0" is outside north or south abutment box side.
        (x:3788.5um, xAB: [0um:3120um])

[ERROR] Side.place(IoPin): Pin "outputs(15541).0" is outside north or south abutment box side.
        (x:3789um, xAB: [0um:3120um])

[ERROR] Side.place(IoPin): Pin "outputs(15542).0" is outside north or south abutment box side.
        (x:3789.5um, xAB: [0um:3120um])

[ERROR] Side.place(IoPin): Pin "outputs(15543).0" is outside north or south abutment box side.
        (x:3790um, xAB: [0um:3120um])

[ERROR] Side.place(IoPin): Pin "outputs(15544).0" is outside north or south abutment box side.
        (x:3790.5um, xAB: [0um:3120um])

[ERROR] Side.place(IoPin): Pin "outputs(15545).0" is outside north or south abutment box side.
        (x:3791um, xAB: [0um:3120um])

[ERROR] Side.place(IoPin): Pin "outputs(15546).0" is outside north or south abutment box side.
        (x:3791.5um, xAB: [0um:3120um])

[ERROR] Side.place(IoPin): Pin "outputs(15547).0" is outside north or south abutment box side.
        (x:3792um, xAB: [0um:3120um])

[ERROR] Side.place(IoPin): Pin "outputs(15548).0" is outside north or south abutment box side.
        (x:3792.5um, xAB: [0um:3120um])

[ERROR] Side.place(IoPin): Pin "outputs(15549).0" is outside north or south abutment box side.
        (x:3793um, xAB: [0um:3120um])

[ERROR] Side.place(IoPin): Pin "outputs(15550).0" is outside north or south abutment box side.
        (x:3793.5um, xAB: [0um:3120um])

[ERROR] Side.place(IoPin): Pin "outputs(15551).0" is outside north or south abutment box side.
        (x:3794um, xAB: [0um:3120um])

[ERROR] Side.place(IoPin): Pin "outputs(15552).0" is outside north or south abutment box side.
        (x:3794.5um, xAB: [0um:3120um])

[ERROR] Side.place(IoPin): Pin "outputs(15553).0" is outside north or south abutment box side.
        (x:3795um, xAB: [0um:3120um])

[ERROR] Side.place(IoPin): Pin "outputs(15554).0" is outside north or south abutment box side.
        (x:3795.5um, xAB: [0um:3120um])

[ERROR] Side.place(IoPin): Pin "outputs(15555).0" is outside north or south abutment box side.
        (x:3796um, xAB: [0um:3120um])

[ERROR] Side.place(IoPin): Pin "outputs(15556).0" is outside north or south abutment box side.
        (x:3796.5um, xAB: [0um:3120um])

[ERROR] Side.place(IoPin): Pin "outputs(15557).0" is outside north or south abutment box side.
        (x:3797um, xAB: [0um:3120um])

[ERROR] Side.place(IoPin): Pin "outputs(15558).0" is outside north or south abutment box side.
        (x:3797.5um, xAB: [0um:3120um])

[ERROR] Side.place(IoPin): Pin "outputs(15559).0" is outside north or south abutment box side.
        (x:3798um, xAB: [0um:3120um])

[ERROR] Side.place(IoPin): Pin "outputs(15560).0" is outside north or south abutment box side.
        (x:3798.5um, xAB: [0um:3120um])

[ERROR] Side.place(IoPin): Pin "outputs(15561).0" is outside north or south abutment box side.
        (x:3799um, xAB: [0um:3120um])

[ERROR] Side.place(IoPin): Pin "outputs(15562).0" is outside north or south abutment box side.
        (x:3799.5um, xAB: [0um:3120um])

[ERROR] Side.place(IoPin): Pin "outputs(15563).0" is outside north or south abutment box side.
        (x:3800um, xAB: [0um:3120um])

[ERROR] Side.place(IoPin): Pin "outputs(15564).0" is outside north or south abutment box side.
        (x:3800.5um, xAB: [0um:3120um])

[ERROR] Side.place(IoPin): Pin "outputs(15565).0" is outside north or south abutment box side.
        (x:3801um, xAB: [0um:3120um])

[ERROR] Side.place(IoPin): Pin "outputs(15566).0" is outside north or south abutment box side.
        (x:3801.5um, xAB: [0um:3120um])

[ERROR] Side.place(IoPin): Pin "outputs(15567).0" is outside north or south abutment box side.
        (x:3802um, xAB: [0um:3120um])

[ERROR] Side.place(IoPin): Pin "outputs(15568).0" is outside north or south abutment box side.
        (x:3802.5um, xAB: [0um:3120um])

[ERROR] Side.place(IoPin): Pin "outputs(15569).0" is outside north or south abutment box side.
        (x:3803um, xAB: [0um:3120um])

[ERROR] Side.place(IoPin): Pin "outputs(15570).0" is outside north or south abutment box side.
        (x:3803.5um, xAB: [0um:3120um])

[ERROR] Side.place(IoPin): Pin "outputs(15571).0" is outside north or south abutment box side.
        (x:3804um, xAB: [0um:3120um])

[ERROR] Side.place(IoPin): Pin "outputs(15572).0" is outside north or south abutment box side.
        (x:3804.5um, xAB: [0um:3120um])

[ERROR] Side.place(IoPin): Pin "outputs(15573).0" is outside north or south abutment box side.
        (x:3805um, xAB: [0um:3120um])

[ERROR] Side.place(IoPin): Pin "outputs(15574).0" is outside north or south abutment box side.
        (x:3805.5um, xAB: [0um:3120um])

[ERROR] Side.place(IoPin): Pin "outputs(15575).0" is outside north or south abutment box side.
        (x:3806um, xAB: [0um:3120um])

[ERROR] Side.place(IoPin): Pin "outputs(15576).0" is outside north or south abutment box side.
        (x:3806.5um, xAB: [0um:3120um])

[ERROR] Side.place(IoPin): Pin "outputs(15577).0" is outside north or south abutment box side.
        (x:3807um, xAB: [0um:3120um])

[ERROR] Side.place(IoPin): Pin "outputs(15578).0" is outside north or south abutment box side.
        (x:3807.5um, xAB: [0um:3120um])

[ERROR] Side.place(IoPin): Pin "outputs(15579).0" is outside north or south abutment box side.
        (x:3808um, xAB: [0um:3120um])

[ERROR] Side.place(IoPin): Pin "outputs(15580).0" is outside north or south abutment box side.
        (x:3808.5um, xAB: [0um:3120um])

[ERROR] Side.place(IoPin): Pin "outputs(15581).0" is outside north or south abutment box side.
        (x:3809um, xAB: [0um:3120um])

[ERROR] Side.place(IoPin): Pin "outputs(15582).0" is outside north or south abutment box side.
        (x:3809.5um, xAB: [0um:3120um])

[ERROR] Side.place(IoPin): Pin "outputs(15583).0" is outside north or south abutment box side.
        (x:3810um, xAB: [0um:3120um])

[ERROR] Side.place(IoPin): Pin "outputs(15584).0" is outside north or south abutment box side.
        (x:3810.5um, xAB: [0um:3120um])

[ERROR] Side.place(IoPin): Pin "outputs(15585).0" is outside north or south abutment box side.
        (x:3811um, xAB: [0um:3120um])

[ERROR] Side.place(IoPin): Pin "outputs(15586).0" is outside north or south abutment box side.
        (x:3811.5um, xAB: [0um:3120um])

[ERROR] Side.place(IoPin): Pin "outputs(15587).0" is outside north or south abutment box side.
        (x:3812um, xAB: [0um:3120um])

[ERROR] Side.place(IoPin): Pin "outputs(15588).0" is outside north or south abutment box side.
        (x:3812.5um, xAB: [0um:3120um])

[ERROR] Side.place(IoPin): Pin "outputs(15589).0" is outside north or south abutment box side.
        (x:3813um, xAB: [0um:3120um])

[ERROR] Side.place(IoPin): Pin "outputs(15590).0" is outside north or south abutment box side.
        (x:3813.5um, xAB: [0um:3120um])

[ERROR] Side.place(IoPin): Pin "outputs(15591).0" is outside north or south abutment box side.
        (x:3814um, xAB: [0um:3120um])

[ERROR] Side.place(IoPin): Pin "outputs(15592).0" is outside north or south abutment box side.
        (x:3814.5um, xAB: [0um:3120um])

[ERROR] Side.place(IoPin): Pin "outputs(15593).0" is outside north or south abutment box side.
        (x:3815um, xAB: [0um:3120um])

[ERROR] Side.place(IoPin): Pin "outputs(15594).0" is outside north or south abutment box side.
        (x:3815.5um, xAB: [0um:3120um])

[ERROR] Side.place(IoPin): Pin "outputs(15595).0" is outside north or south abutment box side.
        (x:3816um, xAB: [0um:3120um])

[ERROR] Side.place(IoPin): Pin "outputs(15596).0" is outside north or south abutment box side.
        (x:3816.5um, xAB: [0um:3120um])

[ERROR] Side.place(IoPin): Pin "outputs(15597).0" is outside north or south abutment box side.
        (x:3817um, xAB: [0um:3120um])

[ERROR] Side.place(IoPin): Pin "outputs(15598).0" is outside north or south abutment box side.
        (x:3817.5um, xAB: [0um:3120um])

[ERROR] Side.place(IoPin): Pin "outputs(15599).0" is outside north or south abutment box side.
        (x:3818um, xAB: [0um:3120um])

[ERROR] Side.place(IoPin): Pin "outputs(15600).0" is outside north or south abutment box side.
        (x:3818.5um, xAB: [0um:3120um])

[ERROR] Side.place(IoPin): Pin "outputs(15601).0" is outside north or south abutment box side.
        (x:3819um, xAB: [0um:3120um])

[ERROR] Side.place(IoPin): Pin "outputs(15602).0" is outside north or south abutment box side.
        (x:3819.5um, xAB: [0um:3120um])

[ERROR] Side.place(IoPin): Pin "outputs(15603).0" is outside north or south abutment box side.
        (x:3820um, xAB: [0um:3120um])

[ERROR] Side.place(IoPin): Pin "outputs(15604).0" is outside north or south abutment box side.
        (x:3820.5um, xAB: [0um:3120um])

[ERROR] Side.place(IoPin): Pin "outputs(15605).0" is outside north or south abutment box side.
        (x:3821um, xAB: [0um:3120um])

[ERROR] Side.place(IoPin): Pin "outputs(15606).0" is outside north or south abutment box side.
        (x:3821.5um, xAB: [0um:3120um])

[ERROR] Side.place(IoPin): Pin "outputs(15607).0" is outside north or south abutment box side.
        (x:3822um, xAB: [0um:3120um])

[ERROR] Side.place(IoPin): Pin "outputs(15608).0" is outside north or south abutment box side.
        (x:3822.5um, xAB: [0um:3120um])

[ERROR] Side.place(IoPin): Pin "outputs(15609).0" is outside north or south abutment box side.
        (x:3823um, xAB: [0um:3120um])

[ERROR] Side.place(IoPin): Pin "outputs(15610).0" is outside north or south abutment box side.
        (x:3823.5um, xAB: [0um:3120um])

[ERROR] Side.place(IoPin): Pin "outputs(15611).0" is outside north or south abutment box side.
        (x:3824um, xAB: [0um:3120um])

[ERROR] Side.place(IoPin): Pin "outputs(15612).0" is outside north or south abutment box side.
        (x:3824.5um, xAB: [0um:3120um])

[ERROR] Side.place(IoPin): Pin "outputs(15613).0" is outside north or south abutment box side.
        (x:3825um, xAB: [0um:3120um])

[ERROR] Side.place(IoPin): Pin "outputs(15614).0" is outside north or south abutment box side.
        (x:3825.5um, xAB: [0um:3120um])

[ERROR] Side.place(IoPin): Pin "outputs(15615).0" is outside north or south abutment box side.
        (x:3826um, xAB: [0um:3120um])

[ERROR] Side.place(IoPin): Pin "outputs(15616).0" is outside north or south abutment box side.
        (x:3826.5um, xAB: [0um:3120um])

[ERROR] Side.place(IoPin): Pin "outputs(15617).0" is outside north or south abutment box side.
        (x:3827um, xAB: [0um:3120um])

[ERROR] Side.place(IoPin): Pin "outputs(15618).0" is outside north or south abutment box side.
        (x:3827.5um, xAB: [0um:3120um])

[ERROR] Side.place(IoPin): Pin "outputs(15619).0" is outside north or south abutment box side.
        (x:3828um, xAB: [0um:3120um])

[ERROR] Side.place(IoPin): Pin "outputs(15620).0" is outside north or south abutment box side.
        (x:3828.5um, xAB: [0um:3120um])

[ERROR] Side.place(IoPin): Pin "outputs(15621).0" is outside north or south abutment box side.
        (x:3829um, xAB: [0um:3120um])

[ERROR] Side.place(IoPin): Pin "outputs(15622).0" is outside north or south abutment box side.
        (x:3829.5um, xAB: [0um:3120um])

[ERROR] Side.place(IoPin): Pin "outputs(15623).0" is outside north or south abutment box side.
        (x:3830um, xAB: [0um:3120um])

[ERROR] Side.place(IoPin): Pin "outputs(15624).0" is outside north or south abutment box side.
        (x:3830.5um, xAB: [0um:3120um])

[ERROR] Side.place(IoPin): Pin "outputs(15625).0" is outside north or south abutment box side.
        (x:3831um, xAB: [0um:3120um])

[ERROR] Side.place(IoPin): Pin "outputs(15626).0" is outside north or south abutment box side.
        (x:3831.5um, xAB: [0um:3120um])

[ERROR] Side.place(IoPin): Pin "outputs(15627).0" is outside north or south abutment box side.
        (x:3832um, xAB: [0um:3120um])

[ERROR] Side.place(IoPin): Pin "outputs(15628).0" is outside north or south abutment box side.
        (x:3832.5um, xAB: [0um:3120um])

[ERROR] Side.place(IoPin): Pin "outputs(15629).0" is outside north or south abutment box side.
        (x:3833um, xAB: [0um:3120um])

[ERROR] Side.place(IoPin): Pin "outputs(15630).0" is outside north or south abutment box side.
        (x:3833.5um, xAB: [0um:3120um])

[ERROR] Side.place(IoPin): Pin "outputs(15631).0" is outside north or south abutment box side.
        (x:3834um, xAB: [0um:3120um])

[ERROR] Side.place(IoPin): Pin "outputs(15632).0" is outside north or south abutment box side.
        (x:3834.5um, xAB: [0um:3120um])

[ERROR] Side.place(IoPin): Pin "outputs(15633).0" is outside north or south abutment box side.
        (x:3835um, xAB: [0um:3120um])

[ERROR] Side.place(IoPin): Pin "outputs(15634).0" is outside north or south abutment box side.
        (x:3835.5um, xAB: [0um:3120um])

[ERROR] Side.place(IoPin): Pin "outputs(15635).0" is outside north or south abutment box side.
        (x:3836um, xAB: [0um:3120um])

[ERROR] Side.place(IoPin): Pin "outputs(15636).0" is outside north or south abutment box side.
        (x:3836.5um, xAB: [0um:3120um])

[ERROR] Side.place(IoPin): Pin "outputs(15637).0" is outside north or south abutment box side.
        (x:3837um, xAB: [0um:3120um])

[ERROR] Side.place(IoPin): Pin "outputs(15638).0" is outside north or south abutment box side.
        (x:3837.5um, xAB: [0um:3120um])

[ERROR] Side.place(IoPin): Pin "outputs(15639).0" is outside north or south abutment box side.
        (x:3838um, xAB: [0um:3120um])

[ERROR] Side.place(IoPin): Pin "outputs(15640).0" is outside north or south abutment box side.
        (x:3838.5um, xAB: [0um:3120um])

[ERROR] Side.place(IoPin): Pin "outputs(15641).0" is outside north or south abutment box side.
        (x:3839um, xAB: [0um:3120um])

[ERROR] Side.place(IoPin): Pin "outputs(15642).0" is outside north or south abutment box side.
        (x:3839.5um, xAB: [0um:3120um])

[ERROR] Side.place(IoPin): Pin "outputs(15643).0" is outside north or south abutment box side.
        (x:3840um, xAB: [0um:3120um])

[ERROR] Side.place(IoPin): Pin "outputs(15644).0" is outside north or south abutment box side.
        (x:3840.5um, xAB: [0um:3120um])

[ERROR] Side.place(IoPin): Pin "outputs(15645).0" is outside north or south abutment box side.
        (x:3841um, xAB: [0um:3120um])

[ERROR] Side.place(IoPin): Pin "outputs(15646).0" is outside north or south abutment box side.
        (x:3841.5um, xAB: [0um:3120um])

[ERROR] Side.place(IoPin): Pin "outputs(15647).0" is outside north or south abutment box side.
        (x:3842um, xAB: [0um:3120um])

[ERROR] Side.place(IoPin): Pin "outputs(15648).0" is outside north or south abutment box side.
        (x:3842.5um, xAB: [0um:3120um])

[ERROR] Side.place(IoPin): Pin "outputs(15649).0" is outside north or south abutment box side.
        (x:3843um, xAB: [0um:3120um])

[ERROR] Side.place(IoPin): Pin "outputs(15650).0" is outside north or south abutment box side.
        (x:3843.5um, xAB: [0um:3120um])

[ERROR] Side.place(IoPin): Pin "outputs(15651).0" is outside north or south abutment box side.
        (x:3844um, xAB: [0um:3120um])

[ERROR] Side.place(IoPin): Pin "outputs(15652).0" is outside north or south abutment box side.
        (x:3844.5um, xAB: [0um:3120um])

[ERROR] Side.place(IoPin): Pin "outputs(15653).0" is outside north or south abutment box side.
        (x:3845um, xAB: [0um:3120um])

[ERROR] Side.place(IoPin): Pin "outputs(15654).0" is outside north or south abutment box side.
        (x:3845.5um, xAB: [0um:3120um])

[ERROR] Side.place(IoPin): Pin "outputs(15655).0" is outside north or south abutment box side.
        (x:3846um, xAB: [0um:3120um])

[ERROR] Side.place(IoPin): Pin "outputs(15656).0" is outside north or south abutment box side.
        (x:3846.5um, xAB: [0um:3120um])

[ERROR] Side.place(IoPin): Pin "outputs(15657).0" is outside north or south abutment box side.
        (x:3847um, xAB: [0um:3120um])

[ERROR] Side.place(IoPin): Pin "outputs(15658).0" is outside north or south abutment box side.
        (x:3847.5um, xAB: [0um:3120um])

[ERROR] Side.place(IoPin): Pin "outputs(15659).0" is outside north or south abutment box side.
        (x:3848um, xAB: [0um:3120um])

[ERROR] Side.place(IoPin): Pin "outputs(15660).0" is outside north or south abutment box side.
        (x:3848.5um, xAB: [0um:3120um])

[ERROR] Side.place(IoPin): Pin "outputs(15661).0" is outside north or south abutment box side.
        (x:3849um, xAB: [0um:3120um])

[ERROR] Side.place(IoPin): Pin "outputs(15662).0" is outside north or south abutment box side.
        (x:3849.5um, xAB: [0um:3120um])

[ERROR] Side.place(IoPin): Pin "outputs(15663).0" is outside north or south abutment box side.
        (x:3850um, xAB: [0um:3120um])

[ERROR] Side.place(IoPin): Pin "outputs(15664).0" is outside north or south abutment box side.
        (x:3850.5um, xAB: [0um:3120um])

[ERROR] Side.place(IoPin): Pin "outputs(15665).0" is outside north or south abutment box side.
        (x:3851um, xAB: [0um:3120um])

[ERROR] Side.place(IoPin): Pin "outputs(15666).0" is outside north or south abutment box side.
        (x:3851.5um, xAB: [0um:3120um])

[ERROR] Side.place(IoPin): Pin "outputs(15667).0" is outside north or south abutment box side.
        (x:3852um, xAB: [0um:3120um])

[ERROR] Side.place(IoPin): Pin "outputs(15668).0" is outside north or south abutment box side.
        (x:3852.5um, xAB: [0um:3120um])

[ERROR] Side.place(IoPin): Pin "outputs(15669).0" is outside north or south abutment box side.
        (x:3853um, xAB: [0um:3120um])

[ERROR] Side.place(IoPin): Pin "outputs(15670).0" is outside north or south abutment box side.
        (x:3853.5um, xAB: [0um:3120um])

[ERROR] Side.place(IoPin): Pin "outputs(15671).0" is outside north or south abutment box side.
        (x:3854um, xAB: [0um:3120um])

[ERROR] Side.place(IoPin): Pin "outputs(15672).0" is outside north or south abutment box side.
        (x:3854.5um, xAB: [0um:3120um])

[ERROR] Side.place(IoPin): Pin "outputs(15673).0" is outside north or south abutment box side.
        (x:3855um, xAB: [0um:3120um])

[ERROR] Side.place(IoPin): Pin "outputs(15674).0" is outside north or south abutment box side.
        (x:3855.5um, xAB: [0um:3120um])

[ERROR] Side.place(IoPin): Pin "outputs(15675).0" is outside north or south abutment box side.
        (x:3856um, xAB: [0um:3120um])

[ERROR] Side.place(IoPin): Pin "outputs(15676).0" is outside north or south abutment box side.
        (x:3856.5um, xAB: [0um:3120um])

[ERROR] Side.place(IoPin): Pin "outputs(15677).0" is outside north or south abutment box side.
        (x:3857um, xAB: [0um:3120um])

[ERROR] Side.place(IoPin): Pin "outputs(15678).0" is outside north or south abutment box side.
        (x:3857.5um, xAB: [0um:3120um])

[ERROR] Side.place(IoPin): Pin "outputs(15679).0" is outside north or south abutment box side.
        (x:3858um, xAB: [0um:3120um])

[ERROR] Side.place(IoPin): Pin "outputs(15680).0" is outside north or south abutment box side.
        (x:3858.5um, xAB: [0um:3120um])

[ERROR] Side.place(IoPin): Pin "outputs(15681).0" is outside north or south abutment box side.
        (x:3859um, xAB: [0um:3120um])

[ERROR] Side.place(IoPin): Pin "outputs(15682).0" is outside north or south abutment box side.
        (x:3859.5um, xAB: [0um:3120um])

[ERROR] Side.place(IoPin): Pin "outputs(15683).0" is outside north or south abutment box side.
        (x:3860um, xAB: [0um:3120um])

[ERROR] Side.place(IoPin): Pin "outputs(15684).0" is outside north or south abutment box side.
        (x:3860.5um, xAB: [0um:3120um])

[ERROR] Side.place(IoPin): Pin "outputs(15685).0" is outside north or south abutment box side.
        (x:3861um, xAB: [0um:3120um])

[ERROR] Side.place(IoPin): Pin "outputs(15686).0" is outside north or south abutment box side.
        (x:3861.5um, xAB: [0um:3120um])

[ERROR] Side.place(IoPin): Pin "outputs(15687).0" is outside north or south abutment box side.
        (x:3862um, xAB: [0um:3120um])

[ERROR] Side.place(IoPin): Pin "outputs(15688).0" is outside north or south abutment box side.
        (x:3862.5um, xAB: [0um:3120um])

[ERROR] Side.place(IoPin): Pin "outputs(15689).0" is outside north or south abutment box side.
        (x:3863um, xAB: [0um:3120um])

[ERROR] Side.place(IoPin): Pin "outputs(15690).0" is outside north or south abutment box side.
        (x:3863.5um, xAB: [0um:3120um])

[ERROR] Side.place(IoPin): Pin "outputs(15691).0" is outside north or south abutment box side.
        (x:3864um, xAB: [0um:3120um])

[ERROR] Side.place(IoPin): Pin "outputs(15692).0" is outside north or south abutment box side.
        (x:3864.5um, xAB: [0um:3120um])

[ERROR] Side.place(IoPin): Pin "outputs(15693).0" is outside north or south abutment box side.
        (x:3865um, xAB: [0um:3120um])

[ERROR] Side.place(IoPin): Pin "outputs(15694).0" is outside north or south abutment box side.
        (x:3865.5um, xAB: [0um:3120um])

[ERROR] Side.place(IoPin): Pin "outputs(15695).0" is outside north or south abutment box side.
        (x:3866um, xAB: [0um:3120um])

[ERROR] Side.place(IoPin): Pin "outputs(15696).0" is outside north or south abutment box side.
        (x:3866.5um, xAB: [0um:3120um])

[ERROR] Side.place(IoPin): Pin "outputs(15697).0" is outside north or south abutment box side.
        (x:3867um, xAB: [0um:3120um])

[ERROR] Side.place(IoPin): Pin "outputs(15698).0" is outside north or south abutment box side.
        (x:3867.5um, xAB: [0um:3120um])

[ERROR] Side.place(IoPin): Pin "outputs(15699).0" is outside north or south abutment box side.
        (x:3868um, xAB: [0um:3120um])

[ERROR] Side.place(IoPin): Pin "outputs(15700).0" is outside north or south abutment box side.
        (x:3868.5um, xAB: [0um:3120um])

[ERROR] Side.place(IoPin): Pin "outputs(15701).0" is outside north or south abutment box side.
        (x:3869um, xAB: [0um:3120um])

[ERROR] Side.place(IoPin): Pin "outputs(15702).0" is outside north or south abutment box side.
        (x:3869.5um, xAB: [0um:3120um])

[ERROR] Side.place(IoPin): Pin "outputs(15703).0" is outside north or south abutment box side.
        (x:3870um, xAB: [0um:3120um])

[ERROR] Side.place(IoPin): Pin "outputs(15704).0" is outside north or south abutment box side.
        (x:3870.5um, xAB: [0um:3120um])

[ERROR] Side.place(IoPin): Pin "outputs(15705).0" is outside north or south abutment box side.
        (x:3871um, xAB: [0um:3120um])

[ERROR] Side.place(IoPin): Pin "outputs(15706).0" is outside north or south abutment box side.
        (x:3871.5um, xAB: [0um:3120um])

[ERROR] Side.place(IoPin): Pin "outputs(15707).0" is outside north or south abutment box side.
        (x:3872um, xAB: [0um:3120um])

[ERROR] Side.place(IoPin): Pin "outputs(15708).0" is outside north or south abutment box side.
        (x:3872.5um, xAB: [0um:3120um])

[ERROR] Side.place(IoPin): Pin "outputs(15709).0" is outside north or south abutment box side.
        (x:3873um, xAB: [0um:3120um])

[ERROR] Side.place(IoPin): Pin "outputs(15710).0" is outside north or south abutment box side.
        (x:3873.5um, xAB: [0um:3120um])

[ERROR] Side.place(IoPin): Pin "outputs(15711).0" is outside north or south abutment box side.
        (x:3874um, xAB: [0um:3120um])

[ERROR] Side.place(IoPin): Pin "outputs(15712).0" is outside north or south abutment box side.
        (x:3874.5um, xAB: [0um:3120um])

[ERROR] Side.place(IoPin): Pin "outputs(15713).0" is outside north or south abutment box side.
        (x:3875um, xAB: [0um:3120um])

[ERROR] Side.place(IoPin): Pin "outputs(15714).0" is outside north or south abutment box side.
        (x:3875.5um, xAB: [0um:3120um])

[ERROR] Side.place(IoPin): Pin "outputs(15715).0" is outside north or south abutment box side.
        (x:3876um, xAB: [0um:3120um])

[ERROR] Side.place(IoPin): Pin "outputs(15716).0" is outside north or south abutment box side.
        (x:3876.5um, xAB: [0um:3120um])

[ERROR] Side.place(IoPin): Pin "outputs(15717).0" is outside north or south abutment box side.
        (x:3877um, xAB: [0um:3120um])

[ERROR] Side.place(IoPin): Pin "outputs(15718).0" is outside north or south abutment box side.
        (x:3877.5um, xAB: [0um:3120um])

[ERROR] Side.place(IoPin): Pin "outputs(15719).0" is outside north or south abutment box side.
        (x:3878um, xAB: [0um:3120um])

[ERROR] Side.place(IoPin): Pin "outputs(15720).0" is outside north or south abutment box side.
        (x:3878.5um, xAB: [0um:3120um])

[ERROR] Side.place(IoPin): Pin "outputs(15721).0" is outside north or south abutment box side.
        (x:3879um, xAB: [0um:3120um])

[ERROR] Side.place(IoPin): Pin "outputs(15722).0" is outside north or south abutment box side.
        (x:3879.5um, xAB: [0um:3120um])

[ERROR] Side.place(IoPin): Pin "outputs(15723).0" is outside north or south abutment box side.
        (x:3880um, xAB: [0um:3120um])

[ERROR] Side.place(IoPin): Pin "outputs(15724).0" is outside north or south abutment box side.
        (x:3880.5um, xAB: [0um:3120um])

[ERROR] Side.place(IoPin): Pin "outputs(15725).0" is outside north or south abutment box side.
        (x:3881um, xAB: [0um:3120um])

[ERROR] Side.place(IoPin): Pin "outputs(15726).0" is outside north or south abutment box side.
        (x:3881.5um, xAB: [0um:3120um])

[ERROR] Side.place(IoPin): Pin "outputs(15727).0" is outside north or south abutment box side.
        (x:3882um, xAB: [0um:3120um])

[ERROR] Side.place(IoPin): Pin "outputs(15728).0" is outside north or south abutment box side.
        (x:3882.5um, xAB: [0um:3120um])

[ERROR] Side.place(IoPin): Pin "outputs(15729).0" is outside north or south abutment box side.
        (x:3883um, xAB: [0um:3120um])

[ERROR] Side.place(IoPin): Pin "outputs(15730).0" is outside north or south abutment box side.
        (x:3883.5um, xAB: [0um:3120um])

[ERROR] Side.place(IoPin): Pin "outputs(15731).0" is outside north or south abutment box side.
        (x:3884um, xAB: [0um:3120um])

[ERROR] Side.place(IoPin): Pin "outputs(15732).0" is outside north or south abutment box side.
        (x:3884.5um, xAB: [0um:3120um])

[ERROR] Side.place(IoPin): Pin "outputs(15733).0" is outside north or south abutment box side.
        (x:3885um, xAB: [0um:3120um])

[ERROR] Side.place(IoPin): Pin "outputs(15734).0" is outside north or south abutment box side.
        (x:3885.5um, xAB: [0um:3120um])

[ERROR] Side.place(IoPin): Pin "outputs(15735).0" is outside north or south abutment box side.
        (x:3886um, xAB: [0um:3120um])

[ERROR] Side.place(IoPin): Pin "outputs(15736).0" is outside north or south abutment box side.
        (x:3886.5um, xAB: [0um:3120um])

[ERROR] Side.place(IoPin): Pin "outputs(15737).0" is outside north or south abutment box side.
        (x:3887um, xAB: [0um:3120um])

[ERROR] Side.place(IoPin): Pin "outputs(15738).0" is outside north or south abutment box side.
        (x:3887.5um, xAB: [0um:3120um])

[ERROR] Side.place(IoPin): Pin "outputs(15739).0" is outside north or south abutment box side.
        (x:3888um, xAB: [0um:3120um])

[ERROR] Side.place(IoPin): Pin "outputs(15740).0" is outside north or south abutment box side.
        (x:3888.5um, xAB: [0um:3120um])

[ERROR] Side.place(IoPin): Pin "outputs(15741).0" is outside north or south abutment box side.
        (x:3889um, xAB: [0um:3120um])

[ERROR] Side.place(IoPin): Pin "outputs(15742).0" is outside north or south abutment box side.
        (x:3889.5um, xAB: [0um:3120um])

[ERROR] Side.place(IoPin): Pin "outputs(15743).0" is outside north or south abutment box side.
        (x:3890um, xAB: [0um:3120um])

[ERROR] Side.place(IoPin): Pin "outputs(15744).0" is outside north or south abutment box side.
        (x:3890.5um, xAB: [0um:3120um])

[ERROR] Side.place(IoPin): Pin "outputs(15745).0" is outside north or south abutment box side.
        (x:3891um, xAB: [0um:3120um])

[ERROR] Side.place(IoPin): Pin "outputs(15746).0" is outside north or south abutment box side.
        (x:3891.5um, xAB: [0um:3120um])

[ERROR] Side.place(IoPin): Pin "outputs(15747).0" is outside north or south abutment box side.
        (x:3892um, xAB: [0um:3120um])

[ERROR] Side.place(IoPin): Pin "outputs(15748).0" is outside north or south abutment box side.
        (x:3892.5um, xAB: [0um:3120um])

[ERROR] Side.place(IoPin): Pin "outputs(15749).0" is outside north or south abutment box side.
        (x:3893um, xAB: [0um:3120um])

[ERROR] Side.place(IoPin): Pin "outputs(15750).0" is outside north or south abutment box side.
        (x:3893.5um, xAB: [0um:3120um])

[ERROR] Side.place(IoPin): Pin "outputs(15751).0" is outside north or south abutment box side.
        (x:3894um, xAB: [0um:3120um])

[ERROR] Side.place(IoPin): Pin "outputs(15752).0" is outside north or south abutment box side.
        (x:3894.5um, xAB: [0um:3120um])

[ERROR] Side.place(IoPin): Pin "outputs(15753).0" is outside north or south abutment box side.
        (x:3895um, xAB: [0um:3120um])

[ERROR] Side.place(IoPin): Pin "outputs(15754).0" is outside north or south abutment box side.
        (x:3895.5um, xAB: [0um:3120um])

[ERROR] Side.place(IoPin): Pin "outputs(15755).0" is outside north or south abutment box side.
        (x:3896um, xAB: [0um:3120um])

[ERROR] Side.place(IoPin): Pin "outputs(15756).0" is outside north or south abutment box side.
        (x:3896.5um, xAB: [0um:3120um])

[ERROR] Side.place(IoPin): Pin "outputs(15757).0" is outside north or south abutment box side.
        (x:3897um, xAB: [0um:3120um])

[ERROR] Side.place(IoPin): Pin "outputs(15758).0" is outside north or south abutment box side.
        (x:3897.5um, xAB: [0um:3120um])

[ERROR] Side.place(IoPin): Pin "outputs(15759).0" is outside north or south abutment box side.
        (x:3898um, xAB: [0um:3120um])

[ERROR] Side.place(IoPin): Pin "outputs(15760).0" is outside north or south abutment box side.
        (x:3898.5um, xAB: [0um:3120um])

[ERROR] Side.place(IoPin): Pin "outputs(15761).0" is outside north or south abutment box side.
        (x:3899um, xAB: [0um:3120um])

[ERROR] Side.place(IoPin): Pin "outputs(15762).0" is outside north or south abutment box side.
        (x:3899.5um, xAB: [0um:3120um])

[ERROR] Side.place(IoPin): Pin "outputs(15763).0" is outside north or south abutment box side.
        (x:3900um, xAB: [0um:3120um])

[ERROR] Side.place(IoPin): Pin "outputs(15764).0" is outside north or south abutment box side.
        (x:3900.5um, xAB: [0um:3120um])

[ERROR] Side.place(IoPin): Pin "outputs(15765).0" is outside north or south abutment box side.
        (x:3901um, xAB: [0um:3120um])

[ERROR] Side.place(IoPin): Pin "outputs(15766).0" is outside north or south abutment box side.
        (x:3901.5um, xAB: [0um:3120um])

[ERROR] Side.place(IoPin): Pin "outputs(15767).0" is outside north or south abutment box side.
        (x:3902um, xAB: [0um:3120um])

[ERROR] Side.place(IoPin): Pin "outputs(15768).0" is outside north or south abutment box side.
        (x:3902.5um, xAB: [0um:3120um])

[ERROR] Side.place(IoPin): Pin "outputs(15769).0" is outside north or south abutment box side.
        (x:3903um, xAB: [0um:3120um])

[ERROR] Side.place(IoPin): Pin "outputs(15770).0" is outside north or south abutment box side.
        (x:3903.5um, xAB: [0um:3120um])

[ERROR] Side.place(IoPin): Pin "outputs(15771).0" is outside north or south abutment box side.
        (x:3904um, xAB: [0um:3120um])

[ERROR] Side.place(IoPin): Pin "outputs(15772).0" is outside north or south abutment box side.
        (x:3904.5um, xAB: [0um:3120um])

[ERROR] Side.place(IoPin): Pin "outputs(15773).0" is outside north or south abutment box side.
        (x:3905um, xAB: [0um:3120um])

[ERROR] Side.place(IoPin): Pin "outputs(15774).0" is outside north or south abutment box side.
        (x:3905.5um, xAB: [0um:3120um])

[ERROR] Side.place(IoPin): Pin "outputs(15775).0" is outside north or south abutment box side.
        (x:3906um, xAB: [0um:3120um])

[ERROR] Side.place(IoPin): Pin "outputs(15776).0" is outside north or south abutment box side.
        (x:3906.5um, xAB: [0um:3120um])

[ERROR] Side.place(IoPin): Pin "outputs(15777).0" is outside north or south abutment box side.
        (x:3907um, xAB: [0um:3120um])

[ERROR] Side.place(IoPin): Pin "outputs(15778).0" is outside north or south abutment box side.
        (x:3907.5um, xAB: [0um:3120um])

[ERROR] Side.place(IoPin): Pin "outputs(15779).0" is outside north or south abutment box side.
        (x:3908um, xAB: [0um:3120um])

[ERROR] Side.place(IoPin): Pin "outputs(15780).0" is outside north or south abutment box side.
        (x:3908.5um, xAB: [0um:3120um])

[ERROR] Side.place(IoPin): Pin "outputs(15781).0" is outside north or south abutment box side.
        (x:3909um, xAB: [0um:3120um])

[ERROR] Side.place(IoPin): Pin "outputs(15782).0" is outside north or south abutment box side.
        (x:3909.5um, xAB: [0um:3120um])

[ERROR] Side.place(IoPin): Pin "outputs(15783).0" is outside north or south abutment box side.
        (x:3910um, xAB: [0um:3120um])

[ERROR] Side.place(IoPin): Pin "outputs(15784).0" is outside north or south abutment box side.
        (x:3910.5um, xAB: [0um:3120um])

[ERROR] Side.place(IoPin): Pin "outputs(15785).0" is outside north or south abutment box side.
        (x:3911um, xAB: [0um:3120um])

[ERROR] Side.place(IoPin): Pin "outputs(15786).0" is outside north or south abutment box side.
        (x:3911.5um, xAB: [0um:3120um])

[ERROR] Side.place(IoPin): Pin "outputs(15787).0" is outside north or south abutment box side.
        (x:3912um, xAB: [0um:3120um])

[ERROR] Side.place(IoPin): Pin "outputs(15788).0" is outside north or south abutment box side.
        (x:3912.5um, xAB: [0um:3120um])

[ERROR] Side.place(IoPin): Pin "outputs(15789).0" is outside north or south abutment box side.
        (x:3913um, xAB: [0um:3120um])

[ERROR] Side.place(IoPin): Pin "outputs(15790).0" is outside north or south abutment box side.
        (x:3913.5um, xAB: [0um:3120um])

[ERROR] Side.place(IoPin): Pin "outputs(15791).0" is outside north or south abutment box side.
        (x:3914um, xAB: [0um:3120um])

[ERROR] Side.place(IoPin): Pin "outputs(15792).0" is outside north or south abutment box side.
        (x:3914.5um, xAB: [0um:3120um])

[ERROR] Side.place(IoPin): Pin "outputs(15793).0" is outside north or south abutment box side.
        (x:3915um, xAB: [0um:3120um])

[ERROR] Side.place(IoPin): Pin "outputs(15794).0" is outside north or south abutment box side.
        (x:3915.5um, xAB: [0um:3120um])

[ERROR] Side.place(IoPin): Pin "outputs(15795).0" is outside north or south abutment box side.
        (x:3916um, xAB: [0um:3120um])

[ERROR] Side.place(IoPin): Pin "outputs(15796).0" is outside north or south abutment box side.
        (x:3916.5um, xAB: [0um:3120um])

[ERROR] Side.place(IoPin): Pin "outputs(15797).0" is outside north or south abutment box side.
        (x:3917um, xAB: [0um:3120um])

[ERROR] Side.place(IoPin): Pin "outputs(15798).0" is outside north or south abutment box side.
        (x:3917.5um, xAB: [0um:3120um])

[ERROR] Side.place(IoPin): Pin "outputs(15799).0" is outside north or south abutment box side.
        (x:3918um, xAB: [0um:3120um])

[ERROR] Side.place(IoPin): Pin "outputs(15800).0" is outside north or south abutment box side.
        (x:3918.5um, xAB: [0um:3120um])

[ERROR] Side.place(IoPin): Pin "outputs(15801).0" is outside north or south abutment box side.
        (x:3919um, xAB: [0um:3120um])

[ERROR] Side.place(IoPin): Pin "outputs(15802).0" is outside north or south abutment box side.
        (x:3919.5um, xAB: [0um:3120um])

[ERROR] Side.place(IoPin): Pin "outputs(15803).0" is outside north or south abutment box side.
        (x:3920um, xAB: [0um:3120um])

[ERROR] Side.place(IoPin): Pin "outputs(15804).0" is outside north or south abutment box side.
        (x:3920.5um, xAB: [0um:3120um])

[ERROR] Side.place(IoPin): Pin "outputs(15805).0" is outside north or south abutment box side.
        (x:3921um, xAB: [0um:3120um])

[ERROR] Side.place(IoPin): Pin "outputs(15806).0" is outside north or south abutment box side.
        (x:3921.5um, xAB: [0um:3120um])

[ERROR] Side.place(IoPin): Pin "outputs(15807).0" is outside north or south abutment box side.
        (x:3922um, xAB: [0um:3120um])

[ERROR] Side.place(IoPin): Pin "outputs(15808).0" is outside north or south abutment box side.
        (x:3922.5um, xAB: [0um:3120um])

[ERROR] Side.place(IoPin): Pin "outputs(15809).0" is outside north or south abutment box side.
        (x:3923um, xAB: [0um:3120um])

[ERROR] Side.place(IoPin): Pin "outputs(15810).0" is outside north or south abutment box side.
        (x:3923.5um, xAB: [0um:3120um])

[ERROR] Side.place(IoPin): Pin "outputs(15811).0" is outside north or south abutment box side.
        (x:3924um, xAB: [0um:3120um])

[ERROR] Side.place(IoPin): Pin "outputs(15812).0" is outside north or south abutment box side.
        (x:3924.5um, xAB: [0um:3120um])

[ERROR] Side.place(IoPin): Pin "outputs(15813).0" is outside north or south abutment box side.
        (x:3925um, xAB: [0um:3120um])

[ERROR] Side.place(IoPin): Pin "outputs(15814).0" is outside north or south abutment box side.
        (x:3925.5um, xAB: [0um:3120um])

[ERROR] Side.place(IoPin): Pin "outputs(15815).0" is outside north or south abutment box side.
        (x:3926um, xAB: [0um:3120um])

[ERROR] Side.place(IoPin): Pin "outputs(15816).0" is outside north or south abutment box side.
        (x:3926.5um, xAB: [0um:3120um])

[ERROR] Side.place(IoPin): Pin "outputs(15817).0" is outside north or south abutment box side.
        (x:3927um, xAB: [0um:3120um])

[ERROR] Side.place(IoPin): Pin "outputs(15818).0" is outside north or south abutment box side.
        (x:3927.5um, xAB: [0um:3120um])

[ERROR] Side.place(IoPin): Pin "outputs(15819).0" is outside north or south abutment box side.
        (x:3928um, xAB: [0um:3120um])

[ERROR] Side.place(IoPin): Pin "outputs(15820).0" is outside north or south abutment box side.
        (x:3928.5um, xAB: [0um:3120um])

[ERROR] Side.place(IoPin): Pin "outputs(15821).0" is outside north or south abutment box side.
        (x:3929um, xAB: [0um:3120um])

[ERROR] Side.place(IoPin): Pin "outputs(15822).0" is outside north or south abutment box side.
        (x:3929.5um, xAB: [0um:3120um])

[ERROR] Side.place(IoPin): Pin "outputs(15823).0" is outside north or south abutment box side.
        (x:3930um, xAB: [0um:3120um])

[ERROR] Side.place(IoPin): Pin "outputs(15824).0" is outside north or south abutment box side.
        (x:3930.5um, xAB: [0um:3120um])

[ERROR] Side.place(IoPin): Pin "outputs(15825).0" is outside north or south abutment box side.
        (x:3931um, xAB: [0um:3120um])

[ERROR] Side.place(IoPin): Pin "outputs(15826).0" is outside north or south abutment box side.
        (x:3931.5um, xAB: [0um:3120um])

[ERROR] Side.place(IoPin): Pin "outputs(15827).0" is outside north or south abutment box side.
        (x:3932um, xAB: [0um:3120um])

[ERROR] Side.place(IoPin): Pin "outputs(15828).0" is outside north or south abutment box side.
        (x:3932.5um, xAB: [0um:3120um])

[ERROR] Side.place(IoPin): Pin "outputs(15829).0" is outside north or south abutment box side.
        (x:3933um, xAB: [0um:3120um])

[ERROR] Side.place(IoPin): Pin "outputs(15830).0" is outside north or south abutment box side.
        (x:3933.5um, xAB: [0um:3120um])

[ERROR] Side.place(IoPin): Pin "outputs(15831).0" is outside north or south abutment box side.
        (x:3934um, xAB: [0um:3120um])

[ERROR] Side.place(IoPin): Pin "outputs(15832).0" is outside north or south abutment box side.
        (x:3934.5um, xAB: [0um:3120um])

[ERROR] Side.place(IoPin): Pin "outputs(15833).0" is outside north or south abutment box side.
        (x:3935um, xAB: [0um:3120um])

[ERROR] Side.place(IoPin): Pin "outputs(15834).0" is outside north or south abutment box side.
        (x:3935.5um, xAB: [0um:3120um])

[ERROR] Side.place(IoPin): Pin "outputs(15835).0" is outside north or south abutment box side.
        (x:3936um, xAB: [0um:3120um])

[ERROR] Side.place(IoPin): Pin "outputs(15836).0" is outside north or south abutment box side.
        (x:3936.5um, xAB: [0um:3120um])

[ERROR] Side.place(IoPin): Pin "outputs(15837).0" is outside north or south abutment box side.
        (x:3937um, xAB: [0um:3120um])

[ERROR] Side.place(IoPin): Pin "outputs(15838).0" is outside north or south abutment box side.
        (x:3937.5um, xAB: [0um:3120um])

[ERROR] Side.place(IoPin): Pin "outputs(15839).0" is outside north or south abutment box side.
        (x:3938um, xAB: [0um:3120um])

[ERROR] Side.place(IoPin): Pin "outputs(15840).0" is outside north or south abutment box side.
        (x:3938.5um, xAB: [0um:3120um])

[ERROR] Side.place(IoPin): Pin "outputs(15841).0" is outside north or south abutment box side.
        (x:3939um, xAB: [0um:3120um])

[ERROR] Side.place(IoPin): Pin "outputs(15842).0" is outside north or south abutment box side.
        (x:3939.5um, xAB: [0um:3120um])

[ERROR] Side.place(IoPin): Pin "outputs(15843).0" is outside north or south abutment box side.
        (x:3940um, xAB: [0um:3120um])

[ERROR] Side.place(IoPin): Pin "outputs(15844).0" is outside north or south abutment box side.
        (x:3940.5um, xAB: [0um:3120um])

[ERROR] Side.place(IoPin): Pin "outputs(15845).0" is outside north or south abutment box side.
        (x:3941um, xAB: [0um:3120um])

[ERROR] Side.place(IoPin): Pin "outputs(15846).0" is outside north or south abutment box side.
        (x:3941.5um, xAB: [0um:3120um])

[ERROR] Side.place(IoPin): Pin "outputs(15847).0" is outside north or south abutment box side.
        (x:3942um, xAB: [0um:3120um])

[ERROR] Side.place(IoPin): Pin "outputs(15848).0" is outside north or south abutment box side.
        (x:3942.5um, xAB: [0um:3120um])

[ERROR] Side.place(IoPin): Pin "outputs(15849).0" is outside north or south abutment box side.
        (x:3943um, xAB: [0um:3120um])

[ERROR] Side.place(IoPin): Pin "outputs(15850).0" is outside north or south abutment box side.
        (x:3943.5um, xAB: [0um:3120um])

[ERROR] Side.place(IoPin): Pin "outputs(15851).0" is outside north or south abutment box side.
        (x:3944um, xAB: [0um:3120um])

[ERROR] Side.place(IoPin): Pin "outputs(15852).0" is outside north or south abutment box side.
        (x:3944.5um, xAB: [0um:3120um])

[ERROR] Side.place(IoPin): Pin "outputs(15853).0" is outside north or south abutment box side.
        (x:3945um, xAB: [0um:3120um])

[ERROR] Side.place(IoPin): Pin "outputs(15854).0" is outside north or south abutment box side.
        (x:3945.5um, xAB: [0um:3120um])

[ERROR] Side.place(IoPin): Pin "outputs(15855).0" is outside north or south abutment box side.
        (x:3946um, xAB: [0um:3120um])

[ERROR] Side.place(IoPin): Pin "outputs(15856).0" is outside north or south abutment box side.
        (x:3946.5um, xAB: [0um:3120um])

[ERROR] Side.place(IoPin): Pin "outputs(15857).0" is outside north or south abutment box side.
        (x:3947um, xAB: [0um:3120um])

[ERROR] Side.place(IoPin): Pin "outputs(15858).0" is outside north or south abutment box side.
        (x:3947.5um, xAB: [0um:3120um])

[ERROR] Side.place(IoPin): Pin "outputs(15859).0" is outside north or south abutment box side.
        (x:3948um, xAB: [0um:3120um])

[ERROR] Side.place(IoPin): Pin "outputs(15860).0" is outside north or south abutment box side.
        (x:3948.5um, xAB: [0um:3120um])

[ERROR] Side.place(IoPin): Pin "outputs(15861).0" is outside north or south abutment box side.
        (x:3949um, xAB: [0um:3120um])

[ERROR] Side.place(IoPin): Pin "outputs(15862).0" is outside north or south abutment box side.
        (x:3949.5um, xAB: [0um:3120um])

[ERROR] Side.place(IoPin): Pin "outputs(15863).0" is outside north or south abutment box side.
        (x:3950um, xAB: [0um:3120um])

[ERROR] Side.place(IoPin): Pin "outputs(15864).0" is outside north or south abutment box side.
        (x:3950.5um, xAB: [0um:3120um])

[ERROR] Side.place(IoPin): Pin "outputs(15865).0" is outside north or south abutment box side.
        (x:3951um, xAB: [0um:3120um])

[ERROR] Side.place(IoPin): Pin "outputs(15866).0" is outside north or south abutment box side.
        (x:3951.5um, xAB: [0um:3120um])

[ERROR] Side.place(IoPin): Pin "outputs(15867).0" is outside north or south abutment box side.
        (x:3952um, xAB: [0um:3120um])

[ERROR] Side.place(IoPin): Pin "outputs(15868).0" is outside north or south abutment box side.
        (x:3952.5um, xAB: [0um:3120um])

[ERROR] Side.place(IoPin): Pin "outputs(15869).0" is outside north or south abutment box side.
        (x:3953um, xAB: [0um:3120um])

[ERROR] Side.place(IoPin): Pin "outputs(15870).0" is outside north or south abutment box side.
        (x:3953.5um, xAB: [0um:3120um])

[ERROR] Side.place(IoPin): Pin "outputs(15871).0" is outside north or south abutment box side.
        (x:3954um, xAB: [0um:3120um])

[ERROR] Side.place(IoPin): Pin "outputs(15872).0" is outside north or south abutment box side.
        (x:3954.5um, xAB: [0um:3120um])

[ERROR] Side.place(IoPin): Pin "outputs(15873).0" is outside north or south abutment box side.
        (x:3955um, xAB: [0um:3120um])

[ERROR] Side.place(IoPin): Pin "outputs(15874).0" is outside north or south abutment box side.
        (x:3955.5um, xAB: [0um:3120um])

[ERROR] Side.place(IoPin): Pin "outputs(15875).0" is outside north or south abutment box side.
        (x:3956um, xAB: [0um:3120um])

[ERROR] Side.place(IoPin): Pin "outputs(15876).0" is outside north or south abutment box side.
        (x:3956.5um, xAB: [0um:3120um])

[ERROR] Side.place(IoPin): Pin "outputs(15877).0" is outside north or south abutment box side.
        (x:3957um, xAB: [0um:3120um])

[ERROR] Side.place(IoPin): Pin "outputs(15878).0" is outside north or south abutment box side.
        (x:3957.5um, xAB: [0um:3120um])

[ERROR] Side.place(IoPin): Pin "outputs(15879).0" is outside north or south abutment box side.
        (x:3958um, xAB: [0um:3120um])

[ERROR] Side.place(IoPin): Pin "outputs(15880).0" is outside north or south abutment box side.
        (x:3958.5um, xAB: [0um:3120um])

[ERROR] Side.place(IoPin): Pin "outputs(15881).0" is outside north or south abutment box side.
        (x:3959um, xAB: [0um:3120um])

[ERROR] Side.place(IoPin): Pin "outputs(15882).0" is outside north or south abutment box side.
        (x:3959.5um, xAB: [0um:3120um])

[ERROR] Side.place(IoPin): Pin "outputs(15883).0" is outside north or south abutment box side.
        (x:3960um, xAB: [0um:3120um])

[ERROR] Side.place(IoPin): Pin "outputs(15884).0" is outside north or south abutment box side.
        (x:3960.5um, xAB: [0um:3120um])

[ERROR] Side.place(IoPin): Pin "outputs(15885).0" is outside north or south abutment box side.
        (x:3961um, xAB: [0um:3120um])

[ERROR] Side.place(IoPin): Pin "outputs(15886).0" is outside north or south abutment box side.
        (x:3961.5um, xAB: [0um:3120um])

[ERROR] Side.place(IoPin): Pin "outputs(15887).0" is outside north or south abutment box side.
        (x:3962um, xAB: [0um:3120um])

[ERROR] Side.place(IoPin): Pin "outputs(15888).0" is outside north or south abutment box side.
        (x:3962.5um, xAB: [0um:3120um])

[ERROR] Side.place(IoPin): Pin "outputs(15889).0" is outside north or south abutment box side.
        (x:3963um, xAB: [0um:3120um])

[ERROR] Side.place(IoPin): Pin "outputs(15890).0" is outside north or south abutment box side.
        (x:3963.5um, xAB: [0um:3120um])

[ERROR] Side.place(IoPin): Pin "outputs(15891).0" is outside north or south abutment box side.
        (x:3964um, xAB: [0um:3120um])

[ERROR] Side.place(IoPin): Pin "outputs(15892).0" is outside north or south abutment box side.
        (x:3964.5um, xAB: [0um:3120um])

[ERROR] Side.place(IoPin): Pin "outputs(15893).0" is outside north or south abutment box side.
        (x:3965um, xAB: [0um:3120um])

[ERROR] Side.place(IoPin): Pin "outputs(15894).0" is outside north or south abutment box side.
        (x:3965.5um, xAB: [0um:3120um])

[ERROR] Side.place(IoPin): Pin "outputs(15895).0" is outside north or south abutment box side.
        (x:3966um, xAB: [0um:3120um])

[ERROR] Side.place(IoPin): Pin "outputs(15896).0" is outside north or south abutment box side.
        (x:3966.5um, xAB: [0um:3120um])

[ERROR] Side.place(IoPin): Pin "outputs(15897).0" is outside north or south abutment box side.
        (x:3967um, xAB: [0um:3120um])

[ERROR] Side.place(IoPin): Pin "outputs(15898).0" is outside north or south abutment box side.
        (x:3967.5um, xAB: [0um:3120um])

[ERROR] Side.place(IoPin): Pin "outputs(15899).0" is outside north or south abutment box side.
        (x:3968um, xAB: [0um:3120um])

[ERROR] Side.place(IoPin): Pin "outputs(15900).0" is outside north or south abutment box side.
        (x:3968.5um, xAB: [0um:3120um])

[ERROR] Side.place(IoPin): Pin "outputs(15901).0" is outside north or south abutment box side.
        (x:3969um, xAB: [0um:3120um])

[ERROR] Side.place(IoPin): Pin "outputs(15902).0" is outside north or south abutment box side.
        (x:3969.5um, xAB: [0um:3120um])

[ERROR] Side.place(IoPin): Pin "outputs(15903).0" is outside north or south abutment box side.
        (x:3970um, xAB: [0um:3120um])

[ERROR] Side.place(IoPin): Pin "outputs(15904).0" is outside north or south abutment box side.
        (x:3970.5um, xAB: [0um:3120um])

[ERROR] Side.place(IoPin): Pin "outputs(15905).0" is outside north or south abutment box side.
        (x:3971um, xAB: [0um:3120um])

[ERROR] Side.place(IoPin): Pin "outputs(15906).0" is outside north or south abutment box side.
        (x:3971.5um, xAB: [0um:3120um])

[ERROR] Side.place(IoPin): Pin "outputs(15907).0" is outside north or south abutment box side.
        (x:3972um, xAB: [0um:3120um])

[ERROR] Side.place(IoPin): Pin "outputs(15908).0" is outside north or south abutment box side.
        (x:3972.5um, xAB: [0um:3120um])

[ERROR] Side.place(IoPin): Pin "outputs(15909).0" is outside north or south abutment box side.
        (x:3973um, xAB: [0um:3120um])

[ERROR] Side.place(IoPin): Pin "outputs(15910).0" is outside north or south abutment box side.
        (x:3973.5um, xAB: [0um:3120um])

[ERROR] Side.place(IoPin): Pin "outputs(15911).0" is outside north or south abutment box side.
        (x:3974um, xAB: [0um:3120um])

[ERROR] Side.place(IoPin): Pin "outputs(15912).0" is outside north or south abutment box side.
        (x:3974.5um, xAB: [0um:3120um])

[ERROR] Side.place(IoPin): Pin "outputs(15913).0" is outside north or south abutment box side.
        (x:3975um, xAB: [0um:3120um])

[ERROR] Side.place(IoPin): Pin "outputs(15914).0" is outside north or south abutment box side.
        (x:3975.5um, xAB: [0um:3120um])

[ERROR] Side.place(IoPin): Pin "outputs(15915).0" is outside north or south abutment box side.
        (x:3976um, xAB: [0um:3120um])

[ERROR] Side.place(IoPin): Pin "outputs(15916).0" is outside north or south abutment box side.
        (x:3976.5um, xAB: [0um:3120um])

[ERROR] Side.place(IoPin): Pin "outputs(15917).0" is outside north or south abutment box side.
        (x:3977um, xAB: [0um:3120um])

[ERROR] Side.place(IoPin): Pin "outputs(15918).0" is outside north or south abutment box side.
        (x:3977.5um, xAB: [0um:3120um])

[ERROR] Side.place(IoPin): Pin "outputs(15919).0" is outside north or south abutment box side.
        (x:3978um, xAB: [0um:3120um])

[ERROR] Side.place(IoPin): Pin "outputs(15920).0" is outside north or south abutment box side.
        (x:3978.5um, xAB: [0um:3120um])

[ERROR] Side.place(IoPin): Pin "outputs(15921).0" is outside north or south abutment box side.
        (x:3979um, xAB: [0um:3120um])

[ERROR] Side.place(IoPin): Pin "outputs(15922).0" is outside north or south abutment box side.
        (x:3979.5um, xAB: [0um:3120um])

[ERROR] Side.place(IoPin): Pin "outputs(15923).0" is outside north or south abutment box side.
        (x:3980um, xAB: [0um:3120um])

[ERROR] Side.place(IoPin): Pin "outputs(15924).0" is outside north or south abutment box side.
        (x:3980.5um, xAB: [0um:3120um])

[ERROR] Side.place(IoPin): Pin "outputs(15925).0" is outside north or south abutment box side.
        (x:3981um, xAB: [0um:3120um])

[ERROR] Side.place(IoPin): Pin "outputs(15926).0" is outside north or south abutment box side.
        (x:3981.5um, xAB: [0um:3120um])

[ERROR] Side.place(IoPin): Pin "outputs(15927).0" is outside north or south abutment box side.
        (x:3982um, xAB: [0um:3120um])

[ERROR] Side.place(IoPin): Pin "inputs(6456).0" is outside east or west abutment box side.
        (y:3456.5um, yAB: [0um:3456um])

[ERROR] Side.place(IoPin): Pin "inputs(6457).0" is outside east or west abutment box side.
        (y:3457um, yAB: [0um:3456um])

[ERROR] Side.place(IoPin): Pin "inputs(6458).0" is outside east or west abutment box side.
        (y:3457.5um, yAB: [0um:3456um])

[ERROR] Side.place(IoPin): Pin "inputs(6459).0" is outside east or west abutment box side.
        (y:3458um, yAB: [0um:3456um])

[ERROR] Side.place(IoPin): Pin "inputs(6460).0" is outside east or west abutment box side.
        (y:3458.5um, yAB: [0um:3456um])

[ERROR] Side.place(IoPin): Pin "inputs(6461).0" is outside east or west abutment box side.
        (y:3459um, yAB: [0um:3456um])

[ERROR] Side.place(IoPin): Pin "inputs(6462).0" is outside east or west abutment box side.
        (y:3459.5um, yAB: [0um:3456um])

[ERROR] Side.place(IoPin): Pin "inputs(6463).0" is outside east or west abutment box side.
        (y:3460um, yAB: [0um:3456um])

[ERROR] Side.place(IoPin): Pin "inputs(6464).0" is outside east or west abutment box side.
        (y:3460.5um, yAB: [0um:3456um])

[ERROR] Side.place(IoPin): Pin "inputs(6465).0" is outside east or west abutment box side.
        (y:3461um, yAB: [0um:3456um])

[ERROR] Side.place(IoPin): Pin "inputs(6466).0" is outside east or west abutment box side.
        (y:3461.5um, yAB: [0um:3456um])

[ERROR] Side.place(IoPin): Pin "inputs(6467).0" is outside east or west abutment box side.
        (y:3462um, yAB: [0um:3456um])

[ERROR] Side.place(IoPin): Pin "inputs(6468).0" is outside east or west abutment box side.
        (y:3462.5um, yAB: [0um:3456um])

[ERROR] Side.place(IoPin): Pin "inputs(6469).0" is outside east or west abutment box side.
        (y:3463um, yAB: [0um:3456um])

[ERROR] Side.place(IoPin): Pin "inputs(6470).0" is outside east or west abutment box side.
        (y:3463.5um, yAB: [0um:3456um])

[ERROR] Side.place(IoPin): Pin "inputs(6471).0" is outside east or west abutment box side.
        (y:3464um, yAB: [0um:3456um])

[ERROR] Side.place(IoPin): Pin "inputs(6472).0" is outside east or west abutment box side.
        (y:3464.5um, yAB: [0um:3456um])

[ERROR] Side.place(IoPin): Pin "inputs(6473).0" is outside east or west abutment box side.
        (y:3465um, yAB: [0um:3456um])

[ERROR] Side.place(IoPin): Pin "inputs(6474).0" is outside east or west abutment box side.
        (y:3465.5um, yAB: [0um:3456um])

[ERROR] Side.place(IoPin): Pin "inputs(6475).0" is outside east or west abutment box side.
        (y:3466um, yAB: [0um:3456um])

[ERROR] Side.place(IoPin): Pin "inputs(6476).0" is outside east or west abutment box side.
        (y:3466.5um, yAB: [0um:3456um])

[ERROR] Side.place(IoPin): Pin "inputs(6477).0" is outside east or west abutment box side.
        (y:3467um, yAB: [0um:3456um])

[ERROR] Side.place(IoPin): Pin "inputs(6478).0" is outside east or west abutment box side.
        (y:3467.5um, yAB: [0um:3456um])

[ERROR] Side.place(IoPin): Pin "inputs(6479).0" is outside east or west abutment box side.
        (y:3468um, yAB: [0um:3456um])

[ERROR] Side.place(IoPin): Pin "inputs(6480).0" is outside east or west abutment box side.
        (y:3468.5um, yAB: [0um:3456um])

[ERROR] Side.place(IoPin): Pin "inputs(6481).0" is outside east or west abutment box side.
        (y:3469um, yAB: [0um:3456um])

[ERROR] Side.place(IoPin): Pin "inputs(6482).0" is outside east or west abutment box side.
        (y:3469.5um, yAB: [0um:3456um])

[ERROR] Side.place(IoPin): Pin "inputs(6483).0" is outside east or west abutment box side.
        (y:3470um, yAB: [0um:3456um])

[ERROR] Side.place(IoPin): Pin "inputs(6484).0" is outside east or west abutment box side.
        (y:3470.5um, yAB: [0um:3456um])

[ERROR] Side.place(IoPin): Pin "inputs(6485).0" is outside east or west abutment box side.
        (y:3471um, yAB: [0um:3456um])

[ERROR] Side.place(IoPin): Pin "inputs(6486).0" is outside east or west abutment box side.
        (y:3471.5um, yAB: [0um:3456um])

[ERROR] Side.place(IoPin): Pin "inputs(6487).0" is outside east or west abutment box side.
        (y:3472um, yAB: [0um:3456um])

[ERROR] Side.place(IoPin): Pin "inputs(6488).0" is outside east or west abutment box side.
        (y:3472.5um, yAB: [0um:3456um])

[ERROR] Side.place(IoPin): Pin "inputs(6489).0" is outside east or west abutment box side.
        (y:3473um, yAB: [0um:3456um])

[ERROR] Side.place(IoPin): Pin "inputs(6490).0" is outside east or west abutment box side.
        (y:3473.5um, yAB: [0um:3456um])

[ERROR] Side.place(IoPin): Pin "inputs(6491).0" is outside east or west abutment box side.
        (y:3474um, yAB: [0um:3456um])

[ERROR] Side.place(IoPin): Pin "inputs(6492).0" is outside east or west abutment box side.
        (y:3474.5um, yAB: [0um:3456um])

[ERROR] Side.place(IoPin): Pin "inputs(6493).0" is outside east or west abutment box side.
        (y:3475um, yAB: [0um:3456um])

[ERROR] Side.place(IoPin): Pin "inputs(6494).0" is outside east or west abutment box side.
        (y:3475.5um, yAB: [0um:3456um])

[ERROR] Side.place(IoPin): Pin "inputs(6495).0" is outside east or west abutment box side.
        (y:3476um, yAB: [0um:3456um])

[ERROR] Side.place(IoPin): Pin "inputs(6496).0" is outside east or west abutment box side.
        (y:3476.5um, yAB: [0um:3456um])

[ERROR] Side.place(IoPin): Pin "inputs(6497).0" is outside east or west abutment box side.
        (y:3477um, yAB: [0um:3456um])

[ERROR] Side.place(IoPin): Pin "inputs(6498).0" is outside east or west abutment box side.
        (y:3477.5um, yAB: [0um:3456um])

[ERROR] Side.place(IoPin): Pin "inputs(6499).0" is outside east or west abutment box side.
        (y:3478um, yAB: [0um:3456um])

[ERROR] Side.place(IoPin): Pin "inputs(6500).0" is outside east or west abutment box side.
        (y:3478.5um, yAB: [0um:3456um])

[ERROR] Side.place(IoPin): Pin "inputs(6501).0" is outside east or west abutment box side.
        (y:3479um, yAB: [0um:3456um])

[ERROR] Side.place(IoPin): Pin "inputs(6502).0" is outside east or west abutment box side.
        (y:3479.5um, yAB: [0um:3456um])

[ERROR] Side.place(IoPin): Pin "inputs(6503).0" is outside east or west abutment box side.
        (y:3480um, yAB: [0um:3456um])

[ERROR] Side.place(IoPin): Pin "inputs(6504).0" is outside east or west abutment box side.
        (y:3480.5um, yAB: [0um:3456um])

[ERROR] Side.place(IoPin): Pin "inputs(6505).0" is outside east or west abutment box side.
        (y:3481um, yAB: [0um:3456um])

[ERROR] Side.place(IoPin): Pin "inputs(6506).0" is outside east or west abutment box side.
        (y:3481.5um, yAB: [0um:3456um])

[ERROR] Side.place(IoPin): Pin "inputs(6507).0" is outside east or west abutment box side.
        (y:3482um, yAB: [0um:3456um])

[ERROR] Side.place(IoPin): Pin "inputs(6508).0" is outside east or west abutment box side.
        (y:3482.5um, yAB: [0um:3456um])

[ERROR] Side.place(IoPin): Pin "inputs(6509).0" is outside east or west abutment box side.
        (y:3483um, yAB: [0um:3456um])

[ERROR] Side.place(IoPin): Pin "inputs(6510).0" is outside east or west abutment box side.
        (y:3483.5um, yAB: [0um:3456um])

[ERROR] Side.place(IoPin): Pin "inputs(6511).0" is outside east or west abutment box side.
        (y:3484um, yAB: [0um:3456um])

[ERROR] Side.place(IoPin): Pin "inputs(6512).0" is outside east or west abutment box side.
        (y:3484.5um, yAB: [0um:3456um])

[ERROR] Side.place(IoPin): Pin "inputs(6513).0" is outside east or west abutment box side.
        (y:3485um, yAB: [0um:3456um])

[ERROR] Side.place(IoPin): Pin "inputs(6514).0" is outside east or west abutment box side.
        (y:3485.5um, yAB: [0um:3456um])

[ERROR] Side.place(IoPin): Pin "inputs(6515).0" is outside east or west abutment box side.
        (y:3486um, yAB: [0um:3456um])

[ERROR] Side.place(IoPin): Pin "inputs(6516).0" is outside east or west abutment box side.
        (y:3486.5um, yAB: [0um:3456um])

[ERROR] Side.place(IoPin): Pin "inputs(6517).0" is outside east or west abutment box side.
        (y:3487um, yAB: [0um:3456um])

[ERROR] Side.place(IoPin): Pin "inputs(6518).0" is outside east or west abutment box side.
        (y:3487.5um, yAB: [0um:3456um])

[ERROR] Side.place(IoPin): Pin "inputs(6519).0" is outside east or west abutment box side.
        (y:3488um, yAB: [0um:3456um])

[ERROR] Side.place(IoPin): Pin "inputs(6520).0" is outside east or west abutment box side.
        (y:3488.5um, yAB: [0um:3456um])

[ERROR] Side.place(IoPin): Pin "inputs(6521).0" is outside east or west abutment box side.
        (y:3489um, yAB: [0um:3456um])

[ERROR] Side.place(IoPin): Pin "inputs(6522).0" is outside east or west abutment box side.
        (y:3489.5um, yAB: [0um:3456um])

[ERROR] Side.place(IoPin): Pin "inputs(6523).0" is outside east or west abutment box side.
        (y:3490um, yAB: [0um:3456um])

[ERROR] Side.place(IoPin): Pin "inputs(6524).0" is outside east or west abutment box side.
        (y:3490.5um, yAB: [0um:3456um])

[ERROR] Side.place(IoPin): Pin "inputs(6525).0" is outside east or west abutment box side.
        (y:3491um, yAB: [0um:3456um])

[ERROR] Side.place(IoPin): Pin "inputs(6526).0" is outside east or west abutment box side.
        (y:3491.5um, yAB: [0um:3456um])

[ERROR] Side.place(IoPin): Pin "inputs(6527).0" is outside east or west abutment box side.
        (y:3492um, yAB: [0um:3456um])

[ERROR] Side.place(IoPin): Pin "inputs(6528).0" is outside east or west abutment box side.
        (y:3492.5um, yAB: [0um:3456um])

[ERROR] Side.place(IoPin): Pin "inputs(6529).0" is outside east or west abutment box side.
        (y:3493um, yAB: [0um:3456um])

[ERROR] Side.place(IoPin): Pin "inputs(6530).0" is outside east or west abutment box side.
        (y:3493.5um, yAB: [0um:3456um])

[ERROR] Side.place(IoPin): Pin "inputs(6531).0" is outside east or west abutment box side.
        (y:3494um, yAB: [0um:3456um])

[ERROR] Side.place(IoPin): Pin "inputs(6532).0" is outside east or west abutment box side.
        (y:3494.5um, yAB: [0um:3456um])

[ERROR] Side.place(IoPin): Pin "inputs(6533).0" is outside east or west abutment box side.
        (y:3495um, yAB: [0um:3456um])

[ERROR] Side.place(IoPin): Pin "inputs(6534).0" is outside east or west abutment box side.
        (y:3495.5um, yAB: [0um:3456um])

[ERROR] Side.place(IoPin): Pin "inputs(6535).0" is outside east or west abutment box side.
        (y:3496um, yAB: [0um:3456um])

[ERROR] Side.place(IoPin): Pin "inputs(6536).0" is outside east or west abutment box side.
        (y:3496.5um, yAB: [0um:3456um])

[ERROR] Side.place(IoPin): Pin "inputs(6537).0" is outside east or west abutment box side.
        (y:3497um, yAB: [0um:3456um])

[ERROR] Side.place(IoPin): Pin "inputs(6538).0" is outside east or west abutment box side.
        (y:3497.5um, yAB: [0um:3456um])

[ERROR] Side.place(IoPin): Pin "inputs(6539).0" is outside east or west abutment box side.
        (y:3498um, yAB: [0um:3456um])

[ERROR] Side.place(IoPin): Pin "inputs(6540).0" is outside east or west abutment box side.
        (y:3498.5um, yAB: [0um:3456um])

[ERROR] Side.place(IoPin): Pin "inputs(6541).0" is outside east or west abutment box side.
        (y:3499um, yAB: [0um:3456um])

[ERROR] Side.place(IoPin): Pin "inputs(6542).0" is outside east or west abutment box side.
        (y:3499.5um, yAB: [0um:3456um])

[ERROR] Side.place(IoPin): Pin "inputs(6543).0" is outside east or west abutment box side.
        (y:3500um, yAB: [0um:3456um])

[ERROR] Side.place(IoPin): Pin "inputs(6544).0" is outside east or west abutment box side.
        (y:3500.5um, yAB: [0um:3456um])

[ERROR] Side.place(IoPin): Pin "inputs(6545).0" is outside east or west abutment box side.
        (y:3501um, yAB: [0um:3456um])

[ERROR] Side.place(IoPin): Pin "inputs(6546).0" is outside east or west abutment box side.
        (y:3501.5um, yAB: [0um:3456um])

[ERROR] Side.place(IoPin): Pin "inputs(6547).0" is outside east or west abutment box side.
        (y:3502um, yAB: [0um:3456um])

[ERROR] Side.place(IoPin): Pin "inputs(6548).0" is outside east or west abutment box side.
        (y:3502.5um, yAB: [0um:3456um])

[ERROR] Side.place(IoPin): Pin "inputs(6549).0" is outside east or west abutment box side.
        (y:3503um, yAB: [0um:3456um])

[ERROR] Side.place(IoPin): Pin "inputs(6550).0" is outside east or west abutment box side.
        (y:3503.5um, yAB: [0um:3456um])

[ERROR] Side.place(IoPin): Pin "inputs(6551).0" is outside east or west abutment box side.
        (y:3504um, yAB: [0um:3456um])

[ERROR] Side.place(IoPin): Pin "inputs(6552).0" is outside east or west abutment box side.
        (y:3504.5um, yAB: [0um:3456um])

[ERROR] Side.place(IoPin): Pin "inputs(6553).0" is outside east or west abutment box side.
        (y:3505um, yAB: [0um:3456um])

[ERROR] Side.place(IoPin): Pin "inputs(6554).0" is outside east or west abutment box side.
        (y:3505.5um, yAB: [0um:3456um])

[ERROR] Side.place(IoPin): Pin "inputs(6555).0" is outside east or west abutment box side.
        (y:3506um, yAB: [0um:3456um])

[ERROR] Side.place(IoPin): Pin "inputs(6556).0" is outside east or west abutment box side.
        (y:3506.5um, yAB: [0um:3456um])

[ERROR] Side.place(IoPin): Pin "inputs(6557).0" is outside east or west abutment box side.
        (y:3507um, yAB: [0um:3456um])

[ERROR] Side.place(IoPin): Pin "inputs(6558).0" is outside east or west abutment box side.
        (y:3507.5um, yAB: [0um:3456um])

[ERROR] Side.place(IoPin): Pin "inputs(6559).0" is outside east or west abutment box side.
        (y:3508um, yAB: [0um:3456um])

[ERROR] Side.place(IoPin): Pin "inputs(6560).0" is outside east or west abutment box side.
        (y:3508.5um, yAB: [0um:3456um])

[ERROR] Side.place(IoPin): Pin "inputs(6561).0" is outside east or west abutment box side.
        (y:3509um, yAB: [0um:3456um])

[ERROR] Side.place(IoPin): Pin "inputs(6562).0" is outside east or west abutment box side.
        (y:3509.5um, yAB: [0um:3456um])

[ERROR] Side.place(IoPin): Pin "inputs(6563).0" is outside east or west abutment box side.
        (y:3510um, yAB: [0um:3456um])

[ERROR] Side.place(IoPin): Pin "inputs(6564).0" is outside east or west abutment box side.
        (y:3510.5um, yAB: [0um:3456um])

[ERROR] Side.place(IoPin): Pin "inputs(6565).0" is outside east or west abutment box side.
        (y:3511um, yAB: [0um:3456um])

[ERROR] Side.place(IoPin): Pin "inputs(6566).0" is outside east or west abutment box side.
        (y:3511.5um, yAB: [0um:3456um])

[ERROR] Side.place(IoPin): Pin "inputs(6567).0" is outside east or west abutment box side.
        (y:3512um, yAB: [0um:3456um])

[ERROR] Side.place(IoPin): Pin "inputs(6568).0" is outside east or west abutment box side.
        (y:3512.5um, yAB: [0um:3456um])

[ERROR] Side.place(IoPin): Pin "inputs(6569).0" is outside east or west abutment box side.
        (y:3513um, yAB: [0um:3456um])

[ERROR] Side.place(IoPin): Pin "inputs(6570).0" is outside east or west abutment box side.
        (y:3513.5um, yAB: [0um:3456um])

[ERROR] Side.place(IoPin): Pin "inputs(6571).0" is outside east or west abutment box side.
        (y:3514um, yAB: [0um:3456um])

[ERROR] Side.place(IoPin): Pin "inputs(6572).0" is outside east or west abutment box side.
        (y:3514.5um, yAB: [0um:3456um])

[ERROR] Side.place(IoPin): Pin "inputs(6573).0" is outside east or west abutment box side.
        (y:3515um, yAB: [0um:3456um])

[ERROR] Side.place(IoPin): Pin "inputs(6574).0" is outside east or west abutment box side.
        (y:3515.5um, yAB: [0um:3456um])

[ERROR] Side.place(IoPin): Pin "inputs(6575).0" is outside east or west abutment box side.
        (y:3516um, yAB: [0um:3456um])

[ERROR] Side.place(IoPin): Pin "inputs(6576).0" is outside east or west abutment box side.
        (y:3516.5um, yAB: [0um:3456um])

[ERROR] Side.place(IoPin): Pin "inputs(6577).0" is outside east or west abutment box side.
        (y:3517um, yAB: [0um:3456um])

[ERROR] Side.place(IoPin): Pin "inputs(6578).0" is outside east or west abutment box side.
        (y:3517.5um, yAB: [0um:3456um])

[ERROR] Side.place(IoPin): Pin "inputs(6579).0" is outside east or west abutment box side.
        (y:3518um, yAB: [0um:3456um])

[ERROR] Side.place(IoPin): Pin "inputs(6580).0" is outside east or west abutment box side.
        (y:3518.5um, yAB: [0um:3456um])

[ERROR] Side.place(IoPin): Pin "inputs(6581).0" is outside east or west abutment box side.
        (y:3519um, yAB: [0um:3456um])

[ERROR] Side.place(IoPin): Pin "inputs(6582).0" is outside east or west abutment box side.
        (y:3519.5um, yAB: [0um:3456um])

[ERROR] Side.place(IoPin): Pin "inputs(6583).0" is outside east or west abutment box side.
        (y:3520um, yAB: [0um:3456um])

[ERROR] Side.place(IoPin): Pin "inputs(6584).0" is outside east or west abutment box side.
        (y:3520.5um, yAB: [0um:3456um])

[ERROR] Side.place(IoPin): Pin "inputs(6585).0" is outside east or west abutment box side.
        (y:3521um, yAB: [0um:3456um])

[ERROR] Side.place(IoPin): Pin "inputs(6586).0" is outside east or west abutment box side.
        (y:3521.5um, yAB: [0um:3456um])

[ERROR] Side.place(IoPin): Pin "inputs(6587).0" is outside east or west abutment box side.
        (y:3522um, yAB: [0um:3456um])

[ERROR] Side.place(IoPin): Pin "inputs(6588).0" is outside east or west abutment box side.
        (y:3522.5um, yAB: [0um:3456um])

[ERROR] Side.place(IoPin): Pin "inputs(6589).0" is outside east or west abutment box side.
        (y:3523um, yAB: [0um:3456um])

[ERROR] Side.place(IoPin): Pin "inputs(6590).0" is outside east or west abutment box side.
        (y:3523.5um, yAB: [0um:3456um])

[ERROR] Side.place(IoPin): Pin "inputs(6591).0" is outside east or west abutment box side.
        (y:3524um, yAB: [0um:3456um])

[ERROR] Side.place(IoPin): Pin "inputs(6592).0" is outside east or west abutment box side.
        (y:3524.5um, yAB: [0um:3456um])

[ERROR] Side.place(IoPin): Pin "inputs(6593).0" is outside east or west abutment box side.
        (y:3525um, yAB: [0um:3456um])

[ERROR] Side.place(IoPin): Pin "inputs(6594).0" is outside east or west abutment box side.
        (y:3525.5um, yAB: [0um:3456um])

[ERROR] Side.place(IoPin): Pin "inputs(6595).0" is outside east or west abutment box side.
        (y:3526um, yAB: [0um:3456um])

[ERROR] Side.place(IoPin): Pin "inputs(6596).0" is outside east or west abutment box side.
        (y:3526.5um, yAB: [0um:3456um])

[ERROR] Side.place(IoPin): Pin "inputs(6597).0" is outside east or west abutment box side.
        (y:3527um, yAB: [0um:3456um])

[ERROR] Side.place(IoPin): Pin "inputs(6598).0" is outside east or west abutment box side.
        (y:3527.5um, yAB: [0um:3456um])

[ERROR] Side.place(IoPin): Pin "inputs(6599).0" is outside east or west abutment box side.
        (y:3528um, yAB: [0um:3456um])

[ERROR] Side.place(IoPin): Pin "inputs(6600).0" is outside east or west abutment box side.
        (y:3528.5um, yAB: [0um:3456um])

[ERROR] Side.place(IoPin): Pin "inputs(6601).0" is outside east or west abutment box side.
        (y:3529um, yAB: [0um:3456um])

[ERROR] Side.place(IoPin): Pin "inputs(6602).0" is outside east or west abutment box side.
        (y:3529.5um, yAB: [0um:3456um])

[ERROR] Side.place(IoPin): Pin "inputs(6603).0" is outside east or west abutment box side.
        (y:3530um, yAB: [0um:3456um])

[ERROR] Side.place(IoPin): Pin "inputs(6604).0" is outside east or west abutment box side.
        (y:3530.5um, yAB: [0um:3456um])

[ERROR] Side.place(IoPin): Pin "inputs(6605).0" is outside east or west abutment box side.
        (y:3531um, yAB: [0um:3456um])

[ERROR] Side.place(IoPin): Pin "inputs(6606).0" is outside east or west abutment box side.
        (y:3531.5um, yAB: [0um:3456um])

[ERROR] Side.place(IoPin): Pin "inputs(6607).0" is outside east or west abutment box side.
        (y:3532um, yAB: [0um:3456um])

[ERROR] Side.place(IoPin): Pin "inputs(6608).0" is outside east or west abutment box side.
        (y:3532.5um, yAB: [0um:3456um])

[ERROR] Side.place(IoPin): Pin "inputs(6609).0" is outside east or west abutment box side.
        (y:3533um, yAB: [0um:3456um])

[ERROR] Side.place(IoPin): Pin "inputs(6610).0" is outside east or west abutment box side.
        (y:3533.5um, yAB: [0um:3456um])

[ERROR] Side.place(IoPin): Pin "inputs(6611).0" is outside east or west abutment box side.
        (y:3534um, yAB: [0um:3456um])

[ERROR] Side.place(IoPin): Pin "inputs(6612).0" is outside east or west abutment box side.
        (y:3534.5um, yAB: [0um:3456um])

[ERROR] Side.place(IoPin): Pin "inputs(6613).0" is outside east or west abutment box side.
        (y:3535um, yAB: [0um:3456um])

[ERROR] Side.place(IoPin): Pin "inputs(6614).0" is outside east or west abutment box side.
        (y:3535.5um, yAB: [0um:3456um])

[ERROR] Side.place(IoPin): Pin "inputs(6615).0" is outside east or west abutment box side.
        (y:3536um, yAB: [0um:3456um])

[ERROR] Side.place(IoPin): Pin "inputs(6616).0" is outside east or west abutment box side.
        (y:3536.5um, yAB: [0um:3456um])

[ERROR] Side.place(IoPin): Pin "inputs(6617).0" is outside east or west abutment box side.
        (y:3537um, yAB: [0um:3456um])

[ERROR] Side.place(IoPin): Pin "inputs(6618).0" is outside east or west abutment box side.
        (y:3537.5um, yAB: [0um:3456um])

[ERROR] Side.place(IoPin): Pin "inputs(6619).0" is outside east or west abutment box side.
        (y:3538um, yAB: [0um:3456um])

[ERROR] Side.place(IoPin): Pin "inputs(6620).0" is outside east or west abutment box side.
        (y:3538.5um, yAB: [0um:3456um])

[ERROR] Side.place(IoPin): Pin "inputs(6621).0" is outside east or west abutment box side.
        (y:3539um, yAB: [0um:3456um])

[ERROR] Side.place(IoPin): Pin "inputs(6622).0" is outside east or west abutment box side.
        (y:3539.5um, yAB: [0um:3456um])

[ERROR] Side.place(IoPin): Pin "inputs(6623).0" is outside east or west abutment box side.
        (y:3540um, yAB: [0um:3456um])

[ERROR] Side.place(IoPin): Pin "inputs(6624).0" is outside east or west abutment box side.
        (y:3540.5um, yAB: [0um:3456um])

[ERROR] Side.place(IoPin): Pin "inputs(6625).0" is outside east or west abutment box side.
        (y:3541um, yAB: [0um:3456um])

[ERROR] Side.place(IoPin): Pin "inputs(6626).0" is outside east or west abutment box side.
        (y:3541.5um, yAB: [0um:3456um])

[ERROR] Side.place(IoPin): Pin "inputs(6627).0" is outside east or west abutment box side.
        (y:3542um, yAB: [0um:3456um])

[ERROR] Side.place(IoPin): Pin "inputs(6628).0" is outside east or west abutment box side.
        (y:3542.5um, yAB: [0um:3456um])

[ERROR] Side.place(IoPin): Pin "inputs(6629).0" is outside east or west abutment box side.
        (y:3543um, yAB: [0um:3456um])

[ERROR] Side.place(IoPin): Pin "inputs(6630).0" is outside east or west abutment box side.
        (y:3543.5um, yAB: [0um:3456um])

[ERROR] Side.place(IoPin): Pin "inputs(6631).0" is outside east or west abutment box side.
        (y:3544um, yAB: [0um:3456um])

[ERROR] Side.place(IoPin): Pin "inputs(6632).0" is outside east or west abutment box side.
        (y:3544.5um, yAB: [0um:3456um])

[ERROR] Side.place(IoPin): Pin "inputs(6633).0" is outside east or west abutment box side.
        (y:3545um, yAB: [0um:3456um])

[ERROR] Side.place(IoPin): Pin "inputs(6634).0" is outside east or west abutment box side.
        (y:3545.5um, yAB: [0um:3456um])

[ERROR] Side.place(IoPin): Pin "inputs(6635).0" is outside east or west abutment box side.
        (y:3546um, yAB: [0um:3456um])

[ERROR] Side.place(IoPin): Pin "inputs(6636).0" is outside east or west abutment box side.
        (y:3546.5um, yAB: [0um:3456um])

[ERROR] Side.place(IoPin): Pin "inputs(6637).0" is outside east or west abutment box side.
        (y:3547um, yAB: [0um:3456um])

[ERROR] Side.place(IoPin): Pin "inputs(6638).0" is outside east or west abutment box side.
        (y:3547.5um, yAB: [0um:3456um])

[ERROR] Side.place(IoPin): Pin "inputs(6639).0" is outside east or west abutment box side.
        (y:3548um, yAB: [0um:3456um])

[ERROR] Side.place(IoPin): Pin "inputs(6640).0" is outside east or west abutment box side.
        (y:3548.5um, yAB: [0um:3456um])

[ERROR] Side.place(IoPin): Pin "inputs(6641).0" is outside east or west abutment box side.
        (y:3549um, yAB: [0um:3456um])

[ERROR] Side.place(IoPin): Pin "inputs(6642).0" is outside east or west abutment box side.
        (y:3549.5um, yAB: [0um:3456um])

[ERROR] Side.place(IoPin): Pin "inputs(6643).0" is outside east or west abutment box side.
        (y:3550um, yAB: [0um:3456um])

[ERROR] Side.place(IoPin): Pin "inputs(6644).0" is outside east or west abutment box side.
        (y:3550.5um, yAB: [0um:3456um])

[ERROR] Side.place(IoPin): Pin "inputs(6645).0" is outside east or west abutment box side.
        (y:3551um, yAB: [0um:3456um])

[ERROR] Side.place(IoPin): Pin "inputs(6646).0" is outside east or west abutment box side.
        (y:3551.5um, yAB: [0um:3456um])

[ERROR] Side.place(IoPin): Pin "inputs(6647).0" is outside east or west abutment box side.
        (y:3552um, yAB: [0um:3456um])

[ERROR] Side.place(IoPin): Pin "inputs(6648).0" is outside east or west abutment box side.
        (y:3552.5um, yAB: [0um:3456um])

[ERROR] Side.place(IoPin): Pin "inputs(6649).0" is outside east or west abutment box side.
        (y:3553um, yAB: [0um:3456um])

[ERROR] Side.place(IoPin): Pin "inputs(6650).0" is outside east or west abutment box side.
        (y:3553.5um, yAB: [0um:3456um])

[ERROR] Side.place(IoPin): Pin "inputs(6651).0" is outside east or west abutment box side.
        (y:3554um, yAB: [0um:3456um])

[ERROR] Side.place(IoPin): Pin "inputs(6652).0" is outside east or west abutment box side.
        (y:3554.5um, yAB: [0um:3456um])

[ERROR] Side.place(IoPin): Pin "inputs(6653).0" is outside east or west abutment box side.
        (y:3555um, yAB: [0um:3456um])

[ERROR] Side.place(IoPin): Pin "inputs(6654).0" is outside east or west abutment box side.
        (y:3555.5um, yAB: [0um:3456um])

[ERROR] Side.place(IoPin): Pin "inputs(6655).0" is outside east or west abutment box side.
        (y:3556um, yAB: [0um:3456um])

[ERROR] Side.place(IoPin): Pin "inputs(6656).0" is outside east or west abutment box side.
        (y:3556.5um, yAB: [0um:3456um])

[ERROR] Side.place(IoPin): Pin "inputs(6657).0" is outside east or west abutment box side.
        (y:3557um, yAB: [0um:3456um])

[ERROR] Side.place(IoPin): Pin "inputs(6658).0" is outside east or west abutment box side.
        (y:3557.5um, yAB: [0um:3456um])

[ERROR] Side.place(IoPin): Pin "inputs(6659).0" is outside east or west abutment box side.
        (y:3558um, yAB: [0um:3456um])

[ERROR] Side.place(IoPin): Pin "inputs(6660).0" is outside east or west abutment box side.
        (y:3558.5um, yAB: [0um:3456um])

[ERROR] Side.place(IoPin): Pin "inputs(6661).0" is outside east or west abutment box side.
        (y:3559um, yAB: [0um:3456um])

[ERROR] Side.place(IoPin): Pin "inputs(6662).0" is outside east or west abutment box side.
        (y:3559.5um, yAB: [0um:3456um])

[ERROR] Side.place(IoPin): Pin "inputs(6663).0" is outside east or west abutment box side.
        (y:3560um, yAB: [0um:3456um])

[ERROR] Side.place(IoPin): Pin "inputs(6664).0" is outside east or west abutment box side.
        (y:3560.5um, yAB: [0um:3456um])

[ERROR] Side.place(IoPin): Pin "inputs(6665).0" is outside east or west abutment box side.
        (y:3561um, yAB: [0um:3456um])

[ERROR] Side.place(IoPin): Pin "inputs(6666).0" is outside east or west abutment box side.
        (y:3561.5um, yAB: [0um:3456um])

[ERROR] Side.place(IoPin): Pin "inputs(6667).0" is outside east or west abutment box side.
        (y:3562um, yAB: [0um:3456um])

[ERROR] Side.place(IoPin): Pin "inputs(6668).0" is outside east or west abutment box side.
        (y:3562.5um, yAB: [0um:3456um])

[ERROR] Side.place(IoPin): Pin "inputs(6669).0" is outside east or west abutment box side.
        (y:3563um, yAB: [0um:3456um])

[ERROR] Side.place(IoPin): Pin "inputs(6670).0" is outside east or west abutment box side.
        (y:3563.5um, yAB: [0um:3456um])

[ERROR] Side.place(IoPin): Pin "inputs(6671).0" is outside east or west abutment box side.
        (y:3564um, yAB: [0um:3456um])

[ERROR] Side.place(IoPin): Pin "inputs(6672).0" is outside east or west abutment box side.
        (y:3564.5um, yAB: [0um:3456um])

[ERROR] Side.place(IoPin): Pin "inputs(6673).0" is outside east or west abutment box side.
        (y:3565um, yAB: [0um:3456um])

[ERROR] Side.place(IoPin): Pin "inputs(6674).0" is outside east or west abutment box side.
        (y:3565.5um, yAB: [0um:3456um])

[ERROR] Side.place(IoPin): Pin "inputs(6675).0" is outside east or west abutment box side.
        (y:3566um, yAB: [0um:3456um])

[ERROR] Side.place(IoPin): Pin "inputs(6676).0" is outside east or west abutment box side.
        (y:3566.5um, yAB: [0um:3456um])

[ERROR] Side.place(IoPin): Pin "inputs(6677).0" is outside east or west abutment box side.
        (y:3567um, yAB: [0um:3456um])

[ERROR] Side.place(IoPin): Pin "inputs(6678).0" is outside east or west abutment box side.
        (y:3567.5um, yAB: [0um:3456um])

[ERROR] Side.place(IoPin): Pin "inputs(6679).0" is outside east or west abutment box side.
        (y:3568um, yAB: [0um:3456um])

[ERROR] Side.place(IoPin): Pin "inputs(6680).0" is outside east or west abutment box side.
        (y:3568.5um, yAB: [0um:3456um])

[ERROR] Side.place(IoPin): Pin "inputs(6681).0" is outside east or west abutment box side.
        (y:3569um, yAB: [0um:3456um])

[ERROR] Side.place(IoPin): Pin "inputs(6682).0" is outside east or west abutment box side.
        (y:3569.5um, yAB: [0um:3456um])

[ERROR] Side.place(IoPin): Pin "inputs(6683).0" is outside east or west abutment box side.
        (y:3570um, yAB: [0um:3456um])

[ERROR] Side.place(IoPin): Pin "inputs(6684).0" is outside east or west abutment box side.
        (y:3570.5um, yAB: [0um:3456um])

[ERROR] Side.place(IoPin): Pin "inputs(6685).0" is outside east or west abutment box side.
        (y:3571um, yAB: [0um:3456um])

[ERROR] Side.place(IoPin): Pin "inputs(6686).0" is outside east or west abutment box side.
        (y:3571.5um, yAB: [0um:3456um])

[ERROR] Side.place(IoPin): Pin "inputs(6687).0" is outside east or west abutment box side.
        (y:3572um, yAB: [0um:3456um])

[ERROR] Side.place(IoPin): Pin "inputs(6688).0" is outside east or west abutment box side.
        (y:3572.5um, yAB: [0um:3456um])

[ERROR] Side.place(IoPin): Pin "inputs(6689).0" is outside east or west abutment box side.
        (y:3573um, yAB: [0um:3456um])

[ERROR] Side.place(IoPin): Pin "inputs(6690).0" is outside east or west abutment box side.
        (y:3573.5um, yAB: [0um:3456um])

[ERROR] Side.place(IoPin): Pin "inputs(6691).0" is outside east or west abutment box side.
        (y:3574um, yAB: [0um:3456um])

[ERROR] Side.place(IoPin): Pin "inputs(6692).0" is outside east or west abutment box side.
        (y:3574.5um, yAB: [0um:3456um])

[ERROR] Side.place(IoPin): Pin "inputs(6693).0" is outside east or west abutment box side.
        (y:3575um, yAB: [0um:3456um])

[ERROR] Side.place(IoPin): Pin "inputs(6694).0" is outside east or west abutment box side.
        (y:3575.5um, yAB: [0um:3456um])

[ERROR] Side.place(IoPin): Pin "inputs(6695).0" is outside east or west abutment box side.
        (y:3576um, yAB: [0um:3456um])

[ERROR] Side.place(IoPin): Pin "inputs(6696).0" is outside east or west abutment box side.
        (y:3576.5um, yAB: [0um:3456um])

[ERROR] Side.place(IoPin): Pin "inputs(6697).0" is outside east or west abutment box side.
        (y:3577um, yAB: [0um:3456um])

[ERROR] Side.place(IoPin): Pin "inputs(6698).0" is outside east or west abutment box side.
        (y:3577.5um, yAB: [0um:3456um])

[ERROR] Side.place(IoPin): Pin "inputs(6699).0" is outside east or west abutment box side.
        (y:3578um, yAB: [0um:3456um])

[ERROR] Side.place(IoPin): Pin "inputs(6700).0" is outside east or west abutment box side.
        (y:3578.5um, yAB: [0um:3456um])

[ERROR] Side.place(IoPin): Pin "inputs(6701).0" is outside east or west abutment box side.
        (y:3579um, yAB: [0um:3456um])

[ERROR] Side.place(IoPin): Pin "inputs(6702).0" is outside east or west abutment box side.
        (y:3579.5um, yAB: [0um:3456um])

[ERROR] Side.place(IoPin): Pin "inputs(6703).0" is outside east or west abutment box side.
        (y:3580um, yAB: [0um:3456um])

[ERROR] Side.place(IoPin): Pin "inputs(6704).0" is outside east or west abutment box side.
        (y:3580.5um, yAB: [0um:3456um])

[ERROR] Side.place(IoPin): Pin "inputs(6705).0" is outside east or west abutment box side.
        (y:3581um, yAB: [0um:3456um])

[ERROR] Side.place(IoPin): Pin "inputs(6706).0" is outside east or west abutment box side.
        (y:3581.5um, yAB: [0um:3456um])

[ERROR] Side.place(IoPin): Pin "inputs(6707).0" is outside east or west abutment box side.
        (y:3582um, yAB: [0um:3456um])

[ERROR] Side.place(IoPin): Pin "inputs(6708).0" is outside east or west abutment box side.
        (y:3582.5um, yAB: [0um:3456um])

[ERROR] Side.place(IoPin): Pin "inputs(6709).0" is outside east or west abutment box side.
        (y:3583um, yAB: [0um:3456um])

[ERROR] Side.place(IoPin): Pin "inputs(6710).0" is outside east or west abutment box side.
        (y:3583.5um, yAB: [0um:3456um])

[ERROR] Side.place(IoPin): Pin "inputs(6711).0" is outside east or west abutment box side.
        (y:3584um, yAB: [0um:3456um])

[ERROR] Side.place(IoPin): Pin "inputs(6712).0" is outside east or west abutment box side.
        (y:3584.5um, yAB: [0um:3456um])

[ERROR] Side.place(IoPin): Pin "inputs(6713).0" is outside east or west abutment box side.
        (y:3585um, yAB: [0um:3456um])

[ERROR] Side.place(IoPin): Pin "inputs(6714).0" is outside east or west abutment box side.
        (y:3585.5um, yAB: [0um:3456um])

[ERROR] Side.place(IoPin): Pin "inputs(6715).0" is outside east or west abutment box side.
        (y:3586um, yAB: [0um:3456um])

[ERROR] Side.place(IoPin): Pin "inputs(6716).0" is outside east or west abutment box side.
        (y:3586.5um, yAB: [0um:3456um])

[ERROR] Side.place(IoPin): Pin "inputs(6717).0" is outside east or west abutment box side.
        (y:3587um, yAB: [0um:3456um])

[ERROR] Side.place(IoPin): Pin "inputs(6718).0" is outside east or west abutment box side.
        (y:3587.5um, yAB: [0um:3456um])

[ERROR] Side.place(IoPin): Pin "inputs(6719).0" is outside east or west abutment box side.
        (y:3588um, yAB: [0um:3456um])

[ERROR] Side.place(IoPin): Pin "inputs(6720).0" is outside east or west abutment box side.
        (y:3588.5um, yAB: [0um:3456um])

[ERROR] Side.place(IoPin): Pin "inputs(6721).0" is outside east or west abutment box side.
        (y:3589um, yAB: [0um:3456um])

[ERROR] Side.place(IoPin): Pin "inputs(6722).0" is outside east or west abutment box side.
        (y:3589.5um, yAB: [0um:3456um])

[ERROR] Side.place(IoPin): Pin "inputs(6723).0" is outside east or west abutment box side.
        (y:3590um, yAB: [0um:3456um])

[ERROR] Side.place(IoPin): Pin "inputs(6724).0" is outside east or west abutment box side.
        (y:3590.5um, yAB: [0um:3456um])

[ERROR] Side.place(IoPin): Pin "inputs(6725).0" is outside east or west abutment box side.
        (y:3591um, yAB: [0um:3456um])

[ERROR] Side.place(IoPin): Pin "inputs(6726).0" is outside east or west abutment box side.
        (y:3591.5um, yAB: [0um:3456um])

[ERROR] Side.place(IoPin): Pin "inputs(6727).0" is outside east or west abutment box side.
        (y:3592um, yAB: [0um:3456um])

[ERROR] Side.place(IoPin): Pin "inputs(6728).0" is outside east or west abutment box side.
        (y:3592.5um, yAB: [0um:3456um])

[ERROR] Side.place(IoPin): Pin "inputs(6729).0" is outside east or west abutment box side.
        (y:3593um, yAB: [0um:3456um])

[ERROR] Side.place(IoPin): Pin "inputs(6730).0" is outside east or west abutment box side.
        (y:3593.5um, yAB: [0um:3456um])

[ERROR] Side.place(IoPin): Pin "inputs(6731).0" is outside east or west abutment box side.
        (y:3594um, yAB: [0um:3456um])

[ERROR] Side.place(IoPin): Pin "inputs(6732).0" is outside east or west abutment box side.
        (y:3594.5um, yAB: [0um:3456um])

[ERROR] Side.place(IoPin): Pin "inputs(6733).0" is outside east or west abutment box side.
        (y:3595um, yAB: [0um:3456um])

[ERROR] Side.place(IoPin): Pin "inputs(6734).0" is outside east or west abutment box side.
        (y:3595.5um, yAB: [0um:3456um])

[ERROR] Side.place(IoPin): Pin "inputs(6735).0" is outside east or west abutment box side.
        (y:3596um, yAB: [0um:3456um])

[ERROR] Side.place(IoPin): Pin "inputs(6736).0" is outside east or west abutment box side.
        (y:3596.5um, yAB: [0um:3456um])

[ERROR] Side.place(IoPin): Pin "inputs(6737).0" is outside east or west abutment box side.
        (y:3597um, yAB: [0um:3456um])

[ERROR] Side.place(IoPin): Pin "inputs(6738).0" is outside east or west abutment box side.
        (y:3597.5um, yAB: [0um:3456um])

[ERROR] Side.place(IoPin): Pin "inputs(6739).0" is outside east or west abutment box side.
        (y:3598um, yAB: [0um:3456um])

[ERROR] Side.place(IoPin): Pin "inputs(6740).0" is outside east or west abutment box side.
        (y:3598.5um, yAB: [0um:3456um])

[ERROR] Side.place(IoPin): Pin "inputs(6741).0" is outside east or west abutment box side.
        (y:3599um, yAB: [0um:3456um])

[ERROR] Side.place(IoPin): Pin "inputs(6742).0" is outside east or west abutment box side.
        (y:3599.5um, yAB: [0um:3456um])

[ERROR] Side.place(IoPin): Pin "inputs(6743).0" is outside east or west abutment box side.
        (y:3600um, yAB: [0um:3456um])

[ERROR] Side.place(IoPin): Pin "inputs(6744).0" is outside east or west abutment box side.
        (y:3600.5um, yAB: [0um:3456um])

[ERROR] Side.place(IoPin): Pin "inputs(6745).0" is outside east or west abutment box side.
        (y:3601um, yAB: [0um:3456um])

[ERROR] Side.place(IoPin): Pin "inputs(6746).0" is outside east or west abutment box side.
        (y:3601.5um, yAB: [0um:3456um])

[ERROR] Side.place(IoPin): Pin "inputs(6747).0" is outside east or west abutment box side.
        (y:3602um, yAB: [0um:3456um])

[ERROR] Side.place(IoPin): Pin "inputs(6748).0" is outside east or west abutment box side.
        (y:3602.5um, yAB: [0um:3456um])

[ERROR] Side.place(IoPin): Pin "inputs(6749).0" is outside east or west abutment box side.
        (y:3603um, yAB: [0um:3456um])

[ERROR] Side.place(IoPin): Pin "inputs(6750).0" is outside east or west abutment box side.
        (y:3603.5um, yAB: [0um:3456um])

[ERROR] Side.place(IoPin): Pin "inputs(6751).0" is outside east or west abutment box side.
        (y:3604um, yAB: [0um:3456um])

[ERROR] Side.place(IoPin): Pin "inputs(6752).0" is outside east or west abutment box side.
        (y:3604.5um, yAB: [0um:3456um])

[ERROR] Side.place(IoPin): Pin "inputs(6753).0" is outside east or west abutment box side.
        (y:3605um, yAB: [0um:3456um])

[ERROR] Side.place(IoPin): Pin "inputs(6754).0" is outside east or west abutment box side.
        (y:3605.5um, yAB: [0um:3456um])

[ERROR] Side.place(IoPin): Pin "inputs(6755).0" is outside east or west abutment box side.
        (y:3606um, yAB: [0um:3456um])

[ERROR] Side.place(IoPin): Pin "inputs(6756).0" is outside east or west abutment box side.
        (y:3606.5um, yAB: [0um:3456um])

[ERROR] Side.place(IoPin): Pin "inputs(6757).0" is outside east or west abutment box side.
        (y:3607um, yAB: [0um:3456um])

[ERROR] Side.place(IoPin): Pin "inputs(6758).0" is outside east or west abutment box side.
        (y:3607.5um, yAB: [0um:3456um])

[ERROR] Side.place(IoPin): Pin "inputs(6759).0" is outside east or west abutment box side.
        (y:3608um, yAB: [0um:3456um])

[ERROR] Side.place(IoPin): Pin "inputs(6760).0" is outside east or west abutment box side.
        (y:3608.5um, yAB: [0um:3456um])

[ERROR] Side.place(IoPin): Pin "inputs(6761).0" is outside east or west abutment box side.
        (y:3609um, yAB: [0um:3456um])

[ERROR] Side.place(IoPin): Pin "inputs(6762).0" is outside east or west abutment box side.
        (y:3609.5um, yAB: [0um:3456um])

[ERROR] Side.place(IoPin): Pin "inputs(6763).0" is outside east or west abutment box side.
        (y:3610um, yAB: [0um:3456um])

[ERROR] Side.place(IoPin): Pin "inputs(6764).0" is outside east or west abutment box side.
        (y:3610.5um, yAB: [0um:3456um])

[ERROR] Side.place(IoPin): Pin "inputs(6765).0" is outside east or west abutment box side.
        (y:3611um, yAB: [0um:3456um])

[ERROR] Side.place(IoPin): Pin "inputs(6766).0" is outside east or west abutment box side.
        (y:3611.5um, yAB: [0um:3456um])

[ERROR] Side.place(IoPin): Pin "inputs(6767).0" is outside east or west abutment box side.
        (y:3612um, yAB: [0um:3456um])

[ERROR] Side.place(IoPin): Pin "inputs(6768).0" is outside east or west abutment box side.
        (y:3612.5um, yAB: [0um:3456um])

[ERROR] Side.place(IoPin): Pin "inputs(6769).0" is outside east or west abutment box side.
        (y:3613um, yAB: [0um:3456um])

[ERROR] Side.place(IoPin): Pin "inputs(6770).0" is outside east or west abutment box side.
        (y:3613.5um, yAB: [0um:3456um])

[ERROR] Side.place(IoPin): Pin "inputs(6771).0" is outside east or west abutment box side.
        (y:3614um, yAB: [0um:3456um])

[ERROR] Side.place(IoPin): Pin "inputs(6772).0" is outside east or west abutment box side.
        (y:3614.5um, yAB: [0um:3456um])

[ERROR] Side.place(IoPin): Pin "inputs(6773).0" is outside east or west abutment box side.
        (y:3615um, yAB: [0um:3456um])

[ERROR] Side.place(IoPin): Pin "inputs(6774).0" is outside east or west abutment box side.
        (y:3615.5um, yAB: [0um:3456um])

[ERROR] Side.place(IoPin): Pin "inputs(6775).0" is outside east or west abutment box side.
        (y:3616um, yAB: [0um:3456um])

[ERROR] Side.place(IoPin): Pin "inputs(6776).0" is outside east or west abutment box side.
        (y:3616.5um, yAB: [0um:3456um])

[ERROR] Side.place(IoPin): Pin "inputs(6777).0" is outside east or west abutment box side.
        (y:3617um, yAB: [0um:3456um])

[ERROR] Side.place(IoPin): Pin "inputs(6778).0" is outside east or west abutment box side.
        (y:3617.5um, yAB: [0um:3456um])

[ERROR] Side.place(IoPin): Pin "inputs(6779).0" is outside east or west abutment box side.
        (y:3618um, yAB: [0um:3456um])

[ERROR] Side.place(IoPin): Pin "inputs(6780).0" is outside east or west abutment box side.
        (y:3618.5um, yAB: [0um:3456um])

[ERROR] Side.place(IoPin): Pin "inputs(6781).0" is outside east or west abutment box side.
        (y:3619um, yAB: [0um:3456um])

[ERROR] Side.place(IoPin): Pin "inputs(6782).0" is outside east or west abutment box side.
        (y:3619.5um, yAB: [0um:3456um])

[ERROR] Side.place(IoPin): Pin "inputs(6783).0" is outside east or west abutment box side.
        (y:3620um, yAB: [0um:3456um])

[ERROR] Side.place(IoPin): Pin "inputs(6784).0" is outside east or west abutment box side.
        (y:3620.5um, yAB: [0um:3456um])

[ERROR] Side.place(IoPin): Pin "inputs(6785).0" is outside east or west abutment box side.
        (y:3621um, yAB: [0um:3456um])

[ERROR] Side.place(IoPin): Pin "inputs(6786).0" is outside east or west abutment box side.
        (y:3621.5um, yAB: [0um:3456um])

[ERROR] Side.place(IoPin): Pin "inputs(6787).0" is outside east or west abutment box side.
        (y:3622um, yAB: [0um:3456um])

[ERROR] Side.place(IoPin): Pin "inputs(6788).0" is outside east or west abutment box side.
        (y:3622.5um, yAB: [0um:3456um])

[ERROR] Side.place(IoPin): Pin "inputs(6789).0" is outside east or west abutment box side.
        (y:3623um, yAB: [0um:3456um])

[ERROR] Side.place(IoPin): Pin "inputs(6790).0" is outside east or west abutment box side.
        (y:3623.5um, yAB: [0um:3456um])

[ERROR] Side.place(IoPin): Pin "inputs(6791).0" is outside east or west abutment box side.
        (y:3624um, yAB: [0um:3456um])

[ERROR] Side.place(IoPin): Pin "inputs(6792).0" is outside east or west abutment box side.
        (y:3624.5um, yAB: [0um:3456um])

[ERROR] Side.place(IoPin): Pin "inputs(6793).0" is outside east or west abutment box side.
        (y:3625um, yAB: [0um:3456um])

[ERROR] Side.place(IoPin): Pin "inputs(6794).0" is outside east or west abutment box side.
        (y:3625.5um, yAB: [0um:3456um])

[ERROR] Side.place(IoPin): Pin "inputs(6795).0" is outside east or west abutment box side.
        (y:3626um, yAB: [0um:3456um])

[ERROR] Side.place(IoPin): Pin "inputs(6796).0" is outside east or west abutment box side.
        (y:3626.5um, yAB: [0um:3456um])

[ERROR] Side.place(IoPin): Pin "inputs(6797).0" is outside east or west abutment box side.
        (y:3627um, yAB: [0um:3456um])

[ERROR] Side.place(IoPin): Pin "inputs(6798).0" is outside east or west abutment box side.
        (y:3627.5um, yAB: [0um:3456um])

[ERROR] Side.place(IoPin): Pin "inputs(6799).0" is outside east or west abutment box side.
        (y:3628um, yAB: [0um:3456um])

[ERROR] Side.place(IoPin): Pin "inputs(6800).0" is outside east or west abutment box side.
        (y:3628.5um, yAB: [0um:3456um])

[ERROR] Side.place(IoPin): Pin "inputs(6801).0" is outside east or west abutment box side.
        (y:3629um, yAB: [0um:3456um])

[ERROR] Side.place(IoPin): Pin "inputs(6802).0" is outside east or west abutment box side.
        (y:3629.5um, yAB: [0um:3456um])

[ERROR] Side.place(IoPin): Pin "inputs(6803).0" is outside east or west abutment box side.
        (y:3630um, yAB: [0um:3456um])

[ERROR] Side.place(IoPin): Pin "inputs(6804).0" is outside east or west abutment box side.
        (y:3630.5um, yAB: [0um:3456um])

[ERROR] Side.place(IoPin): Pin "inputs(6805).0" is outside east or west abutment box side.
        (y:3631um, yAB: [0um:3456um])

[ERROR] Side.place(IoPin): Pin "inputs(6806).0" is outside east or west abutment box side.
        (y:3631.5um, yAB: [0um:3456um])

[ERROR] Side.place(IoPin): Pin "inputs(6807).0" is outside east or west abutment box side.
        (y:3632um, yAB: [0um:3456um])

[ERROR] Side.place(IoPin): Pin "inputs(6808).0" is outside east or west abutment box side.
        (y:3632.5um, yAB: [0um:3456um])

[ERROR] Side.place(IoPin): Pin "inputs(6809).0" is outside east or west abutment box side.
        (y:3633um, yAB: [0um:3456um])

[ERROR] Side.place(IoPin): Pin "inputs(6810).0" is outside east or west abutment box side.
        (y:3633.5um, yAB: [0um:3456um])

[ERROR] Side.place(IoPin): Pin "inputs(6811).0" is outside east or west abutment box side.
        (y:3634um, yAB: [0um:3456um])

[ERROR] Side.place(IoPin): Pin "inputs(6812).0" is outside east or west abutment box side.
        (y:3634.5um, yAB: [0um:3456um])

[ERROR] Side.place(IoPin): Pin "inputs(6813).0" is outside east or west abutment box side.
        (y:3635um, yAB: [0um:3456um])

[ERROR] Side.place(IoPin): Pin "inputs(6814).0" is outside east or west abutment box side.
        (y:3635.5um, yAB: [0um:3456um])

[ERROR] Side.place(IoPin): Pin "inputs(6815).0" is outside east or west abutment box side.
        (y:3636um, yAB: [0um:3456um])

[ERROR] Side.place(IoPin): Pin "inputs(6816).0" is outside east or west abutment box side.
        (y:3636.5um, yAB: [0um:3456um])

[ERROR] Side.place(IoPin): Pin "inputs(6817).0" is outside east or west abutment box side.
        (y:3637um, yAB: [0um:3456um])

[ERROR] Side.place(IoPin): Pin "inputs(6818).0" is outside east or west abutment box side.
        (y:3637.5um, yAB: [0um:3456um])

[ERROR] Side.place(IoPin): Pin "inputs(6819).0" is outside east or west abutment box side.
        (y:3638um, yAB: [0um:3456um])

[ERROR] Side.place(IoPin): Pin "inputs(6820).0" is outside east or west abutment box side.
        (y:3638.5um, yAB: [0um:3456um])

[ERROR] Side.place(IoPin): Pin "inputs(6821).0" is outside east or west abutment box side.
        (y:3639um, yAB: [0um:3456um])

[ERROR] Side.place(IoPin): Pin "inputs(6822).0" is outside east or west abutment box side.
        (y:3639.5um, yAB: [0um:3456um])

[ERROR] Side.place(IoPin): Pin "inputs(6823).0" is outside east or west abutment box side.
        (y:3640um, yAB: [0um:3456um])

[ERROR] Side.place(IoPin): Pin "inputs(6824).0" is outside east or west abutment box side.
        (y:3640.5um, yAB: [0um:3456um])

[ERROR] Side.place(IoPin): Pin "inputs(6825).0" is outside east or west abutment box side.
        (y:3641um, yAB: [0um:3456um])

[ERROR] Side.place(IoPin): Pin "inputs(6826).0" is outside east or west abutment box side.
        (y:3641.5um, yAB: [0um:3456um])

[ERROR] Side.place(IoPin): Pin "inputs(6827).0" is outside east or west abutment box side.
        (y:3642um, yAB: [0um:3456um])

[ERROR] Side.place(IoPin): Pin "inputs(6828).0" is outside east or west abutment box side.
        (y:3642.5um, yAB: [0um:3456um])

[ERROR] Side.place(IoPin): Pin "inputs(6829).0" is outside east or west abutment box side.
        (y:3643um, yAB: [0um:3456um])

[ERROR] Side.place(IoPin): Pin "inputs(6830).0" is outside east or west abutment box side.
        (y:3643.5um, yAB: [0um:3456um])

[ERROR] Side.place(IoPin): Pin "inputs(6831).0" is outside east or west abutment box side.
        (y:3644um, yAB: [0um:3456um])

[ERROR] Side.place(IoPin): Pin "inputs(6832).0" is outside east or west abutment box side.
        (y:3644.5um, yAB: [0um:3456um])

[ERROR] Side.place(IoPin): Pin "inputs(6833).0" is outside east or west abutment box side.
        (y:3645um, yAB: [0um:3456um])

[ERROR] Side.place(IoPin): Pin "inputs(6834).0" is outside east or west abutment box side.
        (y:3645.5um, yAB: [0um:3456um])

[ERROR] Side.place(IoPin): Pin "inputs(6835).0" is outside east or west abutment box side.
        (y:3646um, yAB: [0um:3456um])

[ERROR] Side.place(IoPin): Pin "inputs(6836).0" is outside east or west abutment box side.
        (y:3646.5um, yAB: [0um:3456um])

[ERROR] Side.place(IoPin): Pin "inputs(6837).0" is outside east or west abutment box side.
        (y:3647um, yAB: [0um:3456um])

[ERROR] Side.place(IoPin): Pin "inputs(6838).0" is outside east or west abutment box side.
        (y:3647.5um, yAB: [0um:3456um])

[ERROR] Side.place(IoPin): Pin "inputs(6839).0" is outside east or west abutment box side.
        (y:3648um, yAB: [0um:3456um])

[ERROR] Side.place(IoPin): Pin "inputs(6840).0" is outside east or west abutment box side.
        (y:3648.5um, yAB: [0um:3456um])

[ERROR] Side.place(IoPin): Pin "inputs(6841).0" is outside east or west abutment box side.
        (y:3649um, yAB: [0um:3456um])

[ERROR] Side.place(IoPin): Pin "inputs(6842).0" is outside east or west abutment box side.
        (y:3649.5um, yAB: [0um:3456um])

[ERROR] Side.place(IoPin): Pin "inputs(6843).0" is outside east or west abutment box side.
        (y:3650um, yAB: [0um:3456um])

[ERROR] Side.place(IoPin): Pin "inputs(6844).0" is outside east or west abutment box side.
        (y:3650.5um, yAB: [0um:3456um])

[ERROR] Side.place(IoPin): Pin "inputs(6845).0" is outside east or west abutment box side.
        (y:3651um, yAB: [0um:3456um])

[ERROR] Side.place(IoPin): Pin "inputs(6846).0" is outside east or west abutment box side.
        (y:3651.5um, yAB: [0um:3456um])

[ERROR] Side.place(IoPin): Pin "inputs(6847).0" is outside east or west abutment box side.
        (y:3652um, yAB: [0um:3456um])

[ERROR] Side.place(IoPin): Pin "inputs(6848).0" is outside east or west abutment box side.
        (y:3652.5um, yAB: [0um:3456um])

[ERROR] Side.place(IoPin): Pin "inputs(6849).0" is outside east or west abutment box side.
        (y:3653um, yAB: [0um:3456um])

[ERROR] Side.place(IoPin): Pin "inputs(6850).0" is outside east or west abutment box side.
        (y:3653.5um, yAB: [0um:3456um])

[ERROR] Side.place(IoPin): Pin "inputs(6851).0" is outside east or west abutment box side.
        (y:3654um, yAB: [0um:3456um])

[ERROR] Side.place(IoPin): Pin "inputs(6852).0" is outside east or west abutment box side.
        (y:3654.5um, yAB: [0um:3456um])

[ERROR] Side.place(IoPin): Pin "inputs(6853).0" is outside east or west abutment box side.
        (y:3655um, yAB: [0um:3456um])

[ERROR] Side.place(IoPin): Pin "inputs(6854).0" is outside east or west abutment box side.
        (y:3655.5um, yAB: [0um:3456um])

[ERROR] Side.place(IoPin): Pin "inputs(6855).0" is outside east or west abutment box side.
        (y:3656um, yAB: [0um:3456um])

[ERROR] Side.place(IoPin): Pin "inputs(6856).0" is outside east or west abutment box side.
        (y:3656.5um, yAB: [0um:3456um])

[ERROR] Side.place(IoPin): Pin "inputs(6857).0" is outside east or west abutment box side.
        (y:3657um, yAB: [0um:3456um])

[ERROR] Side.place(IoPin): Pin "inputs(6858).0" is outside east or west abutment box side.
        (y:3657.5um, yAB: [0um:3456um])

[ERROR] Side.place(IoPin): Pin "inputs(6859).0" is outside east or west abutment box side.
        (y:3658um, yAB: [0um:3456um])

[ERROR] Side.place(IoPin): Pin "inputs(6860).0" is outside east or west abutment box side.
        (y:3658.5um, yAB: [0um:3456um])

[ERROR] Side.place(IoPin): Pin "inputs(6861).0" is outside east or west abutment box side.
        (y:3659um, yAB: [0um:3456um])

[ERROR] Side.place(IoPin): Pin "inputs(6862).0" is outside east or west abutment box side.
        (y:3659.5um, yAB: [0um:3456um])

[ERROR] Side.place(IoPin): Pin "inputs(6863).0" is outside east or west abutment box side.
        (y:3660um, yAB: [0um:3456um])

[ERROR] Side.place(IoPin): Pin "inputs(6864).0" is outside east or west abutment box side.
        (y:3660.5um, yAB: [0um:3456um])

[ERROR] Side.place(IoPin): Pin "inputs(6865).0" is outside east or west abutment box side.
        (y:3661um, yAB: [0um:3456um])

[ERROR] Side.place(IoPin): Pin "inputs(6866).0" is outside east or west abutment box side.
        (y:3661.5um, yAB: [0um:3456um])

[ERROR] Side.place(IoPin): Pin "inputs(6867).0" is outside east or west abutment box side.
        (y:3662um, yAB: [0um:3456um])

[ERROR] Side.place(IoPin): Pin "inputs(6868).0" is outside east or west abutment box side.
        (y:3662.5um, yAB: [0um:3456um])

[ERROR] Side.place(IoPin): Pin "inputs(6869).0" is outside east or west abutment box side.
        (y:3663um, yAB: [0um:3456um])

[ERROR] Side.place(IoPin): Pin "inputs(6870).0" is outside east or west abutment box side.
        (y:3663.5um, yAB: [0um:3456um])

[ERROR] Side.place(IoPin): Pin "inputs(6871).0" is outside east or west abutment box side.
        (y:3664um, yAB: [0um:3456um])

[ERROR] Side.place(IoPin): Pin "inputs(6872).0" is outside east or west abutment box side.
        (y:3664.5um, yAB: [0um:3456um])

[ERROR] Side.place(IoPin): Pin "inputs(6873).0" is outside east or west abutment box side.
        (y:3665um, yAB: [0um:3456um])

[ERROR] Side.place(IoPin): Pin "inputs(6874).0" is outside east or west abutment box side.
        (y:3665.5um, yAB: [0um:3456um])

[ERROR] Side.place(IoPin): Pin "inputs(6875).0" is outside east or west abutment box side.
        (y:3666um, yAB: [0um:3456um])

[ERROR] Side.place(IoPin): Pin "inputs(6876).0" is outside east or west abutment box side.
        (y:3666.5um, yAB: [0um:3456um])

[ERROR] Side.place(IoPin): Pin "inputs(6877).0" is outside east or west abutment box side.
        (y:3667um, yAB: [0um:3456um])

[ERROR] Side.place(IoPin): Pin "inputs(6878).0" is outside east or west abutment box side.
        (y:3667.5um, yAB: [0um:3456um])

[ERROR] Side.place(IoPin): Pin "inputs(6879).0" is outside east or west abutment box side.
        (y:3668um, yAB: [0um:3456um])

[ERROR] Side.place(IoPin): Pin "inputs(6880).0" is outside east or west abutment box side.
        (y:3668.5um, yAB: [0um:3456um])

[ERROR] Side.place(IoPin): Pin "inputs(6881).0" is outside east or west abutment box side.
        (y:3669um, yAB: [0um:3456um])

[ERROR] Side.place(IoPin): Pin "inputs(6882).0" is outside east or west abutment box side.
        (y:3669.5um, yAB: [0um:3456um])

[ERROR] Side.place(IoPin): Pin "inputs(6883).0" is outside east or west abutment box side.
        (y:3670um, yAB: [0um:3456um])

[ERROR] Side.place(IoPin): Pin "inputs(6884).0" is outside east or west abutment box side.
        (y:3670.5um, yAB: [0um:3456um])

[ERROR] Side.place(IoPin): Pin "inputs(6885).0" is outside east or west abutment box side.
        (y:3671um, yAB: [0um:3456um])

[ERROR] Side.place(IoPin): Pin "inputs(6886).0" is outside east or west abutment box side.
        (y:3671.5um, yAB: [0um:3456um])

[ERROR] Side.place(IoPin): Pin "inputs(6887).0" is outside east or west abutment box side.
        (y:3672um, yAB: [0um:3456um])

[ERROR] Side.place(IoPin): Pin "inputs(6888).0" is outside east or west abutment box side.
        (y:3672.5um, yAB: [0um:3456um])

[ERROR] Side.place(IoPin): Pin "inputs(6889).0" is outside east or west abutment box side.
        (y:3673um, yAB: [0um:3456um])

[ERROR] Side.place(IoPin): Pin "inputs(6890).0" is outside east or west abutment box side.
        (y:3673.5um, yAB: [0um:3456um])

[ERROR] Side.place(IoPin): Pin "inputs(6891).0" is outside east or west abutment box side.
        (y:3674um, yAB: [0um:3456um])

[ERROR] Side.place(IoPin): Pin "inputs(6892).0" is outside east or west abutment box side.
        (y:3674.5um, yAB: [0um:3456um])

[ERROR] Side.place(IoPin): Pin "inputs(6893).0" is outside east or west abutment box side.
        (y:3675um, yAB: [0um:3456um])

[ERROR] Side.place(IoPin): Pin "inputs(6894).0" is outside east or west abutment box side.
        (y:3675.5um, yAB: [0um:3456um])

[ERROR] Side.place(IoPin): Pin "inputs(6895).0" is outside east or west abutment box side.
        (y:3676um, yAB: [0um:3456um])

[ERROR] Side.place(IoPin): Pin "inputs(6896).0" is outside east or west abutment box side.
        (y:3676.5um, yAB: [0um:3456um])

[ERROR] Side.place(IoPin): Pin "inputs(6897).0" is outside east or west abutment box side.
        (y:3677um, yAB: [0um:3456um])

[ERROR] Side.place(IoPin): Pin "inputs(6898).0" is outside east or west abutment box side.
        (y:3677.5um, yAB: [0um:3456um])

[ERROR] Side.place(IoPin): Pin "inputs(6899).0" is outside east or west abutment box side.
        (y:3678um, yAB: [0um:3456um])

[ERROR] Side.place(IoPin): Pin "inputs(6900).0" is outside east or west abutment box side.
        (y:3678.5um, yAB: [0um:3456um])

[ERROR] Side.place(IoPin): Pin "inputs(6901).0" is outside east or west abutment box side.
        (y:3679um, yAB: [0um:3456um])

[ERROR] Side.place(IoPin): Pin "inputs(6902).0" is outside east or west abutment box side.
        (y:3679.5um, yAB: [0um:3456um])

[ERROR] Side.place(IoPin): Pin "inputs(6903).0" is outside east or west abutment box side.
        (y:3680um, yAB: [0um:3456um])

[ERROR] Side.place(IoPin): Pin "inputs(6904).0" is outside east or west abutment box side.
        (y:3680.5um, yAB: [0um:3456um])

[ERROR] Side.place(IoPin): Pin "inputs(6905).0" is outside east or west abutment box side.
        (y:3681um, yAB: [0um:3456um])

[ERROR] Side.place(IoPin): Pin "inputs(6906).0" is outside east or west abutment box side.
        (y:3681.5um, yAB: [0um:3456um])

[ERROR] Side.place(IoPin): Pin "inputs(6907).0" is outside east or west abutment box side.
        (y:3682um, yAB: [0um:3456um])

[ERROR] Side.place(IoPin): Pin "inputs(6908).0" is outside east or west abutment box side.
        (y:3682.5um, yAB: [0um:3456um])

[ERROR] Side.place(IoPin): Pin "inputs(6909).0" is outside east or west abutment box side.
        (y:3683um, yAB: [0um:3456um])

[ERROR] Side.place(IoPin): Pin "inputs(6910).0" is outside east or west abutment box side.
        (y:3683.5um, yAB: [0um:3456um])

[ERROR] Side.place(IoPin): Pin "inputs(6911).0" is outside east or west abutment box side.
        (y:3684um, yAB: [0um:3456um])

[ERROR] Side.place(IoPin): Pin "inputs(6912).0" is outside east or west abutment box side.
        (y:3684.5um, yAB: [0um:3456um])

[ERROR] Side.place(IoPin): Pin "inputs(6913).0" is outside east or west abutment box side.
        (y:3685um, yAB: [0um:3456um])

[ERROR] Side.place(IoPin): Pin "inputs(6914).0" is outside east or west abutment box side.
        (y:3685.5um, yAB: [0um:3456um])

[ERROR] Side.place(IoPin): Pin "inputs(6915).0" is outside east or west abutment box side.
        (y:3686um, yAB: [0um:3456um])

[ERROR] Side.place(IoPin): Pin "inputs(6916).0" is outside east or west abutment box side.
        (y:3686.5um, yAB: [0um:3456um])

[ERROR] Side.place(IoPin): Pin "inputs(6917).0" is outside east or west abutment box side.
        (y:3687um, yAB: [0um:3456um])

[ERROR] Side.place(IoPin): Pin "inputs(6918).0" is outside east or west abutment box side.
        (y:3687.5um, yAB: [0um:3456um])

[ERROR] Side.place(IoPin): Pin "inputs(6919).0" is outside east or west abutment box side.
        (y:3688um, yAB: [0um:3456um])

[ERROR] Side.place(IoPin): Pin "inputs(6920).0" is outside east or west abutment box side.
        (y:3688.5um, yAB: [0um:3456um])

[ERROR] Side.place(IoPin): Pin "inputs(6921).0" is outside east or west abutment box side.
        (y:3689um, yAB: [0um:3456um])

[ERROR] Side.place(IoPin): Pin "inputs(6922).0" is outside east or west abutment box side.
        (y:3689.5um, yAB: [0um:3456um])

[ERROR] Side.place(IoPin): Pin "inputs(6923).0" is outside east or west abutment box side.
        (y:3690um, yAB: [0um:3456um])

[ERROR] Side.place(IoPin): Pin "inputs(6924).0" is outside east or west abutment box side.
        (y:3690.5um, yAB: [0um:3456um])

[ERROR] Side.place(IoPin): Pin "inputs(6925).0" is outside east or west abutment box side.
        (y:3691um, yAB: [0um:3456um])

[ERROR] Side.place(IoPin): Pin "inputs(6926).0" is outside east or west abutment box side.
        (y:3691.5um, yAB: [0um:3456um])

[ERROR] Side.place(IoPin): Pin "inputs(6927).0" is outside east or west abutment box side.
        (y:3692um, yAB: [0um:3456um])

[ERROR] Side.place(IoPin): Pin "inputs(6928).0" is outside east or west abutment box side.
        (y:3692.5um, yAB: [0um:3456um])

[ERROR] Side.place(IoPin): Pin "inputs(6929).0" is outside east or west abutment box side.
        (y:3693um, yAB: [0um:3456um])

[ERROR] Side.place(IoPin): Pin "inputs(6930).0" is outside east or west abutment box side.
        (y:3693.5um, yAB: [0um:3456um])

[ERROR] Side.place(IoPin): Pin "inputs(6931).0" is outside east or west abutment box side.
        (y:3694um, yAB: [0um:3456um])

[ERROR] Side.place(IoPin): Pin "inputs(6932).0" is outside east or west abutment box side.
        (y:3694.5um, yAB: [0um:3456um])

[ERROR] Side.place(IoPin): Pin "inputs(6933).0" is outside east or west abutment box side.
        (y:3695um, yAB: [0um:3456um])

[ERROR] Side.place(IoPin): Pin "inputs(6934).0" is outside east or west abutment box side.
        (y:3695.5um, yAB: [0um:3456um])

[ERROR] Side.place(IoPin): Pin "inputs(6935).0" is outside east or west abutment box side.
        (y:3696um, yAB: [0um:3456um])

[ERROR] Side.place(IoPin): Pin "inputs(6936).0" is outside east or west abutment box side.
        (y:3696.5um, yAB: [0um:3456um])

[ERROR] Side.place(IoPin): Pin "inputs(6937).0" is outside east or west abutment box side.
        (y:3697um, yAB: [0um:3456um])

[ERROR] Side.place(IoPin): Pin "inputs(6938).0" is outside east or west abutment box side.
        (y:3697.5um, yAB: [0um:3456um])

[ERROR] Side.place(IoPin): Pin "inputs(6939).0" is outside east or west abutment box side.
        (y:3698um, yAB: [0um:3456um])

[ERROR] Side.place(IoPin): Pin "inputs(6940).0" is outside east or west abutment box side.
        (y:3698.5um, yAB: [0um:3456um])

[ERROR] Side.place(IoPin): Pin "inputs(6941).0" is outside east or west abutment box side.
        (y:3699um, yAB: [0um:3456um])

[ERROR] Side.place(IoPin): Pin "inputs(6942).0" is outside east or west abutment box side.
        (y:3699.5um, yAB: [0um:3456um])

[ERROR] Side.place(IoPin): Pin "inputs(6943).0" is outside east or west abutment box side.
        (y:3700um, yAB: [0um:3456um])

[ERROR] Side.place(IoPin): Pin "inputs(6944).0" is outside east or west abutment box side.
        (y:3700.5um, yAB: [0um:3456um])

[ERROR] Side.place(IoPin): Pin "inputs(6945).0" is outside east or west abutment box side.
        (y:3701um, yAB: [0um:3456um])

[ERROR] Side.place(IoPin): Pin "inputs(6946).0" is outside east or west abutment box side.
        (y:3701.5um, yAB: [0um:3456um])

[ERROR] Side.place(IoPin): Pin "inputs(6947).0" is outside east or west abutment box side.
        (y:3702um, yAB: [0um:3456um])

[ERROR] Side.place(IoPin): Pin "inputs(6948).0" is outside east or west abutment box side.
        (y:3702.5um, yAB: [0um:3456um])

[ERROR] Side.place(IoPin): Pin "inputs(6949).0" is outside east or west abutment box side.
        (y:3703um, yAB: [0um:3456um])

[ERROR] Side.place(IoPin): Pin "inputs(6950).0" is outside east or west abutment box side.
        (y:3703.5um, yAB: [0um:3456um])

[ERROR] Side.place(IoPin): Pin "inputs(6951).0" is outside east or west abutment box side.
        (y:3704um, yAB: [0um:3456um])

[ERROR] Side.place(IoPin): Pin "inputs(6952).0" is outside east or west abutment box side.
        (y:3704.5um, yAB: [0um:3456um])

[ERROR] Side.place(IoPin): Pin "inputs(6953).0" is outside east or west abutment box side.
        (y:3705um, yAB: [0um:3456um])

[ERROR] Side.place(IoPin): Pin "inputs(6954).0" is outside east or west abutment box side.
        (y:3705.5um, yAB: [0um:3456um])

[ERROR] Side.place(IoPin): Pin "inputs(6955).0" is outside east or west abutment box side.
        (y:3706um, yAB: [0um:3456um])

[ERROR] Side.place(IoPin): Pin "inputs(6956).0" is outside east or west abutment box side.
        (y:3706.5um, yAB: [0um:3456um])

[ERROR] Side.place(IoPin): Pin "inputs(6957).0" is outside east or west abutment box side.
        (y:3707um, yAB: [0um:3456um])

[ERROR] Side.place(IoPin): Pin "inputs(6958).0" is outside east or west abutment box side.
        (y:3707.5um, yAB: [0um:3456um])

[ERROR] Side.place(IoPin): Pin "inputs(6959).0" is outside east or west abutment box side.
        (y:3708um, yAB: [0um:3456um])

[ERROR] Side.place(IoPin): Pin "inputs(6960).0" is outside east or west abutment box side.
        (y:3708.5um, yAB: [0um:3456um])

[ERROR] Side.place(IoPin): Pin "inputs(6961).0" is outside east or west abutment box side.
        (y:3709um, yAB: [0um:3456um])

[ERROR] Side.place(IoPin): Pin "inputs(6962).0" is outside east or west abutment box side.
        (y:3709.5um, yAB: [0um:3456um])

[ERROR] Side.place(IoPin): Pin "inputs(6963).0" is outside east or west abutment box side.
        (y:3710um, yAB: [0um:3456um])

[ERROR] Side.place(IoPin): Pin "inputs(6964).0" is outside east or west abutment box side.
        (y:3710.5um, yAB: [0um:3456um])

[ERROR] Side.place(IoPin): Pin "inputs(6965).0" is outside east or west abutment box side.
        (y:3711um, yAB: [0um:3456um])

[ERROR] Side.place(IoPin): Pin "inputs(6966).0" is outside east or west abutment box side.
        (y:3711.5um, yAB: [0um:3456um])

[ERROR] Side.place(IoPin): Pin "inputs(6967).0" is outside east or west abutment box side.
        (y:3712um, yAB: [0um:3456um])

[ERROR] Side.place(IoPin): Pin "inputs(6968).0" is outside east or west abutment box side.
        (y:3712.5um, yAB: [0um:3456um])

[ERROR] Side.place(IoPin): Pin "inputs(6969).0" is outside east or west abutment box side.
        (y:3713um, yAB: [0um:3456um])

[ERROR] Side.place(IoPin): Pin "inputs(6970).0" is outside east or west abutment box side.
        (y:3713.5um, yAB: [0um:3456um])

[ERROR] Side.place(IoPin): Pin "inputs(6971).0" is outside east or west abutment box side.
        (y:3714um, yAB: [0um:3456um])

[ERROR] Side.place(IoPin): Pin "inputs(6972).0" is outside east or west abutment box side.
        (y:3714.5um, yAB: [0um:3456um])

[ERROR] Side.place(IoPin): Pin "inputs(6973).0" is outside east or west abutment box side.
        (y:3715um, yAB: [0um:3456um])

[ERROR] Side.place(IoPin): Pin "inputs(6974).0" is outside east or west abutment box side.
        (y:3715.5um, yAB: [0um:3456um])

[ERROR] Side.place(IoPin): Pin "inputs(6975).0" is outside east or west abutment box side.
        (y:3716um, yAB: [0um:3456um])

[ERROR] Side.place(IoPin): Pin "inputs(6976).0" is outside east or west abutment box side.
        (y:3716.5um, yAB: [0um:3456um])

[ERROR] Side.place(IoPin): Pin "inputs(6977).0" is outside east or west abutment box side.
        (y:3717um, yAB: [0um:3456um])

[ERROR] Side.place(IoPin): Pin "inputs(6978).0" is outside east or west abutment box side.
        (y:3717.5um, yAB: [0um:3456um])

[ERROR] Side.place(IoPin): Pin "inputs(6979).0" is outside east or west abutment box side.
        (y:3718um, yAB: [0um:3456um])

[ERROR] Side.place(IoPin): Pin "inputs(6980).0" is outside east or west abutment box side.
        (y:3718.5um, yAB: [0um:3456um])

[ERROR] Side.place(IoPin): Pin "inputs(6981).0" is outside east or west abutment box side.
        (y:3719um, yAB: [0um:3456um])

[ERROR] Side.place(IoPin): Pin "inputs(6982).0" is outside east or west abutment box side.
        (y:3719.5um, yAB: [0um:3456um])

[ERROR] Side.place(IoPin): Pin "inputs(6983).0" is outside east or west abutment box side.
        (y:3720um, yAB: [0um:3456um])

[ERROR] Side.place(IoPin): Pin "inputs(6984).0" is outside east or west abutment box side.
        (y:3720.5um, yAB: [0um:3456um])

[ERROR] Side.place(IoPin): Pin "inputs(6985).0" is outside east or west abutment box side.
        (y:3721um, yAB: [0um:3456um])

[ERROR] Side.place(IoPin): Pin "inputs(6986).0" is outside east or west abutment box side.
        (y:3721.5um, yAB: [0um:3456um])

[ERROR] Side.place(IoPin): Pin "inputs(6987).0" is outside east or west abutment box side.
        (y:3722um, yAB: [0um:3456um])

[ERROR] Side.place(IoPin): Pin "inputs(6988).0" is outside east or west abutment box side.
        (y:3722.5um, yAB: [0um:3456um])

[ERROR] Side.place(IoPin): Pin "inputs(6989).0" is outside east or west abutment box side.
        (y:3723um, yAB: [0um:3456um])

[ERROR] Side.place(IoPin): Pin "inputs(6990).0" is outside east or west abutment box side.
        (y:3723.5um, yAB: [0um:3456um])

[ERROR] Side.place(IoPin): Pin "inputs(6991).0" is outside east or west abutment box side.
        (y:3724um, yAB: [0um:3456um])

[ERROR] Side.place(IoPin): Pin "inputs(6992).0" is outside east or west abutment box side.
        (y:3724.5um, yAB: [0um:3456um])

[ERROR] Side.place(IoPin): Pin "inputs(6993).0" is outside east or west abutment box side.
        (y:3725um, yAB: [0um:3456um])

[ERROR] Side.place(IoPin): Pin "inputs(6994).0" is outside east or west abutment box side.
        (y:3725.5um, yAB: [0um:3456um])

[ERROR] Side.place(IoPin): Pin "inputs(6995).0" is outside east or west abutment box side.
        (y:3726um, yAB: [0um:3456um])

[ERROR] Side.place(IoPin): Pin "inputs(6996).0" is outside east or west abutment box side.
        (y:3726.5um, yAB: [0um:3456um])

[ERROR] Side.place(IoPin): Pin "inputs(6997).0" is outside east or west abutment box side.
        (y:3727um, yAB: [0um:3456um])

[ERROR] Side.place(IoPin): Pin "inputs(6998).0" is outside east or west abutment box side.
        (y:3727.5um, yAB: [0um:3456um])

[ERROR] Side.place(IoPin): Pin "inputs(6999).0" is outside east or west abutment box side.
        (y:3728um, yAB: [0um:3456um])

[ERROR] Side.place(IoPin): Pin "inputs(7000).0" is outside east or west abutment box side.
        (y:3728.5um, yAB: [0um:3456um])

[ERROR] Side.place(IoPin): Pin "inputs(7001).0" is outside east or west abutment box side.
        (y:3729um, yAB: [0um:3456um])

[ERROR] Side.place(IoPin): Pin "inputs(7002).0" is outside east or west abutment box side.
        (y:3729.5um, yAB: [0um:3456um])

[ERROR] Side.place(IoPin): Pin "inputs(7003).0" is outside east or west abutment box side.
        (y:3730um, yAB: [0um:3456um])

[ERROR] Side.place(IoPin): Pin "inputs(7004).0" is outside east or west abutment box side.
        (y:3730.5um, yAB: [0um:3456um])

[ERROR] Side.place(IoPin): Pin "inputs(7005).0" is outside east or west abutment box side.
        (y:3731um, yAB: [0um:3456um])

[ERROR] Side.place(IoPin): Pin "inputs(7006).0" is outside east or west abutment box side.
        (y:3731.5um, yAB: [0um:3456um])

[ERROR] Side.place(IoPin): Pin "inputs(7007).0" is outside east or west abutment box side.
        (y:3732um, yAB: [0um:3456um])

[ERROR] Side.place(IoPin): Pin "inputs(7008).0" is outside east or west abutment box side.
        (y:3732.5um, yAB: [0um:3456um])

[ERROR] Side.place(IoPin): Pin "inputs(7009).0" is outside east or west abutment box side.
        (y:3733um, yAB: [0um:3456um])

[ERROR] Side.place(IoPin): Pin "inputs(7010).0" is outside east or west abutment box side.
        (y:3733.5um, yAB: [0um:3456um])

[ERROR] Side.place(IoPin): Pin "inputs(7011).0" is outside east or west abutment box side.
        (y:3734um, yAB: [0um:3456um])

[ERROR] Side.place(IoPin): Pin "inputs(7012).0" is outside east or west abutment box side.
        (y:3734.5um, yAB: [0um:3456um])

[ERROR] Side.place(IoPin): Pin "inputs(7013).0" is outside east or west abutment box side.
        (y:3735um, yAB: [0um:3456um])

[ERROR] Side.place(IoPin): Pin "inputs(7014).0" is outside east or west abutment box side.
        (y:3735.5um, yAB: [0um:3456um])

[ERROR] Side.place(IoPin): Pin "inputs(7015).0" is outside east or west abutment box side.
        (y:3736um, yAB: [0um:3456um])

[ERROR] Side.place(IoPin): Pin "inputs(7016).0" is outside east or west abutment box side.
        (y:3736.5um, yAB: [0um:3456um])

[ERROR] Side.place(IoPin): Pin "inputs(7017).0" is outside east or west abutment box side.
        (y:3737um, yAB: [0um:3456um])

[ERROR] Side.place(IoPin): Pin "inputs(7018).0" is outside east or west abutment box side.
        (y:3737.5um, yAB: [0um:3456um])

[ERROR] Side.place(IoPin): Pin "inputs(7019).0" is outside east or west abutment box side.
        (y:3738um, yAB: [0um:3456um])

[ERROR] Side.place(IoPin): Pin "inputs(7020).0" is outside east or west abutment box side.
        (y:3738.5um, yAB: [0um:3456um])

[ERROR] Side.place(IoPin): Pin "inputs(7021).0" is outside east or west abutment box side.
        (y:3739um, yAB: [0um:3456um])

[ERROR] Side.place(IoPin): Pin "inputs(7022).0" is outside east or west abutment box side.
        (y:3739.5um, yAB: [0um:3456um])

[ERROR] Side.place(IoPin): Pin "inputs(7023).0" is outside east or west abutment box side.
        (y:3740um, yAB: [0um:3456um])

[ERROR] Side.place(IoPin): Pin "inputs(7024).0" is outside east or west abutment box side.
        (y:3740.5um, yAB: [0um:3456um])

[ERROR] Side.place(IoPin): Pin "inputs(7025).0" is outside east or west abutment box side.
        (y:3741um, yAB: [0um:3456um])

[ERROR] Side.place(IoPin): Pin "inputs(7026).0" is outside east or west abutment box side.
        (y:3741.5um, yAB: [0um:3456um])

[ERROR] Side.place(IoPin): Pin "inputs(7027).0" is outside east or west abutment box side.
        (y:3742um, yAB: [0um:3456um])

[ERROR] Side.place(IoPin): Pin "inputs(7028).0" is outside east or west abutment box side.
        (y:3742.5um, yAB: [0um:3456um])

[ERROR] Side.place(IoPin): Pin "inputs(7029).0" is outside east or west abutment box side.
        (y:3743um, yAB: [0um:3456um])

[ERROR] Side.place(IoPin): Pin "inputs(7030).0" is outside east or west abutment box side.
        (y:3743.5um, yAB: [0um:3456um])

[ERROR] Side.place(IoPin): Pin "inputs(7031).0" is outside east or west abutment box side.
        (y:3744um, yAB: [0um:3456um])

[ERROR] Side.place(IoPin): Pin "inputs(7032).0" is outside east or west abutment box side.
        (y:3744.5um, yAB: [0um:3456um])

[ERROR] Side.place(IoPin): Pin "inputs(7033).0" is outside east or west abutment box side.
        (y:3745um, yAB: [0um:3456um])

[ERROR] Side.place(IoPin): Pin "inputs(7034).0" is outside east or west abutment box side.
        (y:3745.5um, yAB: [0um:3456um])

[ERROR] Side.place(IoPin): Pin "inputs(7035).0" is outside east or west abutment box side.
        (y:3746um, yAB: [0um:3456um])

[ERROR] Side.place(IoPin): Pin "inputs(7036).0" is outside east or west abutment box side.
        (y:3746.5um, yAB: [0um:3456um])

[ERROR] Side.place(IoPin): Pin "inputs(7037).0" is outside east or west abutment box side.
        (y:3747um, yAB: [0um:3456um])

[ERROR] Side.place(IoPin): Pin "inputs(7038).0" is outside east or west abutment box side.
        (y:3747.5um, yAB: [0um:3456um])

[ERROR] Side.place(IoPin): Pin "inputs(7039).0" is outside east or west abutment box side.
        (y:3748um, yAB: [0um:3456um])

[ERROR] Side.place(IoPin): Pin "inputs(7040).0" is outside east or west abutment box side.
        (y:3748.5um, yAB: [0um:3456um])

[ERROR] Side.place(IoPin): Pin "inputs(7041).0" is outside east or west abutment box side.
        (y:3749um, yAB: [0um:3456um])

[ERROR] Side.place(IoPin): Pin "inputs(7042).0" is outside east or west abutment box side.
        (y:3749.5um, yAB: [0um:3456um])

[ERROR] Side.place(IoPin): Pin "inputs(7043).0" is outside east or west abutment box side.
        (y:3750um, yAB: [0um:3456um])

[ERROR] Side.place(IoPin): Pin "inputs(7044).0" is outside east or west abutment box side.
        (y:3750.5um, yAB: [0um:3456um])

[ERROR] Side.place(IoPin): Pin "inputs(7045).0" is outside east or west abutment box side.
        (y:3751um, yAB: [0um:3456um])

[ERROR] Side.place(IoPin): Pin "inputs(7046).0" is outside east or west abutment box side.
        (y:3751.5um, yAB: [0um:3456um])

[ERROR] Side.place(IoPin): Pin "inputs(7047).0" is outside east or west abutment box side.
        (y:3752um, yAB: [0um:3456um])

[ERROR] Side.place(IoPin): Pin "inputs(7048).0" is outside east or west abutment box side.
        (y:3752.5um, yAB: [0um:3456um])

[ERROR] Side.place(IoPin): Pin "inputs(7049).0" is outside east or west abutment box side.
        (y:3753um, yAB: [0um:3456um])

[ERROR] Side.place(IoPin): Pin "inputs(7050).0" is outside east or west abutment box side.
        (y:3753.5um, yAB: [0um:3456um])

[ERROR] Side.place(IoPin): Pin "inputs(7051).0" is outside east or west abutment box side.
        (y:3754um, yAB: [0um:3456um])

[ERROR] Side.place(IoPin): Pin "inputs(7052).0" is outside east or west abutment box side.
        (y:3754.5um, yAB: [0um:3456um])

[ERROR] Side.place(IoPin): Pin "inputs(7053).0" is outside east or west abutment box side.
        (y:3755um, yAB: [0um:3456um])

[ERROR] Side.place(IoPin): Pin "inputs(7054).0" is outside east or west abutment box side.
        (y:3755.5um, yAB: [0um:3456um])

[ERROR] Side.place(IoPin): Pin "inputs(7055).0" is outside east or west abutment box side.
        (y:3756um, yAB: [0um:3456um])

[ERROR] Side.place(IoPin): Pin "inputs(7056).0" is outside east or west abutment box side.
        (y:3756.5um, yAB: [0um:3456um])

[ERROR] Side.place(IoPin): Pin "inputs(7057).0" is outside east or west abutment box side.
        (y:3757um, yAB: [0um:3456um])

[ERROR] Side.place(IoPin): Pin "inputs(7058).0" is outside east or west abutment box side.
        (y:3757.5um, yAB: [0um:3456um])

[ERROR] Side.place(IoPin): Pin "inputs(7059).0" is outside east or west abutment box side.
        (y:3758um, yAB: [0um:3456um])

[ERROR] Side.place(IoPin): Pin "inputs(7060).0" is outside east or west abutment box side.
        (y:3758.5um, yAB: [0um:3456um])

[ERROR] Side.place(IoPin): Pin "inputs(7061).0" is outside east or west abutment box side.
        (y:3759um, yAB: [0um:3456um])

[ERROR] Side.place(IoPin): Pin "inputs(7062).0" is outside east or west abutment box side.
        (y:3759.5um, yAB: [0um:3456um])

[ERROR] Side.place(IoPin): Pin "inputs(7063).0" is outside east or west abutment box side.
        (y:3760um, yAB: [0um:3456um])

[ERROR] Side.place(IoPin): Pin "inputs(7064).0" is outside east or west abutment box side.
        (y:3760.5um, yAB: [0um:3456um])

[ERROR] Side.place(IoPin): Pin "inputs(7065).0" is outside east or west abutment box side.
        (y:3761um, yAB: [0um:3456um])

[ERROR] Side.place(IoPin): Pin "inputs(7066).0" is outside east or west abutment box side.
        (y:3761.5um, yAB: [0um:3456um])

[ERROR] Side.place(IoPin): Pin "inputs(7067).0" is outside east or west abutment box side.
        (y:3762um, yAB: [0um:3456um])

[ERROR] Side.place(IoPin): Pin "inputs(7068).0" is outside east or west abutment box side.
        (y:3762.5um, yAB: [0um:3456um])

[ERROR] Side.place(IoPin): Pin "inputs(7069).0" is outside east or west abutment box side.
        (y:3763um, yAB: [0um:3456um])

[ERROR] Side.place(IoPin): Pin "inputs(7070).0" is outside east or west abutment box side.
        (y:3763.5um, yAB: [0um:3456um])

[ERROR] Side.place(IoPin): Pin "inputs(7071).0" is outside east or west abutment box side.
        (y:3764um, yAB: [0um:3456um])

[ERROR] Side.place(IoPin): Pin "inputs(7072).0" is outside east or west abutment box side.
        (y:3764.5um, yAB: [0um:3456um])

[ERROR] Side.place(IoPin): Pin "inputs(7073).0" is outside east or west abutment box side.
        (y:3765um, yAB: [0um:3456um])

[ERROR] Side.place(IoPin): Pin "inputs(7074).0" is outside east or west abutment box side.
        (y:3765.5um, yAB: [0um:3456um])

[ERROR] Side.place(IoPin): Pin "inputs(7075).0" is outside east or west abutment box side.
        (y:3766um, yAB: [0um:3456um])

[ERROR] Side.place(IoPin): Pin "inputs(7076).0" is outside east or west abutment box side.
        (y:3766.5um, yAB: [0um:3456um])

[ERROR] Side.place(IoPin): Pin "inputs(7077).0" is outside east or west abutment box side.
        (y:3767um, yAB: [0um:3456um])

[ERROR] Side.place(IoPin): Pin "inputs(7078).0" is outside east or west abutment box side.
        (y:3767.5um, yAB: [0um:3456um])

[ERROR] Side.place(IoPin): Pin "inputs(7079).0" is outside east or west abutment box side.
        (y:3768um, yAB: [0um:3456um])

[ERROR] Side.place(IoPin): Pin "inputs(7080).0" is outside east or west abutment box side.
        (y:3768.5um, yAB: [0um:3456um])

[ERROR] Side.place(IoPin): Pin "inputs(7081).0" is outside east or west abutment box side.
        (y:3769um, yAB: [0um:3456um])

[ERROR] Side.place(IoPin): Pin "inputs(7082).0" is outside east or west abutment box side.
        (y:3769.5um, yAB: [0um:3456um])

[ERROR] Side.place(IoPin): Pin "inputs(7083).0" is outside east or west abutment box side.
        (y:3770um, yAB: [0um:3456um])

[ERROR] Side.place(IoPin): Pin "inputs(7084).0" is outside east or west abutment box side.
        (y:3770.5um, yAB: [0um:3456um])

[ERROR] Side.place(IoPin): Pin "inputs(7085).0" is outside east or west abutment box side.
        (y:3771um, yAB: [0um:3456um])

[ERROR] Side.place(IoPin): Pin "inputs(7086).0" is outside east or west abutment box side.
        (y:3771.5um, yAB: [0um:3456um])

[ERROR] Side.place(IoPin): Pin "inputs(7087).0" is outside east or west abutment box side.
        (y:3772um, yAB: [0um:3456um])

[ERROR] Side.place(IoPin): Pin "inputs(7088).0" is outside east or west abutment box side.
        (y:3772.5um, yAB: [0um:3456um])

[ERROR] Side.place(IoPin): Pin "inputs(7089).0" is outside east or west abutment box side.
        (y:3773um, yAB: [0um:3456um])

[ERROR] Side.place(IoPin): Pin "inputs(7090).0" is outside east or west abutment box side.
        (y:3773.5um, yAB: [0um:3456um])

[ERROR] Side.place(IoPin): Pin "inputs(7091).0" is outside east or west abutment box side.
        (y:3774um, yAB: [0um:3456um])

[ERROR] Side.place(IoPin): Pin "inputs(7092).0" is outside east or west abutment box side.
        (y:3774.5um, yAB: [0um:3456um])

[ERROR] Side.place(IoPin): Pin "inputs(7093).0" is outside east or west abutment box side.
        (y:3775um, yAB: [0um:3456um])

[ERROR] Side.place(IoPin): Pin "inputs(7094).0" is outside east or west abutment box side.
        (y:3775.5um, yAB: [0um:3456um])

[ERROR] Side.place(IoPin): Pin "inputs(7095).0" is outside east or west abutment box side.
        (y:3776um, yAB: [0um:3456um])

[ERROR] Side.place(IoPin): Pin "inputs(7096).0" is outside east or west abutment box side.
        (y:3776.5um, yAB: [0um:3456um])

[ERROR] Side.place(IoPin): Pin "inputs(7097).0" is outside east or west abutment box side.
        (y:3777um, yAB: [0um:3456um])

[ERROR] Side.place(IoPin): Pin "inputs(7098).0" is outside east or west abutment box side.
        (y:3777.5um, yAB: [0um:3456um])

[ERROR] Side.place(IoPin): Pin "inputs(7099).0" is outside east or west abutment box side.
        (y:3778um, yAB: [0um:3456um])

[ERROR] Side.place(IoPin): Pin "inputs(7100).0" is outside east or west abutment box side.
        (y:3778.5um, yAB: [0um:3456um])

[ERROR] Side.place(IoPin): Pin "inputs(7101).0" is outside east or west abutment box side.
        (y:3779um, yAB: [0um:3456um])

[ERROR] Side.place(IoPin): Pin "inputs(7102).0" is outside east or west abutment box side.
        (y:3779.5um, yAB: [0um:3456um])

[ERROR] Side.place(IoPin): Pin "inputs(7103).0" is outside east or west abutment box side.
        (y:3780um, yAB: [0um:3456um])

[ERROR] Side.place(IoPin): Pin "inputs(7104).0" is outside east or west abutment box side.
        (y:3780.5um, yAB: [0um:3456um])

[ERROR] Side.place(IoPin): Pin "inputs(7105).0" is outside east or west abutment box side.
        (y:3781um, yAB: [0um:3456um])

[ERROR] Side.place(IoPin): Pin "inputs(7106).0" is outside east or west abutment box side.
        (y:3781.5um, yAB: [0um:3456um])

[ERROR] Side.place(IoPin): Pin "inputs(7107).0" is outside east or west abutment box side.
        (y:3782um, yAB: [0um:3456um])

[ERROR] Side.place(IoPin): Pin "inputs(7108).0" is outside east or west abutment box side.
        (y:3782.5um, yAB: [0um:3456um])

[ERROR] Side.place(IoPin): Pin "inputs(7109).0" is outside east or west abutment box side.
        (y:3783um, yAB: [0um:3456um])

[ERROR] Side.place(IoPin): Pin "inputs(7110).0" is outside east or west abutment box side.
        (y:3783.5um, yAB: [0um:3456um])

[ERROR] Side.place(IoPin): Pin "inputs(7111).0" is outside east or west abutment box side.
        (y:3784um, yAB: [0um:3456um])

[ERROR] Side.place(IoPin): Pin "inputs(7112).0" is outside east or west abutment box side.
        (y:3784.5um, yAB: [0um:3456um])

[ERROR] Side.place(IoPin): Pin "inputs(7113).0" is outside east or west abutment box side.
        (y:3785um, yAB: [0um:3456um])

[ERROR] Side.place(IoPin): Pin "inputs(7114).0" is outside east or west abutment box side.
        (y:3785.5um, yAB: [0um:3456um])

[ERROR] Side.place(IoPin): Pin "inputs(7115).0" is outside east or west abutment box side.
        (y:3786um, yAB: [0um:3456um])

[ERROR] Side.place(IoPin): Pin "inputs(7116).0" is outside east or west abutment box side.
        (y:3786.5um, yAB: [0um:3456um])

[ERROR] Side.place(IoPin): Pin "inputs(7117).0" is outside east or west abutment box side.
        (y:3787um, yAB: [0um:3456um])

[ERROR] Side.place(IoPin): Pin "inputs(7118).0" is outside east or west abutment box side.
        (y:3787.5um, yAB: [0um:3456um])

[ERROR] Side.place(IoPin): Pin "inputs(7119).0" is outside east or west abutment box side.
        (y:3788um, yAB: [0um:3456um])

[ERROR] Side.place(IoPin): Pin "inputs(7120).0" is outside east or west abutment box side.
        (y:3788.5um, yAB: [0um:3456um])

[ERROR] Side.place(IoPin): Pin "inputs(7121).0" is outside east or west abutment box side.
        (y:3789um, yAB: [0um:3456um])

[ERROR] Side.place(IoPin): Pin "inputs(7122).0" is outside east or west abutment box side.
        (y:3789.5um, yAB: [0um:3456um])

[ERROR] Side.place(IoPin): Pin "inputs(7123).0" is outside east or west abutment box side.
        (y:3790um, yAB: [0um:3456um])

[ERROR] Side.place(IoPin): Pin "inputs(7124).0" is outside east or west abutment box side.
        (y:3790.5um, yAB: [0um:3456um])

[ERROR] Side.place(IoPin): Pin "inputs(7125).0" is outside east or west abutment box side.
        (y:3791um, yAB: [0um:3456um])

[ERROR] Side.place(IoPin): Pin "inputs(7126).0" is outside east or west abutment box side.
        (y:3791.5um, yAB: [0um:3456um])

[ERROR] Side.place(IoPin): Pin "inputs(7127).0" is outside east or west abutment box side.
        (y:3792um, yAB: [0um:3456um])

[ERROR] Side.place(IoPin): Pin "inputs(7128).0" is outside east or west abutment box side.
        (y:3792.5um, yAB: [0um:3456um])

[ERROR] Side.place(IoPin): Pin "inputs(7129).0" is outside east or west abutment box side.
        (y:3793um, yAB: [0um:3456um])

[ERROR] Side.place(IoPin): Pin "inputs(7130).0" is outside east or west abutment box side.
        (y:3793.5um, yAB: [0um:3456um])

[ERROR] Side.place(IoPin): Pin "inputs(7131).0" is outside east or west abutment box side.
        (y:3794um, yAB: [0um:3456um])

[ERROR] Side.place(IoPin): Pin "inputs(7132).0" is outside east or west abutment box side.
        (y:3794.5um, yAB: [0um:3456um])

[ERROR] Side.place(IoPin): Pin "inputs(7133).0" is outside east or west abutment box side.
        (y:3795um, yAB: [0um:3456um])

[ERROR] Side.place(IoPin): Pin "inputs(7134).0" is outside east or west abutment box side.
        (y:3795.5um, yAB: [0um:3456um])

[ERROR] Side.place(IoPin): Pin "inputs(7135).0" is outside east or west abutment box side.
        (y:3796um, yAB: [0um:3456um])

[ERROR] Side.place(IoPin): Pin "inputs(7136).0" is outside east or west abutment box side.
        (y:3796.5um, yAB: [0um:3456um])

[ERROR] Side.place(IoPin): Pin "inputs(7137).0" is outside east or west abutment box side.
        (y:3797um, yAB: [0um:3456um])

[ERROR] Side.place(IoPin): Pin "inputs(7138).0" is outside east or west abutment box side.
        (y:3797.5um, yAB: [0um:3456um])

[ERROR] Side.place(IoPin): Pin "inputs(7139).0" is outside east or west abutment box side.
        (y:3798um, yAB: [0um:3456um])

[ERROR] Side.place(IoPin): Pin "inputs(7140).0" is outside east or west abutment box side.
        (y:3798.5um, yAB: [0um:3456um])

[ERROR] Side.place(IoPin): Pin "inputs(7141).0" is outside east or west abutment box side.
        (y:3799um, yAB: [0um:3456um])

[ERROR] Side.place(IoPin): Pin "inputs(7142).0" is outside east or west abutment box side.
        (y:3799.5um, yAB: [0um:3456um])

[ERROR] Side.place(IoPin): Pin "inputs(7143).0" is outside east or west abutment box side.
        (y:3800um, yAB: [0um:3456um])

[ERROR] Side.place(IoPin): Pin "inputs(7144).0" is outside east or west abutment box side.
        (y:3800.5um, yAB: [0um:3456um])

[ERROR] Side.place(IoPin): Pin "inputs(7145).0" is outside east or west abutment box side.
        (y:3801um, yAB: [0um:3456um])

[ERROR] Side.place(IoPin): Pin "inputs(7146).0" is outside east or west abutment box side.
        (y:3801.5um, yAB: [0um:3456um])

[ERROR] Side.place(IoPin): Pin "inputs(7147).0" is outside east or west abutment box side.
        (y:3802um, yAB: [0um:3456um])

[ERROR] Side.place(IoPin): Pin "inputs(7148).0" is outside east or west abutment box side.
        (y:3802.5um, yAB: [0um:3456um])

[ERROR] Side.place(IoPin): Pin "inputs(7149).0" is outside east or west abutment box side.
        (y:3803um, yAB: [0um:3456um])

[ERROR] Side.place(IoPin): Pin "inputs(7150).0" is outside east or west abutment box side.
        (y:3803.5um, yAB: [0um:3456um])

[ERROR] Side.place(IoPin): Pin "inputs(7151).0" is outside east or west abutment box side.
        (y:3804um, yAB: [0um:3456um])

[ERROR] Side.place(IoPin): Pin "inputs(7152).0" is outside east or west abutment box side.
        (y:3804.5um, yAB: [0um:3456um])

[ERROR] Side.place(IoPin): Pin "inputs(7153).0" is outside east or west abutment box side.
        (y:3805um, yAB: [0um:3456um])

[ERROR] Side.place(IoPin): Pin "inputs(7154).0" is outside east or west abutment box side.
        (y:3805.5um, yAB: [0um:3456um])

[ERROR] Side.place(IoPin): Pin "inputs(7155).0" is outside east or west abutment box side.
        (y:3806um, yAB: [0um:3456um])

[ERROR] Side.place(IoPin): Pin "inputs(7156).0" is outside east or west abutment box side.
        (y:3806.5um, yAB: [0um:3456um])

[ERROR] Side.place(IoPin): Pin "inputs(7157).0" is outside east or west abutment box side.
        (y:3807um, yAB: [0um:3456um])

[ERROR] Side.place(IoPin): Pin "inputs(7158).0" is outside east or west abutment box side.
        (y:3807.5um, yAB: [0um:3456um])

[ERROR] Side.place(IoPin): Pin "inputs(7159).0" is outside east or west abutment box side.
        (y:3808um, yAB: [0um:3456um])

[ERROR] Side.place(IoPin): Pin "inputs(7160).0" is outside east or west abutment box side.
        (y:3808.5um, yAB: [0um:3456um])

[ERROR] Side.place(IoPin): Pin "inputs(7161).0" is outside east or west abutment box side.
        (y:3809um, yAB: [0um:3456um])

[ERROR] Side.place(IoPin): Pin "inputs(7162).0" is outside east or west abutment box side.
        (y:3809.5um, yAB: [0um:3456um])

[ERROR] Side.place(IoPin): Pin "inputs(7163).0" is outside east or west abutment box side.
        (y:3810um, yAB: [0um:3456um])

[ERROR] Side.place(IoPin): Pin "inputs(7164).0" is outside east or west abutment box side.
        (y:3810.5um, yAB: [0um:3456um])

[ERROR] Side.place(IoPin): Pin "inputs(7165).0" is outside east or west abutment box side.
        (y:3811um, yAB: [0um:3456um])

[ERROR] Side.place(IoPin): Pin "inputs(7166).0" is outside east or west abutment box side.
        (y:3811.5um, yAB: [0um:3456um])

[ERROR] Side.place(IoPin): Pin "inputs(7167).0" is outside east or west abutment box side.
        (y:3812um, yAB: [0um:3456um])

[ERROR] Side.place(IoPin): Pin "inputs(7168).0" is outside east or west abutment box side.
        (y:3812.5um, yAB: [0um:3456um])

[ERROR] Side.place(IoPin): Pin "inputs(7169).0" is outside east or west abutment box side.
        (y:3813um, yAB: [0um:3456um])

[ERROR] Side.place(IoPin): Pin "inputs(7170).0" is outside east or west abutment box side.
        (y:3813.5um, yAB: [0um:3456um])

[ERROR] Side.place(IoPin): Pin "inputs(7171).0" is outside east or west abutment box side.
        (y:3814um, yAB: [0um:3456um])

[ERROR] Side.place(IoPin): Pin "inputs(7172).0" is outside east or west abutment box side.
        (y:3814.5um, yAB: [0um:3456um])

[ERROR] Side.place(IoPin): Pin "inputs(7173).0" is outside east or west abutment box side.
        (y:3815um, yAB: [0um:3456um])

[ERROR] Side.place(IoPin): Pin "inputs(7174).0" is outside east or west abutment box side.
        (y:3815.5um, yAB: [0um:3456um])

[ERROR] Side.place(IoPin): Pin "inputs(7175).0" is outside east or west abutment box side.
        (y:3816um, yAB: [0um:3456um])

[ERROR] Side.place(IoPin): Pin "inputs(7176).0" is outside east or west abutment box side.
        (y:3816.5um, yAB: [0um:3456um])

[ERROR] Side.place(IoPin): Pin "inputs(7177).0" is outside east or west abutment box side.
        (y:3817um, yAB: [0um:3456um])

[ERROR] Side.place(IoPin): Pin "inputs(7178).0" is outside east or west abutment box side.
        (y:3817.5um, yAB: [0um:3456um])

[ERROR] Side.place(IoPin): Pin "inputs(7179).0" is outside east or west abutment box side.
        (y:3818um, yAB: [0um:3456um])

[ERROR] Side.place(IoPin): Pin "inputs(7180).0" is outside east or west abutment box side.
        (y:3818.5um, yAB: [0um:3456um])

[ERROR] Side.place(IoPin): Pin "inputs(7181).0" is outside east or west abutment box side.
        (y:3819um, yAB: [0um:3456um])

[ERROR] Side.place(IoPin): Pin "inputs(7182).0" is outside east or west abutment box side.
        (y:3819.5um, yAB: [0um:3456um])

[ERROR] Side.place(IoPin): Pin "inputs(7183).0" is outside east or west abutment box side.
        (y:3820um, yAB: [0um:3456um])

[ERROR] Side.place(IoPin): Pin "inputs(7184).0" is outside east or west abutment box side.
        (y:3820.5um, yAB: [0um:3456um])

[ERROR] Side.place(IoPin): Pin "inputs(7185).0" is outside east or west abutment box side.
        (y:3821um, yAB: [0um:3456um])

[ERROR] Side.place(IoPin): Pin "inputs(7186).0" is outside east or west abutment box side.
        (y:3821.5um, yAB: [0um:3456um])

[ERROR] Side.place(IoPin): Pin "inputs(7187).0" is outside east or west abutment box side.
        (y:3822um, yAB: [0um:3456um])

[ERROR] Side.place(IoPin): Pin "inputs(7188).0" is outside east or west abutment box side.
        (y:3822.5um, yAB: [0um:3456um])

[ERROR] Side.place(IoPin): Pin "inputs(7189).0" is outside east or west abutment box side.
        (y:3823um, yAB: [0um:3456um])

[ERROR] Side.place(IoPin): Pin "inputs(7190).0" is outside east or west abutment box side.
        (y:3823.5um, yAB: [0um:3456um])

[ERROR] Side.place(IoPin): Pin "inputs(7191).0" is outside east or west abutment box side.
        (y:3824um, yAB: [0um:3456um])

[ERROR] Side.place(IoPin): Pin "inputs(7192).0" is outside east or west abutment box side.
        (y:3824.5um, yAB: [0um:3456um])

[ERROR] Side.place(IoPin): Pin "inputs(7193).0" is outside east or west abutment box side.
        (y:3825um, yAB: [0um:3456um])

[ERROR] Side.place(IoPin): Pin "inputs(7194).0" is outside east or west abutment box side.
        (y:3825.5um, yAB: [0um:3456um])

[ERROR] Side.place(IoPin): Pin "inputs(7195).0" is outside east or west abutment box side.
        (y:3826um, yAB: [0um:3456um])

[ERROR] Side.place(IoPin): Pin "inputs(7196).0" is outside east or west abutment box side.
        (y:3826.5um, yAB: [0um:3456um])

[ERROR] Side.place(IoPin): Pin "inputs(7197).0" is outside east or west abutment box side.
        (y:3827um, yAB: [0um:3456um])

[ERROR] Side.place(IoPin): Pin "inputs(7198).0" is outside east or west abutment box side.
        (y:3827.5um, yAB: [0um:3456um])

[ERROR] Side.place(IoPin): Pin "inputs(7199).0" is outside east or west abutment box side.
        (y:3828um, yAB: [0um:3456um])

[ERROR] Side.place(IoPin): Pin "inputs(7200).0" is outside east or west abutment box side.
        (y:3828.5um, yAB: [0um:3456um])

[ERROR] Side.place(IoPin): Pin "inputs(7201).0" is outside east or west abutment box side.
        (y:3829um, yAB: [0um:3456um])

[ERROR] Side.place(IoPin): Pin "inputs(7202).0" is outside east or west abutment box side.
        (y:3829.5um, yAB: [0um:3456um])

[ERROR] Side.place(IoPin): Pin "inputs(7203).0" is outside east or west abutment box side.
        (y:3830um, yAB: [0um:3456um])

[ERROR] Side.place(IoPin): Pin "inputs(7204).0" is outside east or west abutment box side.
        (y:3830.5um, yAB: [0um:3456um])

[ERROR] Side.place(IoPin): Pin "inputs(7205).0" is outside east or west abutment box side.
        (y:3831um, yAB: [0um:3456um])

[ERROR] Side.place(IoPin): Pin "inputs(7206).0" is outside east or west abutment box side.
        (y:3831.5um, yAB: [0um:3456um])

[ERROR] Side.place(IoPin): Pin "inputs(7207).0" is outside east or west abutment box side.
        (y:3832um, yAB: [0um:3456um])

[ERROR] Side.place(IoPin): Pin "inputs(7208).0" is outside east or west abutment box side.
        (y:3832.5um, yAB: [0um:3456um])

[ERROR] Side.place(IoPin): Pin "inputs(7209).0" is outside east or west abutment box side.
        (y:3833um, yAB: [0um:3456um])

[ERROR] Side.place(IoPin): Pin "inputs(7210).0" is outside east or west abutment box side.
        (y:3833.5um, yAB: [0um:3456um])

[ERROR] Side.place(IoPin): Pin "inputs(7211).0" is outside east or west abutment box side.
        (y:3834um, yAB: [0um:3456um])

[ERROR] Side.place(IoPin): Pin "inputs(7212).0" is outside east or west abutment box side.
        (y:3834.5um, yAB: [0um:3456um])

[ERROR] Side.place(IoPin): Pin "inputs(7213).0" is outside east or west abutment box side.
        (y:3835um, yAB: [0um:3456um])

[ERROR] Side.place(IoPin): Pin "inputs(7214).0" is outside east or west abutment box side.
        (y:3835.5um, yAB: [0um:3456um])

[ERROR] Side.place(IoPin): Pin "inputs(7215).0" is outside east or west abutment box side.
        (y:3836um, yAB: [0um:3456um])

[ERROR] Side.place(IoPin): Pin "inputs(7216).0" is outside east or west abutment box side.
        (y:3836.5um, yAB: [0um:3456um])

[ERROR] Side.place(IoPin): Pin "inputs(7217).0" is outside east or west abutment box side.
        (y:3837um, yAB: [0um:3456um])

[ERROR] Side.place(IoPin): Pin "inputs(7218).0" is outside east or west abutment box side.
        (y:3837.5um, yAB: [0um:3456um])

[ERROR] Side.place(IoPin): Pin "inputs(7219).0" is outside east or west abutment box side.
        (y:3838um, yAB: [0um:3456um])

[ERROR] Side.place(IoPin): Pin "inputs(7220).0" is outside east or west abutment box side.
        (y:3838.5um, yAB: [0um:3456um])

[ERROR] Side.place(IoPin): Pin "inputs(7221).0" is outside east or west abutment box side.
        (y:3839um, yAB: [0um:3456um])

[ERROR] Side.place(IoPin): Pin "inputs(7222).0" is outside east or west abutment box side.
        (y:3839.5um, yAB: [0um:3456um])

[ERROR] Side.place(IoPin): Pin "inputs(7223).0" is outside east or west abutment box side.
        (y:3840um, yAB: [0um:3456um])

[ERROR] Side.place(IoPin): Pin "inputs(7224).0" is outside east or west abutment box side.
        (y:3840.5um, yAB: [0um:3456um])

[ERROR] Side.place(IoPin): Pin "inputs(7225).0" is outside east or west abutment box side.
        (y:3841um, yAB: [0um:3456um])

[ERROR] Side.place(IoPin): Pin "inputs(7226).0" is outside east or west abutment box side.
        (y:3841.5um, yAB: [0um:3456um])

[ERROR] Side.place(IoPin): Pin "inputs(7227).0" is outside east or west abutment box side.
        (y:3842um, yAB: [0um:3456um])

[ERROR] Side.place(IoPin): Pin "inputs(7228).0" is outside east or west abutment box side.
        (y:3842.5um, yAB: [0um:3456um])

[ERROR] Side.place(IoPin): Pin "inputs(7229).0" is outside east or west abutment box side.
        (y:3843um, yAB: [0um:3456um])

[ERROR] Side.place(IoPin): Pin "inputs(7230).0" is outside east or west abutment box side.
        (y:3843.5um, yAB: [0um:3456um])

[ERROR] Side.place(IoPin): Pin "inputs(7231).0" is outside east or west abutment box side.
        (y:3844um, yAB: [0um:3456um])

[ERROR] Side.place(IoPin): Pin "inputs(7232).0" is outside east or west abutment box side.
        (y:3844.5um, yAB: [0um:3456um])

[ERROR] Side.place(IoPin): Pin "inputs(7233).0" is outside east or west abutment box side.
        (y:3845um, yAB: [0um:3456um])

[ERROR] Side.place(IoPin): Pin "inputs(7234).0" is outside east or west abutment box side.
        (y:3845.5um, yAB: [0um:3456um])

[ERROR] Side.place(IoPin): Pin "inputs(7235).0" is outside east or west abutment box side.
        (y:3846um, yAB: [0um:3456um])

[ERROR] Side.place(IoPin): Pin "inputs(7236).0" is outside east or west abutment box side.
        (y:3846.5um, yAB: [0um:3456um])

[ERROR] Side.place(IoPin): Pin "inputs(7237).0" is outside east or west abutment box side.
        (y:3847um, yAB: [0um:3456um])

[ERROR] Side.place(IoPin): Pin "inputs(7238).0" is outside east or west abutment box side.
        (y:3847.5um, yAB: [0um:3456um])

[ERROR] Side.place(IoPin): Pin "inputs(7239).0" is outside east or west abutment box side.
        (y:3848um, yAB: [0um:3456um])

[ERROR] Side.place(IoPin): Pin "inputs(7240).0" is outside east or west abutment box side.
        (y:3848.5um, yAB: [0um:3456um])

[ERROR] Side.place(IoPin): Pin "inputs(7241).0" is outside east or west abutment box side.
        (y:3849um, yAB: [0um:3456um])

[ERROR] Side.place(IoPin): Pin "inputs(7242).0" is outside east or west abutment box side.
        (y:3849.5um, yAB: [0um:3456um])

[ERROR] Side.place(IoPin): Pin "inputs(7243).0" is outside east or west abutment box side.
        (y:3850um, yAB: [0um:3456um])

[ERROR] Side.place(IoPin): Pin "inputs(7244).0" is outside east or west abutment box side.
        (y:3850.5um, yAB: [0um:3456um])

[ERROR] Side.place(IoPin): Pin "inputs(7245).0" is outside east or west abutment box side.
        (y:3851um, yAB: [0um:3456um])

[ERROR] Side.place(IoPin): Pin "inputs(7246).0" is outside east or west abutment box side.
        (y:3851.5um, yAB: [0um:3456um])

[ERROR] Side.place(IoPin): Pin "inputs(7247).0" is outside east or west abutment box side.
        (y:3852um, yAB: [0um:3456um])

[ERROR] Side.place(IoPin): Pin "inputs(7248).0" is outside east or west abutment box side.
        (y:3852.5um, yAB: [0um:3456um])

[ERROR] Side.place(IoPin): Pin "inputs(7249).0" is outside east or west abutment box side.
        (y:3853um, yAB: [0um:3456um])

[ERROR] Side.place(IoPin): Pin "inputs(7250).0" is outside east or west abutment box side.
        (y:3853.5um, yAB: [0um:3456um])

[ERROR] Side.place(IoPin): Pin "inputs(7251).0" is outside east or west abutment box side.
        (y:3854um, yAB: [0um:3456um])

[ERROR] Side.place(IoPin): Pin "inputs(7252).0" is outside east or west abutment box side.
        (y:3854.5um, yAB: [0um:3456um])

[ERROR] Side.place(IoPin): Pin "inputs(7253).0" is outside east or west abutment box side.
        (y:3855um, yAB: [0um:3456um])

[ERROR] Side.place(IoPin): Pin "inputs(7254).0" is outside east or west abutment box side.
        (y:3855.5um, yAB: [0um:3456um])

[ERROR] Side.place(IoPin): Pin "inputs(7255).0" is outside east or west abutment box side.
        (y:3856um, yAB: [0um:3456um])

[ERROR] Side.place(IoPin): Pin "inputs(7256).0" is outside east or west abutment box side.
        (y:3856.5um, yAB: [0um:3456um])

[ERROR] Side.place(IoPin): Pin "inputs(7257).0" is outside east or west abutment box side.
        (y:3857um, yAB: [0um:3456um])

[ERROR] Side.place(IoPin): Pin "inputs(7258).0" is outside east or west abutment box side.
        (y:3857.5um, yAB: [0um:3456um])

[ERROR] Side.place(IoPin): Pin "inputs(7259).0" is outside east or west abutment box side.
        (y:3858um, yAB: [0um:3456um])

[ERROR] Side.place(IoPin): Pin "inputs(7260).0" is outside east or west abutment box side.
        (y:3858.5um, yAB: [0um:3456um])

[ERROR] Side.place(IoPin): Pin "inputs(7261).0" is outside east or west abutment box side.
        (y:3859um, yAB: [0um:3456um])

[ERROR] Side.place(IoPin): Pin "inputs(7262).0" is outside east or west abutment box side.
        (y:3859.5um, yAB: [0um:3456um])

[ERROR] Side.place(IoPin): Pin "inputs(7263).0" is outside east or west abutment box side.
        (y:3860um, yAB: [0um:3456um])

[ERROR] Side.place(IoPin): Pin "inputs(7264).0" is outside east or west abutment box side.
        (y:3860.5um, yAB: [0um:3456um])

[ERROR] Side.place(IoPin): Pin "inputs(7265).0" is outside east or west abutment box side.
        (y:3861um, yAB: [0um:3456um])

[ERROR] Side.place(IoPin): Pin "inputs(7266).0" is outside east or west abutment box side.
        (y:3861.5um, yAB: [0um:3456um])

[ERROR] Side.place(IoPin): Pin "inputs(7267).0" is outside east or west abutment box side.
        (y:3862um, yAB: [0um:3456um])

[ERROR] Side.place(IoPin): Pin "inputs(7268).0" is outside east or west abutment box side.
        (y:3862.5um, yAB: [0um:3456um])

[ERROR] Side.place(IoPin): Pin "inputs(7269).0" is outside east or west abutment box side.
        (y:3863um, yAB: [0um:3456um])

[ERROR] Side.place(IoPin): Pin "inputs(7270).0" is outside east or west abutment box side.
        (y:3863.5um, yAB: [0um:3456um])

[ERROR] Side.place(IoPin): Pin "inputs(7271).0" is outside east or west abutment box side.
        (y:3864um, yAB: [0um:3456um])

[ERROR] Side.place(IoPin): Pin "inputs(7272).0" is outside east or west abutment box side.
        (y:3864.5um, yAB: [0um:3456um])

[ERROR] Side.place(IoPin): Pin "inputs(7273).0" is outside east or west abutment box side.
        (y:3865um, yAB: [0um:3456um])

[ERROR] Side.place(IoPin): Pin "inputs(7274).0" is outside east or west abutment box side.
        (y:3865.5um, yAB: [0um:3456um])

[ERROR] Side.place(IoPin): Pin "inputs(7275).0" is outside east or west abutment box side.
        (y:3866um, yAB: [0um:3456um])

[ERROR] Side.place(IoPin): Pin "inputs(7276).0" is outside east or west abutment box side.
        (y:3866.5um, yAB: [0um:3456um])

[ERROR] Side.place(IoPin): Pin "inputs(7277).0" is outside east or west abutment box side.
        (y:3867um, yAB: [0um:3456um])

[ERROR] Side.place(IoPin): Pin "inputs(7278).0" is outside east or west abutment box side.
        (y:3867.5um, yAB: [0um:3456um])

[ERROR] Side.place(IoPin): Pin "inputs(7279).0" is outside east or west abutment box side.
        (y:3868um, yAB: [0um:3456um])

[ERROR] Side.place(IoPin): Pin "inputs(7280).0" is outside east or west abutment box side.
        (y:3868.5um, yAB: [0um:3456um])

[ERROR] Side.place(IoPin): Pin "inputs(7281).0" is outside east or west abutment box side.
        (y:3869um, yAB: [0um:3456um])

[ERROR] Side.place(IoPin): Pin "inputs(7282).0" is outside east or west abutment box side.
        (y:3869.5um, yAB: [0um:3456um])

[ERROR] Side.place(IoPin): Pin "inputs(7283).0" is outside east or west abutment box side.
        (y:3870um, yAB: [0um:3456um])

[ERROR] Side.place(IoPin): Pin "inputs(7284).0" is outside east or west abutment box side.
        (y:3870.5um, yAB: [0um:3456um])

[ERROR] Side.place(IoPin): Pin "inputs(7285).0" is outside east or west abutment box side.
        (y:3871um, yAB: [0um:3456um])

[ERROR] Side.place(IoPin): Pin "inputs(7286).0" is outside east or west abutment box side.
        (y:3871.5um, yAB: [0um:3456um])

[ERROR] Side.place(IoPin): Pin "inputs(7287).0" is outside east or west abutment box side.
        (y:3872um, yAB: [0um:3456um])

[ERROR] Side.place(IoPin): Pin "inputs(7288).0" is outside east or west abutment box side.
        (y:3872.5um, yAB: [0um:3456um])

[ERROR] Side.place(IoPin): Pin "inputs(7289).0" is outside east or west abutment box side.
        (y:3873um, yAB: [0um:3456um])

[ERROR] Side.place(IoPin): Pin "inputs(7290).0" is outside east or west abutment box side.
        (y:3873.5um, yAB: [0um:3456um])

[ERROR] Side.place(IoPin): Pin "inputs(7291).0" is outside east or west abutment box side.
        (y:3874um, yAB: [0um:3456um])

[ERROR] Side.place(IoPin): Pin "inputs(7292).0" is outside east or west abutment box side.
        (y:3874.5um, yAB: [0um:3456um])

[ERROR] Side.place(IoPin): Pin "inputs(7293).0" is outside east or west abutment box side.
        (y:3875um, yAB: [0um:3456um])

[ERROR] Side.place(IoPin): Pin "inputs(7294).0" is outside east or west abutment box side.
        (y:3875.5um, yAB: [0um:3456um])

[ERROR] Side.place(IoPin): Pin "inputs(7295).0" is outside east or west abutment box side.
        (y:3876um, yAB: [0um:3456um])

[ERROR] Side.place(IoPin): Pin "inputs(7296).0" is outside east or west abutment box side.
        (y:3876.5um, yAB: [0um:3456um])

[ERROR] Side.place(IoPin): Pin "inputs(7297).0" is outside east or west abutment box side.
        (y:3877um, yAB: [0um:3456um])

[ERROR] Side.place(IoPin): Pin "inputs(7298).0" is outside east or west abutment box side.
        (y:3877.5um, yAB: [0um:3456um])

[ERROR] Side.place(IoPin): Pin "inputs(7299).0" is outside east or west abutment box side.
        (y:3878um, yAB: [0um:3456um])

[ERROR] Side.place(IoPin): Pin "inputs(7300).0" is outside east or west abutment box side.
        (y:3878.5um, yAB: [0um:3456um])

[ERROR] Side.place(IoPin): Pin "inputs(7301).0" is outside east or west abutment box side.
        (y:3879um, yAB: [0um:3456um])

[ERROR] Side.place(IoPin): Pin "inputs(7302).0" is outside east or west abutment box side.
        (y:3879.5um, yAB: [0um:3456um])

[ERROR] Side.place(IoPin): Pin "inputs(7303).0" is outside east or west abutment box side.
        (y:3880um, yAB: [0um:3456um])

[ERROR] Side.place(IoPin): Pin "inputs(7304).0" is outside east or west abutment box side.
        (y:3880.5um, yAB: [0um:3456um])

[ERROR] Side.place(IoPin): Pin "inputs(7305).0" is outside east or west abutment box side.
        (y:3881um, yAB: [0um:3456um])

[ERROR] Side.place(IoPin): Pin "inputs(7306).0" is outside east or west abutment box side.
        (y:3881.5um, yAB: [0um:3456um])

[ERROR] Side.place(IoPin): Pin "inputs(7307).0" is outside east or west abutment box side.
        (y:3882um, yAB: [0um:3456um])

[ERROR] Side.place(IoPin): Pin "inputs(7308).0" is outside east or west abutment box side.
        (y:3882.5um, yAB: [0um:3456um])

[ERROR] Side.place(IoPin): Pin "inputs(7309).0" is outside east or west abutment box side.
        (y:3883um, yAB: [0um:3456um])

[ERROR] Side.place(IoPin): Pin "inputs(7310).0" is outside east or west abutment box side.
        (y:3883.5um, yAB: [0um:3456um])

[ERROR] Side.place(IoPin): Pin "inputs(7311).0" is outside east or west abutment box side.
        (y:3884um, yAB: [0um:3456um])

[ERROR] Side.place(IoPin): Pin "inputs(7312).0" is outside east or west abutment box side.
        (y:3884.5um, yAB: [0um:3456um])

[ERROR] Side.place(IoPin): Pin "inputs(7313).0" is outside east or west abutment box side.
        (y:3885um, yAB: [0um:3456um])

[ERROR] Side.place(IoPin): Pin "inputs(7314).0" is outside east or west abutment box side.
        (y:3885.5um, yAB: [0um:3456um])

[ERROR] Side.place(IoPin): Pin "inputs(7315).0" is outside east or west abutment box side.
        (y:3886um, yAB: [0um:3456um])

[ERROR] Side.place(IoPin): Pin "inputs(7316).0" is outside east or west abutment box side.
        (y:3886.5um, yAB: [0um:3456um])

[ERROR] Side.place(IoPin): Pin "inputs(7317).0" is outside east or west abutment box side.
        (y:3887um, yAB: [0um:3456um])

[ERROR] Side.place(IoPin): Pin "inputs(7318).0" is outside east or west abutment box side.
        (y:3887.5um, yAB: [0um:3456um])

[ERROR] Side.place(IoPin): Pin "inputs(7319).0" is outside east or west abutment box side.
        (y:3888um, yAB: [0um:3456um])

[ERROR] Side.place(IoPin): Pin "inputs(7320).0" is outside east or west abutment box side.
        (y:3888.5um, yAB: [0um:3456um])

[ERROR] Side.place(IoPin): Pin "inputs(7321).0" is outside east or west abutment box side.
        (y:3889um, yAB: [0um:3456um])

[ERROR] Side.place(IoPin): Pin "inputs(7322).0" is outside east or west abutment box side.
        (y:3889.5um, yAB: [0um:3456um])

[ERROR] Side.place(IoPin): Pin "inputs(7323).0" is outside east or west abutment box side.
        (y:3890um, yAB: [0um:3456um])

[ERROR] Side.place(IoPin): Pin "inputs(7324).0" is outside east or west abutment box side.
        (y:3890.5um, yAB: [0um:3456um])

[ERROR] Side.place(IoPin): Pin "inputs(7325).0" is outside east or west abutment box side.
        (y:3891um, yAB: [0um:3456um])

[ERROR] Side.place(IoPin): Pin "inputs(7326).0" is outside east or west abutment box side.
        (y:3891.5um, yAB: [0um:3456um])

[ERROR] Side.place(IoPin): Pin "inputs(7327).0" is outside east or west abutment box side.
        (y:3892um, yAB: [0um:3456um])

[ERROR] Side.place(IoPin): Pin "inputs(7328).0" is outside east or west abutment box side.
        (y:3892.5um, yAB: [0um:3456um])

[ERROR] Side.place(IoPin): Pin "inputs(7329).0" is outside east or west abutment box side.
        (y:3893um, yAB: [0um:3456um])

[ERROR] Side.place(IoPin): Pin "inputs(7330).0" is outside east or west abutment box side.
        (y:3893.5um, yAB: [0um:3456um])

[ERROR] Side.place(IoPin): Pin "inputs(7331).0" is outside east or west abutment box side.
        (y:3894um, yAB: [0um:3456um])

[ERROR] Side.place(IoPin): Pin "inputs(7332).0" is outside east or west abutment box side.
        (y:3894.5um, yAB: [0um:3456um])

[ERROR] Side.place(IoPin): Pin "inputs(7333).0" is outside east or west abutment box side.
        (y:3895um, yAB: [0um:3456um])

[ERROR] Side.place(IoPin): Pin "inputs(7334).0" is outside east or west abutment box side.
        (y:3895.5um, yAB: [0um:3456um])

[ERROR] Side.place(IoPin): Pin "inputs(7335).0" is outside east or west abutment box side.
        (y:3896um, yAB: [0um:3456um])

[ERROR] Side.place(IoPin): Pin "inputs(7336).0" is outside east or west abutment box side.
        (y:3896.5um, yAB: [0um:3456um])

[ERROR] Side.place(IoPin): Pin "inputs(7337).0" is outside east or west abutment box side.
        (y:3897um, yAB: [0um:3456um])

[ERROR] Side.place(IoPin): Pin "inputs(7338).0" is outside east or west abutment box side.
        (y:3897.5um, yAB: [0um:3456um])

[ERROR] Side.place(IoPin): Pin "inputs(7339).0" is outside east or west abutment box side.
        (y:3898um, yAB: [0um:3456um])

[ERROR] Side.place(IoPin): Pin "inputs(7340).0" is outside east or west abutment box side.
        (y:3898.5um, yAB: [0um:3456um])

[ERROR] Side.place(IoPin): Pin "inputs(7341).0" is outside east or west abutment box side.
        (y:3899um, yAB: [0um:3456um])

[ERROR] Side.place(IoPin): Pin "inputs(7342).0" is outside east or west abutment box side.
        (y:3899.5um, yAB: [0um:3456um])

[ERROR] Side.place(IoPin): Pin "inputs(7343).0" is outside east or west abutment box side.
        (y:3900um, yAB: [0um:3456um])

[ERROR] Side.place(IoPin): Pin "inputs(7344).0" is outside east or west abutment box side.
        (y:3900.5um, yAB: [0um:3456um])

[ERROR] Side.place(IoPin): Pin "inputs(7345).0" is outside east or west abutment box side.
        (y:3901um, yAB: [0um:3456um])

[ERROR] Side.place(IoPin): Pin "inputs(7346).0" is outside east or west abutment box side.
        (y:3901.5um, yAB: [0um:3456um])

[ERROR] Side.place(IoPin): Pin "inputs(7347).0" is outside east or west abutment box side.
        (y:3902um, yAB: [0um:3456um])

[ERROR] Side.place(IoPin): Pin "inputs(7348).0" is outside east or west abutment box side.
        (y:3902.5um, yAB: [0um:3456um])

[ERROR] Side.place(IoPin): Pin "inputs(7349).0" is outside east or west abutment box side.
        (y:3903um, yAB: [0um:3456um])

[ERROR] Side.place(IoPin): Pin "inputs(7350).0" is outside east or west abutment box side.
        (y:3903.5um, yAB: [0um:3456um])

[ERROR] Side.place(IoPin): Pin "inputs(7351).0" is outside east or west abutment box side.
        (y:3904um, yAB: [0um:3456um])

[ERROR] Side.place(IoPin): Pin "inputs(7352).0" is outside east or west abutment box side.
        (y:3904.5um, yAB: [0um:3456um])

[ERROR] Side.place(IoPin): Pin "inputs(7353).0" is outside east or west abutment box side.
        (y:3905um, yAB: [0um:3456um])

[ERROR] Side.place(IoPin): Pin "inputs(7354).0" is outside east or west abutment box side.
        (y:3905.5um, yAB: [0um:3456um])

[ERROR] Side.place(IoPin): Pin "inputs(7355).0" is outside east or west abutment box side.
        (y:3906um, yAB: [0um:3456um])

[ERROR] Side.place(IoPin): Pin "inputs(7356).0" is outside east or west abutment box side.
        (y:3906.5um, yAB: [0um:3456um])

[ERROR] Side.place(IoPin): Pin "inputs(7357).0" is outside east or west abutment box side.
        (y:3907um, yAB: [0um:3456um])

[ERROR] Side.place(IoPin): Pin "inputs(7358).0" is outside east or west abutment box side.
        (y:3907.5um, yAB: [0um:3456um])

[ERROR] Side.place(IoPin): Pin "inputs(7359).0" is outside east or west abutment box side.
        (y:3908um, yAB: [0um:3456um])

[ERROR] Side.place(IoPin): Pin "inputs(7360).0" is outside east or west abutment box side.
        (y:3908.5um, yAB: [0um:3456um])

[ERROR] Side.place(IoPin): Pin "inputs(7361).0" is outside east or west abutment box side.
        (y:3909um, yAB: [0um:3456um])

[ERROR] Side.place(IoPin): Pin "inputs(7362).0" is outside east or west abutment box side.
        (y:3909.5um, yAB: [0um:3456um])

[ERROR] Side.place(IoPin): Pin "inputs(7363).0" is outside east or west abutment box side.
        (y:3910um, yAB: [0um:3456um])

[ERROR] Side.place(IoPin): Pin "inputs(7364).0" is outside east or west abutment box side.
        (y:3910.5um, yAB: [0um:3456um])

[ERROR] Side.place(IoPin): Pin "inputs(7365).0" is outside east or west abutment box side.
        (y:3911um, yAB: [0um:3456um])

[ERROR] Side.place(IoPin): Pin "inputs(7366).0" is outside east or west abutment box side.
        (y:3911.5um, yAB: [0um:3456um])

[ERROR] Side.place(IoPin): Pin "inputs(7367).0" is outside east or west abutment box side.
        (y:3912um, yAB: [0um:3456um])

[ERROR] Side.place(IoPin): Pin "inputs(7368).0" is outside east or west abutment box side.
        (y:3912.5um, yAB: [0um:3456um])

[ERROR] Side.place(IoPin): Pin "inputs(7369).0" is outside east or west abutment box side.
        (y:3913um, yAB: [0um:3456um])

[ERROR] Side.place(IoPin): Pin "inputs(7370).0" is outside east or west abutment box side.
        (y:3913.5um, yAB: [0um:3456um])

[ERROR] Side.place(IoPin): Pin "inputs(7371).0" is outside east or west abutment box side.
        (y:3914um, yAB: [0um:3456um])

[ERROR] Side.place(IoPin): Pin "inputs(7372).0" is outside east or west abutment box side.
        (y:3914.5um, yAB: [0um:3456um])

[ERROR] Side.place(IoPin): Pin "inputs(7373).0" is outside east or west abutment box side.
        (y:3915um, yAB: [0um:3456um])

[ERROR] Side.place(IoPin): Pin "inputs(7374).0" is outside east or west abutment box side.
        (y:3915.5um, yAB: [0um:3456um])

[ERROR] Side.place(IoPin): Pin "inputs(7375).0" is outside east or west abutment box side.
        (y:3916um, yAB: [0um:3456um])

[ERROR] Side.place(IoPin): Pin "inputs(7376).0" is outside east or west abutment box side.
        (y:3916.5um, yAB: [0um:3456um])

[ERROR] Side.place(IoPin): Pin "inputs(7377).0" is outside east or west abutment box side.
        (y:3917um, yAB: [0um:3456um])

[ERROR] Side.place(IoPin): Pin "inputs(7378).0" is outside east or west abutment box side.
        (y:3917.5um, yAB: [0um:3456um])

[ERROR] Side.place(IoPin): Pin "inputs(7379).0" is outside east or west abutment box side.
        (y:3918um, yAB: [0um:3456um])

[ERROR] Side.place(IoPin): Pin "inputs(7380).0" is outside east or west abutment box side.
        (y:3918.5um, yAB: [0um:3456um])

[ERROR] Side.place(IoPin): Pin "inputs(7381).0" is outside east or west abutment box side.
        (y:3919um, yAB: [0um:3456um])

[ERROR] Side.place(IoPin): Pin "inputs(7382).0" is outside east or west abutment box side.
        (y:3919.5um, yAB: [0um:3456um])

[ERROR] Side.place(IoPin): Pin "inputs(7383).0" is outside east or west abutment box side.
        (y:3920um, yAB: [0um:3456um])

[ERROR] Side.place(IoPin): Pin "inputs(7384).0" is outside east or west abutment box side.
        (y:3920.5um, yAB: [0um:3456um])

[ERROR] Side.place(IoPin): Pin "inputs(7385).0" is outside east or west abutment box side.
        (y:3921um, yAB: [0um:3456um])

[ERROR] Side.place(IoPin): Pin "inputs(7386).0" is outside east or west abutment box side.
        (y:3921.5um, yAB: [0um:3456um])

[ERROR] Side.place(IoPin): Pin "inputs(7387).0" is outside east or west abutment box side.
        (y:3922um, yAB: [0um:3456um])

[ERROR] Side.place(IoPin): Pin "inputs(7388).0" is outside east or west abutment box side.
        (y:3922.5um, yAB: [0um:3456um])

[ERROR] Side.place(IoPin): Pin "inputs(7389).0" is outside east or west abutment box side.
        (y:3923um, yAB: [0um:3456um])

[ERROR] Side.place(IoPin): Pin "inputs(7390).0" is outside east or west abutment box side.
        (y:3923.5um, yAB: [0um:3456um])

[ERROR] Side.place(IoPin): Pin "inputs(7391).0" is outside east or west abutment box side.
        (y:3924um, yAB: [0um:3456um])

[ERROR] Side.place(IoPin): Pin "inputs(7392).0" is outside east or west abutment box side.
        (y:3924.5um, yAB: [0um:3456um])

[ERROR] Side.place(IoPin): Pin "inputs(7393).0" is outside east or west abutment box side.
        (y:3925um, yAB: [0um:3456um])

[ERROR] Side.place(IoPin): Pin "inputs(7394).0" is outside east or west abutment box side.
        (y:3925.5um, yAB: [0um:3456um])

[ERROR] Side.place(IoPin): Pin "inputs(7395).0" is outside east or west abutment box side.
        (y:3926um, yAB: [0um:3456um])

[ERROR] Side.place(IoPin): Pin "inputs(7396).0" is outside east or west abutment box side.
        (y:3926.5um, yAB: [0um:3456um])

[ERROR] Side.place(IoPin): Pin "inputs(7397).0" is outside east or west abutment box side.
        (y:3927um, yAB: [0um:3456um])

[ERROR] Side.place(IoPin): Pin "inputs(7398).0" is outside east or west abutment box side.
        (y:3927.5um, yAB: [0um:3456um])

[ERROR] Side.place(IoPin): Pin "inputs(7399).0" is outside east or west abutment box side.
        (y:3928um, yAB: [0um:3456um])

[ERROR] Side.place(IoPin): Pin "inputs(7400).0" is outside east or west abutment box side.
        (y:3928.5um, yAB: [0um:3456um])

[ERROR] Side.place(IoPin): Pin "inputs(7401).0" is outside east or west abutment box side.
        (y:3929um, yAB: [0um:3456um])

[ERROR] Side.place(IoPin): Pin "inputs(7402).0" is outside east or west abutment box side.
        (y:3929.5um, yAB: [0um:3456um])

[ERROR] Side.place(IoPin): Pin "inputs(7403).0" is outside east or west abutment box side.
        (y:3930um, yAB: [0um:3456um])

[ERROR] Side.place(IoPin): Pin "inputs(7404).0" is outside east or west abutment box side.
        (y:3930.5um, yAB: [0um:3456um])

[ERROR] Side.place(IoPin): Pin "inputs(7405).0" is outside east or west abutment box side.
        (y:3931um, yAB: [0um:3456um])

[ERROR] Side.place(IoPin): Pin "inputs(7406).0" is outside east or west abutment box side.
        (y:3931.5um, yAB: [0um:3456um])

[ERROR] Side.place(IoPin): Pin "inputs(7407).0" is outside east or west abutment box side.
        (y:3932um, yAB: [0um:3456um])

[ERROR] Side.place(IoPin): Pin "inputs(7408).0" is outside east or west abutment box side.
        (y:3932.5um, yAB: [0um:3456um])

[ERROR] Side.place(IoPin): Pin "inputs(7409).0" is outside east or west abutment box side.
        (y:3933um, yAB: [0um:3456um])

[ERROR] Side.place(IoPin): Pin "inputs(7410).0" is outside east or west abutment box side.
        (y:3933.5um, yAB: [0um:3456um])

[ERROR] Side.place(IoPin): Pin "inputs(7411).0" is outside east or west abutment box side.
        (y:3934um, yAB: [0um:3456um])

[ERROR] Side.place(IoPin): Pin "inputs(7412).0" is outside east or west abutment box side.
        (y:3934.5um, yAB: [0um:3456um])

[ERROR] Side.place(IoPin): Pin "inputs(7413).0" is outside east or west abutment box side.
        (y:3935um, yAB: [0um:3456um])

[ERROR] Side.place(IoPin): Pin "inputs(7414).0" is outside east or west abutment box side.
        (y:3935.5um, yAB: [0um:3456um])

[ERROR] Side.place(IoPin): Pin "inputs(7415).0" is outside east or west abutment box side.
        (y:3936um, yAB: [0um:3456um])

[ERROR] Side.place(IoPin): Pin "inputs(7416).0" is outside east or west abutment box side.
        (y:3936.5um, yAB: [0um:3456um])

[ERROR] Side.place(IoPin): Pin "inputs(7417).0" is outside east or west abutment box side.
        (y:3937um, yAB: [0um:3456um])

[ERROR] Side.place(IoPin): Pin "inputs(7418).0" is outside east or west abutment box side.
        (y:3937.5um, yAB: [0um:3456um])

[ERROR] Side.place(IoPin): Pin "inputs(7419).0" is outside east or west abutment box side.
        (y:3938um, yAB: [0um:3456um])

[ERROR] Side.place(IoPin): Pin "inputs(7420).0" is outside east or west abutment box side.
        (y:3938.5um, yAB: [0um:3456um])

[ERROR] Side.place(IoPin): Pin "inputs(7421).0" is outside east or west abutment box side.
        (y:3939um, yAB: [0um:3456um])

[ERROR] Side.place(IoPin): Pin "inputs(7422).0" is outside east or west abutment box side.
        (y:3939.5um, yAB: [0um:3456um])

[ERROR] Side.place(IoPin): Pin "inputs(7423).0" is outside east or west abutment box side.
        (y:3940um, yAB: [0um:3456um])

[ERROR] Side.place(IoPin): Pin "inputs(7424).0" is outside east or west abutment box side.
        (y:3940.5um, yAB: [0um:3456um])

[ERROR] Side.place(IoPin): Pin "inputs(7425).0" is outside east or west abutment box side.
        (y:3941um, yAB: [0um:3456um])

[ERROR] Side.place(IoPin): Pin "inputs(7426).0" is outside east or west abutment box side.
        (y:3941.5um, yAB: [0um:3456um])

[ERROR] Side.place(IoPin): Pin "inputs(7427).0" is outside east or west abutment box side.
        (y:3942um, yAB: [0um:3456um])

[ERROR] Side.place(IoPin): Pin "inputs(7428).0" is outside east or west abutment box side.
        (y:3942.5um, yAB: [0um:3456um])

[ERROR] Side.place(IoPin): Pin "inputs(7429).0" is outside east or west abutment box side.
        (y:3943um, yAB: [0um:3456um])

[ERROR] Side.place(IoPin): Pin "inputs(7430).0" is outside east or west abutment box side.
        (y:3943.5um, yAB: [0um:3456um])

[ERROR] Side.place(IoPin): Pin "inputs(7431).0" is outside east or west abutment box side.
        (y:3944um, yAB: [0um:3456um])

[ERROR] Side.place(IoPin): Pin "inputs(7432).0" is outside east or west abutment box side.
        (y:3944.5um, yAB: [0um:3456um])

[ERROR] Side.place(IoPin): Pin "inputs(7433).0" is outside east or west abutment box side.
        (y:3945um, yAB: [0um:3456um])

[ERROR] Side.place(IoPin): Pin "inputs(7434).0" is outside east or west abutment box side.
        (y:3945.5um, yAB: [0um:3456um])

[ERROR] Side.place(IoPin): Pin "inputs(7435).0" is outside east or west abutment box side.
        (y:3946um, yAB: [0um:3456um])

[ERROR] Side.place(IoPin): Pin "inputs(7436).0" is outside east or west abutment box side.
        (y:3946.5um, yAB: [0um:3456um])

[ERROR] Side.place(IoPin): Pin "inputs(7437).0" is outside east or west abutment box side.
        (y:3947um, yAB: [0um:3456um])

[ERROR] Side.place(IoPin): Pin "inputs(7438).0" is outside east or west abutment box side.
        (y:3947.5um, yAB: [0um:3456um])

[ERROR] Side.place(IoPin): Pin "inputs(7439).0" is outside east or west abutment box side.
        (y:3948um, yAB: [0um:3456um])

[ERROR] Side.place(IoPin): Pin "inputs(7440).0" is outside east or west abutment box side.
        (y:3948.5um, yAB: [0um:3456um])

[ERROR] Side.place(IoPin): Pin "inputs(7441).0" is outside east or west abutment box side.
        (y:3949um, yAB: [0um:3456um])

[ERROR] Side.place(IoPin): Pin "inputs(7442).0" is outside east or west abutment box side.
        (y:3949.5um, yAB: [0um:3456um])

[ERROR] Side.place(IoPin): Pin "inputs(7443).0" is outside east or west abutment box side.
        (y:3950um, yAB: [0um:3456um])

[ERROR] Side.place(IoPin): Pin "inputs(7444).0" is outside east or west abutment box side.
        (y:3950.5um, yAB: [0um:3456um])

[ERROR] Side.place(IoPin): Pin "inputs(7445).0" is outside east or west abutment box side.
        (y:3951um, yAB: [0um:3456um])

[ERROR] Side.place(IoPin): Pin "inputs(7446).0" is outside east or west abutment box side.
        (y:3951.5um, yAB: [0um:3456um])

[ERROR] Side.place(IoPin): Pin "inputs(7447).0" is outside east or west abutment box side.
        (y:3952um, yAB: [0um:3456um])

[ERROR] Side.place(IoPin): Pin "inputs(7448).0" is outside east or west abutment box side.
        (y:3952.5um, yAB: [0um:3456um])

[ERROR] Side.place(IoPin): Pin "inputs(7449).0" is outside east or west abutment box side.
        (y:3953um, yAB: [0um:3456um])

[ERROR] Side.place(IoPin): Pin "inputs(7450).0" is outside east or west abutment box side.
        (y:3953.5um, yAB: [0um:3456um])

[ERROR] Side.place(IoPin): Pin "inputs(7451).0" is outside east or west abutment box side.
        (y:3954um, yAB: [0um:3456um])

[ERROR] Side.place(IoPin): Pin "inputs(7452).0" is outside east or west abutment box side.
        (y:3954.5um, yAB: [0um:3456um])

[ERROR] Side.place(IoPin): Pin "inputs(7453).0" is outside east or west abutment box side.
        (y:3955um, yAB: [0um:3456um])

[ERROR] Side.place(IoPin): Pin "inputs(7454).0" is outside east or west abutment box side.
        (y:3955.5um, yAB: [0um:3456um])

[ERROR] Side.place(IoPin): Pin "inputs(7455).0" is outside east or west abutment box side.
        (y:3956um, yAB: [0um:3456um])

[ERROR] Side.place(IoPin): Pin "inputs(7456).0" is outside east or west abutment box side.
        (y:3956.5um, yAB: [0um:3456um])

[ERROR] Side.place(IoPin): Pin "inputs(7457).0" is outside east or west abutment box side.
        (y:3957um, yAB: [0um:3456um])

[ERROR] Side.place(IoPin): Pin "inputs(7458).0" is outside east or west abutment box side.
        (y:3957.5um, yAB: [0um:3456um])

[ERROR] Side.place(IoPin): Pin "inputs(7459).0" is outside east or west abutment box side.
        (y:3958um, yAB: [0um:3456um])

[ERROR] Side.place(IoPin): Pin "inputs(7460).0" is outside east or west abutment box side.
        (y:3958.5um, yAB: [0um:3456um])

[ERROR] Side.place(IoPin): Pin "inputs(7461).0" is outside east or west abutment box side.
        (y:3959um, yAB: [0um:3456um])

[ERROR] Side.place(IoPin): Pin "inputs(7462).0" is outside east or west abutment box side.
        (y:3959.5um, yAB: [0um:3456um])

[ERROR] Side.place(IoPin): Pin "inputs(7463).0" is outside east or west abutment box side.
        (y:3960um, yAB: [0um:3456um])

[ERROR] Side.place(IoPin): Pin "inputs(7464).0" is outside east or west abutment box side.
        (y:3960.5um, yAB: [0um:3456um])

[ERROR] Side.place(IoPin): Pin "inputs(7465).0" is outside east or west abutment box side.
        (y:3961um, yAB: [0um:3456um])

[ERROR] Side.place(IoPin): Pin "inputs(7466).0" is outside east or west abutment box side.
        (y:3961.5um, yAB: [0um:3456um])

[ERROR] Side.place(IoPin): Pin "inputs(7467).0" is outside east or west abutment box side.
        (y:3962um, yAB: [0um:3456um])

[ERROR] Side.place(IoPin): Pin "inputs(7468).0" is outside east or west abutment box side.
        (y:3962.5um, yAB: [0um:3456um])

[ERROR] Side.place(IoPin): Pin "inputs(7469).0" is outside east or west abutment box side.
        (y:3963um, yAB: [0um:3456um])

[ERROR] Side.place(IoPin): Pin "inputs(7470).0" is outside east or west abutment box side.
        (y:3963.5um, yAB: [0um:3456um])

[ERROR] Side.place(IoPin): Pin "inputs(7471).0" is outside east or west abutment box side.
        (y:3964um, yAB: [0um:3456um])

[ERROR] Side.place(IoPin): Pin "inputs(7472).0" is outside east or west abutment box side.
        (y:3964.5um, yAB: [0um:3456um])

[ERROR] Side.place(IoPin): Pin "inputs(7473).0" is outside east or west abutment box side.
        (y:3965um, yAB: [0um:3456um])

[ERROR] Side.place(IoPin): Pin "inputs(7474).0" is outside east or west abutment box side.
        (y:3965.5um, yAB: [0um:3456um])

[ERROR] Side.place(IoPin): Pin "inputs(7475).0" is outside east or west abutment box side.
        (y:3966um, yAB: [0um:3456um])

[ERROR] Side.place(IoPin): Pin "inputs(7476).0" is outside east or west abutment box side.
        (y:3966.5um, yAB: [0um:3456um])

[ERROR] Side.place(IoPin): Pin "inputs(7477).0" is outside east or west abutment box side.
        (y:3967um, yAB: [0um:3456um])

[ERROR] Side.place(IoPin): Pin "inputs(7478).0" is outside east or west abutment box side.
        (y:3967.5um, yAB: [0um:3456um])

[ERROR] Side.place(IoPin): Pin "inputs(7479).0" is outside east or west abutment box side.
        (y:3968um, yAB: [0um:3456um])

[ERROR] Side.place(IoPin): Pin "inputs(7480).0" is outside east or west abutment box side.
        (y:3968.5um, yAB: [0um:3456um])

[ERROR] Side.place(IoPin): Pin "inputs(7481).0" is outside east or west abutment box side.
        (y:3969um, yAB: [0um:3456um])

[ERROR] Side.place(IoPin): Pin "inputs(7482).0" is outside east or west abutment box side.
        (y:3969.5um, yAB: [0um:3456um])

[ERROR] Side.place(IoPin): Pin "inputs(7483).0" is outside east or west abutment box side.
        (y:3970um, yAB: [0um:3456um])

[ERROR] Side.place(IoPin): Pin "inputs(7484).0" is outside east or west abutment box side.
        (y:3970.5um, yAB: [0um:3456um])

[ERROR] Side.place(IoPin): Pin "inputs(7485).0" is outside east or west abutment box side.
        (y:3971um, yAB: [0um:3456um])

[ERROR] Side.place(IoPin): Pin "inputs(7486).0" is outside east or west abutment box side.
        (y:3971.5um, yAB: [0um:3456um])

[ERROR] Side.place(IoPin): Pin "inputs(7487).0" is outside east or west abutment box side.
        (y:3972um, yAB: [0um:3456um])

[ERROR] Side.place(IoPin): Pin "inputs(7488).0" is outside east or west abutment box side.
        (y:3972.5um, yAB: [0um:3456um])

[ERROR] Side.place(IoPin): Pin "inputs(7489).0" is outside east or west abutment box side.
        (y:3973um, yAB: [0um:3456um])

[ERROR] Side.place(IoPin): Pin "inputs(7490).0" is outside east or west abutment box side.
        (y:3973.5um, yAB: [0um:3456um])

[ERROR] Side.place(IoPin): Pin "inputs(7491).0" is outside east or west abutment box side.
        (y:3974um, yAB: [0um:3456um])

[ERROR] Side.place(IoPin): Pin "inputs(7492).0" is outside east or west abutment box side.
        (y:3974.5um, yAB: [0um:3456um])

[ERROR] Side.place(IoPin): Pin "inputs(7493).0" is outside east or west abutment box side.
        (y:3975um, yAB: [0um:3456um])

[ERROR] Side.place(IoPin): Pin "inputs(7494).0" is outside east or west abutment box side.
        (y:3975.5um, yAB: [0um:3456um])

[ERROR] Side.place(IoPin): Pin "inputs(7495).0" is outside east or west abutment box side.
        (y:3976um, yAB: [0um:3456um])

[ERROR] Side.place(IoPin): Pin "inputs(7496).0" is outside east or west abutment box side.
        (y:3976.5um, yAB: [0um:3456um])

[ERROR] Side.place(IoPin): Pin "inputs(7497).0" is outside east or west abutment box side.
        (y:3977um, yAB: [0um:3456um])

[ERROR] Side.place(IoPin): Pin "inputs(7498).0" is outside east or west abutment box side.
        (y:3977.5um, yAB: [0um:3456um])

[ERROR] Side.place(IoPin): Pin "inputs(7499).0" is outside east or west abutment box side.
        (y:3978um, yAB: [0um:3456um])

[ERROR] Side.place(IoPin): Pin "inputs(7500).0" is outside east or west abutment box side.
        (y:3978.5um, yAB: [0um:3456um])

[ERROR] Side.place(IoPin): Pin "inputs(7501).0" is outside east or west abutment box side.
        (y:3979um, yAB: [0um:3456um])

[ERROR] Side.place(IoPin): Pin "inputs(7502).0" is outside east or west abutment box side.
        (y:3979.5um, yAB: [0um:3456um])

[ERROR] Side.place(IoPin): Pin "inputs(7503).0" is outside east or west abutment box side.
        (y:3980um, yAB: [0um:3456um])

[ERROR] Side.place(IoPin): Pin "inputs(7504).0" is outside east or west abutment box side.
        (y:3980.5um, yAB: [0um:3456um])

[ERROR] Side.place(IoPin): Pin "inputs(7505).0" is outside east or west abutment box side.
        (y:3981um, yAB: [0um:3456um])

[ERROR] Side.place(IoPin): Pin "inputs(7506).0" is outside east or west abutment box side.
        (y:3981.5um, yAB: [0um:3456um])

[ERROR] Side.place(IoPin): Pin "inputs(7507).0" is outside east or west abutment box side.
        (y:3982um, yAB: [0um:3456um])

[ERROR] Side.place(IoPin): Pin "inputs(7508).0" is outside east or west abutment box side.
        (y:3982.5um, yAB: [0um:3456um])

[ERROR] Side.place(IoPin): Pin "inputs(7509).0" is outside east or west abutment box side.
        (y:3983um, yAB: [0um:3456um])

[ERROR] Side.place(IoPin): Pin "inputs(7510).0" is outside east or west abutment box side.
        (y:3983.5um, yAB: [0um:3456um])

[ERROR] Side.place(IoPin): Pin "inputs(7511).0" is outside east or west abutment box side.
        (y:3984um, yAB: [0um:3456um])

[ERROR] Side.place(IoPin): Pin "inputs(7512).0" is outside east or west abutment box side.
        (y:3984.5um, yAB: [0um:3456um])

[ERROR] Side.place(IoPin): Pin "inputs(7513).0" is outside east or west abutment box side.
        (y:3985um, yAB: [0um:3456um])

[ERROR] Side.place(IoPin): Pin "inputs(7514).0" is outside east or west abutment box side.
        (y:3985.5um, yAB: [0um:3456um])

[ERROR] Side.place(IoPin): Pin "inputs(7515).0" is outside east or west abutment box side.
        (y:3986um, yAB: [0um:3456um])

[ERROR] Side.place(IoPin): Pin "inputs(7516).0" is outside east or west abutment box side.
        (y:3986.5um, yAB: [0um:3456um])

[ERROR] Side.place(IoPin): Pin "inputs(7517).0" is outside east or west abutment box side.
        (y:3987um, yAB: [0um:3456um])

[ERROR] Side.place(IoPin): Pin "inputs(7518).0" is outside east or west abutment box side.
        (y:3987.5um, yAB: [0um:3456um])

[ERROR] Side.place(IoPin): Pin "inputs(7519).0" is outside east or west abutment box side.
        (y:3988um, yAB: [0um:3456um])

[ERROR] Side.place(IoPin): Pin "inputs(7520).0" is outside east or west abutment box side.
        (y:3988.5um, yAB: [0um:3456um])

[ERROR] Side.place(IoPin): Pin "inputs(7521).0" is outside east or west abutment box side.
        (y:3989um, yAB: [0um:3456um])

[ERROR] Side.place(IoPin): Pin "inputs(7522).0" is outside east or west abutment box side.
        (y:3989.5um, yAB: [0um:3456um])

[ERROR] Side.place(IoPin): Pin "inputs(7523).0" is outside east or west abutment box side.
        (y:3990um, yAB: [0um:3456um])

[ERROR] Side.place(IoPin): Pin "inputs(7524).0" is outside east or west abutment box side.
        (y:3990.5um, yAB: [0um:3456um])

[ERROR] Side.place(IoPin): Pin "inputs(7525).0" is outside east or west abutment box side.
        (y:3991um, yAB: [0um:3456um])

[ERROR] Side.place(IoPin): Pin "inputs(7526).0" is outside east or west abutment box side.
        (y:3991.5um, yAB: [0um:3456um])

[ERROR] Side.place(IoPin): Pin "inputs(7527).0" is outside east or west abutment box side.
        (y:3992um, yAB: [0um:3456um])

[ERROR] Side.place(IoPin): Pin "inputs(7528).0" is outside east or west abutment box side.
        (y:3992.5um, yAB: [0um:3456um])

[ERROR] Side.place(IoPin): Pin "inputs(7529).0" is outside east or west abutment box side.
        (y:3993um, yAB: [0um:3456um])

[ERROR] Side.place(IoPin): Pin "inputs(7530).0" is outside east or west abutment box side.
        (y:3993.5um, yAB: [0um:3456um])

[ERROR] Side.place(IoPin): Pin "inputs(7531).0" is outside east or west abutment box side.
        (y:3994um, yAB: [0um:3456um])

[ERROR] Side.place(IoPin): Pin "inputs(7532).0" is outside east or west abutment box side.
        (y:3994.5um, yAB: [0um:3456um])

[ERROR] Side.place(IoPin): Pin "inputs(7533).0" is outside east or west abutment box side.
        (y:3995um, yAB: [0um:3456um])

[ERROR] Side.place(IoPin): Pin "inputs(7534).0" is outside east or west abutment box side.
        (y:3995.5um, yAB: [0um:3456um])

[ERROR] Side.place(IoPin): Pin "inputs(7535).0" is outside east or west abutment box side.
        (y:3996um, yAB: [0um:3456um])

[ERROR] Side.place(IoPin): Pin "inputs(7536).0" is outside east or west abutment box side.
        (y:3996.5um, yAB: [0um:3456um])

[ERROR] Side.place(IoPin): Pin "inputs(7537).0" is outside east or west abutment box side.
        (y:3997um, yAB: [0um:3456um])

[ERROR] Side.place(IoPin): Pin "inputs(7538).0" is outside east or west abutment box side.
        (y:3997.5um, yAB: [0um:3456um])

[ERROR] Side.place(IoPin): Pin "inputs(7539).0" is outside east or west abutment box side.
        (y:3998um, yAB: [0um:3456um])

[ERROR] Side.place(IoPin): Pin "inputs(7540).0" is outside east or west abutment box side.
        (y:3998.5um, yAB: [0um:3456um])

[ERROR] Side.place(IoPin): Pin "inputs(7541).0" is outside east or west abutment box side.
        (y:3999um, yAB: [0um:3456um])

[ERROR] Side.place(IoPin): Pin "inputs(7542).0" is outside east or west abutment box side.
        (y:3999.5um, yAB: [0um:3456um])

[ERROR] Side.place(IoPin): Pin "inputs(7543).0" is outside east or west abutment box side.
        (y:4000um, yAB: [0um:3456um])

[ERROR] Side.place(IoPin): Pin "inputs(7544).0" is outside east or west abutment box side.
        (y:4000.5um, yAB: [0um:3456um])

[ERROR] Side.place(IoPin): Pin "inputs(7545).0" is outside east or west abutment box side.
        (y:4001um, yAB: [0um:3456um])

[ERROR] Side.place(IoPin): Pin "inputs(7546).0" is outside east or west abutment box side.
        (y:4001.5um, yAB: [0um:3456um])

[ERROR] Side.place(IoPin): Pin "inputs(7547).0" is outside east or west abutment box side.
        (y:4002um, yAB: [0um:3456um])

[ERROR] Side.place(IoPin): Pin "inputs(7548).0" is outside east or west abutment box side.
        (y:4002.5um, yAB: [0um:3456um])

[ERROR] Side.place(IoPin): Pin "inputs(7549).0" is outside east or west abutment box side.
        (y:4003um, yAB: [0um:3456um])

[ERROR] Side.place(IoPin): Pin "inputs(7550).0" is outside east or west abutment box side.
        (y:4003.5um, yAB: [0um:3456um])

[ERROR] Side.place(IoPin): Pin "inputs(7551).0" is outside east or west abutment box side.
        (y:4004um, yAB: [0um:3456um])

[ERROR] Side.place(IoPin): Pin "inputs(7552).0" is outside east or west abutment box side.
        (y:4004.5um, yAB: [0um:3456um])

[ERROR] Side.place(IoPin): Pin "inputs(7553).0" is outside east or west abutment box side.
        (y:4005um, yAB: [0um:3456um])

[ERROR] Side.place(IoPin): Pin "inputs(7554).0" is outside east or west abutment box side.
        (y:4005.5um, yAB: [0um:3456um])

[ERROR] Side.place(IoPin): Pin "inputs(7555).0" is outside east or west abutment box side.
        (y:4006um, yAB: [0um:3456um])

[ERROR] Side.place(IoPin): Pin "inputs(7556).0" is outside east or west abutment box side.
        (y:4006.5um, yAB: [0um:3456um])

[ERROR] Side.place(IoPin): Pin "inputs(7557).0" is outside east or west abutment box side.
        (y:4007um, yAB: [0um:3456um])

[ERROR] Side.place(IoPin): Pin "inputs(7558).0" is outside east or west abutment box side.
        (y:4007.5um, yAB: [0um:3456um])

[ERROR] Side.place(IoPin): Pin "inputs(7559).0" is outside east or west abutment box side.
        (y:4008um, yAB: [0um:3456um])

[ERROR] Side.place(IoPin): Pin "inputs(7560).0" is outside east or west abutment box side.
        (y:4008.5um, yAB: [0um:3456um])

[ERROR] Side.place(IoPin): Pin "inputs(7561).0" is outside east or west abutment box side.
        (y:4009um, yAB: [0um:3456um])

[ERROR] Side.place(IoPin): Pin "inputs(7562).0" is outside east or west abutment box side.
        (y:4009.5um, yAB: [0um:3456um])

[ERROR] Side.place(IoPin): Pin "inputs(7563).0" is outside east or west abutment box side.
        (y:4010um, yAB: [0um:3456um])

[ERROR] Side.place(IoPin): Pin "inputs(7564).0" is outside east or west abutment box side.
        (y:4010.5um, yAB: [0um:3456um])

[ERROR] Side.place(IoPin): Pin "inputs(7565).0" is outside east or west abutment box side.
        (y:4011um, yAB: [0um:3456um])

[ERROR] Side.place(IoPin): Pin "inputs(7566).0" is outside east or west abutment box side.
        (y:4011.5um, yAB: [0um:3456um])

[ERROR] Side.place(IoPin): Pin "inputs(7567).0" is outside east or west abutment box side.
        (y:4012um, yAB: [0um:3456um])

[ERROR] Side.place(IoPin): Pin "inputs(7568).0" is outside east or west abutment box side.
        (y:4012.5um, yAB: [0um:3456um])

[ERROR] Side.place(IoPin): Pin "inputs(7569).0" is outside east or west abutment box side.
        (y:4013um, yAB: [0um:3456um])

[ERROR] Side.place(IoPin): Pin "inputs(7570).0" is outside east or west abutment box side.
        (y:4013.5um, yAB: [0um:3456um])

[ERROR] Side.place(IoPin): Pin "inputs(7571).0" is outside east or west abutment box side.
        (y:4014um, yAB: [0um:3456um])

[ERROR] Side.place(IoPin): Pin "inputs(7572).0" is outside east or west abutment box side.
        (y:4014.5um, yAB: [0um:3456um])

[ERROR] Side.place(IoPin): Pin "inputs(7573).0" is outside east or west abutment box side.
        (y:4015um, yAB: [0um:3456um])

[ERROR] Side.place(IoPin): Pin "inputs(7574).0" is outside east or west abutment box side.
        (y:4015.5um, yAB: [0um:3456um])

[ERROR] Side.place(IoPin): Pin "inputs(7575).0" is outside east or west abutment box side.
        (y:4016um, yAB: [0um:3456um])

[ERROR] Side.place(IoPin): Pin "inputs(7576).0" is outside east or west abutment box side.
        (y:4016.5um, yAB: [0um:3456um])

[ERROR] Side.place(IoPin): Pin "inputs(7577).0" is outside east or west abutment box side.
        (y:4017um, yAB: [0um:3456um])

[ERROR] Side.place(IoPin): Pin "inputs(7578).0" is outside east or west abutment box side.
        (y:4017.5um, yAB: [0um:3456um])

[ERROR] Side.place(IoPin): Pin "inputs(7579).0" is outside east or west abutment box side.
        (y:4018um, yAB: [0um:3456um])

[ERROR] Side.place(IoPin): Pin "inputs(7580).0" is outside east or west abutment box side.
        (y:4018.5um, yAB: [0um:3456um])

[ERROR] Side.place(IoPin): Pin "inputs(7581).0" is outside east or west abutment box side.
        (y:4019um, yAB: [0um:3456um])

[ERROR] Side.place(IoPin): Pin "inputs(7582).0" is outside east or west abutment box side.
        (y:4019.5um, yAB: [0um:3456um])

[ERROR] Side.place(IoPin): Pin "inputs(7583).0" is outside east or west abutment box side.
        (y:4020um, yAB: [0um:3456um])

[ERROR] Side.place(IoPin): Pin "inputs(7584).0" is outside east or west abutment box side.
        (y:4020.5um, yAB: [0um:3456um])

[ERROR] Side.place(IoPin): Pin "inputs(7585).0" is outside east or west abutment box side.
        (y:4021um, yAB: [0um:3456um])

[ERROR] Side.place(IoPin): Pin "inputs(7586).0" is outside east or west abutment box side.
        (y:4021.5um, yAB: [0um:3456um])

[ERROR] Side.place(IoPin): Pin "inputs(7587).0" is outside east or west abutment box side.
        (y:4022um, yAB: [0um:3456um])

[ERROR] Side.place(IoPin): Pin "inputs(7588).0" is outside east or west abutment box side.
        (y:4022.5um, yAB: [0um:3456um])

[ERROR] Side.place(IoPin): Pin "inputs(7589).0" is outside east or west abutment box side.
        (y:4023um, yAB: [0um:3456um])

[ERROR] Side.place(IoPin): Pin "inputs(7590).0" is outside east or west abutment box side.
        (y:4023.5um, yAB: [0um:3456um])

[ERROR] Side.place(IoPin): Pin "inputs(7591).0" is outside east or west abutment box side.
        (y:4024um, yAB: [0um:3456um])

[ERROR] Side.place(IoPin): Pin "inputs(7592).0" is outside east or west abutment box side.
        (y:4024.5um, yAB: [0um:3456um])

[ERROR] Side.place(IoPin): Pin "inputs(7593).0" is outside east or west abutment box side.
        (y:4025um, yAB: [0um:3456um])

[ERROR] Side.place(IoPin): Pin "inputs(7594).0" is outside east or west abutment box side.
        (y:4025.5um, yAB: [0um:3456um])

[ERROR] Side.place(IoPin): Pin "inputs(7595).0" is outside east or west abutment box side.
        (y:4026um, yAB: [0um:3456um])

[ERROR] Side.place(IoPin): Pin "inputs(7596).0" is outside east or west abutment box side.
        (y:4026.5um, yAB: [0um:3456um])

[ERROR] Side.place(IoPin): Pin "inputs(7597).0" is outside east or west abutment box side.
        (y:4027um, yAB: [0um:3456um])

[ERROR] Side.place(IoPin): Pin "inputs(7598).0" is outside east or west abutment box side.
        (y:4027.5um, yAB: [0um:3456um])

[ERROR] Side.place(IoPin): Pin "inputs(7599).0" is outside east or west abutment box side.
        (y:4028um, yAB: [0um:3456um])

[ERROR] Side.place(IoPin): Pin "inputs(7600).0" is outside east or west abutment box side.
        (y:4028.5um, yAB: [0um:3456um])

[ERROR] Side.place(IoPin): Pin "inputs(7601).0" is outside east or west abutment box side.
        (y:4029um, yAB: [0um:3456um])

[ERROR] Side.place(IoPin): Pin "inputs(7602).0" is outside east or west abutment box side.
        (y:4029.5um, yAB: [0um:3456um])

[ERROR] Side.place(IoPin): Pin "inputs(7603).0" is outside east or west abutment box side.
        (y:4030um, yAB: [0um:3456um])

[ERROR] Side.place(IoPin): Pin "inputs(7604).0" is outside east or west abutment box side.
        (y:4030.5um, yAB: [0um:3456um])

[ERROR] Side.place(IoPin): Pin "inputs(7605).0" is outside east or west abutment box side.
        (y:4031um, yAB: [0um:3456um])

[ERROR] Side.place(IoPin): Pin "inputs(7606).0" is outside east or west abutment box side.
        (y:4031.5um, yAB: [0um:3456um])

[ERROR] Side.place(IoPin): Pin "inputs(7607).0" is outside east or west abutment box side.
        (y:4032um, yAB: [0um:3456um])

[ERROR] Side.place(IoPin): Pin "inputs(7608).0" is outside east or west abutment box side.
        (y:4032.5um, yAB: [0um:3456um])

[ERROR] Side.place(IoPin): Pin "inputs(7609).0" is outside east or west abutment box side.
        (y:4033um, yAB: [0um:3456um])

[ERROR] Side.place(IoPin): Pin "inputs(7610).0" is outside east or west abutment box side.
        (y:4033.5um, yAB: [0um:3456um])

[ERROR] Side.place(IoPin): Pin "inputs(7611).0" is outside east or west abutment box side.
        (y:4034um, yAB: [0um:3456um])

[ERROR] Side.place(IoPin): Pin "inputs(7612).0" is outside east or west abutment box side.
        (y:4034.5um, yAB: [0um:3456um])

[ERROR] Side.place(IoPin): Pin "inputs(7613).0" is outside east or west abutment box side.
        (y:4035um, yAB: [0um:3456um])

[ERROR] Side.place(IoPin): Pin "inputs(7614).0" is outside east or west abutment box side.
        (y:4035.5um, yAB: [0um:3456um])

[ERROR] Side.place(IoPin): Pin "inputs(7615).0" is outside east or west abutment box side.
        (y:4036um, yAB: [0um:3456um])

[ERROR] Side.place(IoPin): Pin "inputs(7616).0" is outside east or west abutment box side.
        (y:4036.5um, yAB: [0um:3456um])

[ERROR] Side.place(IoPin): Pin "inputs(7617).0" is outside east or west abutment box side.
        (y:4037um, yAB: [0um:3456um])

[ERROR] Side.place(IoPin): Pin "inputs(7618).0" is outside east or west abutment box side.
        (y:4037.5um, yAB: [0um:3456um])

[ERROR] Side.place(IoPin): Pin "inputs(7619).0" is outside east or west abutment box side.
        (y:4038um, yAB: [0um:3456um])

[ERROR] Side.place(IoPin): Pin "inputs(7620).0" is outside east or west abutment box side.
        (y:4038.5um, yAB: [0um:3456um])

[ERROR] Side.place(IoPin): Pin "inputs(7621).0" is outside east or west abutment box side.
        (y:4039um, yAB: [0um:3456um])

[ERROR] Side.place(IoPin): Pin "inputs(7622).0" is outside east or west abutment box side.
        (y:4039.5um, yAB: [0um:3456um])

[ERROR] Side.place(IoPin): Pin "inputs(7623).0" is outside east or west abutment box side.
        (y:4040um, yAB: [0um:3456um])

[ERROR] Side.place(IoPin): Pin "inputs(7624).0" is outside east or west abutment box side.
        (y:4040.5um, yAB: [0um:3456um])

[ERROR] Side.place(IoPin): Pin "inputs(7625).0" is outside east or west abutment box side.
        (y:4041um, yAB: [0um:3456um])

[ERROR] Side.place(IoPin): Pin "inputs(7626).0" is outside east or west abutment box side.
        (y:4041.5um, yAB: [0um:3456um])

[ERROR] Side.place(IoPin): Pin "inputs(7627).0" is outside east or west abutment box side.
        (y:4042um, yAB: [0um:3456um])

[ERROR] Side.place(IoPin): Pin "inputs(7628).0" is outside east or west abutment box side.
        (y:4042.5um, yAB: [0um:3456um])

[ERROR] Side.place(IoPin): Pin "inputs(7629).0" is outside east or west abutment box side.
        (y:4043um, yAB: [0um:3456um])

[ERROR] Side.place(IoPin): Pin "inputs(7630).0" is outside east or west abutment box side.
        (y:4043.5um, yAB: [0um:3456um])

[ERROR] Side.place(IoPin): Pin "inputs(7631).0" is outside east or west abutment box side.
        (y:4044um, yAB: [0um:3456um])

[ERROR] Side.place(IoPin): Pin "inputs(7632).0" is outside east or west abutment box side.
        (y:4044.5um, yAB: [0um:3456um])

[ERROR] Side.place(IoPin): Pin "inputs(7633).0" is outside east or west abutment box side.
        (y:4045um, yAB: [0um:3456um])

[ERROR] Side.place(IoPin): Pin "inputs(7634).0" is outside east or west abutment box side.
        (y:4045.5um, yAB: [0um:3456um])

[ERROR] Side.place(IoPin): Pin "inputs(7635).0" is outside east or west abutment box side.
        (y:4046um, yAB: [0um:3456um])

[ERROR] Side.place(IoPin): Pin "inputs(7636).0" is outside east or west abutment box side.
        (y:4046.5um, yAB: [0um:3456um])

[ERROR] Side.place(IoPin): Pin "inputs(7637).0" is outside east or west abutment box side.
        (y:4047um, yAB: [0um:3456um])

[ERROR] Side.place(IoPin): Pin "inputs(7638).0" is outside east or west abutment box side.
        (y:4047.5um, yAB: [0um:3456um])

[ERROR] Side.place(IoPin): Pin "inputs(7639).0" is outside east or west abutment box side.
        (y:4048um, yAB: [0um:3456um])

[ERROR] Side.place(IoPin): Pin "inputs(7640).0" is outside east or west abutment box side.
        (y:4048.5um, yAB: [0um:3456um])

[ERROR] Side.place(IoPin): Pin "inputs(7641).0" is outside east or west abutment box side.
        (y:4049um, yAB: [0um:3456um])

[ERROR] Side.place(IoPin): Pin "inputs(7642).0" is outside east or west abutment box side.
        (y:4049.5um, yAB: [0um:3456um])

[ERROR] Side.place(IoPin): Pin "inputs(7643).0" is outside east or west abutment box side.
        (y:4050um, yAB: [0um:3456um])

[ERROR] Side.place(IoPin): Pin "inputs(7644).0" is outside east or west abutment box side.
        (y:4050.5um, yAB: [0um:3456um])

[ERROR] Side.place(IoPin): Pin "inputs(7645).0" is outside east or west abutment box side.
        (y:4051um, yAB: [0um:3456um])

[ERROR] Side.place(IoPin): Pin "inputs(7646).0" is outside east or west abutment box side.
        (y:4051.5um, yAB: [0um:3456um])

[ERROR] Side.place(IoPin): Pin "inputs(7647).0" is outside east or west abutment box side.
        (y:4052um, yAB: [0um:3456um])

[ERROR] Side.place(IoPin): Pin "inputs(7648).0" is outside east or west abutment box side.
        (y:4052.5um, yAB: [0um:3456um])

[ERROR] Side.place(IoPin): Pin "inputs(7649).0" is outside east or west abutment box side.
        (y:4053um, yAB: [0um:3456um])

[ERROR] Side.place(IoPin): Pin "inputs(7650).0" is outside east or west abutment box side.
        (y:4053.5um, yAB: [0um:3456um])

[ERROR] Side.place(IoPin): Pin "inputs(7651).0" is outside east or west abutment box side.
        (y:4054um, yAB: [0um:3456um])

[ERROR] Side.place(IoPin): Pin "inputs(7652).0" is outside east or west abutment box side.
        (y:4054.5um, yAB: [0um:3456um])

[ERROR] Side.place(IoPin): Pin "inputs(7653).0" is outside east or west abutment box side.
        (y:4055um, yAB: [0um:3456um])

[ERROR] Side.place(IoPin): Pin "inputs(7654).0" is outside east or west abutment box side.
        (y:4055.5um, yAB: [0um:3456um])

[ERROR] Side.place(IoPin): Pin "inputs(7655).0" is outside east or west abutment box side.
        (y:4056um, yAB: [0um:3456um])

[ERROR] Side.place(IoPin): Pin "inputs(7656).0" is outside east or west abutment box side.
        (y:4056.5um, yAB: [0um:3456um])

[ERROR] Side.place(IoPin): Pin "inputs(7657).0" is outside east or west abutment box side.
        (y:4057um, yAB: [0um:3456um])

[ERROR] Side.place(IoPin): Pin "inputs(7658).0" is outside east or west abutment box side.
        (y:4057.5um, yAB: [0um:3456um])

[ERROR] Side.place(IoPin): Pin "inputs(7659).0" is outside east or west abutment box side.
        (y:4058um, yAB: [0um:3456um])

[ERROR] Side.place(IoPin): Pin "inputs(7660).0" is outside east or west abutment box side.
        (y:4058.5um, yAB: [0um:3456um])

[ERROR] Side.place(IoPin): Pin "inputs(7661).0" is outside east or west abutment box side.
        (y:4059um, yAB: [0um:3456um])

[ERROR] Side.place(IoPin): Pin "inputs(7662).0" is outside east or west abutment box side.
        (y:4059.5um, yAB: [0um:3456um])

[ERROR] Side.place(IoPin): Pin "inputs(7663).0" is outside east or west abutment box side.
        (y:4060um, yAB: [0um:3456um])

[ERROR] Side.place(IoPin): Pin "inputs(7664).0" is outside east or west abutment box side.
        (y:4060.5um, yAB: [0um:3456um])

[ERROR] Side.place(IoPin): Pin "inputs(7665).0" is outside east or west abutment box side.
        (y:4061um, yAB: [0um:3456um])

[ERROR] Side.place(IoPin): Pin "inputs(7666).0" is outside east or west abutment box side.
        (y:4061.5um, yAB: [0um:3456um])

[ERROR] Side.place(IoPin): Pin "inputs(7667).0" is outside east or west abutment box side.
        (y:4062um, yAB: [0um:3456um])

[ERROR] Side.place(IoPin): Pin "inputs(7668).0" is outside east or west abutment box side.
        (y:4062.5um, yAB: [0um:3456um])

[ERROR] Side.place(IoPin): Pin "inputs(7669).0" is outside east or west abutment box side.
        (y:4063um, yAB: [0um:3456um])

[ERROR] Side.place(IoPin): Pin "inputs(7670).0" is outside east or west abutment box side.
        (y:4063.5um, yAB: [0um:3456um])

[ERROR] Side.place(IoPin): Pin "inputs(7671).0" is outside east or west abutment box side.
        (y:4064um, yAB: [0um:3456um])

[ERROR] Side.place(IoPin): Pin "inputs(7672).0" is outside east or west abutment box side.
        (y:4064.5um, yAB: [0um:3456um])

[ERROR] Side.place(IoPin): Pin "inputs(7673).0" is outside east or west abutment box side.
        (y:4065um, yAB: [0um:3456um])

[ERROR] Side.place(IoPin): Pin "inputs(7674).0" is outside east or west abutment box side.
        (y:4065.5um, yAB: [0um:3456um])

[ERROR] Side.place(IoPin): Pin "inputs(7675).0" is outside east or west abutment box side.
        (y:4066um, yAB: [0um:3456um])

[ERROR] Side.place(IoPin): Pin "inputs(7676).0" is outside east or west abutment box side.
        (y:4066.5um, yAB: [0um:3456um])

[ERROR] Side.place(IoPin): Pin "inputs(7677).0" is outside east or west abutment box side.
        (y:4067um, yAB: [0um:3456um])

[ERROR] Side.place(IoPin): Pin "inputs(7678).0" is outside east or west abutment box side.
        (y:4067.5um, yAB: [0um:3456um])

[ERROR] Side.place(IoPin): Pin "inputs(7679).0" is outside east or west abutment box side.
        (y:4068um, yAB: [0um:3456um])

[ERROR] Side.place(IoPin): Pin "inputs(7680).0" is outside east or west abutment box side.
        (y:4068.5um, yAB: [0um:3456um])

[ERROR] Side.place(IoPin): Pin "inputs(7681).0" is outside east or west abutment box side.
        (y:4069um, yAB: [0um:3456um])

[ERROR] Side.place(IoPin): Pin "inputs(7682).0" is outside east or west abutment box side.
        (y:4069.5um, yAB: [0um:3456um])

[ERROR] Side.place(IoPin): Pin "inputs(7683).0" is outside east or west abutment box side.
        (y:4070um, yAB: [0um:3456um])

[ERROR] Side.place(IoPin): Pin "inputs(7684).0" is outside east or west abutment box side.
        (y:4070.5um, yAB: [0um:3456um])

[ERROR] Side.place(IoPin): Pin "inputs(7685).0" is outside east or west abutment box side.
        (y:4071um, yAB: [0um:3456um])

[ERROR] Side.place(IoPin): Pin "inputs(7686).0" is outside east or west abutment box side.
        (y:4071.5um, yAB: [0um:3456um])

[ERROR] Side.place(IoPin): Pin "inputs(7687).0" is outside east or west abutment box side.
        (y:4072um, yAB: [0um:3456um])

[ERROR] Side.place(IoPin): Pin "inputs(7688).0" is outside east or west abutment box side.
        (y:4072.5um, yAB: [0um:3456um])

[ERROR] Side.place(IoPin): Pin "inputs(7689).0" is outside east or west abutment box side.
        (y:4073um, yAB: [0um:3456um])

[ERROR] Side.place(IoPin): Pin "inputs(7690).0" is outside east or west abutment box side.
        (y:4073.5um, yAB: [0um:3456um])

[ERROR] Side.place(IoPin): Pin "inputs(7691).0" is outside east or west abutment box side.
        (y:4074um, yAB: [0um:3456um])

[ERROR] Side.place(IoPin): Pin "inputs(7692).0" is outside east or west abutment box side.
        (y:4074.5um, yAB: [0um:3456um])

[ERROR] Side.place(IoPin): Pin "inputs(7693).0" is outside east or west abutment box side.
        (y:4075um, yAB: [0um:3456um])

[ERROR] Side.place(IoPin): Pin "inputs(7694).0" is outside east or west abutment box side.
        (y:4075.5um, yAB: [0um:3456um])

[ERROR] Side.place(IoPin): Pin "inputs(7695).0" is outside east or west abutment box side.
        (y:4076um, yAB: [0um:3456um])

[ERROR] Side.place(IoPin): Pin "inputs(7696).0" is outside east or west abutment box side.
        (y:4076.5um, yAB: [0um:3456um])

[ERROR] Side.place(IoPin): Pin "inputs(7697).0" is outside east or west abutment box side.
        (y:4077um, yAB: [0um:3456um])

[ERROR] Side.place(IoPin): Pin "inputs(7698).0" is outside east or west abutment box side.
        (y:4077.5um, yAB: [0um:3456um])

[ERROR] Side.place(IoPin): Pin "inputs(7699).0" is outside east or west abutment box side.
        (y:4078um, yAB: [0um:3456um])

[ERROR] Side.place(IoPin): Pin "inputs(7700).0" is outside east or west abutment box side.
        (y:4078.5um, yAB: [0um:3456um])

[ERROR] Side.place(IoPin): Pin "inputs(7701).0" is outside east or west abutment box side.
        (y:4079um, yAB: [0um:3456um])

[ERROR] Side.place(IoPin): Pin "inputs(7702).0" is outside east or west abutment box side.
        (y:4079.5um, yAB: [0um:3456um])

[ERROR] Side.place(IoPin): Pin "inputs(7703).0" is outside east or west abutment box side.
        (y:4080um, yAB: [0um:3456um])

[ERROR] Side.place(IoPin): Pin "inputs(7704).0" is outside east or west abutment box side.
        (y:4080.5um, yAB: [0um:3456um])

[ERROR] Side.place(IoPin): Pin "inputs(7705).0" is outside east or west abutment box side.
        (y:4081um, yAB: [0um:3456um])

[ERROR] Side.place(IoPin): Pin "inputs(7706).0" is outside east or west abutment box side.
        (y:4081.5um, yAB: [0um:3456um])

[ERROR] Side.place(IoPin): Pin "inputs(7707).0" is outside east or west abutment box side.
        (y:4082um, yAB: [0um:3456um])

[ERROR] Side.place(IoPin): Pin "inputs(7708).0" is outside east or west abutment box side.
        (y:4082.5um, yAB: [0um:3456um])

[ERROR] Side.place(IoPin): Pin "inputs(7709).0" is outside east or west abutment box side.
        (y:4083um, yAB: [0um:3456um])

[ERROR] Side.place(IoPin): Pin "inputs(7710).0" is outside east or west abutment box side.
        (y:4083.5um, yAB: [0um:3456um])

[ERROR] Side.place(IoPin): Pin "inputs(7711).0" is outside east or west abutment box side.
        (y:4084um, yAB: [0um:3456um])

[ERROR] Side.place(IoPin): Pin "inputs(7712).0" is outside east or west abutment box side.
        (y:4084.5um, yAB: [0um:3456um])

[ERROR] Side.place(IoPin): Pin "inputs(7713).0" is outside east or west abutment box side.
        (y:4085um, yAB: [0um:3456um])

[ERROR] Side.place(IoPin): Pin "inputs(7714).0" is outside east or west abutment box side.
        (y:4085.5um, yAB: [0um:3456um])

[ERROR] Side.place(IoPin): Pin "inputs(7715).0" is outside east or west abutment box side.
        (y:4086um, yAB: [0um:3456um])

[ERROR] Side.place(IoPin): Pin "inputs(7716).0" is outside east or west abutment box side.
        (y:4086.5um, yAB: [0um:3456um])

[ERROR] Side.place(IoPin): Pin "inputs(7717).0" is outside east or west abutment box side.
        (y:4087um, yAB: [0um:3456um])

[ERROR] Side.place(IoPin): Pin "inputs(7718).0" is outside east or west abutment box side.
        (y:4087.5um, yAB: [0um:3456um])

[ERROR] Side.place(IoPin): Pin "inputs(7719).0" is outside east or west abutment box side.
        (y:4088um, yAB: [0um:3456um])

[ERROR] Side.place(IoPin): Pin "inputs(7720).0" is outside east or west abutment box side.
        (y:4088.5um, yAB: [0um:3456um])

[ERROR] Side.place(IoPin): Pin "inputs(7721).0" is outside east or west abutment box side.
        (y:4089um, yAB: [0um:3456um])

[ERROR] Side.place(IoPin): Pin "inputs(7722).0" is outside east or west abutment box side.
        (y:4089.5um, yAB: [0um:3456um])

[ERROR] Side.place(IoPin): Pin "inputs(7723).0" is outside east or west abutment box side.
        (y:4090um, yAB: [0um:3456um])

[ERROR] Side.place(IoPin): Pin "inputs(7724).0" is outside east or west abutment box side.
        (y:4090.5um, yAB: [0um:3456um])

[ERROR] Side.place(IoPin): Pin "inputs(7725).0" is outside east or west abutment box side.
        (y:4091um, yAB: [0um:3456um])

[ERROR] Side.place(IoPin): Pin "inputs(7726).0" is outside east or west abutment box side.
        (y:4091.5um, yAB: [0um:3456um])

[ERROR] Side.place(IoPin): Pin "inputs(7727).0" is outside east or west abutment box side.
        (y:4092um, yAB: [0um:3456um])

[ERROR] Side.place(IoPin): Pin "inputs(7728).0" is outside east or west abutment box side.
        (y:4092.5um, yAB: [0um:3456um])

[ERROR] Side.place(IoPin): Pin "inputs(7729).0" is outside east or west abutment box side.
        (y:4093um, yAB: [0um:3456um])

[ERROR] Side.place(IoPin): Pin "inputs(7730).0" is outside east or west abutment box side.
        (y:4093.5um, yAB: [0um:3456um])

[ERROR] Side.place(IoPin): Pin "inputs(7731).0" is outside east or west abutment box side.
        (y:4094um, yAB: [0um:3456um])

[ERROR] Side.place(IoPin): Pin "inputs(7732).0" is outside east or west abutment box side.
        (y:4094.5um, yAB: [0um:3456um])

[ERROR] Side.place(IoPin): Pin "inputs(7733).0" is outside east or west abutment box side.
        (y:4095um, yAB: [0um:3456um])

[ERROR] Side.place(IoPin): Pin "inputs(7734).0" is outside east or west abutment box side.
        (y:4095.5um, yAB: [0um:3456um])

[ERROR] Side.place(IoPin): Pin "inputs(7735).0" is outside east or west abutment box side.
        (y:4096um, yAB: [0um:3456um])

[ERROR] Side.place(IoPin): Pin "inputs(7736).0" is outside east or west abutment box side.
        (y:4096.5um, yAB: [0um:3456um])

[ERROR] Side.place(IoPin): Pin "inputs(7737).0" is outside east or west abutment box side.
        (y:4097um, yAB: [0um:3456um])

[ERROR] Side.place(IoPin): Pin "inputs(7738).0" is outside east or west abutment box side.
        (y:4097.5um, yAB: [0um:3456um])

[ERROR] Side.place(IoPin): Pin "inputs(7739).0" is outside east or west abutment box side.
        (y:4098um, yAB: [0um:3456um])

[ERROR] Side.place(IoPin): Pin "inputs(7740).0" is outside east or west abutment box side.
        (y:4098.5um, yAB: [0um:3456um])

[ERROR] Side.place(IoPin): Pin "inputs(7741).0" is outside east or west abutment box side.
        (y:4099um, yAB: [0um:3456um])

[ERROR] Side.place(IoPin): Pin "inputs(7742).0" is outside east or west abutment box side.
        (y:4099.5um, yAB: [0um:3456um])

[ERROR] Side.place(IoPin): Pin "inputs(7743).0" is outside east or west abutment box side.
        (y:4100um, yAB: [0um:3456um])

[ERROR] Side.place(IoPin): Pin "inputs(7744).0" is outside east or west abutment box side.
        (y:4100.5um, yAB: [0um:3456um])

[ERROR] Side.place(IoPin): Pin "inputs(7745).0" is outside east or west abutment box side.
        (y:4101um, yAB: [0um:3456um])

[ERROR] Side.place(IoPin): Pin "inputs(7746).0" is outside east or west abutment box side.
        (y:4101.5um, yAB: [0um:3456um])

[ERROR] Side.place(IoPin): Pin "inputs(7747).0" is outside east or west abutment box side.
        (y:4102um, yAB: [0um:3456um])

[ERROR] Side.place(IoPin): Pin "inputs(7748).0" is outside east or west abutment box side.
        (y:4102.5um, yAB: [0um:3456um])

[ERROR] Side.place(IoPin): Pin "inputs(7749).0" is outside east or west abutment box side.
        (y:4103um, yAB: [0um:3456um])

[ERROR] Side.place(IoPin): Pin "inputs(7750).0" is outside east or west abutment box side.
        (y:4103.5um, yAB: [0um:3456um])

[ERROR] Side.place(IoPin): Pin "inputs(7751).0" is outside east or west abutment box side.
        (y:4104um, yAB: [0um:3456um])

[ERROR] Side.place(IoPin): Pin "inputs(7752).0" is outside east or west abutment box side.
        (y:4104.5um, yAB: [0um:3456um])

[ERROR] Side.place(IoPin): Pin "inputs(7753).0" is outside east or west abutment box side.
        (y:4105um, yAB: [0um:3456um])

[ERROR] Side.place(IoPin): Pin "inputs(7754).0" is outside east or west abutment box side.
        (y:4105.5um, yAB: [0um:3456um])

[ERROR] Side.place(IoPin): Pin "inputs(7755).0" is outside east or west abutment box side.
        (y:4106um, yAB: [0um:3456um])

[ERROR] Side.place(IoPin): Pin "inputs(7756).0" is outside east or west abutment box side.
        (y:4106.5um, yAB: [0um:3456um])

[ERROR] Side.place(IoPin): Pin "inputs(7757).0" is outside east or west abutment box side.
        (y:4107um, yAB: [0um:3456um])

[ERROR] Side.place(IoPin): Pin "inputs(7758).0" is outside east or west abutment box side.
        (y:4107.5um, yAB: [0um:3456um])

[ERROR] Side.place(IoPin): Pin "inputs(7759).0" is outside east or west abutment box side.
        (y:4108um, yAB: [0um:3456um])

[ERROR] Side.place(IoPin): Pin "inputs(7760).0" is outside east or west abutment box side.
        (y:4108.5um, yAB: [0um:3456um])

[ERROR] Side.place(IoPin): Pin "inputs(7761).0" is outside east or west abutment box side.
        (y:4109um, yAB: [0um:3456um])

[ERROR] Side.place(IoPin): Pin "inputs(7762).0" is outside east or west abutment box side.
        (y:4109.5um, yAB: [0um:3456um])

[ERROR] Side.place(IoPin): Pin "inputs(7763).0" is outside east or west abutment box side.
        (y:4110um, yAB: [0um:3456um])

[ERROR] Side.place(IoPin): Pin "inputs(7764).0" is outside east or west abutment box side.
        (y:4110.5um, yAB: [0um:3456um])

[ERROR] Side.place(IoPin): Pin "inputs(7765).0" is outside east or west abutment box side.
        (y:4111um, yAB: [0um:3456um])

[ERROR] Side.place(IoPin): Pin "inputs(7766).0" is outside east or west abutment box side.
        (y:4111.5um, yAB: [0um:3456um])

[ERROR] Side.place(IoPin): Pin "inputs(7767).0" is outside east or west abutment box side.
        (y:4112um, yAB: [0um:3456um])

[ERROR] Side.place(IoPin): Pin "inputs(7768).0" is outside east or west abutment box side.
        (y:4112.5um, yAB: [0um:3456um])

[ERROR] Side.place(IoPin): Pin "inputs(7769).0" is outside east or west abutment box side.
        (y:4113um, yAB: [0um:3456um])

[ERROR] Side.place(IoPin): Pin "inputs(7770).0" is outside east or west abutment box side.
        (y:4113.5um, yAB: [0um:3456um])

[ERROR] Side.place(IoPin): Pin "inputs(7771).0" is outside east or west abutment box side.
        (y:4114um, yAB: [0um:3456um])

[ERROR] Side.place(IoPin): Pin "inputs(7772).0" is outside east or west abutment box side.
        (y:4114.5um, yAB: [0um:3456um])

[ERROR] Side.place(IoPin): Pin "inputs(7773).0" is outside east or west abutment box side.
        (y:4115um, yAB: [0um:3456um])

[ERROR] Side.place(IoPin): Pin "inputs(7774).0" is outside east or west abutment box side.
        (y:4115.5um, yAB: [0um:3456um])

[ERROR] Side.place(IoPin): Pin "inputs(7775).0" is outside east or west abutment box side.
        (y:4116um, yAB: [0um:3456um])

[ERROR] Side.place(IoPin): Pin "inputs(7776).0" is outside east or west abutment box side.
        (y:4116.5um, yAB: [0um:3456um])

[ERROR] Side.place(IoPin): Pin "inputs(7777).0" is outside east or west abutment box side.
        (y:4117um, yAB: [0um:3456um])

[ERROR] Side.place(IoPin): Pin "inputs(7778).0" is outside east or west abutment box side.
        (y:4117.5um, yAB: [0um:3456um])

[ERROR] Side.place(IoPin): Pin "inputs(7779).0" is outside east or west abutment box side.
        (y:4118um, yAB: [0um:3456um])

[ERROR] Side.place(IoPin): Pin "inputs(7780).0" is outside east or west abutment box side.
        (y:4118.5um, yAB: [0um:3456um])

[ERROR] Side.place(IoPin): Pin "inputs(7781).0" is outside east or west abutment box side.
        (y:4119um, yAB: [0um:3456um])

[ERROR] Side.place(IoPin): Pin "inputs(7782).0" is outside east or west abutment box side.
        (y:4119.5um, yAB: [0um:3456um])

[ERROR] Side.place(IoPin): Pin "inputs(7783).0" is outside east or west abutment box side.
        (y:4120um, yAB: [0um:3456um])

[ERROR] Side.place(IoPin): Pin "inputs(7784).0" is outside east or west abutment box side.
        (y:4120.5um, yAB: [0um:3456um])

[ERROR] Side.place(IoPin): Pin "inputs(7785).0" is outside east or west abutment box side.
        (y:4121um, yAB: [0um:3456um])

[ERROR] Side.place(IoPin): Pin "inputs(7786).0" is outside east or west abutment box side.
        (y:4121.5um, yAB: [0um:3456um])

[ERROR] Side.place(IoPin): Pin "inputs(7787).0" is outside east or west abutment box side.
        (y:4122um, yAB: [0um:3456um])

[ERROR] Side.place(IoPin): Pin "inputs(7788).0" is outside east or west abutment box side.
        (y:4122.5um, yAB: [0um:3456um])

[ERROR] Side.place(IoPin): Pin "inputs(7789).0" is outside east or west abutment box side.
        (y:4123um, yAB: [0um:3456um])

[ERROR] Side.place(IoPin): Pin "inputs(7790).0" is outside east or west abutment box side.
        (y:4123.5um, yAB: [0um:3456um])

[ERROR] Side.place(IoPin): Pin "inputs(7791).0" is outside east or west abutment box side.
        (y:4124um, yAB: [0um:3456um])

[ERROR] Side.place(IoPin): Pin "inputs(7792).0" is outside east or west abutment box side.
        (y:4124.5um, yAB: [0um:3456um])

[ERROR] Side.place(IoPin): Pin "inputs(7793).0" is outside east or west abutment box side.
        (y:4125um, yAB: [0um:3456um])

[ERROR] Side.place(IoPin): Pin "inputs(7794).0" is outside east or west abutment box side.
        (y:4125.5um, yAB: [0um:3456um])

[ERROR] Side.place(IoPin): Pin "inputs(7795).0" is outside east or west abutment box side.
        (y:4126um, yAB: [0um:3456um])

[ERROR] Side.place(IoPin): Pin "inputs(7796).0" is outside east or west abutment box side.
        (y:4126.5um, yAB: [0um:3456um])

[ERROR] Side.place(IoPin): Pin "inputs(7797).0" is outside east or west abutment box side.
        (y:4127um, yAB: [0um:3456um])

[ERROR] Side.place(IoPin): Pin "inputs(7798).0" is outside east or west abutment box side.
        (y:4127.5um, yAB: [0um:3456um])

[ERROR] Side.place(IoPin): Pin "inputs(7799).0" is outside east or west abutment box side.
        (y:4128um, yAB: [0um:3456um])

[ERROR] Side.place(IoPin): Pin "inputs(7800).0" is outside east or west abutment box side.
        (y:4128.5um, yAB: [0um:3456um])

[ERROR] Side.place(IoPin): Pin "inputs(7801).0" is outside east or west abutment box side.
        (y:4129um, yAB: [0um:3456um])

[ERROR] Side.place(IoPin): Pin "inputs(7802).0" is outside east or west abutment box side.
        (y:4129.5um, yAB: [0um:3456um])

[ERROR] Side.place(IoPin): Pin "inputs(7803).0" is outside east or west abutment box side.
        (y:4130um, yAB: [0um:3456um])

[ERROR] Side.place(IoPin): Pin "inputs(7804).0" is outside east or west abutment box side.
        (y:4130.5um, yAB: [0um:3456um])

[ERROR] Side.place(IoPin): Pin "inputs(7805).0" is outside east or west abutment box side.
        (y:4131um, yAB: [0um:3456um])

[ERROR] Side.place(IoPin): Pin "inputs(7806).0" is outside east or west abutment box side.
        (y:4131.5um, yAB: [0um:3456um])

[ERROR] Side.place(IoPin): Pin "inputs(7807).0" is outside east or west abutment box side.
        (y:4132um, yAB: [0um:3456um])

[ERROR] Side.place(IoPin): Pin "inputs(7808).0" is outside east or west abutment box side.
        (y:4132.5um, yAB: [0um:3456um])

[ERROR] Side.place(IoPin): Pin "inputs(7809).0" is outside east or west abutment box side.
        (y:4133um, yAB: [0um:3456um])

[ERROR] Side.place(IoPin): Pin "inputs(7810).0" is outside east or west abutment box side.
        (y:4133.5um, yAB: [0um:3456um])

[ERROR] Side.place(IoPin): Pin "inputs(7811).0" is outside east or west abutment box side.
        (y:4134um, yAB: [0um:3456um])

[ERROR] Side.place(IoPin): Pin "inputs(7812).0" is outside east or west abutment box side.
        (y:4134.5um, yAB: [0um:3456um])

[ERROR] Side.place(IoPin): Pin "inputs(7813).0" is outside east or west abutment box side.
        (y:4135um, yAB: [0um:3456um])

[ERROR] Side.place(IoPin): Pin "inputs(7814).0" is outside east or west abutment box side.
        (y:4135.5um, yAB: [0um:3456um])

[ERROR] Side.place(IoPin): Pin "inputs(7815).0" is outside east or west abutment box side.
        (y:4136um, yAB: [0um:3456um])

[ERROR] Side.place(IoPin): Pin "inputs(7816).0" is outside east or west abutment box side.
        (y:4136.5um, yAB: [0um:3456um])

[ERROR] Side.place(IoPin): Pin "inputs(7817).0" is outside east or west abutment box side.
        (y:4137um, yAB: [0um:3456um])

[ERROR] Side.place(IoPin): Pin "inputs(7818).0" is outside east or west abutment box side.
        (y:4137.5um, yAB: [0um:3456um])

[ERROR] Side.place(IoPin): Pin "inputs(7819).0" is outside east or west abutment box side.
        (y:4138um, yAB: [0um:3456um])

[ERROR] Side.place(IoPin): Pin "inputs(7820).0" is outside east or west abutment box side.
        (y:4138.5um, yAB: [0um:3456um])

[ERROR] Side.place(IoPin): Pin "inputs(7821).0" is outside east or west abutment box side.
        (y:4139um, yAB: [0um:3456um])

[ERROR] Side.place(IoPin): Pin "inputs(7822).0" is outside east or west abutment box side.
        (y:4139.5um, yAB: [0um:3456um])

[ERROR] Side.place(IoPin): Pin "inputs(7823).0" is outside east or west abutment box side.
        (y:4140um, yAB: [0um:3456um])

[ERROR] Side.place(IoPin): Pin "inputs(7824).0" is outside east or west abutment box side.
        (y:4140.5um, yAB: [0um:3456um])

[ERROR] Side.place(IoPin): Pin "inputs(7825).0" is outside east or west abutment box side.
        (y:4141um, yAB: [0um:3456um])

[ERROR] Side.place(IoPin): Pin "inputs(7826).0" is outside east or west abutment box side.
        (y:4141.5um, yAB: [0um:3456um])

[ERROR] Side.place(IoPin): Pin "inputs(7827).0" is outside east or west abutment box side.
        (y:4142um, yAB: [0um:3456um])

[ERROR] Side.place(IoPin): Pin "inputs(7828).0" is outside east or west abutment box side.
        (y:4142.5um, yAB: [0um:3456um])

[ERROR] Side.place(IoPin): Pin "inputs(7829).0" is outside east or west abutment box side.
        (y:4143um, yAB: [0um:3456um])

[ERROR] Side.place(IoPin): Pin "inputs(7830).0" is outside east or west abutment box side.
        (y:4143.5um, yAB: [0um:3456um])

[ERROR] Side.place(IoPin): Pin "inputs(7831).0" is outside east or west abutment box side.
        (y:4144um, yAB: [0um:3456um])

[ERROR] Side.place(IoPin): Pin "inputs(7832).0" is outside east or west abutment box side.
        (y:4144.5um, yAB: [0um:3456um])

[ERROR] Side.place(IoPin): Pin "inputs(7833).0" is outside east or west abutment box side.
        (y:4145um, yAB: [0um:3456um])

[ERROR] Side.place(IoPin): Pin "inputs(7834).0" is outside east or west abutment box side.
        (y:4145.5um, yAB: [0um:3456um])

[ERROR] Side.place(IoPin): Pin "inputs(7835).0" is outside east or west abutment box side.
        (y:4146um, yAB: [0um:3456um])

[ERROR] Side.place(IoPin): Pin "inputs(7836).0" is outside east or west abutment box side.
        (y:4146.5um, yAB: [0um:3456um])

[ERROR] Side.place(IoPin): Pin "inputs(7837).0" is outside east or west abutment box side.
        (y:4147um, yAB: [0um:3456um])

[ERROR] Side.place(IoPin): Pin "inputs(7838).0" is outside east or west abutment box side.
        (y:4147.5um, yAB: [0um:3456um])

[ERROR] Side.place(IoPin): Pin "inputs(7839).0" is outside east or west abutment box side.
        (y:4148um, yAB: [0um:3456um])

[ERROR] Side.place(IoPin): Pin "inputs(7840).0" is outside east or west abutment box side.
        (y:4148.5um, yAB: [0um:3456um])

[ERROR] Side.place(IoPin): Pin "inputs(7841).0" is outside east or west abutment box side.
        (y:4149um, yAB: [0um:3456um])

[ERROR] Side.place(IoPin): Pin "inputs(7842).0" is outside east or west abutment box side.
        (y:4149.5um, yAB: [0um:3456um])

[ERROR] Side.place(IoPin): Pin "inputs(7843).0" is outside east or west abutment box side.
        (y:4150um, yAB: [0um:3456um])

[ERROR] Side.place(IoPin): Pin "inputs(7844).0" is outside east or west abutment box side.
        (y:4150.5um, yAB: [0um:3456um])

[ERROR] Side.place(IoPin): Pin "inputs(7845).0" is outside east or west abutment box side.
        (y:4151um, yAB: [0um:3456um])

[ERROR] Side.place(IoPin): Pin "inputs(7846).0" is outside east or west abutment box side.
        (y:4151.5um, yAB: [0um:3456um])

[ERROR] Side.place(IoPin): Pin "inputs(7847).0" is outside east or west abutment box side.
        (y:4152um, yAB: [0um:3456um])

[ERROR] Side.place(IoPin): Pin "inputs(7848).0" is outside east or west abutment box side.
        (y:4152.5um, yAB: [0um:3456um])

[ERROR] Side.place(IoPin): Pin "inputs(7849).0" is outside east or west abutment box side.
        (y:4153um, yAB: [0um:3456um])

[ERROR] Side.place(IoPin): Pin "inputs(7850).0" is outside east or west abutment box side.
        (y:4153.5um, yAB: [0um:3456um])

[ERROR] Side.place(IoPin): Pin "inputs(7851).0" is outside east or west abutment box side.
        (y:4154um, yAB: [0um:3456um])

[ERROR] Side.place(IoPin): Pin "inputs(7852).0" is outside east or west abutment box side.
        (y:4154.5um, yAB: [0um:3456um])

[ERROR] Side.place(IoPin): Pin "inputs(7853).0" is outside east or west abutment box side.
        (y:4155um, yAB: [0um:3456um])

[ERROR] Side.place(IoPin): Pin "inputs(7854).0" is outside east or west abutment box side.
        (y:4155.5um, yAB: [0um:3456um])

[ERROR] Side.place(IoPin): Pin "inputs(7855).0" is outside east or west abutment box side.
        (y:4156um, yAB: [0um:3456um])

[ERROR] Side.place(IoPin): Pin "inputs(7856).0" is outside east or west abutment box side.
        (y:4156.5um, yAB: [0um:3456um])

[ERROR] Side.place(IoPin): Pin "inputs(7857).0" is outside east or west abutment box side.
        (y:4157um, yAB: [0um:3456um])

[ERROR] Side.place(IoPin): Pin "inputs(7858).0" is outside east or west abutment box side.
        (y:4157.5um, yAB: [0um:3456um])

[ERROR] Side.place(IoPin): Pin "inputs(7859).0" is outside east or west abutment box side.
        (y:4158um, yAB: [0um:3456um])

[ERROR] Side.place(IoPin): Pin "inputs(7860).0" is outside east or west abutment box side.
        (y:4158.5um, yAB: [0um:3456um])

[ERROR] Side.place(IoPin): Pin "inputs(7861).0" is outside east or west abutment box side.
        (y:4159um, yAB: [0um:3456um])

[ERROR] Side.place(IoPin): Pin "inputs(7862).0" is outside east or west abutment box side.
        (y:4159.5um, yAB: [0um:3456um])

[ERROR] Side.place(IoPin): Pin "inputs(7863).0" is outside east or west abutment box side.
        (y:4160um, yAB: [0um:3456um])

[ERROR] Side.place(IoPin): Pin "inputs(7864).0" is outside east or west abutment box side.
        (y:4160.5um, yAB: [0um:3456um])

[ERROR] Side.place(IoPin): Pin "inputs(7865).0" is outside east or west abutment box side.
        (y:4161um, yAB: [0um:3456um])

[ERROR] Side.place(IoPin): Pin "inputs(7866).0" is outside east or west abutment box side.
        (y:4161.5um, yAB: [0um:3456um])

[ERROR] Side.place(IoPin): Pin "inputs(7867).0" is outside east or west abutment box side.
        (y:4162um, yAB: [0um:3456um])

[ERROR] Side.place(IoPin): Pin "inputs(7868).0" is outside east or west abutment box side.
        (y:4162.5um, yAB: [0um:3456um])

[ERROR] Side.place(IoPin): Pin "inputs(7869).0" is outside east or west abutment box side.
        (y:4163um, yAB: [0um:3456um])

[ERROR] Side.place(IoPin): Pin "inputs(7870).0" is outside east or west abutment box side.
        (y:4163.5um, yAB: [0um:3456um])

[ERROR] Side.place(IoPin): Pin "inputs(7871).0" is outside east or west abutment box side.
        (y:4164um, yAB: [0um:3456um])

[ERROR] Side.place(IoPin): Pin "inputs(7872).0" is outside east or west abutment box side.
        (y:4164.5um, yAB: [0um:3456um])

[ERROR] Side.place(IoPin): Pin "inputs(7873).0" is outside east or west abutment box side.
        (y:4165um, yAB: [0um:3456um])

[ERROR] Side.place(IoPin): Pin "inputs(7874).0" is outside east or west abutment box side.
        (y:4165.5um, yAB: [0um:3456um])

[ERROR] Side.place(IoPin): Pin "inputs(7875).0" is outside east or west abutment box side.
        (y:4166um, yAB: [0um:3456um])

[ERROR] Side.place(IoPin): Pin "inputs(7876).0" is outside east or west abutment box side.
        (y:4166.5um, yAB: [0um:3456um])

[ERROR] Side.place(IoPin): Pin "inputs(7877).0" is outside east or west abutment box side.
        (y:4167um, yAB: [0um:3456um])

[ERROR] Side.place(IoPin): Pin "inputs(7878).0" is outside east or west abutment box side.
        (y:4167.5um, yAB: [0um:3456um])

[ERROR] Side.place(IoPin): Pin "inputs(7879).0" is outside east or west abutment box side.
        (y:4168um, yAB: [0um:3456um])

[ERROR] Side.place(IoPin): Pin "inputs(7880).0" is outside east or west abutment box side.
        (y:4168.5um, yAB: [0um:3456um])

[ERROR] Side.place(IoPin): Pin "inputs(7881).0" is outside east or west abutment box side.
        (y:4169um, yAB: [0um:3456um])

[ERROR] Side.place(IoPin): Pin "inputs(7882).0" is outside east or west abutment box side.
        (y:4169.5um, yAB: [0um:3456um])

[ERROR] Side.place(IoPin): Pin "inputs(7883).0" is outside east or west abutment box side.
        (y:4170um, yAB: [0um:3456um])

[ERROR] Side.place(IoPin): Pin "inputs(7884).0" is outside east or west abutment box side.
        (y:4170.5um, yAB: [0um:3456um])

[ERROR] Side.place(IoPin): Pin "inputs(7885).0" is outside east or west abutment box side.
        (y:4171um, yAB: [0um:3456um])

[ERROR] Side.place(IoPin): Pin "inputs(7886).0" is outside east or west abutment box side.
        (y:4171.5um, yAB: [0um:3456um])

[ERROR] Side.place(IoPin): Pin "inputs(7887).0" is outside east or west abutment box side.
        (y:4172um, yAB: [0um:3456um])

[ERROR] Side.place(IoPin): Pin "inputs(7888).0" is outside east or west abutment box side.
        (y:4172.5um, yAB: [0um:3456um])

[ERROR] Side.place(IoPin): Pin "inputs(7889).0" is outside east or west abutment box side.
        (y:4173um, yAB: [0um:3456um])

[ERROR] Side.place(IoPin): Pin "inputs(7890).0" is outside east or west abutment box side.
        (y:4173.5um, yAB: [0um:3456um])

[ERROR] Side.place(IoPin): Pin "inputs(7891).0" is outside east or west abutment box side.
        (y:4174um, yAB: [0um:3456um])

[ERROR] Side.place(IoPin): Pin "inputs(7892).0" is outside east or west abutment box side.
        (y:4174.5um, yAB: [0um:3456um])

[ERROR] Side.place(IoPin): Pin "inputs(7893).0" is outside east or west abutment box side.
        (y:4175um, yAB: [0um:3456um])

[ERROR] Side.place(IoPin): Pin "inputs(7894).0" is outside east or west abutment box side.
        (y:4175.5um, yAB: [0um:3456um])

[ERROR] Side.place(IoPin): Pin "inputs(7895).0" is outside east or west abutment box side.
        (y:4176um, yAB: [0um:3456um])

[ERROR] Side.place(IoPin): Pin "inputs(7896).0" is outside east or west abutment box side.
        (y:4176.5um, yAB: [0um:3456um])

[ERROR] Side.place(IoPin): Pin "inputs(7897).0" is outside east or west abutment box side.
        (y:4177um, yAB: [0um:3456um])

[ERROR] Side.place(IoPin): Pin "inputs(7898).0" is outside east or west abutment box side.
        (y:4177.5um, yAB: [0um:3456um])

[ERROR] Side.place(IoPin): Pin "inputs(7899).0" is outside east or west abutment box side.
        (y:4178um, yAB: [0um:3456um])

[ERROR] Side.place(IoPin): Pin "inputs(7900).0" is outside east or west abutment box side.
        (y:4178.5um, yAB: [0um:3456um])

[ERROR] Side.place(IoPin): Pin "inputs(7901).0" is outside east or west abutment box side.
        (y:4179um, yAB: [0um:3456um])

[ERROR] Side.place(IoPin): Pin "inputs(7902).0" is outside east or west abutment box side.
        (y:4179.5um, yAB: [0um:3456um])

[ERROR] Side.place(IoPin): Pin "inputs(7903).0" is outside east or west abutment box side.
        (y:4180um, yAB: [0um:3456um])

[ERROR] Side.place(IoPin): Pin "inputs(7904).0" is outside east or west abutment box side.
        (y:4180.5um, yAB: [0um:3456um])

[ERROR] Side.place(IoPin): Pin "inputs(7905).0" is outside east or west abutment box side.
        (y:4181um, yAB: [0um:3456um])

[ERROR] Side.place(IoPin): Pin "inputs(7906).0" is outside east or west abutment box side.
        (y:4181.5um, yAB: [0um:3456um])

[ERROR] Side.place(IoPin): Pin "inputs(7907).0" is outside east or west abutment box side.
        (y:4182um, yAB: [0um:3456um])

[ERROR] Side.place(IoPin): Pin "inputs(7908).0" is outside east or west abutment box side.
        (y:4182.5um, yAB: [0um:3456um])

[ERROR] Side.place(IoPin): Pin "inputs(7909).0" is outside east or west abutment box side.
        (y:4183um, yAB: [0um:3456um])

[ERROR] Side.place(IoPin): Pin "inputs(7910).0" is outside east or west abutment box side.
        (y:4183.5um, yAB: [0um:3456um])

[ERROR] Side.place(IoPin): Pin "inputs(7911).0" is outside east or west abutment box side.
        (y:4184um, yAB: [0um:3456um])

[ERROR] Side.place(IoPin): Pin "inputs(7912).0" is outside east or west abutment box side.
        (y:4184.5um, yAB: [0um:3456um])

[ERROR] Side.place(IoPin): Pin "inputs(7913).0" is outside east or west abutment box side.
        (y:4185um, yAB: [0um:3456um])

[ERROR] Side.place(IoPin): Pin "inputs(7914).0" is outside east or west abutment box side.
        (y:4185.5um, yAB: [0um:3456um])

[ERROR] Side.place(IoPin): Pin "inputs(7915).0" is outside east or west abutment box side.
        (y:4186um, yAB: [0um:3456um])

[ERROR] Side.place(IoPin): Pin "inputs(7916).0" is outside east or west abutment box side.
        (y:4186.5um, yAB: [0um:3456um])

[ERROR] Side.place(IoPin): Pin "inputs(7917).0" is outside east or west abutment box side.
        (y:4187um, yAB: [0um:3456um])

[ERROR] Side.place(IoPin): Pin "inputs(7918).0" is outside east or west abutment box side.
        (y:4187.5um, yAB: [0um:3456um])

[ERROR] Side.place(IoPin): Pin "inputs(7919).0" is outside east or west abutment box side.
        (y:4188um, yAB: [0um:3456um])

[ERROR] Side.place(IoPin): Pin "inputs(7920).0" is outside east or west abutment box side.
        (y:4188.5um, yAB: [0um:3456um])

[ERROR] Side.place(IoPin): Pin "inputs(7921).0" is outside east or west abutment box side.
        (y:4189um, yAB: [0um:3456um])

[ERROR] Side.place(IoPin): Pin "inputs(7922).0" is outside east or west abutment box side.
        (y:4189.5um, yAB: [0um:3456um])

[ERROR] Side.place(IoPin): Pin "inputs(7923).0" is outside east or west abutment box side.
        (y:4190um, yAB: [0um:3456um])

[ERROR] Side.place(IoPin): Pin "inputs(7924).0" is outside east or west abutment box side.
        (y:4190.5um, yAB: [0um:3456um])

[ERROR] Side.place(IoPin): Pin "inputs(7925).0" is outside east or west abutment box side.
        (y:4191um, yAB: [0um:3456um])

[ERROR] Side.place(IoPin): Pin "inputs(7926).0" is outside east or west abutment box side.
        (y:4191.5um, yAB: [0um:3456um])

[ERROR] Side.place(IoPin): Pin "inputs(7927).0" is outside east or west abutment box side.
        (y:4192um, yAB: [0um:3456um])

[ERROR] Side.place(IoPin): Pin "inputs(7928).0" is outside east or west abutment box side.
        (y:4192.5um, yAB: [0um:3456um])

[ERROR] Side.place(IoPin): Pin "inputs(7929).0" is outside east or west abutment box side.
        (y:4193um, yAB: [0um:3456um])

[ERROR] Side.place(IoPin): Pin "inputs(7930).0" is outside east or west abutment box side.
        (y:4193.5um, yAB: [0um:3456um])

[ERROR] Side.place(IoPin): Pin "inputs(7931).0" is outside east or west abutment box side.
        (y:4194um, yAB: [0um:3456um])

[ERROR] Side.place(IoPin): Pin "inputs(7932).0" is outside east or west abutment box side.
        (y:4194.5um, yAB: [0um:3456um])

[ERROR] Side.place(IoPin): Pin "inputs(7933).0" is outside east or west abutment box side.
        (y:4195um, yAB: [0um:3456um])

[ERROR] Side.place(IoPin): Pin "inputs(7934).0" is outside east or west abutment box side.
        (y:4195.5um, yAB: [0um:3456um])

[ERROR] Side.place(IoPin): Pin "inputs(7935).0" is outside east or west abutment box side.
        (y:4196um, yAB: [0um:3456um])

[ERROR] Side.place(IoPin): Pin "inputs(7936).0" is outside east or west abutment box side.
        (y:4196.5um, yAB: [0um:3456um])

[ERROR] Side.place(IoPin): Pin "inputs(7937).0" is outside east or west abutment box side.
        (y:4197um, yAB: [0um:3456um])

[ERROR] Side.place(IoPin): Pin "inputs(7938).0" is outside east or west abutment box side.
        (y:4197.5um, yAB: [0um:3456um])

[ERROR] Side.place(IoPin): Pin "inputs(7939).0" is outside east or west abutment box side.
        (y:4198um, yAB: [0um:3456um])

[ERROR] Side.place(IoPin): Pin "inputs(7940).0" is outside east or west abutment box side.
        (y:4198.5um, yAB: [0um:3456um])

[ERROR] Side.place(IoPin): Pin "inputs(7941).0" is outside east or west abutment box side.
        (y:4199um, yAB: [0um:3456um])

[ERROR] Side.place(IoPin): Pin "inputs(7942).0" is outside east or west abutment box side.
        (y:4199.5um, yAB: [0um:3456um])

[ERROR] Side.place(IoPin): Pin "inputs(7943).0" is outside east or west abutment box side.
        (y:4200um, yAB: [0um:3456um])

[ERROR] Side.place(IoPin): Pin "inputs(7944).0" is outside east or west abutment box side.
        (y:4200.5um, yAB: [0um:3456um])

[ERROR] Side.place(IoPin): Pin "inputs(7945).0" is outside east or west abutment box side.
        (y:4201um, yAB: [0um:3456um])

[ERROR] Side.place(IoPin): Pin "inputs(7946).0" is outside east or west abutment box side.
        (y:4201.5um, yAB: [0um:3456um])

[ERROR] Side.place(IoPin): Pin "inputs(7947).0" is outside east or west abutment box side.
        (y:4202um, yAB: [0um:3456um])

[ERROR] Side.place(IoPin): Pin "inputs(7948).0" is outside east or west abutment box side.
        (y:4202.5um, yAB: [0um:3456um])

[ERROR] Side.place(IoPin): Pin "inputs(7949).0" is outside east or west abutment box side.
        (y:4203um, yAB: [0um:3456um])

[ERROR] Side.place(IoPin): Pin "inputs(7950).0" is outside east or west abutment box side.
        (y:4203.5um, yAB: [0um:3456um])

[ERROR] Side.place(IoPin): Pin "inputs(7951).0" is outside east or west abutment box side.
        (y:4204um, yAB: [0um:3456um])

[ERROR] Side.place(IoPin): Pin "inputs(7952).0" is outside east or west abutment box side.
        (y:4204.5um, yAB: [0um:3456um])

[ERROR] Side.place(IoPin): Pin "inputs(7953).0" is outside east or west abutment box side.
        (y:4205um, yAB: [0um:3456um])

[ERROR] Side.place(IoPin): Pin "inputs(7954).0" is outside east or west abutment box side.
        (y:4205.5um, yAB: [0um:3456um])

[ERROR] Side.place(IoPin): Pin "inputs(7955).0" is outside east or west abutment box side.
        (y:4206um, yAB: [0um:3456um])

[ERROR] Side.place(IoPin): Pin "inputs(7956).0" is outside east or west abutment box side.
        (y:4206.5um, yAB: [0um:3456um])

[ERROR] Side.place(IoPin): Pin "inputs(7957).0" is outside east or west abutment box side.
        (y:4207um, yAB: [0um:3456um])

[ERROR] Side.place(IoPin): Pin "inputs(7958).0" is outside east or west abutment box side.
        (y:4207.5um, yAB: [0um:3456um])

[ERROR] Side.place(IoPin): Pin "inputs(7959).0" is outside east or west abutment box side.
        (y:4208um, yAB: [0um:3456um])

[ERROR] Side.place(IoPin): Pin "inputs(7960).0" is outside east or west abutment box side.
        (y:4208.5um, yAB: [0um:3456um])

[ERROR] Side.place(IoPin): Pin "inputs(7961).0" is outside east or west abutment box side.
        (y:4209um, yAB: [0um:3456um])

[ERROR] Side.place(IoPin): Pin "inputs(7962).0" is outside east or west abutment box side.
        (y:4209.5um, yAB: [0um:3456um])

[ERROR] Side.place(IoPin): Pin "inputs(7963).0" is outside east or west abutment box side.
        (y:4210um, yAB: [0um:3456um])

[ERROR] Side.place(IoPin): Pin "inputs(14876).0" is outside east or west abutment box side.
        (y:3456.5um, yAB: [0um:3456um])

[ERROR] Side.place(IoPin): Pin "inputs(14877).0" is outside east or west abutment box side.
        (y:3457um, yAB: [0um:3456um])

[ERROR] Side.place(IoPin): Pin "inputs(14878).0" is outside east or west abutment box side.
        (y:3457.5um, yAB: [0um:3456um])

[ERROR] Side.place(IoPin): Pin "inputs(14879).0" is outside east or west abutment box side.
        (y:3458um, yAB: [0um:3456um])

[ERROR] Side.place(IoPin): Pin "inputs(14880).0" is outside east or west abutment box side.
        (y:3458.5um, yAB: [0um:3456um])

[ERROR] Side.place(IoPin): Pin "inputs(14881).0" is outside east or west abutment box side.
        (y:3459um, yAB: [0um:3456um])

[ERROR] Side.place(IoPin): Pin "inputs(14882).0" is outside east or west abutment box side.
        (y:3459.5um, yAB: [0um:3456um])

[ERROR] Side.place(IoPin): Pin "inputs(14883).0" is outside east or west abutment box side.
        (y:3460um, yAB: [0um:3456um])

[ERROR] Side.place(IoPin): Pin "inputs(14884).0" is outside east or west abutment box side.
        (y:3460.5um, yAB: [0um:3456um])

[ERROR] Side.place(IoPin): Pin "inputs(14885).0" is outside east or west abutment box side.
        (y:3461um, yAB: [0um:3456um])

[ERROR] Side.place(IoPin): Pin "inputs(14886).0" is outside east or west abutment box side.
        (y:3461.5um, yAB: [0um:3456um])

[ERROR] Side.place(IoPin): Pin "inputs(14887).0" is outside east or west abutment box side.
        (y:3462um, yAB: [0um:3456um])

[ERROR] Side.place(IoPin): Pin "inputs(14888).0" is outside east or west abutment box side.
        (y:3462.5um, yAB: [0um:3456um])

[ERROR] Side.place(IoPin): Pin "inputs(14889).0" is outside east or west abutment box side.
        (y:3463um, yAB: [0um:3456um])

[ERROR] Side.place(IoPin): Pin "inputs(14890).0" is outside east or west abutment box side.
        (y:3463.5um, yAB: [0um:3456um])

[ERROR] Side.place(IoPin): Pin "inputs(14891).0" is outside east or west abutment box side.
        (y:3464um, yAB: [0um:3456um])

[ERROR] Side.place(IoPin): Pin "inputs(14892).0" is outside east or west abutment box side.
        (y:3464.5um, yAB: [0um:3456um])

[ERROR] Side.place(IoPin): Pin "inputs(14893).0" is outside east or west abutment box side.
        (y:3465um, yAB: [0um:3456um])

[ERROR] Side.place(IoPin): Pin "inputs(14894).0" is outside east or west abutment box side.
        (y:3465.5um, yAB: [0um:3456um])

[ERROR] Side.place(IoPin): Pin "inputs(14895).0" is outside east or west abutment box side.
        (y:3466um, yAB: [0um:3456um])

[ERROR] Side.place(IoPin): Pin "inputs(14896).0" is outside east or west abutment box side.
        (y:3466.5um, yAB: [0um:3456um])

[ERROR] Side.place(IoPin): Pin "inputs(14897).0" is outside east or west abutment box side.
        (y:3467um, yAB: [0um:3456um])

[ERROR] Side.place(IoPin): Pin "inputs(14898).0" is outside east or west abutment box side.
        (y:3467.5um, yAB: [0um:3456um])

[ERROR] Side.place(IoPin): Pin "inputs(14899).0" is outside east or west abutment box side.
        (y:3468um, yAB: [0um:3456um])

[ERROR] Side.place(IoPin): Pin "inputs(14900).0" is outside east or west abutment box side.
        (y:3468.5um, yAB: [0um:3456um])

[ERROR] Side.place(IoPin): Pin "inputs(14901).0" is outside east or west abutment box side.
        (y:3469um, yAB: [0um:3456um])

[ERROR] Side.place(IoPin): Pin "inputs(14902).0" is outside east or west abutment box side.
        (y:3469.5um, yAB: [0um:3456um])

[ERROR] Side.place(IoPin): Pin "inputs(14903).0" is outside east or west abutment box side.
        (y:3470um, yAB: [0um:3456um])

[ERROR] Side.place(IoPin): Pin "inputs(14904).0" is outside east or west abutment box side.
        (y:3470.5um, yAB: [0um:3456um])

[ERROR] Side.place(IoPin): Pin "inputs(14905).0" is outside east or west abutment box side.
        (y:3471um, yAB: [0um:3456um])

[ERROR] Side.place(IoPin): Pin "inputs(14906).0" is outside east or west abutment box side.
        (y:3471.5um, yAB: [0um:3456um])

[ERROR] Side.place(IoPin): Pin "inputs(14907).0" is outside east or west abutment box side.
        (y:3472um, yAB: [0um:3456um])

[ERROR] Side.place(IoPin): Pin "inputs(14908).0" is outside east or west abutment box side.
        (y:3472.5um, yAB: [0um:3456um])

[ERROR] Side.place(IoPin): Pin "inputs(14909).0" is outside east or west abutment box side.
        (y:3473um, yAB: [0um:3456um])

[ERROR] Side.place(IoPin): Pin "inputs(14910).0" is outside east or west abutment box side.
        (y:3473.5um, yAB: [0um:3456um])

[ERROR] Side.place(IoPin): Pin "inputs(14911).0" is outside east or west abutment box side.
        (y:3474um, yAB: [0um:3456um])

[ERROR] Side.place(IoPin): Pin "inputs(14912).0" is outside east or west abutment box side.
        (y:3474.5um, yAB: [0um:3456um])

[ERROR] Side.place(IoPin): Pin "inputs(14913).0" is outside east or west abutment box side.
        (y:3475um, yAB: [0um:3456um])

[ERROR] Side.place(IoPin): Pin "inputs(14914).0" is outside east or west abutment box side.
        (y:3475.5um, yAB: [0um:3456um])

[ERROR] Side.place(IoPin): Pin "inputs(14915).0" is outside east or west abutment box side.
        (y:3476um, yAB: [0um:3456um])

[ERROR] Side.place(IoPin): Pin "inputs(14916).0" is outside east or west abutment box side.
        (y:3476.5um, yAB: [0um:3456um])

[ERROR] Side.place(IoPin): Pin "inputs(14917).0" is outside east or west abutment box side.
        (y:3477um, yAB: [0um:3456um])

[ERROR] Side.place(IoPin): Pin "inputs(14918).0" is outside east or west abutment box side.
        (y:3477.5um, yAB: [0um:3456um])

[ERROR] Side.place(IoPin): Pin "inputs(14919).0" is outside east or west abutment box side.
        (y:3478um, yAB: [0um:3456um])

[ERROR] Side.place(IoPin): Pin "inputs(14920).0" is outside east or west abutment box side.
        (y:3478.5um, yAB: [0um:3456um])

[ERROR] Side.place(IoPin): Pin "inputs(14921).0" is outside east or west abutment box side.
        (y:3479um, yAB: [0um:3456um])

[ERROR] Side.place(IoPin): Pin "inputs(14922).0" is outside east or west abutment box side.
        (y:3479.5um, yAB: [0um:3456um])

[ERROR] Side.place(IoPin): Pin "inputs(14923).0" is outside east or west abutment box side.
        (y:3480um, yAB: [0um:3456um])

[ERROR] Side.place(IoPin): Pin "inputs(14924).0" is outside east or west abutment box side.
        (y:3480.5um, yAB: [0um:3456um])

[ERROR] Side.place(IoPin): Pin "inputs(14925).0" is outside east or west abutment box side.
        (y:3481um, yAB: [0um:3456um])

[ERROR] Side.place(IoPin): Pin "inputs(14926).0" is outside east or west abutment box side.
        (y:3481.5um, yAB: [0um:3456um])

[ERROR] Side.place(IoPin): Pin "inputs(14927).0" is outside east or west abutment box side.
        (y:3482um, yAB: [0um:3456um])

[ERROR] Side.place(IoPin): Pin "inputs(14928).0" is outside east or west abutment box side.
        (y:3482.5um, yAB: [0um:3456um])

[ERROR] Side.place(IoPin): Pin "inputs(14929).0" is outside east or west abutment box side.
        (y:3483um, yAB: [0um:3456um])

[ERROR] Side.place(IoPin): Pin "inputs(14930).0" is outside east or west abutment box side.
        (y:3483.5um, yAB: [0um:3456um])

[ERROR] Side.place(IoPin): Pin "inputs(14931).0" is outside east or west abutment box side.
        (y:3484um, yAB: [0um:3456um])

[ERROR] Side.place(IoPin): Pin "inputs(14932).0" is outside east or west abutment box side.
        (y:3484.5um, yAB: [0um:3456um])

[ERROR] Side.place(IoPin): Pin "inputs(14933).0" is outside east or west abutment box side.
        (y:3485um, yAB: [0um:3456um])

[ERROR] Side.place(IoPin): Pin "inputs(14934).0" is outside east or west abutment box side.
        (y:3485.5um, yAB: [0um:3456um])

[ERROR] Side.place(IoPin): Pin "inputs(14935).0" is outside east or west abutment box side.
        (y:3486um, yAB: [0um:3456um])

[ERROR] Side.place(IoPin): Pin "inputs(14936).0" is outside east or west abutment box side.
        (y:3486.5um, yAB: [0um:3456um])

[ERROR] Side.place(IoPin): Pin "inputs(14937).0" is outside east or west abutment box side.
        (y:3487um, yAB: [0um:3456um])

[ERROR] Side.place(IoPin): Pin "inputs(14938).0" is outside east or west abutment box side.
        (y:3487.5um, yAB: [0um:3456um])

[ERROR] Side.place(IoPin): Pin "inputs(14939).0" is outside east or west abutment box side.
        (y:3488um, yAB: [0um:3456um])

[ERROR] Side.place(IoPin): Pin "inputs(14940).0" is outside east or west abutment box side.
        (y:3488.5um, yAB: [0um:3456um])

[ERROR] Side.place(IoPin): Pin "inputs(14941).0" is outside east or west abutment box side.
        (y:3489um, yAB: [0um:3456um])

[ERROR] Side.place(IoPin): Pin "inputs(14942).0" is outside east or west abutment box side.
        (y:3489.5um, yAB: [0um:3456um])

[ERROR] Side.place(IoPin): Pin "inputs(14943).0" is outside east or west abutment box side.
        (y:3490um, yAB: [0um:3456um])

[ERROR] Side.place(IoPin): Pin "inputs(14944).0" is outside east or west abutment box side.
        (y:3490.5um, yAB: [0um:3456um])

[ERROR] Side.place(IoPin): Pin "inputs(14945).0" is outside east or west abutment box side.
        (y:3491um, yAB: [0um:3456um])

[ERROR] Side.place(IoPin): Pin "inputs(14946).0" is outside east or west abutment box side.
        (y:3491.5um, yAB: [0um:3456um])

[ERROR] Side.place(IoPin): Pin "inputs(14947).0" is outside east or west abutment box side.
        (y:3492um, yAB: [0um:3456um])

[ERROR] Side.place(IoPin): Pin "inputs(14948).0" is outside east or west abutment box side.
        (y:3492.5um, yAB: [0um:3456um])

[ERROR] Side.place(IoPin): Pin "inputs(14949).0" is outside east or west abutment box side.
        (y:3493um, yAB: [0um:3456um])

[ERROR] Side.place(IoPin): Pin "inputs(14950).0" is outside east or west abutment box side.
        (y:3493.5um, yAB: [0um:3456um])

[ERROR] Side.place(IoPin): Pin "inputs(14951).0" is outside east or west abutment box side.
        (y:3494um, yAB: [0um:3456um])

[ERROR] Side.place(IoPin): Pin "inputs(14952).0" is outside east or west abutment box side.
        (y:3494.5um, yAB: [0um:3456um])

[ERROR] Side.place(IoPin): Pin "inputs(14953).0" is outside east or west abutment box side.
        (y:3495um, yAB: [0um:3456um])

[ERROR] Side.place(IoPin): Pin "inputs(14954).0" is outside east or west abutment box side.
        (y:3495.5um, yAB: [0um:3456um])

[ERROR] Side.place(IoPin): Pin "inputs(14955).0" is outside east or west abutment box side.
        (y:3496um, yAB: [0um:3456um])

[ERROR] Side.place(IoPin): Pin "inputs(14956).0" is outside east or west abutment box side.
        (y:3496.5um, yAB: [0um:3456um])

[ERROR] Side.place(IoPin): Pin "inputs(14957).0" is outside east or west abutment box side.
        (y:3497um, yAB: [0um:3456um])

[ERROR] Side.place(IoPin): Pin "inputs(14958).0" is outside east or west abutment box side.
        (y:3497.5um, yAB: [0um:3456um])

[ERROR] Side.place(IoPin): Pin "inputs(14959).0" is outside east or west abutment box side.
        (y:3498um, yAB: [0um:3456um])

[ERROR] Side.place(IoPin): Pin "inputs(14960).0" is outside east or west abutment box side.
        (y:3498.5um, yAB: [0um:3456um])

[ERROR] Side.place(IoPin): Pin "inputs(14961).0" is outside east or west abutment box side.
        (y:3499um, yAB: [0um:3456um])

[ERROR] Side.place(IoPin): Pin "inputs(14962).0" is outside east or west abutment box side.
        (y:3499.5um, yAB: [0um:3456um])

[ERROR] Side.place(IoPin): Pin "inputs(14963).0" is outside east or west abutment box side.
        (y:3500um, yAB: [0um:3456um])

[ERROR] Side.place(IoPin): Pin "inputs(14964).0" is outside east or west abutment box side.
        (y:3500.5um, yAB: [0um:3456um])

[ERROR] Side.place(IoPin): Pin "inputs(14965).0" is outside east or west abutment box side.
        (y:3501um, yAB: [0um:3456um])

[ERROR] Side.place(IoPin): Pin "inputs(14966).0" is outside east or west abutment box side.
        (y:3501.5um, yAB: [0um:3456um])

[ERROR] Side.place(IoPin): Pin "inputs(14967).0" is outside east or west abutment box side.
        (y:3502um, yAB: [0um:3456um])

[ERROR] Side.place(IoPin): Pin "inputs(14968).0" is outside east or west abutment box side.
        (y:3502.5um, yAB: [0um:3456um])

[ERROR] Side.place(IoPin): Pin "inputs(14969).0" is outside east or west abutment box side.
        (y:3503um, yAB: [0um:3456um])

[ERROR] Side.place(IoPin): Pin "inputs(14970).0" is outside east or west abutment box side.
        (y:3503.5um, yAB: [0um:3456um])

[ERROR] Side.place(IoPin): Pin "inputs(14971).0" is outside east or west abutment box side.
        (y:3504um, yAB: [0um:3456um])

[ERROR] Side.place(IoPin): Pin "inputs(14972).0" is outside east or west abutment box side.
        (y:3504.5um, yAB: [0um:3456um])

[ERROR] Side.place(IoPin): Pin "inputs(14973).0" is outside east or west abutment box side.
        (y:3505um, yAB: [0um:3456um])

[ERROR] Side.place(IoPin): Pin "inputs(14974).0" is outside east or west abutment box side.
        (y:3505.5um, yAB: [0um:3456um])

[ERROR] Side.place(IoPin): Pin "inputs(14975).0" is outside east or west abutment box side.
        (y:3506um, yAB: [0um:3456um])

[ERROR] Side.place(IoPin): Pin "inputs(14976).0" is outside east or west abutment box side.
        (y:3506.5um, yAB: [0um:3456um])

[ERROR] Side.place(IoPin): Pin "inputs(14977).0" is outside east or west abutment box side.
        (y:3507um, yAB: [0um:3456um])

[ERROR] Side.place(IoPin): Pin "inputs(14978).0" is outside east or west abutment box side.
        (y:3507.5um, yAB: [0um:3456um])

[ERROR] Side.place(IoPin): Pin "inputs(14979).0" is outside east or west abutment box side.
        (y:3508um, yAB: [0um:3456um])

[ERROR] Side.place(IoPin): Pin "inputs(14980).0" is outside east or west abutment box side.
        (y:3508.5um, yAB: [0um:3456um])

[ERROR] Side.place(IoPin): Pin "inputs(14981).0" is outside east or west abutment box side.
        (y:3509um, yAB: [0um:3456um])

[ERROR] Side.place(IoPin): Pin "inputs(14982).0" is outside east or west abutment box side.
        (y:3509.5um, yAB: [0um:3456um])

[ERROR] Side.place(IoPin): Pin "inputs(14983).0" is outside east or west abutment box side.
        (y:3510um, yAB: [0um:3456um])

[ERROR] Side.place(IoPin): Pin "inputs(14984).0" is outside east or west abutment box side.
        (y:3510.5um, yAB: [0um:3456um])

[ERROR] Side.place(IoPin): Pin "inputs(14985).0" is outside east or west abutment box side.
        (y:3511um, yAB: [0um:3456um])

[ERROR] Side.place(IoPin): Pin "inputs(14986).0" is outside east or west abutment box side.
        (y:3511.5um, yAB: [0um:3456um])

[ERROR] Side.place(IoPin): Pin "inputs(14987).0" is outside east or west abutment box side.
        (y:3512um, yAB: [0um:3456um])

[ERROR] Side.place(IoPin): Pin "inputs(14988).0" is outside east or west abutment box side.
        (y:3512.5um, yAB: [0um:3456um])

[ERROR] Side.place(IoPin): Pin "inputs(14989).0" is outside east or west abutment box side.
        (y:3513um, yAB: [0um:3456um])

[ERROR] Side.place(IoPin): Pin "inputs(14990).0" is outside east or west abutment box side.
        (y:3513.5um, yAB: [0um:3456um])

[ERROR] Side.place(IoPin): Pin "inputs(14991).0" is outside east or west abutment box side.
        (y:3514um, yAB: [0um:3456um])

[ERROR] Side.place(IoPin): Pin "inputs(14992).0" is outside east or west abutment box side.
        (y:3514.5um, yAB: [0um:3456um])

[ERROR] Side.place(IoPin): Pin "inputs(14993).0" is outside east or west abutment box side.
        (y:3515um, yAB: [0um:3456um])

[ERROR] Side.place(IoPin): Pin "inputs(14994).0" is outside east or west abutment box side.
        (y:3515.5um, yAB: [0um:3456um])

[ERROR] Side.place(IoPin): Pin "inputs(14995).0" is outside east or west abutment box side.
        (y:3516um, yAB: [0um:3456um])

[ERROR] Side.place(IoPin): Pin "inputs(14996).0" is outside east or west abutment box side.
        (y:3516.5um, yAB: [0um:3456um])

[ERROR] Side.place(IoPin): Pin "inputs(14997).0" is outside east or west abutment box side.
        (y:3517um, yAB: [0um:3456um])

[ERROR] Side.place(IoPin): Pin "inputs(14998).0" is outside east or west abutment box side.
        (y:3517.5um, yAB: [0um:3456um])

[ERROR] Side.place(IoPin): Pin "inputs(14999).0" is outside east or west abutment box side.
        (y:3518um, yAB: [0um:3456um])

[ERROR] Side.place(IoPin): Pin "inputs(15000).0" is outside east or west abutment box side.
        (y:3518.5um, yAB: [0um:3456um])

[ERROR] Side.place(IoPin): Pin "inputs(15001).0" is outside east or west abutment box side.
        (y:3519um, yAB: [0um:3456um])

[ERROR] Side.place(IoPin): Pin "inputs(15002).0" is outside east or west abutment box side.
        (y:3519.5um, yAB: [0um:3456um])

[ERROR] Side.place(IoPin): Pin "inputs(15003).0" is outside east or west abutment box side.
        (y:3520um, yAB: [0um:3456um])

[ERROR] Side.place(IoPin): Pin "inputs(15004).0" is outside east or west abutment box side.
        (y:3520.5um, yAB: [0um:3456um])

[ERROR] Side.place(IoPin): Pin "inputs(15005).0" is outside east or west abutment box side.
        (y:3521um, yAB: [0um:3456um])

[ERROR] Side.place(IoPin): Pin "inputs(15006).0" is outside east or west abutment box side.
        (y:3521.5um, yAB: [0um:3456um])

[ERROR] Side.place(IoPin): Pin "inputs(15007).0" is outside east or west abutment box side.
        (y:3522um, yAB: [0um:3456um])

[ERROR] Side.place(IoPin): Pin "inputs(15008).0" is outside east or west abutment box side.
        (y:3522.5um, yAB: [0um:3456um])

[ERROR] Side.place(IoPin): Pin "inputs(15009).0" is outside east or west abutment box side.
        (y:3523um, yAB: [0um:3456um])

[ERROR] Side.place(IoPin): Pin "inputs(15010).0" is outside east or west abutment box side.
        (y:3523.5um, yAB: [0um:3456um])

[ERROR] Side.place(IoPin): Pin "inputs(15011).0" is outside east or west abutment box side.
        (y:3524um, yAB: [0um:3456um])

[ERROR] Side.place(IoPin): Pin "inputs(15012).0" is outside east or west abutment box side.
        (y:3524.5um, yAB: [0um:3456um])

[ERROR] Side.place(IoPin): Pin "inputs(15013).0" is outside east or west abutment box side.
        (y:3525um, yAB: [0um:3456um])

[ERROR] Side.place(IoPin): Pin "inputs(15014).0" is outside east or west abutment box side.
        (y:3525.5um, yAB: [0um:3456um])

[ERROR] Side.place(IoPin): Pin "inputs(15015).0" is outside east or west abutment box side.
        (y:3526um, yAB: [0um:3456um])

[ERROR] Side.place(IoPin): Pin "inputs(15016).0" is outside east or west abutment box side.
        (y:3526.5um, yAB: [0um:3456um])

[ERROR] Side.place(IoPin): Pin "inputs(15017).0" is outside east or west abutment box side.
        (y:3527um, yAB: [0um:3456um])

[ERROR] Side.place(IoPin): Pin "inputs(15018).0" is outside east or west abutment box side.
        (y:3527.5um, yAB: [0um:3456um])

[ERROR] Side.place(IoPin): Pin "inputs(15019).0" is outside east or west abutment box side.
        (y:3528um, yAB: [0um:3456um])

[ERROR] Side.place(IoPin): Pin "inputs(15020).0" is outside east or west abutment box side.
        (y:3528.5um, yAB: [0um:3456um])

[ERROR] Side.place(IoPin): Pin "inputs(15021).0" is outside east or west abutment box side.
        (y:3529um, yAB: [0um:3456um])

[ERROR] Side.place(IoPin): Pin "inputs(15022).0" is outside east or west abutment box side.
        (y:3529.5um, yAB: [0um:3456um])

[ERROR] Side.place(IoPin): Pin "inputs(15023).0" is outside east or west abutment box side.
        (y:3530um, yAB: [0um:3456um])

[ERROR] Side.place(IoPin): Pin "inputs(15024).0" is outside east or west abutment box side.
        (y:3530.5um, yAB: [0um:3456um])

[ERROR] Side.place(IoPin): Pin "inputs(15025).0" is outside east or west abutment box side.
        (y:3531um, yAB: [0um:3456um])

[ERROR] Side.place(IoPin): Pin "inputs(15026).0" is outside east or west abutment box side.
        (y:3531.5um, yAB: [0um:3456um])

[ERROR] Side.place(IoPin): Pin "inputs(15027).0" is outside east or west abutment box side.
        (y:3532um, yAB: [0um:3456um])

[ERROR] Side.place(IoPin): Pin "inputs(15028).0" is outside east or west abutment box side.
        (y:3532.5um, yAB: [0um:3456um])

[ERROR] Side.place(IoPin): Pin "inputs(15029).0" is outside east or west abutment box side.
        (y:3533um, yAB: [0um:3456um])

[ERROR] Side.place(IoPin): Pin "inputs(15030).0" is outside east or west abutment box side.
        (y:3533.5um, yAB: [0um:3456um])

[ERROR] Side.place(IoPin): Pin "inputs(15031).0" is outside east or west abutment box side.
        (y:3534um, yAB: [0um:3456um])

[ERROR] Side.place(IoPin): Pin "inputs(15032).0" is outside east or west abutment box side.
        (y:3534.5um, yAB: [0um:3456um])

[ERROR] Side.place(IoPin): Pin "inputs(15033).0" is outside east or west abutment box side.
        (y:3535um, yAB: [0um:3456um])

[ERROR] Side.place(IoPin): Pin "inputs(15034).0" is outside east or west abutment box side.
        (y:3535.5um, yAB: [0um:3456um])

[ERROR] Side.place(IoPin): Pin "inputs(15035).0" is outside east or west abutment box side.
        (y:3536um, yAB: [0um:3456um])

[ERROR] Side.place(IoPin): Pin "inputs(15036).0" is outside east or west abutment box side.
        (y:3536.5um, yAB: [0um:3456um])

[ERROR] Side.place(IoPin): Pin "inputs(15037).0" is outside east or west abutment box side.
        (y:3537um, yAB: [0um:3456um])

[ERROR] Side.place(IoPin): Pin "inputs(15038).0" is outside east or west abutment box side.
        (y:3537.5um, yAB: [0um:3456um])

[ERROR] Side.place(IoPin): Pin "inputs(15039).0" is outside east or west abutment box side.
        (y:3538um, yAB: [0um:3456um])

[ERROR] Side.place(IoPin): Pin "inputs(15040).0" is outside east or west abutment box side.
        (y:3538.5um, yAB: [0um:3456um])

[ERROR] Side.place(IoPin): Pin "inputs(15041).0" is outside east or west abutment box side.
        (y:3539um, yAB: [0um:3456um])

[ERROR] Side.place(IoPin): Pin "inputs(15042).0" is outside east or west abutment box side.
        (y:3539.5um, yAB: [0um:3456um])

[ERROR] Side.place(IoPin): Pin "inputs(15043).0" is outside east or west abutment box side.
        (y:3540um, yAB: [0um:3456um])

[ERROR] Side.place(IoPin): Pin "inputs(15044).0" is outside east or west abutment box side.
        (y:3540.5um, yAB: [0um:3456um])

[ERROR] Side.place(IoPin): Pin "inputs(15045).0" is outside east or west abutment box side.
        (y:3541um, yAB: [0um:3456um])

[ERROR] Side.place(IoPin): Pin "inputs(15046).0" is outside east or west abutment box side.
        (y:3541.5um, yAB: [0um:3456um])

[ERROR] Side.place(IoPin): Pin "inputs(15047).0" is outside east or west abutment box side.
        (y:3542um, yAB: [0um:3456um])

[ERROR] Side.place(IoPin): Pin "inputs(15048).0" is outside east or west abutment box side.
        (y:3542.5um, yAB: [0um:3456um])

[ERROR] Side.place(IoPin): Pin "inputs(15049).0" is outside east or west abutment box side.
        (y:3543um, yAB: [0um:3456um])

[ERROR] Side.place(IoPin): Pin "inputs(15050).0" is outside east or west abutment box side.
        (y:3543.5um, yAB: [0um:3456um])

[ERROR] Side.place(IoPin): Pin "inputs(15051).0" is outside east or west abutment box side.
        (y:3544um, yAB: [0um:3456um])

[ERROR] Side.place(IoPin): Pin "inputs(15052).0" is outside east or west abutment box side.
        (y:3544.5um, yAB: [0um:3456um])

[ERROR] Side.place(IoPin): Pin "inputs(15053).0" is outside east or west abutment box side.
        (y:3545um, yAB: [0um:3456um])

[ERROR] Side.place(IoPin): Pin "inputs(15054).0" is outside east or west abutment box side.
        (y:3545.5um, yAB: [0um:3456um])

[ERROR] Side.place(IoPin): Pin "inputs(15055).0" is outside east or west abutment box side.
        (y:3546um, yAB: [0um:3456um])

[ERROR] Side.place(IoPin): Pin "inputs(15056).0" is outside east or west abutment box side.
        (y:3546.5um, yAB: [0um:3456um])

[ERROR] Side.place(IoPin): Pin "inputs(15057).0" is outside east or west abutment box side.
        (y:3547um, yAB: [0um:3456um])

[ERROR] Side.place(IoPin): Pin "inputs(15058).0" is outside east or west abutment box side.
        (y:3547.5um, yAB: [0um:3456um])

[ERROR] Side.place(IoPin): Pin "inputs(15059).0" is outside east or west abutment box side.
        (y:3548um, yAB: [0um:3456um])

[ERROR] Side.place(IoPin): Pin "inputs(15060).0" is outside east or west abutment box side.
        (y:3548.5um, yAB: [0um:3456um])

[ERROR] Side.place(IoPin): Pin "inputs(15061).0" is outside east or west abutment box side.
        (y:3549um, yAB: [0um:3456um])

[ERROR] Side.place(IoPin): Pin "inputs(15062).0" is outside east or west abutment box side.
        (y:3549.5um, yAB: [0um:3456um])

[ERROR] Side.place(IoPin): Pin "inputs(15063).0" is outside east or west abutment box side.
        (y:3550um, yAB: [0um:3456um])

[ERROR] Side.place(IoPin): Pin "inputs(15064).0" is outside east or west abutment box side.
        (y:3550.5um, yAB: [0um:3456um])

[ERROR] Side.place(IoPin): Pin "inputs(15065).0" is outside east or west abutment box side.
        (y:3551um, yAB: [0um:3456um])

[ERROR] Side.place(IoPin): Pin "inputs(15066).0" is outside east or west abutment box side.
        (y:3551.5um, yAB: [0um:3456um])

[ERROR] Side.place(IoPin): Pin "inputs(15067).0" is outside east or west abutment box side.
        (y:3552um, yAB: [0um:3456um])

[ERROR] Side.place(IoPin): Pin "inputs(15068).0" is outside east or west abutment box side.
        (y:3552.5um, yAB: [0um:3456um])

[ERROR] Side.place(IoPin): Pin "inputs(15069).0" is outside east or west abutment box side.
        (y:3553um, yAB: [0um:3456um])

[ERROR] Side.place(IoPin): Pin "inputs(15070).0" is outside east or west abutment box side.
        (y:3553.5um, yAB: [0um:3456um])

[ERROR] Side.place(IoPin): Pin "inputs(15071).0" is outside east or west abutment box side.
        (y:3554um, yAB: [0um:3456um])

[ERROR] Side.place(IoPin): Pin "inputs(15072).0" is outside east or west abutment box side.
        (y:3554.5um, yAB: [0um:3456um])

[ERROR] Side.place(IoPin): Pin "inputs(15073).0" is outside east or west abutment box side.
        (y:3555um, yAB: [0um:3456um])

[ERROR] Side.place(IoPin): Pin "inputs(15074).0" is outside east or west abutment box side.
        (y:3555.5um, yAB: [0um:3456um])

[ERROR] Side.place(IoPin): Pin "inputs(15075).0" is outside east or west abutment box side.
        (y:3556um, yAB: [0um:3456um])

[ERROR] Side.place(IoPin): Pin "inputs(15076).0" is outside east or west abutment box side.
        (y:3556.5um, yAB: [0um:3456um])

[ERROR] Side.place(IoPin): Pin "inputs(15077).0" is outside east or west abutment box side.
        (y:3557um, yAB: [0um:3456um])

[ERROR] Side.place(IoPin): Pin "inputs(15078).0" is outside east or west abutment box side.
        (y:3557.5um, yAB: [0um:3456um])

[ERROR] Side.place(IoPin): Pin "inputs(15079).0" is outside east or west abutment box side.
        (y:3558um, yAB: [0um:3456um])

[ERROR] Side.place(IoPin): Pin "inputs(15080).0" is outside east or west abutment box side.
        (y:3558.5um, yAB: [0um:3456um])

[ERROR] Side.place(IoPin): Pin "inputs(15081).0" is outside east or west abutment box side.
        (y:3559um, yAB: [0um:3456um])

[ERROR] Side.place(IoPin): Pin "inputs(15082).0" is outside east or west abutment box side.
        (y:3559.5um, yAB: [0um:3456um])

[ERROR] Side.place(IoPin): Pin "inputs(15083).0" is outside east or west abutment box side.
        (y:3560um, yAB: [0um:3456um])

[ERROR] Side.place(IoPin): Pin "inputs(15084).0" is outside east or west abutment box side.
        (y:3560.5um, yAB: [0um:3456um])

[ERROR] Side.place(IoPin): Pin "inputs(15085).0" is outside east or west abutment box side.
        (y:3561um, yAB: [0um:3456um])

[ERROR] Side.place(IoPin): Pin "inputs(15086).0" is outside east or west abutment box side.
        (y:3561.5um, yAB: [0um:3456um])

[ERROR] Side.place(IoPin): Pin "inputs(15087).0" is outside east or west abutment box side.
        (y:3562um, yAB: [0um:3456um])

[ERROR] Side.place(IoPin): Pin "inputs(15088).0" is outside east or west abutment box side.
        (y:3562.5um, yAB: [0um:3456um])

[ERROR] Side.place(IoPin): Pin "inputs(15089).0" is outside east or west abutment box side.
        (y:3563um, yAB: [0um:3456um])

[ERROR] Side.place(IoPin): Pin "inputs(15090).0" is outside east or west abutment box side.
        (y:3563.5um, yAB: [0um:3456um])

[ERROR] Side.place(IoPin): Pin "inputs(15091).0" is outside east or west abutment box side.
        (y:3564um, yAB: [0um:3456um])

[ERROR] Side.place(IoPin): Pin "inputs(15092).0" is outside east or west abutment box side.
        (y:3564.5um, yAB: [0um:3456um])

[ERROR] Side.place(IoPin): Pin "inputs(15093).0" is outside east or west abutment box side.
        (y:3565um, yAB: [0um:3456um])

[ERROR] Side.place(IoPin): Pin "inputs(15094).0" is outside east or west abutment box side.
        (y:3565.5um, yAB: [0um:3456um])

[ERROR] Side.place(IoPin): Pin "inputs(15095).0" is outside east or west abutment box side.
        (y:3566um, yAB: [0um:3456um])

[ERROR] Side.place(IoPin): Pin "inputs(15096).0" is outside east or west abutment box side.
        (y:3566.5um, yAB: [0um:3456um])

[ERROR] Side.place(IoPin): Pin "inputs(15097).0" is outside east or west abutment box side.
        (y:3567um, yAB: [0um:3456um])

[ERROR] Side.place(IoPin): Pin "inputs(15098).0" is outside east or west abutment box side.
        (y:3567.5um, yAB: [0um:3456um])

[ERROR] Side.place(IoPin): Pin "inputs(15099).0" is outside east or west abutment box side.
        (y:3568um, yAB: [0um:3456um])

[ERROR] Side.place(IoPin): Pin "inputs(15100).0" is outside east or west abutment box side.
        (y:3568.5um, yAB: [0um:3456um])

[ERROR] Side.place(IoPin): Pin "inputs(15101).0" is outside east or west abutment box side.
        (y:3569um, yAB: [0um:3456um])

[ERROR] Side.place(IoPin): Pin "inputs(15102).0" is outside east or west abutment box side.
        (y:3569.5um, yAB: [0um:3456um])

[ERROR] Side.place(IoPin): Pin "inputs(15103).0" is outside east or west abutment box side.
        (y:3570um, yAB: [0um:3456um])

[ERROR] Side.place(IoPin): Pin "inputs(15104).0" is outside east or west abutment box side.
        (y:3570.5um, yAB: [0um:3456um])

[ERROR] Side.place(IoPin): Pin "inputs(15105).0" is outside east or west abutment box side.
        (y:3571um, yAB: [0um:3456um])

[ERROR] Side.place(IoPin): Pin "inputs(15106).0" is outside east or west abutment box side.
        (y:3571.5um, yAB: [0um:3456um])

[ERROR] Side.place(IoPin): Pin "inputs(15107).0" is outside east or west abutment box side.
        (y:3572um, yAB: [0um:3456um])

[ERROR] Side.place(IoPin): Pin "inputs(15108).0" is outside east or west abutment box side.
        (y:3572.5um, yAB: [0um:3456um])

[ERROR] Side.place(IoPin): Pin "inputs(15109).0" is outside east or west abutment box side.
        (y:3573um, yAB: [0um:3456um])

[ERROR] Side.place(IoPin): Pin "inputs(15110).0" is outside east or west abutment box side.
        (y:3573.5um, yAB: [0um:3456um])

[ERROR] Side.place(IoPin): Pin "inputs(15111).0" is outside east or west abutment box side.
        (y:3574um, yAB: [0um:3456um])

[ERROR] Side.place(IoPin): Pin "inputs(15112).0" is outside east or west abutment box side.
        (y:3574.5um, yAB: [0um:3456um])

[ERROR] Side.place(IoPin): Pin "inputs(15113).0" is outside east or west abutment box side.
        (y:3575um, yAB: [0um:3456um])

[ERROR] Side.place(IoPin): Pin "inputs(15114).0" is outside east or west abutment box side.
        (y:3575.5um, yAB: [0um:3456um])

[ERROR] Side.place(IoPin): Pin "inputs(15115).0" is outside east or west abutment box side.
        (y:3576um, yAB: [0um:3456um])

[ERROR] Side.place(IoPin): Pin "inputs(15116).0" is outside east or west abutment box side.
        (y:3576.5um, yAB: [0um:3456um])

[ERROR] Side.place(IoPin): Pin "inputs(15117).0" is outside east or west abutment box side.
        (y:3577um, yAB: [0um:3456um])

[ERROR] Side.place(IoPin): Pin "inputs(15118).0" is outside east or west abutment box side.
        (y:3577.5um, yAB: [0um:3456um])

[ERROR] Side.place(IoPin): Pin "inputs(15119).0" is outside east or west abutment box side.
        (y:3578um, yAB: [0um:3456um])

[ERROR] Side.place(IoPin): Pin "inputs(15120).0" is outside east or west abutment box side.
        (y:3578.5um, yAB: [0um:3456um])

[ERROR] Side.place(IoPin): Pin "inputs(15121).0" is outside east or west abutment box side.
        (y:3579um, yAB: [0um:3456um])

[ERROR] Side.place(IoPin): Pin "inputs(15122).0" is outside east or west abutment box side.
        (y:3579.5um, yAB: [0um:3456um])

[ERROR] Side.place(IoPin): Pin "inputs(15123).0" is outside east or west abutment box side.
        (y:3580um, yAB: [0um:3456um])

[ERROR] Side.place(IoPin): Pin "inputs(15124).0" is outside east or west abutment box side.
        (y:3580.5um, yAB: [0um:3456um])

[ERROR] Side.place(IoPin): Pin "inputs(15125).0" is outside east or west abutment box side.
        (y:3581um, yAB: [0um:3456um])

[ERROR] Side.place(IoPin): Pin "inputs(15126).0" is outside east or west abutment box side.
        (y:3581.5um, yAB: [0um:3456um])

[ERROR] Side.place(IoPin): Pin "inputs(15127).0" is outside east or west abutment box side.
        (y:3582um, yAB: [0um:3456um])

[ERROR] Side.place(IoPin): Pin "inputs(15128).0" is outside east or west abutment box side.
        (y:3582.5um, yAB: [0um:3456um])

[ERROR] Side.place(IoPin): Pin "inputs(15129).0" is outside east or west abutment box side.
        (y:3583um, yAB: [0um:3456um])

[ERROR] Side.place(IoPin): Pin "inputs(15130).0" is outside east or west abutment box side.
        (y:3583.5um, yAB: [0um:3456um])

[ERROR] Side.place(IoPin): Pin "inputs(15131).0" is outside east or west abutment box side.
        (y:3584um, yAB: [0um:3456um])

[ERROR] Side.place(IoPin): Pin "inputs(15132).0" is outside east or west abutment box side.
        (y:3584.5um, yAB: [0um:3456um])

[ERROR] Side.place(IoPin): Pin "inputs(15133).0" is outside east or west abutment box side.
        (y:3585um, yAB: [0um:3456um])

[ERROR] Side.place(IoPin): Pin "inputs(15134).0" is outside east or west abutment box side.
        (y:3585.5um, yAB: [0um:3456um])

[ERROR] Side.place(IoPin): Pin "inputs(15135).0" is outside east or west abutment box side.
        (y:3586um, yAB: [0um:3456um])

[ERROR] Side.place(IoPin): Pin "inputs(15136).0" is outside east or west abutment box side.
        (y:3586.5um, yAB: [0um:3456um])

[ERROR] Side.place(IoPin): Pin "inputs(15137).0" is outside east or west abutment box side.
        (y:3587um, yAB: [0um:3456um])

[ERROR] Side.place(IoPin): Pin "inputs(15138).0" is outside east or west abutment box side.
        (y:3587.5um, yAB: [0um:3456um])

[ERROR] Side.place(IoPin): Pin "inputs(15139).0" is outside east or west abutment box side.
        (y:3588um, yAB: [0um:3456um])

[ERROR] Side.place(IoPin): Pin "inputs(15140).0" is outside east or west abutment box side.
        (y:3588.5um, yAB: [0um:3456um])

[ERROR] Side.place(IoPin): Pin "inputs(15141).0" is outside east or west abutment box side.
        (y:3589um, yAB: [0um:3456um])

[ERROR] Side.place(IoPin): Pin "inputs(15142).0" is outside east or west abutment box side.
        (y:3589.5um, yAB: [0um:3456um])

[ERROR] Side.place(IoPin): Pin "inputs(15143).0" is outside east or west abutment box side.
        (y:3590um, yAB: [0um:3456um])

[ERROR] Side.place(IoPin): Pin "inputs(15144).0" is outside east or west abutment box side.
        (y:3590.5um, yAB: [0um:3456um])

[ERROR] Side.place(IoPin): Pin "inputs(15145).0" is outside east or west abutment box side.
        (y:3591um, yAB: [0um:3456um])

[ERROR] Side.place(IoPin): Pin "inputs(15146).0" is outside east or west abutment box side.
        (y:3591.5um, yAB: [0um:3456um])

[ERROR] Side.place(IoPin): Pin "inputs(15147).0" is outside east or west abutment box side.
        (y:3592um, yAB: [0um:3456um])

[ERROR] Side.place(IoPin): Pin "inputs(15148).0" is outside east or west abutment box side.
        (y:3592.5um, yAB: [0um:3456um])

[ERROR] Side.place(IoPin): Pin "inputs(15149).0" is outside east or west abutment box side.
        (y:3593um, yAB: [0um:3456um])

[ERROR] Side.place(IoPin): Pin "inputs(15150).0" is outside east or west abutment box side.
        (y:3593.5um, yAB: [0um:3456um])

[ERROR] Side.place(IoPin): Pin "inputs(15151).0" is outside east or west abutment box side.
        (y:3594um, yAB: [0um:3456um])

[ERROR] Side.place(IoPin): Pin "inputs(15152).0" is outside east or west abutment box side.
        (y:3594.5um, yAB: [0um:3456um])

[ERROR] Side.place(IoPin): Pin "inputs(15153).0" is outside east or west abutment box side.
        (y:3595um, yAB: [0um:3456um])

[ERROR] Side.place(IoPin): Pin "inputs(15154).0" is outside east or west abutment box side.
        (y:3595.5um, yAB: [0um:3456um])

[ERROR] Side.place(IoPin): Pin "inputs(15155).0" is outside east or west abutment box side.
        (y:3596um, yAB: [0um:3456um])

[ERROR] Side.place(IoPin): Pin "inputs(15156).0" is outside east or west abutment box side.
        (y:3596.5um, yAB: [0um:3456um])

[ERROR] Side.place(IoPin): Pin "inputs(15157).0" is outside east or west abutment box side.
        (y:3597um, yAB: [0um:3456um])

[ERROR] Side.place(IoPin): Pin "inputs(15158).0" is outside east or west abutment box side.
        (y:3597.5um, yAB: [0um:3456um])

[ERROR] Side.place(IoPin): Pin "inputs(15159).0" is outside east or west abutment box side.
        (y:3598um, yAB: [0um:3456um])

[ERROR] Side.place(IoPin): Pin "inputs(15160).0" is outside east or west abutment box side.
        (y:3598.5um, yAB: [0um:3456um])

[ERROR] Side.place(IoPin): Pin "inputs(15161).0" is outside east or west abutment box side.
        (y:3599um, yAB: [0um:3456um])

[ERROR] Side.place(IoPin): Pin "inputs(15162).0" is outside east or west abutment box side.
        (y:3599.5um, yAB: [0um:3456um])

[ERROR] Side.place(IoPin): Pin "inputs(15163).0" is outside east or west abutment box side.
        (y:3600um, yAB: [0um:3456um])

[ERROR] Side.place(IoPin): Pin "inputs(15164).0" is outside east or west abutment box side.
        (y:3600.5um, yAB: [0um:3456um])

[ERROR] Side.place(IoPin): Pin "inputs(15165).0" is outside east or west abutment box side.
        (y:3601um, yAB: [0um:3456um])

[ERROR] Side.place(IoPin): Pin "inputs(15166).0" is outside east or west abutment box side.
        (y:3601.5um, yAB: [0um:3456um])

[ERROR] Side.place(IoPin): Pin "inputs(15167).0" is outside east or west abutment box side.
        (y:3602um, yAB: [0um:3456um])

[ERROR] Side.place(IoPin): Pin "inputs(15168).0" is outside east or west abutment box side.
        (y:3602.5um, yAB: [0um:3456um])

[ERROR] Side.place(IoPin): Pin "inputs(15169).0" is outside east or west abutment box side.
        (y:3603um, yAB: [0um:3456um])

[ERROR] Side.place(IoPin): Pin "inputs(15170).0" is outside east or west abutment box side.
        (y:3603.5um, yAB: [0um:3456um])

[ERROR] Side.place(IoPin): Pin "inputs(15171).0" is outside east or west abutment box side.
        (y:3604um, yAB: [0um:3456um])

[ERROR] Side.place(IoPin): Pin "inputs(15172).0" is outside east or west abutment box side.
        (y:3604.5um, yAB: [0um:3456um])

[ERROR] Side.place(IoPin): Pin "inputs(15173).0" is outside east or west abutment box side.
        (y:3605um, yAB: [0um:3456um])

[ERROR] Side.place(IoPin): Pin "inputs(15174).0" is outside east or west abutment box side.
        (y:3605.5um, yAB: [0um:3456um])

[ERROR] Side.place(IoPin): Pin "inputs(15175).0" is outside east or west abutment box side.
        (y:3606um, yAB: [0um:3456um])

[ERROR] Side.place(IoPin): Pin "inputs(15176).0" is outside east or west abutment box side.
        (y:3606.5um, yAB: [0um:3456um])

[ERROR] Side.place(IoPin): Pin "inputs(15177).0" is outside east or west abutment box side.
        (y:3607um, yAB: [0um:3456um])

[ERROR] Side.place(IoPin): Pin "inputs(15178).0" is outside east or west abutment box side.
        (y:3607.5um, yAB: [0um:3456um])

[ERROR] Side.place(IoPin): Pin "inputs(15179).0" is outside east or west abutment box side.
        (y:3608um, yAB: [0um:3456um])

[ERROR] Side.place(IoPin): Pin "inputs(15180).0" is outside east or west abutment box side.
        (y:3608.5um, yAB: [0um:3456um])

[ERROR] Side.place(IoPin): Pin "inputs(15181).0" is outside east or west abutment box side.
        (y:3609um, yAB: [0um:3456um])

[ERROR] Side.place(IoPin): Pin "inputs(15182).0" is outside east or west abutment box side.
        (y:3609.5um, yAB: [0um:3456um])

[ERROR] Side.place(IoPin): Pin "inputs(15183).0" is outside east or west abutment box side.
        (y:3610um, yAB: [0um:3456um])

[ERROR] Side.place(IoPin): Pin "inputs(15184).0" is outside east or west abutment box side.
        (y:3610.5um, yAB: [0um:3456um])

[ERROR] Side.place(IoPin): Pin "inputs(15185).0" is outside east or west abutment box side.
        (y:3611um, yAB: [0um:3456um])

[ERROR] Side.place(IoPin): Pin "inputs(15186).0" is outside east or west abutment box side.
        (y:3611.5um, yAB: [0um:3456um])

[ERROR] Side.place(IoPin): Pin "inputs(15187).0" is outside east or west abutment box side.
        (y:3612um, yAB: [0um:3456um])

[ERROR] Side.place(IoPin): Pin "inputs(15188).0" is outside east or west abutment box side.
        (y:3612.5um, yAB: [0um:3456um])

[ERROR] Side.place(IoPin): Pin "inputs(15189).0" is outside east or west abutment box side.
        (y:3613um, yAB: [0um:3456um])

[ERROR] Side.place(IoPin): Pin "inputs(15190).0" is outside east or west abutment box side.
        (y:3613.5um, yAB: [0um:3456um])

[ERROR] Side.place(IoPin): Pin "inputs(15191).0" is outside east or west abutment box side.
        (y:3614um, yAB: [0um:3456um])

[ERROR] Side.place(IoPin): Pin "inputs(15192).0" is outside east or west abutment box side.
        (y:3614.5um, yAB: [0um:3456um])

[ERROR] Side.place(IoPin): Pin "inputs(15193).0" is outside east or west abutment box side.
        (y:3615um, yAB: [0um:3456um])

[ERROR] Side.place(IoPin): Pin "inputs(15194).0" is outside east or west abutment box side.
        (y:3615.5um, yAB: [0um:3456um])

[ERROR] Side.place(IoPin): Pin "inputs(15195).0" is outside east or west abutment box side.
        (y:3616um, yAB: [0um:3456um])

[ERROR] Side.place(IoPin): Pin "inputs(15196).0" is outside east or west abutment box side.
        (y:3616.5um, yAB: [0um:3456um])

[ERROR] Side.place(IoPin): Pin "inputs(15197).0" is outside east or west abutment box side.
        (y:3617um, yAB: [0um:3456um])

[ERROR] Side.place(IoPin): Pin "inputs(15198).0" is outside east or west abutment box side.
        (y:3617.5um, yAB: [0um:3456um])

[ERROR] Side.place(IoPin): Pin "inputs(15199).0" is outside east or west abutment box side.
        (y:3618um, yAB: [0um:3456um])

[ERROR] Side.place(IoPin): Pin "inputs(15200).0" is outside east or west abutment box side.
        (y:3618.5um, yAB: [0um:3456um])

[ERROR] Side.place(IoPin): Pin "inputs(15201).0" is outside east or west abutment box side.
        (y:3619um, yAB: [0um:3456um])

[ERROR] Side.place(IoPin): Pin "inputs(15202).0" is outside east or west abutment box side.
        (y:3619.5um, yAB: [0um:3456um])

[ERROR] Side.place(IoPin): Pin "inputs(15203).0" is outside east or west abutment box side.
        (y:3620um, yAB: [0um:3456um])

[ERROR] Side.place(IoPin): Pin "inputs(15204).0" is outside east or west abutment box side.
        (y:3620.5um, yAB: [0um:3456um])

[ERROR] Side.place(IoPin): Pin "inputs(15205).0" is outside east or west abutment box side.
        (y:3621um, yAB: [0um:3456um])

[ERROR] Side.place(IoPin): Pin "inputs(15206).0" is outside east or west abutment box side.
        (y:3621.5um, yAB: [0um:3456um])

[ERROR] Side.place(IoPin): Pin "inputs(15207).0" is outside east or west abutment box side.
        (y:3622um, yAB: [0um:3456um])

[ERROR] Side.place(IoPin): Pin "inputs(15208).0" is outside east or west abutment box side.
        (y:3622.5um, yAB: [0um:3456um])

[ERROR] Side.place(IoPin): Pin "inputs(15209).0" is outside east or west abutment box side.
        (y:3623um, yAB: [0um:3456um])

[ERROR] Side.place(IoPin): Pin "inputs(15210).0" is outside east or west abutment box side.
        (y:3623.5um, yAB: [0um:3456um])

[ERROR] Side.place(IoPin): Pin "inputs(15211).0" is outside east or west abutment box side.
        (y:3624um, yAB: [0um:3456um])

[ERROR] Side.place(IoPin): Pin "inputs(15212).0" is outside east or west abutment box side.
        (y:3624.5um, yAB: [0um:3456um])

[ERROR] Side.place(IoPin): Pin "inputs(15213).0" is outside east or west abutment box side.
        (y:3625um, yAB: [0um:3456um])

[ERROR] Side.place(IoPin): Pin "inputs(15214).0" is outside east or west abutment box side.
        (y:3625.5um, yAB: [0um:3456um])

[ERROR] Side.place(IoPin): Pin "inputs(15215).0" is outside east or west abutment box side.
        (y:3626um, yAB: [0um:3456um])

[ERROR] Side.place(IoPin): Pin "inputs(15216).0" is outside east or west abutment box side.
        (y:3626.5um, yAB: [0um:3456um])

[ERROR] Side.place(IoPin): Pin "inputs(15217).0" is outside east or west abutment box side.
        (y:3627um, yAB: [0um:3456um])

[ERROR] Side.place(IoPin): Pin "inputs(15218).0" is outside east or west abutment box side.
        (y:3627.5um, yAB: [0um:3456um])

[ERROR] Side.place(IoPin): Pin "inputs(15219).0" is outside east or west abutment box side.
        (y:3628um, yAB: [0um:3456um])

[ERROR] Side.place(IoPin): Pin "inputs(15220).0" is outside east or west abutment box side.
        (y:3628.5um, yAB: [0um:3456um])

[ERROR] Side.place(IoPin): Pin "inputs(15221).0" is outside east or west abutment box side.
        (y:3629um, yAB: [0um:3456um])

[ERROR] Side.place(IoPin): Pin "inputs(15222).0" is outside east or west abutment box side.
        (y:3629.5um, yAB: [0um:3456um])

[ERROR] Side.place(IoPin): Pin "inputs(15223).0" is outside east or west abutment box side.
        (y:3630um, yAB: [0um:3456um])

[ERROR] Side.place(IoPin): Pin "inputs(15224).0" is outside east or west abutment box side.
        (y:3630.5um, yAB: [0um:3456um])

[ERROR] Side.place(IoPin): Pin "inputs(15225).0" is outside east or west abutment box side.
        (y:3631um, yAB: [0um:3456um])

[ERROR] Side.place(IoPin): Pin "inputs(15226).0" is outside east or west abutment box side.
        (y:3631.5um, yAB: [0um:3456um])

[ERROR] Side.place(IoPin): Pin "inputs(15227).0" is outside east or west abutment box side.
        (y:3632um, yAB: [0um:3456um])

[ERROR] Side.place(IoPin): Pin "inputs(15228).0" is outside east or west abutment box side.
        (y:3632.5um, yAB: [0um:3456um])

[ERROR] Side.place(IoPin): Pin "inputs(15229).0" is outside east or west abutment box side.
        (y:3633um, yAB: [0um:3456um])

[ERROR] Side.place(IoPin): Pin "inputs(15230).0" is outside east or west abutment box side.
        (y:3633.5um, yAB: [0um:3456um])

[ERROR] Side.place(IoPin): Pin "inputs(15231).0" is outside east or west abutment box side.
        (y:3634um, yAB: [0um:3456um])

[ERROR] Side.place(IoPin): Pin "inputs(15232).0" is outside east or west abutment box side.
        (y:3634.5um, yAB: [0um:3456um])

[ERROR] Side.place(IoPin): Pin "inputs(15233).0" is outside east or west abutment box side.
        (y:3635um, yAB: [0um:3456um])

[ERROR] Side.place(IoPin): Pin "inputs(15234).0" is outside east or west abutment box side.
        (y:3635.5um, yAB: [0um:3456um])

[ERROR] Side.place(IoPin): Pin "inputs(15235).0" is outside east or west abutment box side.
        (y:3636um, yAB: [0um:3456um])

[ERROR] Side.place(IoPin): Pin "inputs(15236).0" is outside east or west abutment box side.
        (y:3636.5um, yAB: [0um:3456um])

[ERROR] Side.place(IoPin): Pin "inputs(15237).0" is outside east or west abutment box side.
        (y:3637um, yAB: [0um:3456um])

[ERROR] Side.place(IoPin): Pin "inputs(15238).0" is outside east or west abutment box side.
        (y:3637.5um, yAB: [0um:3456um])

[ERROR] Side.place(IoPin): Pin "inputs(15239).0" is outside east or west abutment box side.
        (y:3638um, yAB: [0um:3456um])

[ERROR] Side.place(IoPin): Pin "inputs(15240).0" is outside east or west abutment box side.
        (y:3638.5um, yAB: [0um:3456um])

[ERROR] Side.place(IoPin): Pin "inputs(15241).0" is outside east or west abutment box side.
        (y:3639um, yAB: [0um:3456um])

[ERROR] Side.place(IoPin): Pin "inputs(15242).0" is outside east or west abutment box side.
        (y:3639.5um, yAB: [0um:3456um])

[ERROR] Side.place(IoPin): Pin "inputs(15243).0" is outside east or west abutment box side.
        (y:3640um, yAB: [0um:3456um])

[ERROR] Side.place(IoPin): Pin "inputs(15244).0" is outside east or west abutment box side.
        (y:3640.5um, yAB: [0um:3456um])

[ERROR] Side.place(IoPin): Pin "inputs(15245).0" is outside east or west abutment box side.
        (y:3641um, yAB: [0um:3456um])

[ERROR] Side.place(IoPin): Pin "inputs(15246).0" is outside east or west abutment box side.
        (y:3641.5um, yAB: [0um:3456um])

[ERROR] Side.place(IoPin): Pin "inputs(15247).0" is outside east or west abutment box side.
        (y:3642um, yAB: [0um:3456um])

[ERROR] Side.place(IoPin): Pin "inputs(15248).0" is outside east or west abutment box side.
        (y:3642.5um, yAB: [0um:3456um])

[ERROR] Side.place(IoPin): Pin "inputs(15249).0" is outside east or west abutment box side.
        (y:3643um, yAB: [0um:3456um])

[ERROR] Side.place(IoPin): Pin "inputs(15250).0" is outside east or west abutment box side.
        (y:3643.5um, yAB: [0um:3456um])

[ERROR] Side.place(IoPin): Pin "inputs(15251).0" is outside east or west abutment box side.
        (y:3644um, yAB: [0um:3456um])

[ERROR] Side.place(IoPin): Pin "inputs(15252).0" is outside east or west abutment box side.
        (y:3644.5um, yAB: [0um:3456um])

[ERROR] Side.place(IoPin): Pin "inputs(15253).0" is outside east or west abutment box side.
        (y:3645um, yAB: [0um:3456um])

[ERROR] Side.place(IoPin): Pin "inputs(15254).0" is outside east or west abutment box side.
        (y:3645.5um, yAB: [0um:3456um])

[ERROR] Side.place(IoPin): Pin "inputs(15255).0" is outside east or west abutment box side.
        (y:3646um, yAB: [0um:3456um])

[ERROR] Side.place(IoPin): Pin "inputs(15256).0" is outside east or west abutment box side.
        (y:3646.5um, yAB: [0um:3456um])

[ERROR] Side.place(IoPin): Pin "inputs(15257).0" is outside east or west abutment box side.
        (y:3647um, yAB: [0um:3456um])

[ERROR] Side.place(IoPin): Pin "inputs(15258).0" is outside east or west abutment box side.
        (y:3647.5um, yAB: [0um:3456um])

[ERROR] Side.place(IoPin): Pin "inputs(15259).0" is outside east or west abutment box side.
        (y:3648um, yAB: [0um:3456um])

[ERROR] Side.place(IoPin): Pin "inputs(15260).0" is outside east or west abutment box side.
        (y:3648.5um, yAB: [0um:3456um])

[ERROR] Side.place(IoPin): Pin "inputs(15261).0" is outside east or west abutment box side.
        (y:3649um, yAB: [0um:3456um])

[ERROR] Side.place(IoPin): Pin "inputs(15262).0" is outside east or west abutment box side.
        (y:3649.5um, yAB: [0um:3456um])

[ERROR] Side.place(IoPin): Pin "inputs(15263).0" is outside east or west abutment box side.
        (y:3650um, yAB: [0um:3456um])

[ERROR] Side.place(IoPin): Pin "inputs(15264).0" is outside east or west abutment box side.
        (y:3650.5um, yAB: [0um:3456um])

[ERROR] Side.place(IoPin): Pin "inputs(15265).0" is outside east or west abutment box side.
        (y:3651um, yAB: [0um:3456um])

[ERROR] Side.place(IoPin): Pin "inputs(15266).0" is outside east or west abutment box side.
        (y:3651.5um, yAB: [0um:3456um])

[ERROR] Side.place(IoPin): Pin "inputs(15267).0" is outside east or west abutment box side.
        (y:3652um, yAB: [0um:3456um])

[ERROR] Side.place(IoPin): Pin "inputs(15268).0" is outside east or west abutment box side.
        (y:3652.5um, yAB: [0um:3456um])

[ERROR] Side.place(IoPin): Pin "inputs(15269).0" is outside east or west abutment box side.
        (y:3653um, yAB: [0um:3456um])

[ERROR] Side.place(IoPin): Pin "inputs(15270).0" is outside east or west abutment box side.
        (y:3653.5um, yAB: [0um:3456um])

[ERROR] Side.place(IoPin): Pin "inputs(15271).0" is outside east or west abutment box side.
        (y:3654um, yAB: [0um:3456um])

[ERROR] Side.place(IoPin): Pin "inputs(15272).0" is outside east or west abutment box side.
        (y:3654.5um, yAB: [0um:3456um])

[ERROR] Side.place(IoPin): Pin "inputs(15273).0" is outside east or west abutment box side.
        (y:3655um, yAB: [0um:3456um])

[ERROR] Side.place(IoPin): Pin "inputs(15274).0" is outside east or west abutment box side.
        (y:3655.5um, yAB: [0um:3456um])

[ERROR] Side.place(IoPin): Pin "inputs(15275).0" is outside east or west abutment box side.
        (y:3656um, yAB: [0um:3456um])

[ERROR] Side.place(IoPin): Pin "inputs(15276).0" is outside east or west abutment box side.
        (y:3656.5um, yAB: [0um:3456um])

[ERROR] Side.place(IoPin): Pin "inputs(15277).0" is outside east or west abutment box side.
        (y:3657um, yAB: [0um:3456um])

[ERROR] Side.place(IoPin): Pin "inputs(15278).0" is outside east or west abutment box side.
        (y:3657.5um, yAB: [0um:3456um])

[ERROR] Side.place(IoPin): Pin "inputs(15279).0" is outside east or west abutment box side.
        (y:3658um, yAB: [0um:3456um])

[ERROR] Side.place(IoPin): Pin "inputs(15280).0" is outside east or west abutment box side.
        (y:3658.5um, yAB: [0um:3456um])

[ERROR] Side.place(IoPin): Pin "inputs(15281).0" is outside east or west abutment box side.
        (y:3659um, yAB: [0um:3456um])

[ERROR] Side.place(IoPin): Pin "inputs(15282).0" is outside east or west abutment box side.
        (y:3659.5um, yAB: [0um:3456um])

[ERROR] Side.place(IoPin): Pin "inputs(15283).0" is outside east or west abutment box side.
        (y:3660um, yAB: [0um:3456um])

[ERROR] Side.place(IoPin): Pin "inputs(15284).0" is outside east or west abutment box side.
        (y:3660.5um, yAB: [0um:3456um])

[ERROR] Side.place(IoPin): Pin "inputs(15285).0" is outside east or west abutment box side.
        (y:3661um, yAB: [0um:3456um])

[ERROR] Side.place(IoPin): Pin "inputs(15286).0" is outside east or west abutment box side.
        (y:3661.5um, yAB: [0um:3456um])

[ERROR] Side.place(IoPin): Pin "inputs(15287).0" is outside east or west abutment box side.
        (y:3662um, yAB: [0um:3456um])

[ERROR] Side.place(IoPin): Pin "inputs(15288).0" is outside east or west abutment box side.
        (y:3662.5um, yAB: [0um:3456um])

[ERROR] Side.place(IoPin): Pin "inputs(15289).0" is outside east or west abutment box side.
        (y:3663um, yAB: [0um:3456um])

[ERROR] Side.place(IoPin): Pin "inputs(15290).0" is outside east or west abutment box side.
        (y:3663.5um, yAB: [0um:3456um])

[ERROR] Side.place(IoPin): Pin "inputs(15291).0" is outside east or west abutment box side.
        (y:3664um, yAB: [0um:3456um])

[ERROR] Side.place(IoPin): Pin "inputs(15292).0" is outside east or west abutment box side.
        (y:3664.5um, yAB: [0um:3456um])

[ERROR] Side.place(IoPin): Pin "inputs(15293).0" is outside east or west abutment box side.
        (y:3665um, yAB: [0um:3456um])

[ERROR] Side.place(IoPin): Pin "inputs(15294).0" is outside east or west abutment box side.
        (y:3665.5um, yAB: [0um:3456um])

[ERROR] Side.place(IoPin): Pin "inputs(15295).0" is outside east or west abutment box side.
        (y:3666um, yAB: [0um:3456um])

[ERROR] Side.place(IoPin): Pin "inputs(15296).0" is outside east or west abutment box side.
        (y:3666.5um, yAB: [0um:3456um])

[ERROR] Side.place(IoPin): Pin "inputs(15297).0" is outside east or west abutment box side.
        (y:3667um, yAB: [0um:3456um])

[ERROR] Side.place(IoPin): Pin "inputs(15298).0" is outside east or west abutment box side.
        (y:3667.5um, yAB: [0um:3456um])

[ERROR] Side.place(IoPin): Pin "inputs(15299).0" is outside east or west abutment box side.
        (y:3668um, yAB: [0um:3456um])

[ERROR] Side.place(IoPin): Pin "inputs(15300).0" is outside east or west abutment box side.
        (y:3668.5um, yAB: [0um:3456um])

[ERROR] Side.place(IoPin): Pin "inputs(15301).0" is outside east or west abutment box side.
        (y:3669um, yAB: [0um:3456um])

[ERROR] Side.place(IoPin): Pin "inputs(15302).0" is outside east or west abutment box side.
        (y:3669.5um, yAB: [0um:3456um])

[ERROR] Side.place(IoPin): Pin "inputs(15303).0" is outside east or west abutment box side.
        (y:3670um, yAB: [0um:3456um])

[ERROR] Side.place(IoPin): Pin "inputs(15304).0" is outside east or west abutment box side.
        (y:3670.5um, yAB: [0um:3456um])

[ERROR] Side.place(IoPin): Pin "inputs(15305).0" is outside east or west abutment box side.
        (y:3671um, yAB: [0um:3456um])

[ERROR] Side.place(IoPin): Pin "inputs(15306).0" is outside east or west abutment box side.
        (y:3671.5um, yAB: [0um:3456um])

[ERROR] Side.place(IoPin): Pin "inputs(15307).0" is outside east or west abutment box side.
        (y:3672um, yAB: [0um:3456um])

[ERROR] Side.place(IoPin): Pin "inputs(15308).0" is outside east or west abutment box side.
        (y:3672.5um, yAB: [0um:3456um])

[ERROR] Side.place(IoPin): Pin "inputs(15309).0" is outside east or west abutment box side.
        (y:3673um, yAB: [0um:3456um])

[ERROR] Side.place(IoPin): Pin "inputs(15310).0" is outside east or west abutment box side.
        (y:3673.5um, yAB: [0um:3456um])

[ERROR] Side.place(IoPin): Pin "inputs(15311).0" is outside east or west abutment box side.
        (y:3674um, yAB: [0um:3456um])

[ERROR] Side.place(IoPin): Pin "inputs(15312).0" is outside east or west abutment box side.
        (y:3674.5um, yAB: [0um:3456um])

[ERROR] Side.place(IoPin): Pin "inputs(15313).0" is outside east or west abutment box side.
        (y:3675um, yAB: [0um:3456um])

[ERROR] Side.place(IoPin): Pin "inputs(15314).0" is outside east or west abutment box side.
        (y:3675.5um, yAB: [0um:3456um])

[ERROR] Side.place(IoPin): Pin "inputs(15315).0" is outside east or west abutment box side.
        (y:3676um, yAB: [0um:3456um])

[ERROR] Side.place(IoPin): Pin "inputs(15316).0" is outside east or west abutment box side.
        (y:3676.5um, yAB: [0um:3456um])

[ERROR] Side.place(IoPin): Pin "inputs(15317).0" is outside east or west abutment box side.
        (y:3677um, yAB: [0um:3456um])

[ERROR] Side.place(IoPin): Pin "inputs(15318).0" is outside east or west abutment box side.
        (y:3677.5um, yAB: [0um:3456um])

[ERROR] Side.place(IoPin): Pin "inputs(15319).0" is outside east or west abutment box side.
        (y:3678um, yAB: [0um:3456um])

[ERROR] Side.place(IoPin): Pin "inputs(15320).0" is outside east or west abutment box side.
        (y:3678.5um, yAB: [0um:3456um])

[ERROR] Side.place(IoPin): Pin "inputs(15321).0" is outside east or west abutment box side.
        (y:3679um, yAB: [0um:3456um])

[ERROR] Side.place(IoPin): Pin "inputs(15322).0" is outside east or west abutment box side.
        (y:3679.5um, yAB: [0um:3456um])

[ERROR] Side.place(IoPin): Pin "inputs(15323).0" is outside east or west abutment box side.
        (y:3680um, yAB: [0um:3456um])

[ERROR] Side.place(IoPin): Pin "inputs(15324).0" is outside east or west abutment box side.
        (y:3680.5um, yAB: [0um:3456um])

[ERROR] Side.place(IoPin): Pin "inputs(15325).0" is outside east or west abutment box side.
        (y:3681um, yAB: [0um:3456um])

[ERROR] Side.place(IoPin): Pin "inputs(15326).0" is outside east or west abutment box side.
        (y:3681.5um, yAB: [0um:3456um])

[ERROR] Side.place(IoPin): Pin "inputs(15327).0" is outside east or west abutment box side.
        (y:3682um, yAB: [0um:3456um])

[ERROR] Side.place(IoPin): Pin "inputs(15328).0" is outside east or west abutment box side.
        (y:3682.5um, yAB: [0um:3456um])

[ERROR] Side.place(IoPin): Pin "inputs(15329).0" is outside east or west abutment box side.
        (y:3683um, yAB: [0um:3456um])

[ERROR] Side.place(IoPin): Pin "inputs(15330).0" is outside east or west abutment box side.
        (y:3683.5um, yAB: [0um:3456um])

[ERROR] Side.place(IoPin): Pin "inputs(15331).0" is outside east or west abutment box side.
        (y:3684um, yAB: [0um:3456um])

[ERROR] Side.place(IoPin): Pin "inputs(15332).0" is outside east or west abutment box side.
        (y:3684.5um, yAB: [0um:3456um])

[ERROR] Side.place(IoPin): Pin "inputs(15333).0" is outside east or west abutment box side.
        (y:3685um, yAB: [0um:3456um])

[ERROR] Side.place(IoPin): Pin "inputs(15334).0" is outside east or west abutment box side.
        (y:3685.5um, yAB: [0um:3456um])

[ERROR] Side.place(IoPin): Pin "inputs(15335).0" is outside east or west abutment box side.
        (y:3686um, yAB: [0um:3456um])

[ERROR] Side.place(IoPin): Pin "inputs(15336).0" is outside east or west abutment box side.
        (y:3686.5um, yAB: [0um:3456um])

[ERROR] Side.place(IoPin): Pin "inputs(15337).0" is outside east or west abutment box side.
        (y:3687um, yAB: [0um:3456um])

[ERROR] Side.place(IoPin): Pin "inputs(15338).0" is outside east or west abutment box side.
        (y:3687.5um, yAB: [0um:3456um])

[ERROR] Side.place(IoPin): Pin "inputs(15339).0" is outside east or west abutment box side.
        (y:3688um, yAB: [0um:3456um])

[ERROR] Side.place(IoPin): Pin "inputs(15340).0" is outside east or west abutment box side.
        (y:3688.5um, yAB: [0um:3456um])

[ERROR] Side.place(IoPin): Pin "inputs(15341).0" is outside east or west abutment box side.
        (y:3689um, yAB: [0um:3456um])

[ERROR] Side.place(IoPin): Pin "inputs(15342).0" is outside east or west abutment box side.
        (y:3689.5um, yAB: [0um:3456um])

[ERROR] Side.place(IoPin): Pin "inputs(15343).0" is outside east or west abutment box side.
        (y:3690um, yAB: [0um:3456um])

[ERROR] Side.place(IoPin): Pin "inputs(15344).0" is outside east or west abutment box side.
        (y:3690.5um, yAB: [0um:3456um])

[ERROR] Side.place(IoPin): Pin "inputs(15345).0" is outside east or west abutment box side.
        (y:3691um, yAB: [0um:3456um])

[ERROR] Side.place(IoPin): Pin "inputs(15346).0" is outside east or west abutment box side.
        (y:3691.5um, yAB: [0um:3456um])

[ERROR] Side.place(IoPin): Pin "inputs(15347).0" is outside east or west abutment box side.
        (y:3692um, yAB: [0um:3456um])

[ERROR] Side.place(IoPin): Pin "inputs(15348).0" is outside east or west abutment box side.
        (y:3692.5um, yAB: [0um:3456um])

[ERROR] Side.place(IoPin): Pin "inputs(15349).0" is outside east or west abutment box side.
        (y:3693um, yAB: [0um:3456um])

[ERROR] Side.place(IoPin): Pin "inputs(15350).0" is outside east or west abutment box side.
        (y:3693.5um, yAB: [0um:3456um])

[ERROR] Side.place(IoPin): Pin "inputs(15351).0" is outside east or west abutment box side.
        (y:3694um, yAB: [0um:3456um])

[ERROR] Side.place(IoPin): Pin "inputs(15352).0" is outside east or west abutment box side.
        (y:3694.5um, yAB: [0um:3456um])

[ERROR] Side.place(IoPin): Pin "inputs(15353).0" is outside east or west abutment box side.
        (y:3695um, yAB: [0um:3456um])

[ERROR] Side.place(IoPin): Pin "inputs(15354).0" is outside east or west abutment box side.
        (y:3695.5um, yAB: [0um:3456um])

[ERROR] Side.place(IoPin): Pin "inputs(15355).0" is outside east or west abutment box side.
        (y:3696um, yAB: [0um:3456um])

[ERROR] Side.place(IoPin): Pin "inputs(15356).0" is outside east or west abutment box side.
        (y:3696.5um, yAB: [0um:3456um])

[ERROR] Side.place(IoPin): Pin "inputs(15357).0" is outside east or west abutment box side.
        (y:3697um, yAB: [0um:3456um])

[ERROR] Side.place(IoPin): Pin "inputs(15358).0" is outside east or west abutment box side.
        (y:3697.5um, yAB: [0um:3456um])

[ERROR] Side.place(IoPin): Pin "inputs(15359).0" is outside east or west abutment box side.
        (y:3698um, yAB: [0um:3456um])

[ERROR] Side.place(IoPin): Pin "inputs(15360).0" is outside east or west abutment box side.
        (y:3698.5um, yAB: [0um:3456um])

[ERROR] Side.place(IoPin): Pin "inputs(15361).0" is outside east or west abutment box side.
        (y:3699um, yAB: [0um:3456um])

[ERROR] Side.place(IoPin): Pin "inputs(15362).0" is outside east or west abutment box side.
        (y:3699.5um, yAB: [0um:3456um])

[ERROR] Side.place(IoPin): Pin "inputs(15363).0" is outside east or west abutment box side.
        (y:3700um, yAB: [0um:3456um])

[ERROR] Side.place(IoPin): Pin "inputs(15364).0" is outside east or west abutment box side.
        (y:3700.5um, yAB: [0um:3456um])

[ERROR] Side.place(IoPin): Pin "inputs(15365).0" is outside east or west abutment box side.
        (y:3701um, yAB: [0um:3456um])

[ERROR] Side.place(IoPin): Pin "inputs(15366).0" is outside east or west abutment box side.
        (y:3701.5um, yAB: [0um:3456um])

[ERROR] Side.place(IoPin): Pin "inputs(15367).0" is outside east or west abutment box side.
        (y:3702um, yAB: [0um:3456um])

[ERROR] Side.place(IoPin): Pin "inputs(15368).0" is outside east or west abutment box side.
        (y:3702.5um, yAB: [0um:3456um])

[ERROR] Side.place(IoPin): Pin "inputs(15369).0" is outside east or west abutment box side.
        (y:3703um, yAB: [0um:3456um])

[ERROR] Side.place(IoPin): Pin "inputs(15370).0" is outside east or west abutment box side.
        (y:3703.5um, yAB: [0um:3456um])

[ERROR] Side.place(IoPin): Pin "inputs(15371).0" is outside east or west abutment box side.
        (y:3704um, yAB: [0um:3456um])

[ERROR] Side.place(IoPin): Pin "inputs(15372).0" is outside east or west abutment box side.
        (y:3704.5um, yAB: [0um:3456um])

[ERROR] Side.place(IoPin): Pin "inputs(15373).0" is outside east or west abutment box side.
        (y:3705um, yAB: [0um:3456um])

[ERROR] Side.place(IoPin): Pin "inputs(15374).0" is outside east or west abutment box side.
        (y:3705.5um, yAB: [0um:3456um])

[ERROR] Side.place(IoPin): Pin "inputs(15375).0" is outside east or west abutment box side.
        (y:3706um, yAB: [0um:3456um])

[ERROR] Side.place(IoPin): Pin "inputs(15376).0" is outside east or west abutment box side.
        (y:3706.5um, yAB: [0um:3456um])

[ERROR] Side.place(IoPin): Pin "inputs(15377).0" is outside east or west abutment box side.
        (y:3707um, yAB: [0um:3456um])

[ERROR] Side.place(IoPin): Pin "inputs(15378).0" is outside east or west abutment box side.
        (y:3707.5um, yAB: [0um:3456um])

[ERROR] Side.place(IoPin): Pin "inputs(15379).0" is outside east or west abutment box side.
        (y:3708um, yAB: [0um:3456um])

[ERROR] Side.place(IoPin): Pin "inputs(15380).0" is outside east or west abutment box side.
        (y:3708.5um, yAB: [0um:3456um])

[ERROR] Side.place(IoPin): Pin "inputs(15381).0" is outside east or west abutment box side.
        (y:3709um, yAB: [0um:3456um])

[ERROR] Side.place(IoPin): Pin "inputs(15382).0" is outside east or west abutment box side.
        (y:3709.5um, yAB: [0um:3456um])

[ERROR] Side.place(IoPin): Pin "inputs(15383).0" is outside east or west abutment box side.
        (y:3710um, yAB: [0um:3456um])

[ERROR] Side.place(IoPin): Pin "inputs(15384).0" is outside east or west abutment box side.
        (y:3710.5um, yAB: [0um:3456um])

[ERROR] Side.place(IoPin): Pin "inputs(15385).0" is outside east or west abutment box side.
        (y:3711um, yAB: [0um:3456um])

[ERROR] Side.place(IoPin): Pin "inputs(15386).0" is outside east or west abutment box side.
        (y:3711.5um, yAB: [0um:3456um])

[ERROR] Side.place(IoPin): Pin "inputs(15387).0" is outside east or west abutment box side.
        (y:3712um, yAB: [0um:3456um])

[ERROR] Side.place(IoPin): Pin "inputs(15388).0" is outside east or west abutment box side.
        (y:3712.5um, yAB: [0um:3456um])

[ERROR] Side.place(IoPin): Pin "inputs(15389).0" is outside east or west abutment box side.
        (y:3713um, yAB: [0um:3456um])

[ERROR] Side.place(IoPin): Pin "inputs(15390).0" is outside east or west abutment box side.
        (y:3713.5um, yAB: [0um:3456um])

[ERROR] Side.place(IoPin): Pin "inputs(15391).0" is outside east or west abutment box side.
        (y:3714um, yAB: [0um:3456um])

[ERROR] Side.place(IoPin): Pin "inputs(15392).0" is outside east or west abutment box side.
        (y:3714.5um, yAB: [0um:3456um])

[ERROR] Side.place(IoPin): Pin "inputs(15393).0" is outside east or west abutment box side.
        (y:3715um, yAB: [0um:3456um])

[ERROR] Side.place(IoPin): Pin "inputs(15394).0" is outside east or west abutment box side.
        (y:3715.5um, yAB: [0um:3456um])

[ERROR] Side.place(IoPin): Pin "inputs(15395).0" is outside east or west abutment box side.
        (y:3716um, yAB: [0um:3456um])

[ERROR] Side.place(IoPin): Pin "inputs(15396).0" is outside east or west abutment box side.
        (y:3716.5um, yAB: [0um:3456um])

[ERROR] Side.place(IoPin): Pin "inputs(15397).0" is outside east or west abutment box side.
        (y:3717um, yAB: [0um:3456um])

[ERROR] Side.place(IoPin): Pin "inputs(15398).0" is outside east or west abutment box side.
        (y:3717.5um, yAB: [0um:3456um])

[ERROR] Side.place(IoPin): Pin "inputs(15399).0" is outside east or west abutment box side.
        (y:3718um, yAB: [0um:3456um])

[ERROR] Side.place(IoPin): Pin "inputs(15400).0" is outside east or west abutment box side.
        (y:3718.5um, yAB: [0um:3456um])

[ERROR] Side.place(IoPin): Pin "inputs(15401).0" is outside east or west abutment box side.
        (y:3719um, yAB: [0um:3456um])

[ERROR] Side.place(IoPin): Pin "inputs(15402).0" is outside east or west abutment box side.
        (y:3719.5um, yAB: [0um:3456um])

[ERROR] Side.place(IoPin): Pin "inputs(15403).0" is outside east or west abutment box side.
        (y:3720um, yAB: [0um:3456um])

[ERROR] Side.place(IoPin): Pin "inputs(15404).0" is outside east or west abutment box side.
        (y:3720.5um, yAB: [0um:3456um])

[ERROR] Side.place(IoPin): Pin "inputs(15405).0" is outside east or west abutment box side.
        (y:3721um, yAB: [0um:3456um])

[ERROR] Side.place(IoPin): Pin "inputs(15406).0" is outside east or west abutment box side.
        (y:3721.5um, yAB: [0um:3456um])

[ERROR] Side.place(IoPin): Pin "inputs(15407).0" is outside east or west abutment box side.
        (y:3722um, yAB: [0um:3456um])

[ERROR] Side.place(IoPin): Pin "inputs(15408).0" is outside east or west abutment box side.
        (y:3722.5um, yAB: [0um:3456um])

[ERROR] Side.place(IoPin): Pin "inputs(15409).0" is outside east or west abutment box side.
        (y:3723um, yAB: [0um:3456um])

[ERROR] Side.place(IoPin): Pin "inputs(15410).0" is outside east or west abutment box side.
        (y:3723.5um, yAB: [0um:3456um])

[ERROR] Side.place(IoPin): Pin "inputs(15411).0" is outside east or west abutment box side.
        (y:3724um, yAB: [0um:3456um])

[ERROR] Side.place(IoPin): Pin "inputs(15412).0" is outside east or west abutment box side.
        (y:3724.5um, yAB: [0um:3456um])

[ERROR] Side.place(IoPin): Pin "inputs(15413).0" is outside east or west abutment box side.
        (y:3725um, yAB: [0um:3456um])

[ERROR] Side.place(IoPin): Pin "inputs(15414).0" is outside east or west abutment box side.
        (y:3725.5um, yAB: [0um:3456um])

[ERROR] Side.place(IoPin): Pin "inputs(15415).0" is outside east or west abutment box side.
        (y:3726um, yAB: [0um:3456um])

[ERROR] Side.place(IoPin): Pin "inputs(15416).0" is outside east or west abutment box side.
        (y:3726.5um, yAB: [0um:3456um])

[ERROR] Side.place(IoPin): Pin "inputs(15417).0" is outside east or west abutment box side.
        (y:3727um, yAB: [0um:3456um])

[ERROR] Side.place(IoPin): Pin "inputs(15418).0" is outside east or west abutment box side.
        (y:3727.5um, yAB: [0um:3456um])

[ERROR] Side.place(IoPin): Pin "inputs(15419).0" is outside east or west abutment box side.
        (y:3728um, yAB: [0um:3456um])

[ERROR] Side.place(IoPin): Pin "inputs(15420).0" is outside east or west abutment box side.
        (y:3728.5um, yAB: [0um:3456um])

[ERROR] Side.place(IoPin): Pin "inputs(15421).0" is outside east or west abutment box side.
        (y:3729um, yAB: [0um:3456um])

[ERROR] Side.place(IoPin): Pin "inputs(15422).0" is outside east or west abutment box side.
        (y:3729.5um, yAB: [0um:3456um])

[ERROR] Side.place(IoPin): Pin "inputs(15423).0" is outside east or west abutment box side.
        (y:3730um, yAB: [0um:3456um])

[ERROR] Side.place(IoPin): Pin "inputs(15424).0" is outside east or west abutment box side.
        (y:3730.5um, yAB: [0um:3456um])

[ERROR] Side.place(IoPin): Pin "inputs(15425).0" is outside east or west abutment box side.
        (y:3731um, yAB: [0um:3456um])

[ERROR] Side.place(IoPin): Pin "inputs(15426).0" is outside east or west abutment box side.
        (y:3731.5um, yAB: [0um:3456um])

[ERROR] Side.place(IoPin): Pin "inputs(15427).0" is outside east or west abutment box side.
        (y:3732um, yAB: [0um:3456um])

[ERROR] Side.place(IoPin): Pin "inputs(15428).0" is outside east or west abutment box side.
        (y:3732.5um, yAB: [0um:3456um])

[ERROR] Side.place(IoPin): Pin "inputs(15429).0" is outside east or west abutment box side.
        (y:3733um, yAB: [0um:3456um])

[ERROR] Side.place(IoPin): Pin "inputs(15430).0" is outside east or west abutment box side.
        (y:3733.5um, yAB: [0um:3456um])

[ERROR] Side.place(IoPin): Pin "inputs(15431).0" is outside east or west abutment box side.
        (y:3734um, yAB: [0um:3456um])

[ERROR] Side.place(IoPin): Pin "inputs(15432).0" is outside east or west abutment box side.
        (y:3734.5um, yAB: [0um:3456um])

[ERROR] Side.place(IoPin): Pin "inputs(15433).0" is outside east or west abutment box side.
        (y:3735um, yAB: [0um:3456um])

[ERROR] Side.place(IoPin): Pin "inputs(15434).0" is outside east or west abutment box side.
        (y:3735.5um, yAB: [0um:3456um])

[ERROR] Side.place(IoPin): Pin "inputs(15435).0" is outside east or west abutment box side.
        (y:3736um, yAB: [0um:3456um])

[ERROR] Side.place(IoPin): Pin "inputs(15436).0" is outside east or west abutment box side.
        (y:3736.5um, yAB: [0um:3456um])

[ERROR] Side.place(IoPin): Pin "inputs(15437).0" is outside east or west abutment box side.
        (y:3737um, yAB: [0um:3456um])

[ERROR] Side.place(IoPin): Pin "inputs(15438).0" is outside east or west abutment box side.
        (y:3737.5um, yAB: [0um:3456um])

[ERROR] Side.place(IoPin): Pin "inputs(15439).0" is outside east or west abutment box side.
        (y:3738um, yAB: [0um:3456um])

[ERROR] Side.place(IoPin): Pin "inputs(15440).0" is outside east or west abutment box side.
        (y:3738.5um, yAB: [0um:3456um])

[ERROR] Side.place(IoPin): Pin "inputs(15441).0" is outside east or west abutment box side.
        (y:3739um, yAB: [0um:3456um])

[ERROR] Side.place(IoPin): Pin "inputs(15442).0" is outside east or west abutment box side.
        (y:3739.5um, yAB: [0um:3456um])

[ERROR] Side.place(IoPin): Pin "inputs(15443).0" is outside east or west abutment box side.
        (y:3740um, yAB: [0um:3456um])

[ERROR] Side.place(IoPin): Pin "inputs(15444).0" is outside east or west abutment box side.
        (y:3740.5um, yAB: [0um:3456um])

[ERROR] Side.place(IoPin): Pin "inputs(15445).0" is outside east or west abutment box side.
        (y:3741um, yAB: [0um:3456um])

[ERROR] Side.place(IoPin): Pin "inputs(15446).0" is outside east or west abutment box side.
        (y:3741.5um, yAB: [0um:3456um])

[ERROR] Side.place(IoPin): Pin "inputs(15447).0" is outside east or west abutment box side.
        (y:3742um, yAB: [0um:3456um])

[ERROR] Side.place(IoPin): Pin "inputs(15448).0" is outside east or west abutment box side.
        (y:3742.5um, yAB: [0um:3456um])

[ERROR] Side.place(IoPin): Pin "inputs(15449).0" is outside east or west abutment box side.
        (y:3743um, yAB: [0um:3456um])

[ERROR] Side.place(IoPin): Pin "inputs(15450).0" is outside east or west abutment box side.
        (y:3743.5um, yAB: [0um:3456um])

[ERROR] Side.place(IoPin): Pin "inputs(15451).0" is outside east or west abutment box side.
        (y:3744um, yAB: [0um:3456um])

[ERROR] Side.place(IoPin): Pin "inputs(15452).0" is outside east or west abutment box side.
        (y:3744.5um, yAB: [0um:3456um])

[ERROR] Side.place(IoPin): Pin "inputs(15453).0" is outside east or west abutment box side.
        (y:3745um, yAB: [0um:3456um])

[ERROR] Side.place(IoPin): Pin "inputs(15454).0" is outside east or west abutment box side.
        (y:3745.5um, yAB: [0um:3456um])

[ERROR] Side.place(IoPin): Pin "inputs(15455).0" is outside east or west abutment box side.
        (y:3746um, yAB: [0um:3456um])

[ERROR] Side.place(IoPin): Pin "inputs(15456).0" is outside east or west abutment box side.
        (y:3746.5um, yAB: [0um:3456um])

[ERROR] Side.place(IoPin): Pin "inputs(15457).0" is outside east or west abutment box side.
        (y:3747um, yAB: [0um:3456um])

[ERROR] Side.place(IoPin): Pin "inputs(15458).0" is outside east or west abutment box side.
        (y:3747.5um, yAB: [0um:3456um])

[ERROR] Side.place(IoPin): Pin "inputs(15459).0" is outside east or west abutment box side.
        (y:3748um, yAB: [0um:3456um])

[ERROR] Side.place(IoPin): Pin "inputs(15460).0" is outside east or west abutment box side.
        (y:3748.5um, yAB: [0um:3456um])

[ERROR] Side.place(IoPin): Pin "inputs(15461).0" is outside east or west abutment box side.
        (y:3749um, yAB: [0um:3456um])

[ERROR] Side.place(IoPin): Pin "inputs(15462).0" is outside east or west abutment box side.
        (y:3749.5um, yAB: [0um:3456um])

[ERROR] Side.place(IoPin): Pin "inputs(15463).0" is outside east or west abutment box side.
        (y:3750um, yAB: [0um:3456um])

[ERROR] Side.place(IoPin): Pin "inputs(15464).0" is outside east or west abutment box side.
        (y:3750.5um, yAB: [0um:3456um])

[ERROR] Side.place(IoPin): Pin "inputs(15465).0" is outside east or west abutment box side.
        (y:3751um, yAB: [0um:3456um])

[ERROR] Side.place(IoPin): Pin "inputs(15466).0" is outside east or west abutment box side.
        (y:3751.5um, yAB: [0um:3456um])

[ERROR] Side.place(IoPin): Pin "inputs(15467).0" is outside east or west abutment box side.
        (y:3752um, yAB: [0um:3456um])

[ERROR] Side.place(IoPin): Pin "inputs(15468).0" is outside east or west abutment box side.
        (y:3752.5um, yAB: [0um:3456um])

[ERROR] Side.place(IoPin): Pin "inputs(15469).0" is outside east or west abutment box side.
        (y:3753um, yAB: [0um:3456um])

[ERROR] Side.place(IoPin): Pin "inputs(15470).0" is outside east or west abutment box side.
        (y:3753.5um, yAB: [0um:3456um])

[ERROR] Side.place(IoPin): Pin "inputs(15471).0" is outside east or west abutment box side.
        (y:3754um, yAB: [0um:3456um])

[ERROR] Side.place(IoPin): Pin "inputs(15472).0" is outside east or west abutment box side.
        (y:3754.5um, yAB: [0um:3456um])

[ERROR] Side.place(IoPin): Pin "inputs(15473).0" is outside east or west abutment box side.
        (y:3755um, yAB: [0um:3456um])

[ERROR] Side.place(IoPin): Pin "inputs(15474).0" is outside east or west abutment box side.
        (y:3755.5um, yAB: [0um:3456um])

[ERROR] Side.place(IoPin): Pin "inputs(15475).0" is outside east or west abutment box side.
        (y:3756um, yAB: [0um:3456um])

[ERROR] Side.place(IoPin): Pin "inputs(15476).0" is outside east or west abutment box side.
        (y:3756.5um, yAB: [0um:3456um])

[ERROR] Side.place(IoPin): Pin "inputs(15477).0" is outside east or west abutment box side.
        (y:3757um, yAB: [0um:3456um])

[ERROR] Side.place(IoPin): Pin "inputs(15478).0" is outside east or west abutment box side.
        (y:3757.5um, yAB: [0um:3456um])

[ERROR] Side.place(IoPin): Pin "inputs(15479).0" is outside east or west abutment box side.
        (y:3758um, yAB: [0um:3456um])

[ERROR] Side.place(IoPin): Pin "inputs(15480).0" is outside east or west abutment box side.
        (y:3758.5um, yAB: [0um:3456um])

[ERROR] Side.place(IoPin): Pin "inputs(15481).0" is outside east or west abutment box side.
        (y:3759um, yAB: [0um:3456um])

[ERROR] Side.place(IoPin): Pin "inputs(15482).0" is outside east or west abutment box side.
        (y:3759.5um, yAB: [0um:3456um])

[ERROR] Side.place(IoPin): Pin "inputs(15483).0" is outside east or west abutment box side.
        (y:3760um, yAB: [0um:3456um])

[ERROR] Side.place(IoPin): Pin "inputs(15484).0" is outside east or west abutment box side.
        (y:3760.5um, yAB: [0um:3456um])

[ERROR] Side.place(IoPin): Pin "inputs(15485).0" is outside east or west abutment box side.
        (y:3761um, yAB: [0um:3456um])

[ERROR] Side.place(IoPin): Pin "inputs(15486).0" is outside east or west abutment box side.
        (y:3761.5um, yAB: [0um:3456um])

[ERROR] Side.place(IoPin): Pin "inputs(15487).0" is outside east or west abutment box side.
        (y:3762um, yAB: [0um:3456um])

[ERROR] Side.place(IoPin): Pin "inputs(15488).0" is outside east or west abutment box side.
        (y:3762.5um, yAB: [0um:3456um])

[ERROR] Side.place(IoPin): Pin "inputs(15489).0" is outside east or west abutment box side.
        (y:3763um, yAB: [0um:3456um])

[ERROR] Side.place(IoPin): Pin "inputs(15490).0" is outside east or west abutment box side.
        (y:3763.5um, yAB: [0um:3456um])

[ERROR] Side.place(IoPin): Pin "inputs(15491).0" is outside east or west abutment box side.
        (y:3764um, yAB: [0um:3456um])

[ERROR] Side.place(IoPin): Pin "inputs(15492).0" is outside east or west abutment box side.
        (y:3764.5um, yAB: [0um:3456um])

[ERROR] Side.place(IoPin): Pin "inputs(15493).0" is outside east or west abutment box side.
        (y:3765um, yAB: [0um:3456um])

[ERROR] Side.place(IoPin): Pin "inputs(15494).0" is outside east or west abutment box side.
        (y:3765.5um, yAB: [0um:3456um])

[ERROR] Side.place(IoPin): Pin "inputs(15495).0" is outside east or west abutment box side.
        (y:3766um, yAB: [0um:3456um])

[ERROR] Side.place(IoPin): Pin "inputs(15496).0" is outside east or west abutment box side.
        (y:3766.5um, yAB: [0um:3456um])

[ERROR] Side.place(IoPin): Pin "inputs(15497).0" is outside east or west abutment box side.
        (y:3767um, yAB: [0um:3456um])

[ERROR] Side.place(IoPin): Pin "inputs(15498).0" is outside east or west abutment box side.
        (y:3767.5um, yAB: [0um:3456um])

[ERROR] Side.place(IoPin): Pin "inputs(15499).0" is outside east or west abutment box side.
        (y:3768um, yAB: [0um:3456um])

[ERROR] Side.place(IoPin): Pin "inputs(15500).0" is outside east or west abutment box side.
        (y:3768.5um, yAB: [0um:3456um])

[ERROR] Side.place(IoPin): Pin "inputs(15501).0" is outside east or west abutment box side.
        (y:3769um, yAB: [0um:3456um])

[ERROR] Side.place(IoPin): Pin "inputs(15502).0" is outside east or west abutment box side.
        (y:3769.5um, yAB: [0um:3456um])

[ERROR] Side.place(IoPin): Pin "inputs(15503).0" is outside east or west abutment box side.
        (y:3770um, yAB: [0um:3456um])

[ERROR] Side.place(IoPin): Pin "inputs(15504).0" is outside east or west abutment box side.
        (y:3770.5um, yAB: [0um:3456um])

[ERROR] Side.place(IoPin): Pin "inputs(15505).0" is outside east or west abutment box side.
        (y:3771um, yAB: [0um:3456um])

[ERROR] Side.place(IoPin): Pin "inputs(15506).0" is outside east or west abutment box side.
        (y:3771.5um, yAB: [0um:3456um])

[ERROR] Side.place(IoPin): Pin "inputs(15507).0" is outside east or west abutment box side.
        (y:3772um, yAB: [0um:3456um])

[ERROR] Side.place(IoPin): Pin "inputs(15508).0" is outside east or west abutment box side.
        (y:3772.5um, yAB: [0um:3456um])

[ERROR] Side.place(IoPin): Pin "inputs(15509).0" is outside east or west abutment box side.
        (y:3773um, yAB: [0um:3456um])

[ERROR] Side.place(IoPin): Pin "inputs(15510).0" is outside east or west abutment box side.
        (y:3773.5um, yAB: [0um:3456um])

[ERROR] Side.place(IoPin): Pin "inputs(15511).0" is outside east or west abutment box side.
        (y:3774um, yAB: [0um:3456um])

[ERROR] Side.place(IoPin): Pin "inputs(15512).0" is outside east or west abutment box side.
        (y:3774.5um, yAB: [0um:3456um])

[ERROR] Side.place(IoPin): Pin "inputs(15513).0" is outside east or west abutment box side.
        (y:3775um, yAB: [0um:3456um])

[ERROR] Side.place(IoPin): Pin "inputs(15514).0" is outside east or west abutment box side.
        (y:3775.5um, yAB: [0um:3456um])

[ERROR] Side.place(IoPin): Pin "inputs(15515).0" is outside east or west abutment box side.
        (y:3776um, yAB: [0um:3456um])

[ERROR] Side.place(IoPin): Pin "inputs(15516).0" is outside east or west abutment box side.
        (y:3776.5um, yAB: [0um:3456um])

[ERROR] Side.place(IoPin): Pin "inputs(15517).0" is outside east or west abutment box side.
        (y:3777um, yAB: [0um:3456um])

[ERROR] Side.place(IoPin): Pin "inputs(15518).0" is outside east or west abutment box side.
        (y:3777.5um, yAB: [0um:3456um])

[ERROR] Side.place(IoPin): Pin "inputs(15519).0" is outside east or west abutment box side.
        (y:3778um, yAB: [0um:3456um])

[ERROR] Side.place(IoPin): Pin "inputs(15520).0" is outside east or west abutment box side.
        (y:3778.5um, yAB: [0um:3456um])

[ERROR] Side.place(IoPin): Pin "inputs(15521).0" is outside east or west abutment box side.
        (y:3779um, yAB: [0um:3456um])

[ERROR] Side.place(IoPin): Pin "inputs(15522).0" is outside east or west abutment box side.
        (y:3779.5um, yAB: [0um:3456um])

[ERROR] Side.place(IoPin): Pin "inputs(15523).0" is outside east or west abutment box side.
        (y:3780um, yAB: [0um:3456um])

[ERROR] Side.place(IoPin): Pin "inputs(15524).0" is outside east or west abutment box side.
        (y:3780.5um, yAB: [0um:3456um])

[ERROR] Side.place(IoPin): Pin "inputs(15525).0" is outside east or west abutment box side.
        (y:3781um, yAB: [0um:3456um])

[ERROR] Side.place(IoPin): Pin "inputs(15526).0" is outside east or west abutment box side.
        (y:3781.5um, yAB: [0um:3456um])

[ERROR] Side.place(IoPin): Pin "inputs(15527).0" is outside east or west abutment box side.
        (y:3782um, yAB: [0um:3456um])

[ERROR] Side.place(IoPin): Pin "inputs(15528).0" is outside east or west abutment box side.
        (y:3782.5um, yAB: [0um:3456um])

[ERROR] Side.place(IoPin): Pin "inputs(15529).0" is outside east or west abutment box side.
        (y:3783um, yAB: [0um:3456um])

[ERROR] Side.place(IoPin): Pin "inputs(15530).0" is outside east or west abutment box side.
        (y:3783.5um, yAB: [0um:3456um])

[ERROR] Side.place(IoPin): Pin "inputs(15531).0" is outside east or west abutment box side.
        (y:3784um, yAB: [0um:3456um])

[ERROR] Side.place(IoPin): Pin "inputs(15532).0" is outside east or west abutment box side.
        (y:3784.5um, yAB: [0um:3456um])

[ERROR] Side.place(IoPin): Pin "inputs(15533).0" is outside east or west abutment box side.
        (y:3785um, yAB: [0um:3456um])

[ERROR] Side.place(IoPin): Pin "inputs(15534).0" is outside east or west abutment box side.
        (y:3785.5um, yAB: [0um:3456um])

[ERROR] Side.place(IoPin): Pin "inputs(15535).0" is outside east or west abutment box side.
        (y:3786um, yAB: [0um:3456um])

[ERROR] Side.place(IoPin): Pin "inputs(15536).0" is outside east or west abutment box side.
        (y:3786.5um, yAB: [0um:3456um])

[ERROR] Side.place(IoPin): Pin "inputs(15537).0" is outside east or west abutment box side.
        (y:3787um, yAB: [0um:3456um])

[ERROR] Side.place(IoPin): Pin "inputs(15538).0" is outside east or west abutment box side.
        (y:3787.5um, yAB: [0um:3456um])

[ERROR] Side.place(IoPin): Pin "inputs(15539).0" is outside east or west abutment box side.
        (y:3788um, yAB: [0um:3456um])

[ERROR] Side.place(IoPin): Pin "inputs(15540).0" is outside east or west abutment box side.
        (y:3788.5um, yAB: [0um:3456um])

[ERROR] Side.place(IoPin): Pin "inputs(15541).0" is outside east or west abutment box side.
        (y:3789um, yAB: [0um:3456um])

[ERROR] Side.place(IoPin): Pin "inputs(15542).0" is outside east or west abutment box side.
        (y:3789.5um, yAB: [0um:3456um])

[ERROR] Side.place(IoPin): Pin "inputs(15543).0" is outside east or west abutment box side.
        (y:3790um, yAB: [0um:3456um])

[ERROR] Side.place(IoPin): Pin "inputs(15544).0" is outside east or west abutment box side.
        (y:3790.5um, yAB: [0um:3456um])

[ERROR] Side.place(IoPin): Pin "inputs(15545).0" is outside east or west abutment box side.
        (y:3791um, yAB: [0um:3456um])

[ERROR] Side.place(IoPin): Pin "inputs(15546).0" is outside east or west abutment box side.
        (y:3791.5um, yAB: [0um:3456um])

[ERROR] Side.place(IoPin): Pin "inputs(15547).0" is outside east or west abutment box side.
        (y:3792um, yAB: [0um:3456um])

[ERROR] Side.place(IoPin): Pin "inputs(15548).0" is outside east or west abutment box side.
        (y:3792.5um, yAB: [0um:3456um])

[ERROR] Side.place(IoPin): Pin "inputs(15549).0" is outside east or west abutment box side.
        (y:3793um, yAB: [0um:3456um])

[ERROR] Side.place(IoPin): Pin "inputs(15550).0" is outside east or west abutment box side.
        (y:3793.5um, yAB: [0um:3456um])

[ERROR] Side.place(IoPin): Pin "inputs(15551).0" is outside east or west abutment box side.
        (y:3794um, yAB: [0um:3456um])

[ERROR] Side.place(IoPin): Pin "inputs(15552).0" is outside east or west abutment box side.
        (y:3794.5um, yAB: [0um:3456um])

[ERROR] Side.place(IoPin): Pin "inputs(15553).0" is outside east or west abutment box side.
        (y:3795um, yAB: [0um:3456um])

[ERROR] Side.place(IoPin): Pin "inputs(15554).0" is outside east or west abutment box side.
        (y:3795.5um, yAB: [0um:3456um])

[ERROR] Side.place(IoPin): Pin "inputs(15555).0" is outside east or west abutment box side.
        (y:3796um, yAB: [0um:3456um])

[ERROR] Side.place(IoPin): Pin "inputs(15556).0" is outside east or west abutment box side.
        (y:3796.5um, yAB: [0um:3456um])

[ERROR] Side.place(IoPin): Pin "inputs(15557).0" is outside east or west abutment box side.
        (y:3797um, yAB: [0um:3456um])

[ERROR] Side.place(IoPin): Pin "inputs(15558).0" is outside east or west abutment box side.
        (y:3797.5um, yAB: [0um:3456um])

[ERROR] Side.place(IoPin): Pin "inputs(15559).0" is outside east or west abutment box side.
        (y:3798um, yAB: [0um:3456um])

[ERROR] Side.place(IoPin): Pin "inputs(15560).0" is outside east or west abutment box side.
        (y:3798.5um, yAB: [0um:3456um])

[ERROR] Side.place(IoPin): Pin "inputs(15561).0" is outside east or west abutment box side.
        (y:3799um, yAB: [0um:3456um])

[ERROR] Side.place(IoPin): Pin "inputs(15562).0" is outside east or west abutment box side.
        (y:3799.5um, yAB: [0um:3456um])

[ERROR] Side.place(IoPin): Pin "inputs(15563).0" is outside east or west abutment box side.
        (y:3800um, yAB: [0um:3456um])

[ERROR] Side.place(IoPin): Pin "inputs(15564).0" is outside east or west abutment box side.
        (y:3800.5um, yAB: [0um:3456um])

[ERROR] Side.place(IoPin): Pin "inputs(15565).0" is outside east or west abutment box side.
        (y:3801um, yAB: [0um:3456um])

[ERROR] Side.place(IoPin): Pin "inputs(15566).0" is outside east or west abutment box side.
        (y:3801.5um, yAB: [0um:3456um])

[ERROR] Side.place(IoPin): Pin "inputs(15567).0" is outside east or west abutment box side.
        (y:3802um, yAB: [0um:3456um])

[ERROR] Side.place(IoPin): Pin "inputs(15568).0" is outside east or west abutment box side.
        (y:3802.5um, yAB: [0um:3456um])

[ERROR] Side.place(IoPin): Pin "inputs(15569).0" is outside east or west abutment box side.
        (y:3803um, yAB: [0um:3456um])

[ERROR] Side.place(IoPin): Pin "inputs(15570).0" is outside east or west abutment box side.
        (y:3803.5um, yAB: [0um:3456um])

[ERROR] Side.place(IoPin): Pin "inputs(15571).0" is outside east or west abutment box side.
        (y:3804um, yAB: [0um:3456um])

[ERROR] Side.place(IoPin): Pin "inputs(15572).0" is outside east or west abutment box side.
        (y:3804.5um, yAB: [0um:3456um])

[ERROR] Side.place(IoPin): Pin "inputs(15573).0" is outside east or west abutment box side.
        (y:3805um, yAB: [0um:3456um])

[ERROR] Side.place(IoPin): Pin "inputs(15574).0" is outside east or west abutment box side.
        (y:3805.5um, yAB: [0um:3456um])

[ERROR] Side.place(IoPin): Pin "inputs(15575).0" is outside east or west abutment box side.
        (y:3806um, yAB: [0um:3456um])

[ERROR] Side.place(IoPin): Pin "inputs(15576).0" is outside east or west abutment box side.
        (y:3806.5um, yAB: [0um:3456um])

[ERROR] Side.place(IoPin): Pin "inputs(15577).0" is outside east or west abutment box side.
        (y:3807um, yAB: [0um:3456um])

[ERROR] Side.place(IoPin): Pin "inputs(15578).0" is outside east or west abutment box side.
        (y:3807.5um, yAB: [0um:3456um])

[ERROR] Side.place(IoPin): Pin "inputs(15579).0" is outside east or west abutment box side.
        (y:3808um, yAB: [0um:3456um])

[ERROR] Side.place(IoPin): Pin "inputs(15580).0" is outside east or west abutment box side.
        (y:3808.5um, yAB: [0um:3456um])

[ERROR] Side.place(IoPin): Pin "inputs(15581).0" is outside east or west abutment box side.
        (y:3809um, yAB: [0um:3456um])

[ERROR] Side.place(IoPin): Pin "inputs(15582).0" is outside east or west abutment box side.
        (y:3809.5um, yAB: [0um:3456um])

[ERROR] Side.place(IoPin): Pin "inputs(15583).0" is outside east or west abutment box side.
        (y:3810um, yAB: [0um:3456um])

[ERROR] Side.place(IoPin): Pin "inputs(15584).0" is outside east or west abutment box side.
        (y:3810.5um, yAB: [0um:3456um])

[ERROR] Side.place(IoPin): Pin "inputs(15585).0" is outside east or west abutment box side.
        (y:3811um, yAB: [0um:3456um])

[ERROR] Side.place(IoPin): Pin "inputs(15586).0" is outside east or west abutment box side.
        (y:3811.5um, yAB: [0um:3456um])

[ERROR] Side.place(IoPin): Pin "inputs(15587).0" is outside east or west abutment box side.
        (y:3812um, yAB: [0um:3456um])

[ERROR] Side.place(IoPin): Pin "inputs(15588).0" is outside east or west abutment box side.
        (y:3812.5um, yAB: [0um:3456um])

[ERROR] Side.place(IoPin): Pin "inputs(15589).0" is outside east or west abutment box side.
        (y:3813um, yAB: [0um:3456um])

[ERROR] Side.place(IoPin): Pin "inputs(15590).0" is outside east or west abutment box side.
        (y:3813.5um, yAB: [0um:3456um])

[ERROR] Side.place(IoPin): Pin "inputs(15591).0" is outside east or west abutment box side.
        (y:3814um, yAB: [0um:3456um])

[ERROR] Side.place(IoPin): Pin "inputs(15592).0" is outside east or west abutment box side.
        (y:3814.5um, yAB: [0um:3456um])

[ERROR] Side.place(IoPin): Pin "inputs(15593).0" is outside east or west abutment box side.
        (y:3815um, yAB: [0um:3456um])

[ERROR] Side.place(IoPin): Pin "inputs(15594).0" is outside east or west abutment box side.
        (y:3815.5um, yAB: [0um:3456um])

[ERROR] Side.place(IoPin): Pin "inputs(15595).0" is outside east or west abutment box side.
        (y:3816um, yAB: [0um:3456um])

[ERROR] Side.place(IoPin): Pin "inputs(15596).0" is outside east or west abutment box side.
        (y:3816.5um, yAB: [0um:3456um])

[ERROR] Side.place(IoPin): Pin "inputs(15597).0" is outside east or west abutment box side.
        (y:3817um, yAB: [0um:3456um])

[ERROR] Side.place(IoPin): Pin "inputs(15598).0" is outside east or west abutment box side.
        (y:3817.5um, yAB: [0um:3456um])

[ERROR] Side.place(IoPin): Pin "inputs(15599).0" is outside east or west abutment box side.
        (y:3818um, yAB: [0um:3456um])

[ERROR] Side.place(IoPin): Pin "inputs(15600).0" is outside east or west abutment box side.
        (y:3818.5um, yAB: [0um:3456um])

[ERROR] Side.place(IoPin): Pin "inputs(15601).0" is outside east or west abutment box side.
        (y:3819um, yAB: [0um:3456um])

[ERROR] Side.place(IoPin): Pin "inputs(15602).0" is outside east or west abutment box side.
        (y:3819.5um, yAB: [0um:3456um])

[ERROR] Side.place(IoPin): Pin "inputs(15603).0" is outside east or west abutment box side.
        (y:3820um, yAB: [0um:3456um])

[ERROR] Side.place(IoPin): Pin "inputs(15604).0" is outside east or west abutment box side.
        (y:3820.5um, yAB: [0um:3456um])

[ERROR] Side.place(IoPin): Pin "inputs(15605).0" is outside east or west abutment box side.
        (y:3821um, yAB: [0um:3456um])

[ERROR] Side.place(IoPin): Pin "inputs(15606).0" is outside east or west abutment box side.
        (y:3821.5um, yAB: [0um:3456um])

[ERROR] Side.place(IoPin): Pin "inputs(15607).0" is outside east or west abutment box side.
        (y:3822um, yAB: [0um:3456um])

[ERROR] Side.place(IoPin): Pin "inputs(15608).0" is outside east or west abutment box side.
        (y:3822.5um, yAB: [0um:3456um])

[ERROR] Side.place(IoPin): Pin "inputs(15609).0" is outside east or west abutment box side.
        (y:3823um, yAB: [0um:3456um])

[ERROR] Side.place(IoPin): Pin "inputs(15610).0" is outside east or west abutment box side.
        (y:3823.5um, yAB: [0um:3456um])

[ERROR] Side.place(IoPin): Pin "inputs(15611).0" is outside east or west abutment box side.
        (y:3824um, yAB: [0um:3456um])

[ERROR] Side.place(IoPin): Pin "inputs(15612).0" is outside east or west abutment box side.
        (y:3824.5um, yAB: [0um:3456um])

[ERROR] Side.place(IoPin): Pin "inputs(15613).0" is outside east or west abutment box side.
        (y:3825um, yAB: [0um:3456um])

[ERROR] Side.place(IoPin): Pin "inputs(15614).0" is outside east or west abutment box side.
        (y:3825.5um, yAB: [0um:3456um])

[ERROR] Side.place(IoPin): Pin "inputs(15615).0" is outside east or west abutment box side.
        (y:3826um, yAB: [0um:3456um])

[ERROR] Side.place(IoPin): Pin "inputs(15616).0" is outside east or west abutment box side.
        (y:3826.5um, yAB: [0um:3456um])

[ERROR] Side.place(IoPin): Pin "inputs(15617).0" is outside east or west abutment box side.
        (y:3827um, yAB: [0um:3456um])

[ERROR] Side.place(IoPin): Pin "inputs(15618).0" is outside east or west abutment box side.
        (y:3827.5um, yAB: [0um:3456um])

[ERROR] Side.place(IoPin): Pin "inputs(15619).0" is outside east or west abutment box side.
        (y:3828um, yAB: [0um:3456um])

[ERROR] Side.place(IoPin): Pin "inputs(15620).0" is outside east or west abutment box side.
        (y:3828.5um, yAB: [0um:3456um])

[ERROR] Side.place(IoPin): Pin "inputs(15621).0" is outside east or west abutment box side.
        (y:3829um, yAB: [0um:3456um])

[ERROR] Side.place(IoPin): Pin "inputs(15622).0" is outside east or west abutment box side.
        (y:3829.5um, yAB: [0um:3456um])

[ERROR] Side.place(IoPin): Pin "inputs(15623).0" is outside east or west abutment box side.
        (y:3830um, yAB: [0um:3456um])

[ERROR] Side.place(IoPin): Pin "inputs(15624).0" is outside east or west abutment box side.
        (y:3830.5um, yAB: [0um:3456um])

[ERROR] Side.place(IoPin): Pin "inputs(15625).0" is outside east or west abutment box side.
        (y:3831um, yAB: [0um:3456um])

[ERROR] Side.place(IoPin): Pin "inputs(15626).0" is outside east or west abutment box side.
        (y:3831.5um, yAB: [0um:3456um])

[ERROR] Side.place(IoPin): Pin "inputs(15627).0" is outside east or west abutment box side.
        (y:3832um, yAB: [0um:3456um])

[ERROR] Side.place(IoPin): Pin "inputs(15628).0" is outside east or west abutment box side.
        (y:3832.5um, yAB: [0um:3456um])

[ERROR] Side.place(IoPin): Pin "inputs(15629).0" is outside east or west abutment box side.
        (y:3833um, yAB: [0um:3456um])

[ERROR] Side.place(IoPin): Pin "inputs(15630).0" is outside east or west abutment box side.
        (y:3833.5um, yAB: [0um:3456um])

[ERROR] Side.place(IoPin): Pin "inputs(15631).0" is outside east or west abutment box side.
        (y:3834um, yAB: [0um:3456um])

[ERROR] Side.place(IoPin): Pin "inputs(15632).0" is outside east or west abutment box side.
        (y:3834.5um, yAB: [0um:3456um])

[ERROR] Side.place(IoPin): Pin "inputs(15633).0" is outside east or west abutment box side.
        (y:3835um, yAB: [0um:3456um])

[ERROR] Side.place(IoPin): Pin "inputs(15634).0" is outside east or west abutment box side.
        (y:3835.5um, yAB: [0um:3456um])

[ERROR] Side.place(IoPin): Pin "inputs(15635).0" is outside east or west abutment box side.
        (y:3836um, yAB: [0um:3456um])

[ERROR] Side.place(IoPin): Pin "inputs(15636).0" is outside east or west abutment box side.
        (y:3836.5um, yAB: [0um:3456um])

[ERROR] Side.place(IoPin): Pin "inputs(15637).0" is outside east or west abutment box side.
        (y:3837um, yAB: [0um:3456um])

[ERROR] Side.place(IoPin): Pin "inputs(15638).0" is outside east or west abutment box side.
        (y:3837.5um, yAB: [0um:3456um])

[ERROR] Side.place(IoPin): Pin "inputs(15639).0" is outside east or west abutment box side.
        (y:3838um, yAB: [0um:3456um])

[ERROR] Side.place(IoPin): Pin "inputs(15640).0" is outside east or west abutment box side.
        (y:3838.5um, yAB: [0um:3456um])

[ERROR] Side.place(IoPin): Pin "inputs(15641).0" is outside east or west abutment box side.
        (y:3839um, yAB: [0um:3456um])

[ERROR] Side.place(IoPin): Pin "inputs(15642).0" is outside east or west abutment box side.
        (y:3839.5um, yAB: [0um:3456um])

[ERROR] Side.place(IoPin): Pin "inputs(15643).0" is outside east or west abutment box side.
        (y:3840um, yAB: [0um:3456um])

[ERROR] Side.place(IoPin): Pin "inputs(15644).0" is outside east or west abutment box side.
        (y:3840.5um, yAB: [0um:3456um])

[ERROR] Side.place(IoPin): Pin "inputs(15645).0" is outside east or west abutment box side.
        (y:3841um, yAB: [0um:3456um])

[ERROR] Side.place(IoPin): Pin "inputs(15646).0" is outside east or west abutment box side.
        (y:3841.5um, yAB: [0um:3456um])

[ERROR] Side.place(IoPin): Pin "inputs(15647).0" is outside east or west abutment box side.
        (y:3842um, yAB: [0um:3456um])

[ERROR] Side.place(IoPin): Pin "inputs(15648).0" is outside east or west abutment box side.
        (y:3842.5um, yAB: [0um:3456um])

[ERROR] Side.place(IoPin): Pin "inputs(15649).0" is outside east or west abutment box side.
        (y:3843um, yAB: [0um:3456um])

[ERROR] Side.place(IoPin): Pin "inputs(15650).0" is outside east or west abutment box side.
        (y:3843.5um, yAB: [0um:3456um])

[ERROR] Side.place(IoPin): Pin "inputs(15651).0" is outside east or west abutment box side.
        (y:3844um, yAB: [0um:3456um])

[ERROR] Side.place(IoPin): Pin "inputs(15652).0" is outside east or west abutment box side.
        (y:3844.5um, yAB: [0um:3456um])

[ERROR] Side.place(IoPin): Pin "inputs(15653).0" is outside east or west abutment box side.
        (y:3845um, yAB: [0um:3456um])

[ERROR] Side.place(IoPin): Pin "inputs(15654).0" is outside east or west abutment box side.
        (y:3845.5um, yAB: [0um:3456um])

[ERROR] Side.place(IoPin): Pin "inputs(15655).0" is outside east or west abutment box side.
        (y:3846um, yAB: [0um:3456um])

[ERROR] Side.place(IoPin): Pin "inputs(15656).0" is outside east or west abutment box side.
        (y:3846.5um, yAB: [0um:3456um])

[ERROR] Side.place(IoPin): Pin "inputs(15657).0" is outside east or west abutment box side.
        (y:3847um, yAB: [0um:3456um])

[ERROR] Side.place(IoPin): Pin "inputs(15658).0" is outside east or west abutment box side.
        (y:3847.5um, yAB: [0um:3456um])

[ERROR] Side.place(IoPin): Pin "inputs(15659).0" is outside east or west abutment box side.
        (y:3848um, yAB: [0um:3456um])

[ERROR] Side.place(IoPin): Pin "inputs(15660).0" is outside east or west abutment box side.
        (y:3848.5um, yAB: [0um:3456um])

[ERROR] Side.place(IoPin): Pin "inputs(15661).0" is outside east or west abutment box side.
        (y:3849um, yAB: [0um:3456um])

[ERROR] Side.place(IoPin): Pin "inputs(15662).0" is outside east or west abutment box side.
        (y:3849.5um, yAB: [0um:3456um])

[ERROR] Side.place(IoPin): Pin "inputs(15663).0" is outside east or west abutment box side.
        (y:3850um, yAB: [0um:3456um])

[ERROR] Side.place(IoPin): Pin "inputs(15664).0" is outside east or west abutment box side.
        (y:3850.5um, yAB: [0um:3456um])

[ERROR] Side.place(IoPin): Pin "inputs(15665).0" is outside east or west abutment box side.
        (y:3851um, yAB: [0um:3456um])

[ERROR] Side.place(IoPin): Pin "inputs(15666).0" is outside east or west abutment box side.
        (y:3851.5um, yAB: [0um:3456um])

[ERROR] Side.place(IoPin): Pin "inputs(15667).0" is outside east or west abutment box side.
        (y:3852um, yAB: [0um:3456um])

[ERROR] Side.place(IoPin): Pin "inputs(15668).0" is outside east or west abutment box side.
        (y:3852.5um, yAB: [0um:3456um])

[ERROR] Side.place(IoPin): Pin "inputs(15669).0" is outside east or west abutment box side.
        (y:3853um, yAB: [0um:3456um])

[ERROR] Side.place(IoPin): Pin "inputs(15670).0" is outside east or west abutment box side.
        (y:3853.5um, yAB: [0um:3456um])

[ERROR] Side.place(IoPin): Pin "inputs(15671).0" is outside east or west abutment box side.
        (y:3854um, yAB: [0um:3456um])

[ERROR] Side.place(IoPin): Pin "inputs(15672).0" is outside east or west abutment box side.
        (y:3854.5um, yAB: [0um:3456um])

[ERROR] Side.place(IoPin): Pin "inputs(15673).0" is outside east or west abutment box side.
        (y:3855um, yAB: [0um:3456um])

[ERROR] Side.place(IoPin): Pin "inputs(15674).0" is outside east or west abutment box side.
        (y:3855.5um, yAB: [0um:3456um])

[ERROR] Side.place(IoPin): Pin "inputs(15675).0" is outside east or west abutment box side.
        (y:3856um, yAB: [0um:3456um])

[ERROR] Side.place(IoPin): Pin "inputs(15676).0" is outside east or west abutment box side.
        (y:3856.5um, yAB: [0um:3456um])

[ERROR] Side.place(IoPin): Pin "inputs(15677).0" is outside east or west abutment box side.
        (y:3857um, yAB: [0um:3456um])

[ERROR] Side.place(IoPin): Pin "inputs(15678).0" is outside east or west abutment box side.
        (y:3857.5um, yAB: [0um:3456um])

[ERROR] Side.place(IoPin): Pin "inputs(15679).0" is outside east or west abutment box side.
        (y:3858um, yAB: [0um:3456um])

[ERROR] Side.place(IoPin): Pin "inputs(15680).0" is outside east or west abutment box side.
        (y:3858.5um, yAB: [0um:3456um])

[ERROR] Side.place(IoPin): Pin "inputs(15681).0" is outside east or west abutment box side.
        (y:3859um, yAB: [0um:3456um])

[ERROR] Side.place(IoPin): Pin "inputs(15682).0" is outside east or west abutment box side.
        (y:3859.5um, yAB: [0um:3456um])

[ERROR] Side.place(IoPin): Pin "inputs(15683).0" is outside east or west abutment box side.
        (y:3860um, yAB: [0um:3456um])

[ERROR] Side.place(IoPin): Pin "inputs(15684).0" is outside east or west abutment box side.
        (y:3860.5um, yAB: [0um:3456um])

[ERROR] Side.place(IoPin): Pin "inputs(15685).0" is outside east or west abutment box side.
        (y:3861um, yAB: [0um:3456um])

[ERROR] Side.place(IoPin): Pin "inputs(15686).0" is outside east or west abutment box side.
        (y:3861.5um, yAB: [0um:3456um])

[ERROR] Side.place(IoPin): Pin "inputs(15687).0" is outside east or west abutment box side.
        (y:3862um, yAB: [0um:3456um])

[ERROR] Side.place(IoPin): Pin "inputs(15688).0" is outside east or west abutment box side.
        (y:3862.5um, yAB: [0um:3456um])

[ERROR] Side.place(IoPin): Pin "inputs(15689).0" is outside east or west abutment box side.
        (y:3863um, yAB: [0um:3456um])

[ERROR] Side.place(IoPin): Pin "inputs(15690).0" is outside east or west abutment box side.
        (y:3863.5um, yAB: [0um:3456um])

[ERROR] Side.place(IoPin): Pin "inputs(15691).0" is outside east or west abutment box side.
        (y:3864um, yAB: [0um:3456um])

[ERROR] Side.place(IoPin): Pin "inputs(15692).0" is outside east or west abutment box side.
        (y:3864.5um, yAB: [0um:3456um])

[ERROR] Side.place(IoPin): Pin "inputs(15693).0" is outside east or west abutment box side.
        (y:3865um, yAB: [0um:3456um])

[ERROR] Side.place(IoPin): Pin "inputs(15694).0" is outside east or west abutment box side.
        (y:3865.5um, yAB: [0um:3456um])

[ERROR] Side.place(IoPin): Pin "inputs(15695).0" is outside east or west abutment box side.
        (y:3866um, yAB: [0um:3456um])

[ERROR] Side.place(IoPin): Pin "inputs(15696).0" is outside east or west abutment box side.
        (y:3866.5um, yAB: [0um:3456um])

[ERROR] Side.place(IoPin): Pin "inputs(15697).0" is outside east or west abutment box side.
        (y:3867um, yAB: [0um:3456um])

[ERROR] Side.place(IoPin): Pin "inputs(15698).0" is outside east or west abutment box side.
        (y:3867.5um, yAB: [0um:3456um])

[ERROR] Side.place(IoPin): Pin "inputs(15699).0" is outside east or west abutment box side.
        (y:3868um, yAB: [0um:3456um])

[ERROR] Side.place(IoPin): Pin "inputs(15700).0" is outside east or west abutment box side.
        (y:3868.5um, yAB: [0um:3456um])

[ERROR] Side.place(IoPin): Pin "inputs(15701).0" is outside east or west abutment box side.
        (y:3869um, yAB: [0um:3456um])

[ERROR] Side.place(IoPin): Pin "inputs(15702).0" is outside east or west abutment box side.
        (y:3869.5um, yAB: [0um:3456um])

[ERROR] Side.place(IoPin): Pin "inputs(15703).0" is outside east or west abutment box side.
        (y:3870um, yAB: [0um:3456um])

[ERROR] Side.place(IoPin): Pin "inputs(15704).0" is outside east or west abutment box side.
        (y:3870.5um, yAB: [0um:3456um])

[ERROR] Side.place(IoPin): Pin "inputs(15705).0" is outside east or west abutment box side.
        (y:3871um, yAB: [0um:3456um])

[ERROR] Side.place(IoPin): Pin "inputs(15706).0" is outside east or west abutment box side.
        (y:3871.5um, yAB: [0um:3456um])

[ERROR] Side.place(IoPin): Pin "inputs(15707).0" is outside east or west abutment box side.
        (y:3872um, yAB: [0um:3456um])

[ERROR] Side.place(IoPin): Pin "inputs(15708).0" is outside east or west abutment box side.
        (y:3872.5um, yAB: [0um:3456um])

[ERROR] Side.place(IoPin): Pin "inputs(15709).0" is outside east or west abutment box side.
        (y:3873um, yAB: [0um:3456um])

[ERROR] Side.place(IoPin): Pin "inputs(15710).0" is outside east or west abutment box side.
        (y:3873.5um, yAB: [0um:3456um])

[ERROR] Side.place(IoPin): Pin "inputs(15711).0" is outside east or west abutment box side.
        (y:3874um, yAB: [0um:3456um])

[ERROR] Side.place(IoPin): Pin "inputs(15712).0" is outside east or west abutment box side.
        (y:3874.5um, yAB: [0um:3456um])

[ERROR] Side.place(IoPin): Pin "inputs(15713).0" is outside east or west abutment box side.
        (y:3875um, yAB: [0um:3456um])

[ERROR] Side.place(IoPin): Pin "inputs(15714).0" is outside east or west abutment box side.
        (y:3875.5um, yAB: [0um:3456um])

[ERROR] Side.place(IoPin): Pin "inputs(15715).0" is outside east or west abutment box side.
        (y:3876um, yAB: [0um:3456um])

[ERROR] Side.place(IoPin): Pin "inputs(15716).0" is outside east or west abutment box side.
        (y:3876.5um, yAB: [0um:3456um])

[ERROR] Side.place(IoPin): Pin "inputs(15717).0" is outside east or west abutment box side.
        (y:3877um, yAB: [0um:3456um])

[ERROR] Side.place(IoPin): Pin "inputs(15718).0" is outside east or west abutment box side.
        (y:3877.5um, yAB: [0um:3456um])

[ERROR] Side.place(IoPin): Pin "inputs(15719).0" is outside east or west abutment box side.
        (y:3878um, yAB: [0um:3456um])

[ERROR] Side.place(IoPin): Pin "inputs(15720).0" is outside east or west abutment box side.
        (y:3878.5um, yAB: [0um:3456um])

[ERROR] Side.place(IoPin): Pin "inputs(15721).0" is outside east or west abutment box side.
        (y:3879um, yAB: [0um:3456um])

[ERROR] Side.place(IoPin): Pin "inputs(15722).0" is outside east or west abutment box side.
        (y:3879.5um, yAB: [0um:3456um])

[ERROR] Side.place(IoPin): Pin "inputs(15723).0" is outside east or west abutment box side.
        (y:3880um, yAB: [0um:3456um])

[ERROR] Side.place(IoPin): Pin "inputs(15724).0" is outside east or west abutment box side.
        (y:3880.5um, yAB: [0um:3456um])

[ERROR] Side.place(IoPin): Pin "inputs(15725).0" is outside east or west abutment box side.
        (y:3881um, yAB: [0um:3456um])

[ERROR] Side.place(IoPin): Pin "inputs(15726).0" is outside east or west abutment box side.
        (y:3881.5um, yAB: [0um:3456um])

[ERROR] Side.place(IoPin): Pin "inputs(15727).0" is outside east or west abutment box side.
        (y:3882um, yAB: [0um:3456um])

[ERROR] Side.place(IoPin): Pin "inputs(15728).0" is outside east or west abutment box side.
        (y:3882.5um, yAB: [0um:3456um])

[ERROR] Side.place(IoPin): Pin "inputs(15729).0" is outside east or west abutment box side.
        (y:3883um, yAB: [0um:3456um])

[ERROR] Side.place(IoPin): Pin "inputs(15730).0" is outside east or west abutment box side.
        (y:3883.5um, yAB: [0um:3456um])

[ERROR] Side.place(IoPin): Pin "inputs(15731).0" is outside east or west abutment box side.
        (y:3884um, yAB: [0um:3456um])

[ERROR] Side.place(IoPin): Pin "inputs(15732).0" is outside east or west abutment box side.
        (y:3884.5um, yAB: [0um:3456um])

[ERROR] Side.place(IoPin): Pin "inputs(15733).0" is outside east or west abutment box side.
        (y:3885um, yAB: [0um:3456um])

[ERROR] Side.place(IoPin): Pin "inputs(15734).0" is outside east or west abutment box side.
        (y:3885.5um, yAB: [0um:3456um])

[ERROR] Side.place(IoPin): Pin "inputs(15735).0" is outside east or west abutment box side.
        (y:3886um, yAB: [0um:3456um])

[ERROR] Side.place(IoPin): Pin "inputs(15736).0" is outside east or west abutment box side.
        (y:3886.5um, yAB: [0um:3456um])

[ERROR] Side.place(IoPin): Pin "inputs(15737).0" is outside east or west abutment box side.
        (y:3887um, yAB: [0um:3456um])

[ERROR] Side.place(IoPin): Pin "inputs(15738).0" is outside east or west abutment box side.
        (y:3887.5um, yAB: [0um:3456um])

[ERROR] Side.place(IoPin): Pin "inputs(15739).0" is outside east or west abutment box side.
        (y:3888um, yAB: [0um:3456um])

[ERROR] Side.place(IoPin): Pin "inputs(15740).0" is outside east or west abutment box side.
        (y:3888.5um, yAB: [0um:3456um])

[ERROR] Side.place(IoPin): Pin "inputs(15741).0" is outside east or west abutment box side.
        (y:3889um, yAB: [0um:3456um])

[ERROR] Side.place(IoPin): Pin "inputs(15742).0" is outside east or west abutment box side.
        (y:3889.5um, yAB: [0um:3456um])

[ERROR] Side.place(IoPin): Pin "inputs(15743).0" is outside east or west abutment box side.
        (y:3890um, yAB: [0um:3456um])

[ERROR] Side.place(IoPin): Pin "inputs(15744).0" is outside east or west abutment box side.
        (y:3890.5um, yAB: [0um:3456um])

[ERROR] Side.place(IoPin): Pin "inputs(15745).0" is outside east or west abutment box side.
        (y:3891um, yAB: [0um:3456um])

[ERROR] Side.place(IoPin): Pin "inputs(15746).0" is outside east or west abutment box side.
        (y:3891.5um, yAB: [0um:3456um])

[ERROR] Side.place(IoPin): Pin "inputs(15747).0" is outside east or west abutment box side.
        (y:3892um, yAB: [0um:3456um])

[ERROR] Side.place(IoPin): Pin "inputs(15748).0" is outside east or west abutment box side.
        (y:3892.5um, yAB: [0um:3456um])

[ERROR] Side.place(IoPin): Pin "inputs(15749).0" is outside east or west abutment box side.
        (y:3893um, yAB: [0um:3456um])

[ERROR] Side.place(IoPin): Pin "inputs(15750).0" is outside east or west abutment box side.
        (y:3893.5um, yAB: [0um:3456um])

[ERROR] Side.place(IoPin): Pin "inputs(15751).0" is outside east or west abutment box side.
        (y:3894um, yAB: [0um:3456um])

[ERROR] Side.place(IoPin): Pin "inputs(15752).0" is outside east or west abutment box side.
        (y:3894.5um, yAB: [0um:3456um])

[ERROR] Side.place(IoPin): Pin "inputs(15753).0" is outside east or west abutment box side.
        (y:3895um, yAB: [0um:3456um])

[ERROR] Side.place(IoPin): Pin "inputs(15754).0" is outside east or west abutment box side.
        (y:3895.5um, yAB: [0um:3456um])

[ERROR] Side.place(IoPin): Pin "inputs(15755).0" is outside east or west abutment box side.
        (y:3896um, yAB: [0um:3456um])

[ERROR] Side.place(IoPin): Pin "inputs(15756).0" is outside east or west abutment box side.
        (y:3896.5um, yAB: [0um:3456um])

[ERROR] Side.place(IoPin): Pin "inputs(15757).0" is outside east or west abutment box side.
        (y:3897um, yAB: [0um:3456um])

[ERROR] Side.place(IoPin): Pin "inputs(15758).0" is outside east or west abutment box side.
        (y:3897.5um, yAB: [0um:3456um])

[ERROR] Side.place(IoPin): Pin "inputs(15759).0" is outside east or west abutment box side.
        (y:3898um, yAB: [0um:3456um])

[ERROR] Side.place(IoPin): Pin "inputs(15760).0" is outside east or west abutment box side.
        (y:3898.5um, yAB: [0um:3456um])

[ERROR] Side.place(IoPin): Pin "inputs(15761).0" is outside east or west abutment box side.
        (y:3899um, yAB: [0um:3456um])

[ERROR] Side.place(IoPin): Pin "inputs(15762).0" is outside east or west abutment box side.
        (y:3899.5um, yAB: [0um:3456um])

[ERROR] Side.place(IoPin): Pin "inputs(15763).0" is outside east or west abutment box side.
        (y:3900um, yAB: [0um:3456um])

[ERROR] Side.place(IoPin): Pin "inputs(15764).0" is outside east or west abutment box side.
        (y:3900.5um, yAB: [0um:3456um])

[ERROR] Side.place(IoPin): Pin "inputs(15765).0" is outside east or west abutment box side.
        (y:3901um, yAB: [0um:3456um])

[ERROR] Side.place(IoPin): Pin "inputs(15766).0" is outside east or west abutment box side.
        (y:3901.5um, yAB: [0um:3456um])

[ERROR] Side.place(IoPin): Pin "inputs(15767).0" is outside east or west abutment box side.
        (y:3902um, yAB: [0um:3456um])

[ERROR] Side.place(IoPin): Pin "inputs(15768).0" is outside east or west abutment box side.
        (y:3902.5um, yAB: [0um:3456um])

[ERROR] Side.place(IoPin): Pin "inputs(15769).0" is outside east or west abutment box side.
        (y:3903um, yAB: [0um:3456um])

[ERROR] Side.place(IoPin): Pin "inputs(15770).0" is outside east or west abutment box side.
        (y:3903.5um, yAB: [0um:3456um])

[ERROR] Side.place(IoPin): Pin "inputs(15771).0" is outside east or west abutment box side.
        (y:3904um, yAB: [0um:3456um])

[ERROR] Side.place(IoPin): Pin "inputs(15772).0" is outside east or west abutment box side.
        (y:3904.5um, yAB: [0um:3456um])

[ERROR] Side.place(IoPin): Pin "inputs(15773).0" is outside east or west abutment box side.
        (y:3905um, yAB: [0um:3456um])

[ERROR] Side.place(IoPin): Pin "inputs(15774).0" is outside east or west abutment box side.
        (y:3905.5um, yAB: [0um:3456um])

[ERROR] Side.place(IoPin): Pin "inputs(15775).0" is outside east or west abutment box side.
        (y:3906um, yAB: [0um:3456um])

[ERROR] Side.place(IoPin): Pin "inputs(15776).0" is outside east or west abutment box side.
        (y:3906.5um, yAB: [0um:3456um])

[ERROR] Side.place(IoPin): Pin "inputs(15777).0" is outside east or west abutment box side.
        (y:3907um, yAB: [0um:3456um])

[ERROR] Side.place(IoPin): Pin "inputs(15778).0" is outside east or west abutment box side.
        (y:3907.5um, yAB: [0um:3456um])

[ERROR] Side.place(IoPin): Pin "inputs(15779).0" is outside east or west abutment box side.
        (y:3908um, yAB: [0um:3456um])

[ERROR] Side.place(IoPin): Pin "inputs(15780).0" is outside east or west abutment box side.
        (y:3908.5um, yAB: [0um:3456um])

[ERROR] Side.place(IoPin): Pin "inputs(15781).0" is outside east or west abutment box side.
        (y:3909um, yAB: [0um:3456um])

[ERROR] Side.place(IoPin): Pin "inputs(15782).0" is outside east or west abutment box side.
        (y:3909.5um, yAB: [0um:3456um])

[ERROR] Side.place(IoPin): Pin "inputs(15783).0" is outside east or west abutment box side.
        (y:3910um, yAB: [0um:3456um])

[ERROR] Side.place(IoPin): Pin "inputs(15784).0" is outside east or west abutment box side.
        (y:3910.5um, yAB: [0um:3456um])

[ERROR] Side.place(IoPin): Pin "inputs(15785).0" is outside east or west abutment box side.
        (y:3911um, yAB: [0um:3456um])

[ERROR] Side.place(IoPin): Pin "inputs(15786).0" is outside east or west abutment box side.
        (y:3911.5um, yAB: [0um:3456um])

[ERROR] Side.place(IoPin): Pin "inputs(15787).0" is outside east or west abutment box side.
        (y:3912um, yAB: [0um:3456um])

[ERROR] Side.place(IoPin): Pin "inputs(15788).0" is outside east or west abutment box side.
        (y:3912.5um, yAB: [0um:3456um])

[ERROR] Side.place(IoPin): Pin "inputs(15789).0" is outside east or west abutment box side.
        (y:3913um, yAB: [0um:3456um])

[ERROR] Side.place(IoPin): Pin "inputs(15790).0" is outside east or west abutment box side.
        (y:3913.5um, yAB: [0um:3456um])

[ERROR] Side.place(IoPin): Pin "inputs(15791).0" is outside east or west abutment box side.
        (y:3914um, yAB: [0um:3456um])

[ERROR] Side.place(IoPin): Pin "inputs(15792).0" is outside east or west abutment box side.
        (y:3914.5um, yAB: [0um:3456um])

[ERROR] Side.place(IoPin): Pin "inputs(15793).0" is outside east or west abutment box side.
        (y:3915um, yAB: [0um:3456um])

[ERROR] Side.place(IoPin): Pin "inputs(15794).0" is outside east or west abutment box side.
        (y:3915.5um, yAB: [0um:3456um])

[ERROR] Side.place(IoPin): Pin "inputs(15795).0" is outside east or west abutment box side.
        (y:3916um, yAB: [0um:3456um])

[ERROR] Side.place(IoPin): Pin "inputs(15796).0" is outside east or west abutment box side.
        (y:3916.5um, yAB: [0um:3456um])

[ERROR] Side.place(IoPin): Pin "inputs(15797).0" is outside east or west abutment box side.
        (y:3917um, yAB: [0um:3456um])

[ERROR] Side.place(IoPin): Pin "inputs(15798).0" is outside east or west abutment box side.
        (y:3917.5um, yAB: [0um:3456um])

[ERROR] Side.place(IoPin): Pin "inputs(15799).0" is outside east or west abutment box side.
        (y:3918um, yAB: [0um:3456um])

[ERROR] Side.place(IoPin): Pin "inputs(15800).0" is outside east or west abutment box side.
        (y:3918.5um, yAB: [0um:3456um])

[ERROR] Side.place(IoPin): Pin "inputs(15801).0" is outside east or west abutment box side.
        (y:3919um, yAB: [0um:3456um])

[ERROR] Side.place(IoPin): Pin "inputs(15802).0" is outside east or west abutment box side.
        (y:3919.5um, yAB: [0um:3456um])

[ERROR] Side.place(IoPin): Pin "inputs(15803).0" is outside east or west abutment box side.
        (y:3920um, yAB: [0um:3456um])

[ERROR] Side.place(IoPin): Pin "inputs(15804).0" is outside east or west abutment box side.
        (y:3920.5um, yAB: [0um:3456um])

[ERROR] Side.place(IoPin): Pin "inputs(15805).0" is outside east or west abutment box side.
        (y:3921um, yAB: [0um:3456um])

[ERROR] Side.place(IoPin): Pin "inputs(15806).0" is outside east or west abutment box side.
        (y:3921.5um, yAB: [0um:3456um])

[ERROR] Side.place(IoPin): Pin "inputs(15807).0" is outside east or west abutment box side.
        (y:3922um, yAB: [0um:3456um])

[ERROR] Side.place(IoPin): Pin "inputs(15808).0" is outside east or west abutment box side.
        (y:3922.5um, yAB: [0um:3456um])

[ERROR] Side.place(IoPin): Pin "inputs(15809).0" is outside east or west abutment box side.
        (y:3923um, yAB: [0um:3456um])

[ERROR] Side.place(IoPin): Pin "inputs(15810).0" is outside east or west abutment box side.
        (y:3923.5um, yAB: [0um:3456um])

[ERROR] Side.place(IoPin): Pin "inputs(15811).0" is outside east or west abutment box side.
        (y:3924um, yAB: [0um:3456um])

[ERROR] Side.place(IoPin): Pin "inputs(15812).0" is outside east or west abutment box side.
        (y:3924.5um, yAB: [0um:3456um])

[ERROR] Side.place(IoPin): Pin "inputs(15813).0" is outside east or west abutment box side.
        (y:3925um, yAB: [0um:3456um])

[ERROR] Side.place(IoPin): Pin "inputs(15814).0" is outside east or west abutment box side.
        (y:3925.5um, yAB: [0um:3456um])

[ERROR] Side.place(IoPin): Pin "inputs(15815).0" is outside east or west abutment box side.
        (y:3926um, yAB: [0um:3456um])

[ERROR] Side.place(IoPin): Pin "inputs(15816).0" is outside east or west abutment box side.
        (y:3926.5um, yAB: [0um:3456um])

[ERROR] Side.place(IoPin): Pin "inputs(15817).0" is outside east or west abutment box side.
        (y:3927um, yAB: [0um:3456um])

[ERROR] Side.place(IoPin): Pin "inputs(15818).0" is outside east or west abutment box side.
        (y:3927.5um, yAB: [0um:3456um])

[ERROR] Side.place(IoPin): Pin "inputs(15819).0" is outside east or west abutment box side.
        (y:3928um, yAB: [0um:3456um])

[ERROR] Side.place(IoPin): Pin "inputs(15820).0" is outside east or west abutment box side.
        (y:3928.5um, yAB: [0um:3456um])

[ERROR] Side.place(IoPin): Pin "inputs(15821).0" is outside east or west abutment box side.
        (y:3929um, yAB: [0um:3456um])

[ERROR] Side.place(IoPin): Pin "inputs(15822).0" is outside east or west abutment box side.
        (y:3929.5um, yAB: [0um:3456um])

[ERROR] Side.place(IoPin): Pin "inputs(15823).0" is outside east or west abutment box side.
        (y:3930um, yAB: [0um:3456um])

[ERROR] Side.place(IoPin): Pin "inputs(15824).0" is outside east or west abutment box side.
        (y:3930.5um, yAB: [0um:3456um])

[ERROR] Side.place(IoPin): Pin "inputs(15825).0" is outside east or west abutment box side.
        (y:3931um, yAB: [0um:3456um])

[ERROR] Side.place(IoPin): Pin "inputs(15826).0" is outside east or west abutment box side.
        (y:3931.5um, yAB: [0um:3456um])

[ERROR] Side.place(IoPin): Pin "inputs(15827).0" is outside east or west abutment box side.
        (y:3932um, yAB: [0um:3456um])

[ERROR] Side.place(IoPin): Pin "inputs(15828).0" is outside east or west abutment box side.
        (y:3932.5um, yAB: [0um:3456um])

[ERROR] Side.place(IoPin): Pin "inputs(15829).0" is outside east or west abutment box side.
        (y:3933um, yAB: [0um:3456um])

[ERROR] Side.place(IoPin): Pin "inputs(15830).0" is outside east or west abutment box side.
        (y:3933.5um, yAB: [0um:3456um])

[ERROR] Side.place(IoPin): Pin "inputs(15831).0" is outside east or west abutment box side.
        (y:3934um, yAB: [0um:3456um])

[ERROR] Side.place(IoPin): Pin "inputs(15832).0" is outside east or west abutment box side.
        (y:3934.5um, yAB: [0um:3456um])

[ERROR] Side.place(IoPin): Pin "inputs(15833).0" is outside east or west abutment box side.
        (y:3935um, yAB: [0um:3456um])

[ERROR] Side.place(IoPin): Pin "inputs(15834).0" is outside east or west abutment box side.
        (y:3935.5um, yAB: [0um:3456um])

[ERROR] Side.place(IoPin): Pin "inputs(15835).0" is outside east or west abutment box side.
        (y:3936um, yAB: [0um:3456um])

[ERROR] Side.place(IoPin): Pin "inputs(15836).0" is outside east or west abutment box side.
        (y:3936.5um, yAB: [0um:3456um])

[ERROR] Side.place(IoPin): Pin "inputs(15837).0" is outside east or west abutment box side.
        (y:3937um, yAB: [0um:3456um])

[ERROR] Side.place(IoPin): Pin "inputs(15838).0" is outside east or west abutment box side.
        (y:3937.5um, yAB: [0um:3456um])

[ERROR] Side.place(IoPin): Pin "inputs(15839).0" is outside east or west abutment box side.
        (y:3938um, yAB: [0um:3456um])

[ERROR] Side.place(IoPin): Pin "inputs(15840).0" is outside east or west abutment box side.
        (y:3938.5um, yAB: [0um:3456um])

[ERROR] Side.place(IoPin): Pin "inputs(15841).0" is outside east or west abutment box side.
        (y:3939um, yAB: [0um:3456um])

[ERROR] Side.place(IoPin): Pin "inputs(15842).0" is outside east or west abutment box side.
        (y:3939.5um, yAB: [0um:3456um])

[ERROR] Side.place(IoPin): Pin "inputs(15843).0" is outside east or west abutment box side.
        (y:3940um, yAB: [0um:3456um])

[ERROR] Side.place(IoPin): Pin "inputs(15844).0" is outside east or west abutment box side.
        (y:3940.5um, yAB: [0um:3456um])

[ERROR] Side.place(IoPin): Pin "inputs(15845).0" is outside east or west abutment box side.
        (y:3941um, yAB: [0um:3456um])

[ERROR] Side.place(IoPin): Pin "inputs(15846).0" is outside east or west abutment box side.
        (y:3941.5um, yAB: [0um:3456um])

[ERROR] Side.place(IoPin): Pin "inputs(15847).0" is outside east or west abutment box side.
        (y:3942um, yAB: [0um:3456um])

[ERROR] Side.place(IoPin): Pin "inputs(15848).0" is outside east or west abutment box side.
        (y:3942.5um, yAB: [0um:3456um])

[ERROR] Side.place(IoPin): Pin "inputs(15849).0" is outside east or west abutment box side.
        (y:3943um, yAB: [0um:3456um])

[ERROR] Side.place(IoPin): Pin "inputs(15850).0" is outside east or west abutment box side.
        (y:3943.5um, yAB: [0um:3456um])

[ERROR] Side.place(IoPin): Pin "inputs(15851).0" is outside east or west abutment box side.
        (y:3944um, yAB: [0um:3456um])

[ERROR] Side.place(IoPin): Pin "inputs(15852).0" is outside east or west abutment box side.
        (y:3944.5um, yAB: [0um:3456um])

[ERROR] Side.place(IoPin): Pin "inputs(15853).0" is outside east or west abutment box side.
        (y:3945um, yAB: [0um:3456um])

[ERROR] Side.place(IoPin): Pin "inputs(15854).0" is outside east or west abutment box side.
        (y:3945.5um, yAB: [0um:3456um])

[ERROR] Side.place(IoPin): Pin "inputs(15855).0" is outside east or west abutment box side.
        (y:3946um, yAB: [0um:3456um])

[ERROR] Side.place(IoPin): Pin "inputs(15856).0" is outside east or west abutment box side.
        (y:3946.5um, yAB: [0um:3456um])

[ERROR] Side.place(IoPin): Pin "inputs(15857).0" is outside east or west abutment box side.
        (y:3947um, yAB: [0um:3456um])

[ERROR] Side.place(IoPin): Pin "inputs(15858).0" is outside east or west abutment box side.
        (y:3947.5um, yAB: [0um:3456um])

[ERROR] Side.place(IoPin): Pin "inputs(15859).0" is outside east or west abutment box side.
        (y:3948um, yAB: [0um:3456um])

[ERROR] Side.place(IoPin): Pin "inputs(15860).0" is outside east or west abutment box side.
        (y:3948.5um, yAB: [0um:3456um])

[ERROR] Side.place(IoPin): Pin "inputs(15861).0" is outside east or west abutment box side.
        (y:3949um, yAB: [0um:3456um])

[ERROR] Side.place(IoPin): Pin "inputs(15862).0" is outside east or west abutment box side.
        (y:3949.5um, yAB: [0um:3456um])

[ERROR] Side.place(IoPin): Pin "inputs(15863).0" is outside east or west abutment box side.
        (y:3950um, yAB: [0um:3456um])

[ERROR] Side.place(IoPin): Pin "inputs(15864).0" is outside east or west abutment box side.
        (y:3950.5um, yAB: [0um:3456um])

[ERROR] Side.place(IoPin): Pin "inputs(15865).0" is outside east or west abutment box side.
        (y:3951um, yAB: [0um:3456um])

[ERROR] Side.place(IoPin): Pin "inputs(15866).0" is outside east or west abutment box side.
        (y:3951.5um, yAB: [0um:3456um])

[ERROR] Side.place(IoPin): Pin "inputs(15867).0" is outside east or west abutment box side.
        (y:3952um, yAB: [0um:3456um])

[ERROR] Side.place(IoPin): Pin "inputs(15868).0" is outside east or west abutment box side.
        (y:3952.5um, yAB: [0um:3456um])

[ERROR] Side.place(IoPin): Pin "inputs(15869).0" is outside east or west abutment box side.
        (y:3953um, yAB: [0um:3456um])

[ERROR] Side.place(IoPin): Pin "inputs(15870).0" is outside east or west abutment box side.
        (y:3953.5um, yAB: [0um:3456um])

[ERROR] Side.place(IoPin): Pin "inputs(15871).0" is outside east or west abutment box side.
        (y:3954um, yAB: [0um:3456um])

[ERROR] Side.place(IoPin): Pin "inputs(15872).0" is outside east or west abutment box side.
        (y:3954.5um, yAB: [0um:3456um])

[ERROR] Side.place(IoPin): Pin "inputs(15873).0" is outside east or west abutment box side.
        (y:3955um, yAB: [0um:3456um])

[ERROR] Side.place(IoPin): Pin "inputs(15874).0" is outside east or west abutment box side.
        (y:3955.5um, yAB: [0um:3456um])

[ERROR] Side.place(IoPin): Pin "inputs(15875).0" is outside east or west abutment box side.
        (y:3956um, yAB: [0um:3456um])

[ERROR] Side.place(IoPin): Pin "inputs(15876).0" is outside east or west abutment box side.
        (y:3956.5um, yAB: [0um:3456um])

[ERROR] Side.place(IoPin): Pin "inputs(15877).0" is outside east or west abutment box side.
        (y:3957um, yAB: [0um:3456um])

[ERROR] Side.place(IoPin): Pin "inputs(15878).0" is outside east or west abutment box side.
        (y:3957.5um, yAB: [0um:3456um])

[ERROR] Side.place(IoPin): Pin "inputs(15879).0" is outside east or west abutment box side.
        (y:3958um, yAB: [0um:3456um])

[ERROR] Side.place(IoPin): Pin "inputs(15880).0" is outside east or west abutment box side.
        (y:3958.5um, yAB: [0um:3456um])

[ERROR] Side.place(IoPin): Pin "inputs(15881).0" is outside east or west abutment box side.
        (y:3959um, yAB: [0um:3456um])

[ERROR] Side.place(IoPin): Pin "inputs(15882).0" is outside east or west abutment box side.
        (y:3959.5um, yAB: [0um:3456um])

[ERROR] Side.place(IoPin): Pin "inputs(15883).0" is outside east or west abutment box side.
        (y:3960um, yAB: [0um:3456um])

[ERROR] Side.place(IoPin): Pin "inputs(15884).0" is outside east or west abutment box side.
        (y:3960.5um, yAB: [0um:3456um])

[ERROR] Side.place(IoPin): Pin "inputs(15885).0" is outside east or west abutment box side.
        (y:3961um, yAB: [0um:3456um])

[ERROR] Side.place(IoPin): Pin "inputs(15886).0" is outside east or west abutment box side.
        (y:3961.5um, yAB: [0um:3456um])

[ERROR] Side.place(IoPin): Pin "inputs(15887).0" is outside east or west abutment box side.
        (y:3962um, yAB: [0um:3456um])

[ERROR] Side.place(IoPin): Pin "inputs(15888).0" is outside east or west abutment box side.
        (y:3962.5um, yAB: [0um:3456um])

[ERROR] Side.place(IoPin): Pin "inputs(15889).0" is outside east or west abutment box side.
        (y:3963um, yAB: [0um:3456um])

[ERROR] Side.place(IoPin): Pin "inputs(15890).0" is outside east or west abutment box side.
        (y:3963.5um, yAB: [0um:3456um])

[ERROR] Side.place(IoPin): Pin "inputs(15891).0" is outside east or west abutment box side.
        (y:3964um, yAB: [0um:3456um])

[ERROR] Side.place(IoPin): Pin "inputs(15892).0" is outside east or west abutment box side.
        (y:3964.5um, yAB: [0um:3456um])

[ERROR] Side.place(IoPin): Pin "inputs(15893).0" is outside east or west abutment box side.
        (y:3965um, yAB: [0um:3456um])

[ERROR] Side.place(IoPin): Pin "inputs(15894).0" is outside east or west abutment box side.
        (y:3965.5um, yAB: [0um:3456um])

[ERROR] Side.place(IoPin): Pin "inputs(15895).0" is outside east or west abutment box side.
        (y:3966um, yAB: [0um:3456um])

[ERROR] Side.place(IoPin): Pin "inputs(15896).0" is outside east or west abutment box side.
        (y:3966.5um, yAB: [0um:3456um])

[ERROR] Side.place(IoPin): Pin "inputs(15897).0" is outside east or west abutment box side.
        (y:3967um, yAB: [0um:3456um])

[ERROR] Side.place(IoPin): Pin "inputs(15898).0" is outside east or west abutment box side.
        (y:3967.5um, yAB: [0um:3456um])

[ERROR] Side.place(IoPin): Pin "inputs(15899).0" is outside east or west abutment box side.
        (y:3968um, yAB: [0um:3456um])

[ERROR] Side.place(IoPin): Pin "inputs(15900).0" is outside east or west abutment box side.
        (y:3968.5um, yAB: [0um:3456um])

[ERROR] Side.place(IoPin): Pin "inputs(15901).0" is outside east or west abutment box side.
        (y:3969um, yAB: [0um:3456um])

[ERROR] Side.place(IoPin): Pin "inputs(15902).0" is outside east or west abutment box side.
        (y:3969.5um, yAB: [0um:3456um])

[ERROR] Side.place(IoPin): Pin "inputs(15903).0" is outside east or west abutment box side.
        (y:3970um, yAB: [0um:3456um])

[ERROR] Side.place(IoPin): Pin "inputs(15904).0" is outside east or west abutment box side.
        (y:3970.5um, yAB: [0um:3456um])

[ERROR] Side.place(IoPin): Pin "inputs(15905).0" is outside east or west abutment box side.
        (y:3971um, yAB: [0um:3456um])

[ERROR] Side.place(IoPin): Pin "inputs(15906).0" is outside east or west abutment box side.
        (y:3971.5um, yAB: [0um:3456um])

[ERROR] Side.place(IoPin): Pin "inputs(15907).0" is outside east or west abutment box side.
        (y:3972um, yAB: [0um:3456um])

[ERROR] Side.place(IoPin): Pin "inputs(15908).0" is outside east or west abutment box side.
        (y:3972.5um, yAB: [0um:3456um])

[ERROR] Side.place(IoPin): Pin "inputs(15909).0" is outside east or west abutment box side.
        (y:3973um, yAB: [0um:3456um])

[ERROR] Side.place(IoPin): Pin "inputs(15910).0" is outside east or west abutment box side.
        (y:3973.5um, yAB: [0um:3456um])

[ERROR] Side.place(IoPin): Pin "inputs(15911).0" is outside east or west abutment box side.
        (y:3974um, yAB: [0um:3456um])

[ERROR] Side.place(IoPin): Pin "inputs(15912).0" is outside east or west abutment box side.
        (y:3974.5um, yAB: [0um:3456um])

[ERROR] Side.place(IoPin): Pin "inputs(15913).0" is outside east or west abutment box side.
        (y:3975um, yAB: [0um:3456um])

[ERROR] Side.place(IoPin): Pin "inputs(15914).0" is outside east or west abutment box side.
        (y:3975.5um, yAB: [0um:3456um])

[ERROR] Side.place(IoPin): Pin "inputs(15915).0" is outside east or west abutment box side.
        (y:3976um, yAB: [0um:3456um])

[ERROR] Side.place(IoPin): Pin "inputs(15916).0" is outside east or west abutment box side.
        (y:3976.5um, yAB: [0um:3456um])

[ERROR] Side.place(IoPin): Pin "inputs(15917).0" is outside east or west abutment box side.
        (y:3977um, yAB: [0um:3456um])

[ERROR] Side.place(IoPin): Pin "inputs(15918).0" is outside east or west abutment box side.
        (y:3977.5um, yAB: [0um:3456um])

[ERROR] Side.place(IoPin): Pin "inputs(15919).0" is outside east or west abutment box side.
        (y:3978um, yAB: [0um:3456um])

[ERROR] Side.place(IoPin): Pin "inputs(15920).0" is outside east or west abutment box side.
        (y:3978.5um, yAB: [0um:3456um])

[ERROR] Side.place(IoPin): Pin "inputs(15921).0" is outside east or west abutment box side.
        (y:3979um, yAB: [0um:3456um])

[ERROR] Side.place(IoPin): Pin "inputs(15922).0" is outside east or west abutment box side.
        (y:3979.5um, yAB: [0um:3456um])

[ERROR] Side.place(IoPin): Pin "inputs(15923).0" is outside east or west abutment box side.
        (y:3980um, yAB: [0um:3456um])

[ERROR] Side.place(IoPin): Pin "inputs(15924).0" is outside east or west abutment box side.
        (y:3980.5um, yAB: [0um:3456um])

[ERROR] Side.place(IoPin): Pin "inputs(15925).0" is outside east or west abutment box side.
        (y:3981um, yAB: [0um:3456um])

[ERROR] Side.place(IoPin): Pin "inputs(15926).0" is outside east or west abutment box side.
        (y:3981.5um, yAB: [0um:3456um])

[ERROR] Side.place(IoPin): Pin "inputs(15927).0" is outside east or west abutment box side.
        (y:3982um, yAB: [0um:3456um])

[ERROR] Side.place(IoPin): Pin "inputs(15928).0" is outside east or west abutment box side.
        (y:3982.5um, yAB: [0um:3456um])

[ERROR] Side.place(IoPin): Pin "inputs(15929).0" is outside east or west abutment box side.
        (y:3983um, yAB: [0um:3456um])

[ERROR] Side.place(IoPin): Pin "inputs(15930).0" is outside east or west abutment box side.
        (y:3983.5um, yAB: [0um:3456um])

[ERROR] Side.place(IoPin): Pin "inputs(15931).0" is outside east or west abutment box side.
        (y:3984um, yAB: [0um:3456um])

[ERROR] Side.place(IoPin): Pin "inputs(15932).0" is outside east or west abutment box side.
        (y:3984.5um, yAB: [0um:3456um])

[ERROR] Side.place(IoPin): Pin "inputs(15933).0" is outside east or west abutment box side.
        (y:3985um, yAB: [0um:3456um])

[ERROR] Side.place(IoPin): Pin "inputs(15934).0" is outside east or west abutment box side.
        (y:3985.5um, yAB: [0um:3456um])

[ERROR] Side.place(IoPin): Pin "inputs(15935).0" is outside east or west abutment box side.
        (y:3986um, yAB: [0um:3456um])

[ERROR] Side.place(IoPin): Pin "inputs(15936).0" is outside east or west abutment box side.
        (y:3986.5um, yAB: [0um:3456um])

[ERROR] Side.place(IoPin): Pin "inputs(15937).0" is outside east or west abutment box side.
        (y:3987um, yAB: [0um:3456um])

[ERROR] Side.place(IoPin): Pin "inputs(15938).0" is outside east or west abutment box side.
        (y:3987.5um, yAB: [0um:3456um])

[ERROR] Side.place(IoPin): Pin "inputs(15939).0" is outside east or west abutment box side.
        (y:3988um, yAB: [0um:3456um])

[ERROR] Side.place(IoPin): Pin "inputs(15940).0" is outside east or west abutment box side.
        (y:3988.5um, yAB: [0um:3456um])

[ERROR] Side.place(IoPin): Pin "inputs(15941).0" is outside east or west abutment box side.
        (y:3989um, yAB: [0um:3456um])

[ERROR] Side.place(IoPin): Pin "inputs(15942).0" is outside east or west abutment box side.
        (y:3989.5um, yAB: [0um:3456um])

[ERROR] Side.place(IoPin): Pin "inputs(15943).0" is outside east or west abutment box side.
        (y:3990um, yAB: [0um:3456um])

[ERROR] Side.place(IoPin): Pin "inputs(15944).0" is outside east or west abutment box side.
        (y:3990.5um, yAB: [0um:3456um])

[ERROR] Side.place(IoPin): Pin "inputs(15945).0" is outside east or west abutment box side.
        (y:3991um, yAB: [0um:3456um])

[ERROR] Side.place(IoPin): Pin "inputs(15946).0" is outside east or west abutment box side.
        (y:3991.5um, yAB: [0um:3456um])

[ERROR] Side.place(IoPin): Pin "inputs(15947).0" is outside east or west abutment box side.
        (y:3992um, yAB: [0um:3456um])

[ERROR] Side.place(IoPin): Pin "inputs(15948).0" is outside east or west abutment box side.
        (y:3992.5um, yAB: [0um:3456um])

[ERROR] Side.place(IoPin): Pin "inputs(15949).0" is outside east or west abutment box side.
        (y:3993um, yAB: [0um:3456um])

[ERROR] Side.place(IoPin): Pin "inputs(15950).0" is outside east or west abutment box side.
        (y:3993.5um, yAB: [0um:3456um])

[ERROR] Side.place(IoPin): Pin "inputs(15951).0" is outside east or west abutment box side.
        (y:3994um, yAB: [0um:3456um])

[ERROR] Side.place(IoPin): Pin "inputs(15952).0" is outside east or west abutment box side.
        (y:3994.5um, yAB: [0um:3456um])

[ERROR] Side.place(IoPin): Pin "inputs(15953).0" is outside east or west abutment box side.
        (y:3995um, yAB: [0um:3456um])

[ERROR] Side.place(IoPin): Pin "inputs(15954).0" is outside east or west abutment box side.
        (y:3995.5um, yAB: [0um:3456um])

[ERROR] Side.place(IoPin): Pin "inputs(15955).0" is outside east or west abutment box side.
        (y:3996um, yAB: [0um:3456um])

[ERROR] Side.place(IoPin): Pin "inputs(15956).0" is outside east or west abutment box side.
        (y:3996.5um, yAB: [0um:3456um])

[ERROR] Side.place(IoPin): Pin "inputs(15957).0" is outside east or west abutment box side.
        (y:3997um, yAB: [0um:3456um])

[ERROR] Side.place(IoPin): Pin "inputs(15958).0" is outside east or west abutment box side.
        (y:3997.5um, yAB: [0um:3456um])

[ERROR] Side.place(IoPin): Pin "inputs(15959).0" is outside east or west abutment box side.
        (y:3998um, yAB: [0um:3456um])

[ERROR] Side.place(IoPin): Pin "inputs(15960).0" is outside east or west abutment box side.
        (y:3998.5um, yAB: [0um:3456um])

[ERROR] Side.place(IoPin): Pin "inputs(15961).0" is outside east or west abutment box side.
        (y:3999um, yAB: [0um:3456um])

[ERROR] Side.place(IoPin): Pin "inputs(15962).0" is outside east or west abutment box side.
        (y:3999.5um, yAB: [0um:3456um])

[ERROR] Side.place(IoPin): Pin "inputs(15963).0" is outside east or west abutment box side.
        (y:4000um, yAB: [0um:3456um])

[ERROR] Side.place(IoPin): Pin "inputs(15964).0" is outside east or west abutment box side.
        (y:4000.5um, yAB: [0um:3456um])

[ERROR] Side.place(IoPin): Pin "inputs(15965).0" is outside east or west abutment box side.
        (y:4001um, yAB: [0um:3456um])

[ERROR] Side.place(IoPin): Pin "inputs(15966).0" is outside east or west abutment box side.
        (y:4001.5um, yAB: [0um:3456um])

[ERROR] Side.place(IoPin): Pin "inputs(15967).0" is outside east or west abutment box side.
        (y:4002um, yAB: [0um:3456um])

[ERROR] Side.place(IoPin): Pin "inputs(15968).0" is outside east or west abutment box side.
        (y:4002.5um, yAB: [0um:3456um])

[ERROR] Side.place(IoPin): Pin "inputs(15969).0" is outside east or west abutment box side.
        (y:4003um, yAB: [0um:3456um])

[ERROR] Side.place(IoPin): Pin "inputs(15970).0" is outside east or west abutment box side.
        (y:4003.5um, yAB: [0um:3456um])

[ERROR] Side.place(IoPin): Pin "inputs(15971).0" is outside east or west abutment box side.
        (y:4004um, yAB: [0um:3456um])

[ERROR] Side.place(IoPin): Pin "inputs(15972).0" is outside east or west abutment box side.
        (y:4004.5um, yAB: [0um:3456um])

[ERROR] Side.place(IoPin): Pin "inputs(15973).0" is outside east or west abutment box side.
        (y:4005um, yAB: [0um:3456um])

[ERROR] Side.place(IoPin): Pin "inputs(15974).0" is outside east or west abutment box side.
        (y:4005.5um, yAB: [0um:3456um])

[ERROR] Side.place(IoPin): Pin "inputs(15975).0" is outside east or west abutment box side.
        (y:4006um, yAB: [0um:3456um])

[ERROR] Side.place(IoPin): Pin "inputs(15976).0" is outside east or west abutment box side.
        (y:4006.5um, yAB: [0um:3456um])

[ERROR] Side.place(IoPin): Pin "inputs(15977).0" is outside east or west abutment box side.
        (y:4007um, yAB: [0um:3456um])

[ERROR] Side.place(IoPin): Pin "inputs(15978).0" is outside east or west abutment box side.
        (y:4007.5um, yAB: [0um:3456um])

[ERROR] Side.place(IoPin): Pin "inputs(15979).0" is outside east or west abutment box side.
        (y:4008um, yAB: [0um:3456um])

[ERROR] Side.place(IoPin): Pin "inputs(15980).0" is outside east or west abutment box side.
        (y:4008.5um, yAB: [0um:3456um])

[ERROR] Side.place(IoPin): Pin "inputs(15981).0" is outside east or west abutment box side.
        (y:4009um, yAB: [0um:3456um])

[ERROR] Side.place(IoPin): Pin "inputs(15982).0" is outside east or west abutment box side.
        (y:4009.5um, yAB: [0um:3456um])

[ERROR] Side.place(IoPin): Pin "inputs(15983).0" is outside east or west abutment box side.
        (y:4010um, yAB: [0um:3456um])

[ERROR] Side.place(IoPin): Pin "inputs(15984).0" is outside east or west abutment box side.
        (y:4010.5um, yAB: [0um:3456um])

[ERROR] Side.place(IoPin): Pin "inputs(15985).0" is outside east or west abutment box side.
        (y:4011um, yAB: [0um:3456um])

[ERROR] Side.place(IoPin): Pin "inputs(15986).0" is outside east or west abutment box side.
        (y:4011.5um, yAB: [0um:3456um])

[ERROR] Side.place(IoPin): Pin "inputs(15987).0" is outside east or west abutment box side.
        (y:4012um, yAB: [0um:3456um])

[ERROR] Side.place(IoPin): Pin "inputs(15988).0" is outside east or west abutment box side.
        (y:4012.5um, yAB: [0um:3456um])

[ERROR] Side.place(IoPin): Pin "inputs(15989).0" is outside east or west abutment box side.
        (y:4013um, yAB: [0um:3456um])

[ERROR] Side.place(IoPin): Pin "inputs(15990).0" is outside east or west abutment box side.
        (y:4013.5um, yAB: [0um:3456um])

[ERROR] Side.place(IoPin): Pin "inputs(15991).0" is outside east or west abutment box side.
        (y:4014um, yAB: [0um:3456um])

[ERROR] Side.place(IoPin): Pin "inputs(15992).0" is outside east or west abutment box side.
        (y:4014.5um, yAB: [0um:3456um])

[ERROR] Side.place(IoPin): Pin "inputs(15993).0" is outside east or west abutment box side.
        (y:4015um, yAB: [0um:3456um])

[ERROR] Side.place(IoPin): Pin "inputs(15994).0" is outside east or west abutment box side.
        (y:4015.5um, yAB: [0um:3456um])

[ERROR] Side.place(IoPin): Pin "inputs(15995).0" is outside east or west abutment box side.
        (y:4016um, yAB: [0um:3456um])

[ERROR] Side.place(IoPin): Pin "inputs(15996).0" is outside east or west abutment box side.
        (y:4016.5um, yAB: [0um:3456um])

[ERROR] Side.place(IoPin): Pin "inputs(15997).0" is outside east or west abutment box side.
        (y:4017um, yAB: [0um:3456um])

[ERROR] Side.place(IoPin): Pin "inputs(15998).0" is outside east or west abutment box side.
        (y:4017.5um, yAB: [0um:3456um])

[ERROR] Side.place(IoPin): Pin "inputs(15999).0" is outside east or west abutment box side.
        (y:4018um, yAB: [0um:3456um])

[ERROR] Side.place(IoPin): Pin "inputs(16000).0" is outside east or west abutment box side.
        (y:4018.5um, yAB: [0um:3456um])

[ERROR] Side.place(IoPin): Pin "inputs(16001).0" is outside east or west abutment box side.
        (y:4019um, yAB: [0um:3456um])

[ERROR] Side.place(IoPin): Pin "inputs(16002).0" is outside east or west abutment box side.
        (y:4019.5um, yAB: [0um:3456um])

[ERROR] Side.place(IoPin): Pin "inputs(16003).0" is outside east or west abutment box side.
        (y:4020um, yAB: [0um:3456um])

[ERROR] Side.place(IoPin): Pin "inputs(16004).0" is outside east or west abutment box side.
        (y:4020.5um, yAB: [0um:3456um])

[ERROR] Side.place(IoPin): Pin "inputs(16005).0" is outside east or west abutment box side.
        (y:4021um, yAB: [0um:3456um])

[ERROR] Side.place(IoPin): Pin "inputs(16006).0" is outside east or west abutment box side.
        (y:4021.5um, yAB: [0um:3456um])

[ERROR] Side.place(IoPin): Pin "inputs(16007).0" is outside east or west abutment box side.
        (y:4022um, yAB: [0um:3456um])

[ERROR] Side.place(IoPin): Pin "inputs(16008).0" is outside east or west abutment box side.
        (y:4022.5um, yAB: [0um:3456um])

[ERROR] Side.place(IoPin): Pin "inputs(16009).0" is outside east or west abutment box side.
        (y:4023um, yAB: [0um:3456um])

[ERROR] Side.place(IoPin): Pin "inputs(16010).0" is outside east or west abutment box side.
        (y:4023.5um, yAB: [0um:3456um])

[ERROR] Side.place(IoPin): Pin "inputs(16011).0" is outside east or west abutment box side.
        (y:4024um, yAB: [0um:3456um])

[ERROR] Side.place(IoPin): Pin "inputs(16012).0" is outside east or west abutment box side.
        (y:4024.5um, yAB: [0um:3456um])

[ERROR] Side.place(IoPin): Pin "inputs(16013).0" is outside east or west abutment box side.
        (y:4025um, yAB: [0um:3456um])

[ERROR] Side.place(IoPin): Pin "inputs(16014).0" is outside east or west abutment box side.
        (y:4025.5um, yAB: [0um:3456um])

[ERROR] Side.place(IoPin): Pin "inputs(16015).0" is outside east or west abutment box side.
        (y:4026um, yAB: [0um:3456um])

[ERROR] Side.place(IoPin): Pin "inputs(16016).0" is outside east or west abutment box side.
        (y:4026.5um, yAB: [0um:3456um])

[ERROR] Side.place(IoPin): Pin "inputs(16017).0" is outside east or west abutment box side.
        (y:4027um, yAB: [0um:3456um])

[ERROR] Side.place(IoPin): Pin "inputs(16018).0" is outside east or west abutment box side.
        (y:4027.5um, yAB: [0um:3456um])

[ERROR] Side.place(IoPin): Pin "inputs(16019).0" is outside east or west abutment box side.
        (y:4028um, yAB: [0um:3456um])

[ERROR] Side.place(IoPin): Pin "inputs(16020).0" is outside east or west abutment box side.
        (y:4028.5um, yAB: [0um:3456um])

[ERROR] Side.place(IoPin): Pin "inputs(16021).0" is outside east or west abutment box side.
        (y:4029um, yAB: [0um:3456um])

[ERROR] Side.place(IoPin): Pin "inputs(16022).0" is outside east or west abutment box side.
        (y:4029.5um, yAB: [0um:3456um])

[ERROR] Side.place(IoPin): Pin "inputs(16023).0" is outside east or west abutment box side.
        (y:4030um, yAB: [0um:3456um])

[ERROR] Side.place(IoPin): Pin "inputs(16024).0" is outside east or west abutment box side.
        (y:4030.5um, yAB: [0um:3456um])

[ERROR] Side.place(IoPin): Pin "inputs(16025).0" is outside east or west abutment box side.
        (y:4031um, yAB: [0um:3456um])

[ERROR] Side.place(IoPin): Pin "inputs(16026).0" is outside east or west abutment box side.
        (y:4031.5um, yAB: [0um:3456um])

[ERROR] Side.place(IoPin): Pin "inputs(16027).0" is outside east or west abutment box side.
        (y:4032um, yAB: [0um:3456um])

[ERROR] Side.place(IoPin): Pin "inputs(16028).0" is outside east or west abutment box side.
        (y:4032.5um, yAB: [0um:3456um])

[ERROR] Side.place(IoPin): Pin "inputs(16029).0" is outside east or west abutment box side.
        (y:4033um, yAB: [0um:3456um])

[ERROR] Side.place(IoPin): Pin "inputs(16030).0" is outside east or west abutment box side.
        (y:4033.5um, yAB: [0um:3456um])

[ERROR] Side.place(IoPin): Pin "inputs(16031).0" is outside east or west abutment box side.
        (y:4034um, yAB: [0um:3456um])

[ERROR] Side.place(IoPin): Pin "inputs(16032).0" is outside east or west abutment box side.
        (y:4034.5um, yAB: [0um:3456um])

[ERROR] Side.place(IoPin): Pin "inputs(16033).0" is outside east or west abutment box side.
        (y:4035um, yAB: [0um:3456um])

[ERROR] Side.place(IoPin): Pin "inputs(16034).0" is outside east or west abutment box side.
        (y:4035.5um, yAB: [0um:3456um])

[ERROR] Side.place(IoPin): Pin "inputs(16035).0" is outside east or west abutment box side.
        (y:4036um, yAB: [0um:3456um])

[ERROR] Side.place(IoPin): Pin "inputs(16036).0" is outside east or west abutment box side.
        (y:4036.5um, yAB: [0um:3456um])

[ERROR] Side.place(IoPin): Pin "inputs(16037).0" is outside east or west abutment box side.
        (y:4037um, yAB: [0um:3456um])

[ERROR] Side.place(IoPin): Pin "inputs(16038).0" is outside east or west abutment box side.
        (y:4037.5um, yAB: [0um:3456um])

[ERROR] Side.place(IoPin): Pin "inputs(16039).0" is outside east or west abutment box side.
        (y:4038um, yAB: [0um:3456um])

[ERROR] Side.place(IoPin): Pin "inputs(16040).0" is outside east or west abutment box side.
        (y:4038.5um, yAB: [0um:3456um])

[ERROR] Side.place(IoPin): Pin "inputs(16041).0" is outside east or west abutment box side.
        (y:4039um, yAB: [0um:3456um])

[ERROR] Side.place(IoPin): Pin "inputs(16042).0" is outside east or west abutment box side.
        (y:4039.5um, yAB: [0um:3456um])

[ERROR] Side.place(IoPin): Pin "inputs(16043).0" is outside east or west abutment box side.
        (y:4040um, yAB: [0um:3456um])

[ERROR] Side.place(IoPin): Pin "inputs(16044).0" is outside east or west abutment box side.
        (y:4040.5um, yAB: [0um:3456um])

[ERROR] Side.place(IoPin): Pin "inputs(16045).0" is outside east or west abutment box side.
        (y:4041um, yAB: [0um:3456um])

[ERROR] Side.place(IoPin): Pin "inputs(16046).0" is outside east or west abutment box side.
        (y:4041.5um, yAB: [0um:3456um])

[ERROR] Side.place(IoPin): Pin "inputs(16047).0" is outside east or west abutment box side.
        (y:4042um, yAB: [0um:3456um])

[ERROR] Side.place(IoPin): Pin "inputs(16048).0" is outside east or west abutment box side.
        (y:4042.5um, yAB: [0um:3456um])

[ERROR] Side.place(IoPin): Pin "inputs(16049).0" is outside east or west abutment box side.
        (y:4043um, yAB: [0um:3456um])

[ERROR] Side.place(IoPin): Pin "inputs(16050).0" is outside east or west abutment box side.
        (y:4043.5um, yAB: [0um:3456um])

[ERROR] Side.place(IoPin): Pin "inputs(16051).0" is outside east or west abutment box side.
        (y:4044um, yAB: [0um:3456um])

[ERROR] Side.place(IoPin): Pin "inputs(16052).0" is outside east or west abutment box side.
        (y:4044.5um, yAB: [0um:3456um])

[ERROR] Side.place(IoPin): Pin "inputs(16053).0" is outside east or west abutment box side.
        (y:4045um, yAB: [0um:3456um])

[ERROR] Side.place(IoPin): Pin "inputs(16054).0" is outside east or west abutment box side.
        (y:4045.5um, yAB: [0um:3456um])

[ERROR] Side.place(IoPin): Pin "inputs(16055).0" is outside east or west abutment box side.
        (y:4046um, yAB: [0um:3456um])

[ERROR] Side.place(IoPin): Pin "inputs(16056).0" is outside east or west abutment box side.
        (y:4046.5um, yAB: [0um:3456um])

[ERROR] Side.place(IoPin): Pin "inputs(16057).0" is outside east or west abutment box side.
        (y:4047um, yAB: [0um:3456um])

[ERROR] Side.place(IoPin): Pin "inputs(16058).0" is outside east or west abutment box side.
        (y:4047.5um, yAB: [0um:3456um])

[ERROR] Side.place(IoPin): Pin "inputs(16059).0" is outside east or west abutment box side.
        (y:4048um, yAB: [0um:3456um])

[ERROR] Side.place(IoPin): Pin "inputs(16060).0" is outside east or west abutment box side.
        (y:4048.5um, yAB: [0um:3456um])

[ERROR] Side.place(IoPin): Pin "inputs(16061).0" is outside east or west abutment box side.
        (y:4049um, yAB: [0um:3456um])

[ERROR] Side.place(IoPin): Pin "inputs(16062).0" is outside east or west abutment box side.
        (y:4049.5um, yAB: [0um:3456um])

[ERROR] Side.place(IoPin): Pin "inputs(16063).0" is outside east or west abutment box side.
        (y:4050um, yAB: [0um:3456um])

[ERROR] Side.place(IoPin): Pin "inputs(16064).0" is outside east or west abutment box side.
        (y:4050.5um, yAB: [0um:3456um])

[ERROR] Side.place(IoPin): Pin "inputs(16065).0" is outside east or west abutment box side.
        (y:4051um, yAB: [0um:3456um])

[ERROR] Side.place(IoPin): Pin "inputs(16066).0" is outside east or west abutment box side.
        (y:4051.5um, yAB: [0um:3456um])

[ERROR] Side.place(IoPin): Pin "inputs(16067).0" is outside east or west abutment box side.
        (y:4052um, yAB: [0um:3456um])

[ERROR] Side.place(IoPin): Pin "inputs(16068).0" is outside east or west abutment box side.
        (y:4052.5um, yAB: [0um:3456um])

[ERROR] Side.place(IoPin): Pin "inputs(16069).0" is outside east or west abutment box side.
        (y:4053um, yAB: [0um:3456um])

[ERROR] Side.place(IoPin): Pin "inputs(16070).0" is outside east or west abutment box side.
        (y:4053.5um, yAB: [0um:3456um])

[ERROR] Side.place(IoPin): Pin "inputs(16071).0" is outside east or west abutment box side.
        (y:4054um, yAB: [0um:3456um])

[ERROR] Side.place(IoPin): Pin "inputs(16072).0" is outside east or west abutment box side.
        (y:4054.5um, yAB: [0um:3456um])

[ERROR] Side.place(IoPin): Pin "inputs(16073).0" is outside east or west abutment box side.
        (y:4055um, yAB: [0um:3456um])

[ERROR] Side.place(IoPin): Pin "inputs(16074).0" is outside east or west abutment box side.
        (y:4055.5um, yAB: [0um:3456um])

[ERROR] Side.place(IoPin): Pin "inputs(16075).0" is outside east or west abutment box side.
        (y:4056um, yAB: [0um:3456um])

[ERROR] Side.place(IoPin): Pin "inputs(16076).0" is outside east or west abutment box side.
        (y:4056.5um, yAB: [0um:3456um])

[ERROR] Side.place(IoPin): Pin "inputs(16077).0" is outside east or west abutment box side.
        (y:4057um, yAB: [0um:3456um])

[ERROR] Side.place(IoPin): Pin "inputs(16078).0" is outside east or west abutment box side.
        (y:4057.5um, yAB: [0um:3456um])

[ERROR] Side.place(IoPin): Pin "inputs(16079).0" is outside east or west abutment box side.
        (y:4058um, yAB: [0um:3456um])

[ERROR] Side.place(IoPin): Pin "inputs(16080).0" is outside east or west abutment box side.
        (y:4058.5um, yAB: [0um:3456um])

[ERROR] Side.place(IoPin): Pin "inputs(16081).0" is outside east or west abutment box side.
        (y:4059um, yAB: [0um:3456um])

[ERROR] Side.place(IoPin): Pin "inputs(16082).0" is outside east or west abutment box side.
        (y:4059.5um, yAB: [0um:3456um])

[ERROR] Side.place(IoPin): Pin "inputs(16083).0" is outside east or west abutment box side.
        (y:4060um, yAB: [0um:3456um])

[ERROR] Side.place(IoPin): Pin "inputs(16084).0" is outside east or west abutment box side.
        (y:4060.5um, yAB: [0um:3456um])

[ERROR] Side.place(IoPin): Pin "inputs(16085).0" is outside east or west abutment box side.
        (y:4061um, yAB: [0um:3456um])

[ERROR] Side.place(IoPin): Pin "inputs(16086).0" is outside east or west abutment box side.
        (y:4061.5um, yAB: [0um:3456um])

[ERROR] Side.place(IoPin): Pin "inputs(16087).0" is outside east or west abutment box side.
        (y:4062um, yAB: [0um:3456um])

[ERROR] Side.place(IoPin): Pin "inputs(16088).0" is outside east or west abutment box side.
        (y:4062.5um, yAB: [0um:3456um])

[ERROR] Side.place(IoPin): Pin "inputs(16089).0" is outside east or west abutment box side.
        (y:4063um, yAB: [0um:3456um])

[ERROR] Side.place(IoPin): Pin "inputs(16090).0" is outside east or west abutment box side.
        (y:4063.5um, yAB: [0um:3456um])

[ERROR] Side.place(IoPin): Pin "inputs(16091).0" is outside east or west abutment box side.
        (y:4064um, yAB: [0um:3456um])

[ERROR] Side.place(IoPin): Pin "inputs(16092).0" is outside east or west abutment box side.
        (y:4064.5um, yAB: [0um:3456um])

[ERROR] Side.place(IoPin): Pin "inputs(16093).0" is outside east or west abutment box side.
        (y:4065um, yAB: [0um:3456um])

[ERROR] Side.place(IoPin): Pin "inputs(16094).0" is outside east or west abutment box side.
        (y:4065.5um, yAB: [0um:3456um])

[ERROR] Side.place(IoPin): Pin "inputs(16095).0" is outside east or west abutment box side.
        (y:4066um, yAB: [0um:3456um])

[ERROR] Side.place(IoPin): Pin "inputs(16096).0" is outside east or west abutment box side.
        (y:4066.5um, yAB: [0um:3456um])

[ERROR] Side.place(IoPin): Pin "inputs(16097).0" is outside east or west abutment box side.
        (y:4067um, yAB: [0um:3456um])

[ERROR] Side.place(IoPin): Pin "inputs(16098).0" is outside east or west abutment box side.
        (y:4067.5um, yAB: [0um:3456um])

[ERROR] Side.place(IoPin): Pin "inputs(16099).0" is outside east or west abutment box side.
        (y:4068um, yAB: [0um:3456um])

[ERROR] Side.place(IoPin): Pin "inputs(16100).0" is outside east or west abutment box side.
        (y:4068.5um, yAB: [0um:3456um])

[ERROR] Side.place(IoPin): Pin "inputs(16101).0" is outside east or west abutment box side.
        (y:4069um, yAB: [0um:3456um])

[ERROR] Side.place(IoPin): Pin "inputs(16102).0" is outside east or west abutment box side.
        (y:4069.5um, yAB: [0um:3456um])

[ERROR] Side.place(IoPin): Pin "inputs(16103).0" is outside east or west abutment box side.
        (y:4070um, yAB: [0um:3456um])

[ERROR] Side.place(IoPin): Pin "inputs(16104).0" is outside east or west abutment box side.
        (y:4070.5um, yAB: [0um:3456um])

[ERROR] Side.place(IoPin): Pin "inputs(16105).0" is outside east or west abutment box side.
        (y:4071um, yAB: [0um:3456um])

[ERROR] Side.place(IoPin): Pin "inputs(16106).0" is outside east or west abutment box side.
        (y:4071.5um, yAB: [0um:3456um])

[ERROR] Side.place(IoPin): Pin "inputs(16107).0" is outside east or west abutment box side.
        (y:4072um, yAB: [0um:3456um])

[ERROR] Side.place(IoPin): Pin "inputs(16108).0" is outside east or west abutment box side.
        (y:4072.5um, yAB: [0um:3456um])

[ERROR] Side.place(IoPin): Pin "inputs(16109).0" is outside east or west abutment box side.
        (y:4073um, yAB: [0um:3456um])

[ERROR] Side.place(IoPin): Pin "inputs(16110).0" is outside east or west abutment box side.
        (y:4073.5um, yAB: [0um:3456um])

[ERROR] Side.place(IoPin): Pin "inputs(16111).0" is outside east or west abutment box side.
        (y:4074um, yAB: [0um:3456um])

[ERROR] Side.place(IoPin): Pin "inputs(16112).0" is outside east or west abutment box side.
        (y:4074.5um, yAB: [0um:3456um])

[ERROR] Side.place(IoPin): Pin "inputs(16113).0" is outside east or west abutment box side.
        (y:4075um, yAB: [0um:3456um])

[ERROR] Side.place(IoPin): Pin "inputs(16114).0" is outside east or west abutment box side.
        (y:4075.5um, yAB: [0um:3456um])

[ERROR] Side.place(IoPin): Pin "inputs(16115).0" is outside east or west abutment box side.
        (y:4076um, yAB: [0um:3456um])

[ERROR] Side.place(IoPin): Pin "inputs(16116).0" is outside east or west abutment box side.
        (y:4076.5um, yAB: [0um:3456um])

[ERROR] Side.place(IoPin): Pin "inputs(16117).0" is outside east or west abutment box side.
        (y:4077um, yAB: [0um:3456um])

[ERROR] Side.place(IoPin): Pin "inputs(16118).0" is outside east or west abutment box side.
        (y:4077.5um, yAB: [0um:3456um])

[ERROR] Side.place(IoPin): Pin "inputs(16119).0" is outside east or west abutment box side.
        (y:4078um, yAB: [0um:3456um])

[ERROR] Side.place(IoPin): Pin "inputs(16120).0" is outside east or west abutment box side.
        (y:4078.5um, yAB: [0um:3456um])

[ERROR] Side.place(IoPin): Pin "inputs(16121).0" is outside east or west abutment box side.
        (y:4079um, yAB: [0um:3456um])

[ERROR] Side.place(IoPin): Pin "inputs(16122).0" is outside east or west abutment box side.
        (y:4079.5um, yAB: [0um:3456um])

[ERROR] Side.place(IoPin): Pin "inputs(16123).0" is outside east or west abutment box side.
        (y:4080um, yAB: [0um:3456um])

[ERROR] Side.place(IoPin): Pin "inputs(16124).0" is outside east or west abutment box side.
        (y:4080.5um, yAB: [0um:3456um])

[ERROR] Side.place(IoPin): Pin "inputs(16125).0" is outside east or west abutment box side.
        (y:4081um, yAB: [0um:3456um])

[ERROR] Side.place(IoPin): Pin "inputs(16126).0" is outside east or west abutment box side.
        (y:4081.5um, yAB: [0um:3456um])

[ERROR] Side.place(IoPin): Pin "inputs(16127).0" is outside east or west abutment box side.
        (y:4082um, yAB: [0um:3456um])

[ERROR] Side.place(IoPin): Pin "inputs(16128).0" is outside east or west abutment box side.
        (y:4082.5um, yAB: [0um:3456um])

[ERROR] Side.place(IoPin): Pin "inputs(16129).0" is outside east or west abutment box side.
        (y:4083um, yAB: [0um:3456um])

[ERROR] Side.place(IoPin): Pin "inputs(16130).0" is outside east or west abutment box side.
        (y:4083.5um, yAB: [0um:3456um])

[ERROR] Side.place(IoPin): Pin "inputs(16131).0" is outside east or west abutment box side.
        (y:4084um, yAB: [0um:3456um])

[ERROR] Side.place(IoPin): Pin "inputs(16132).0" is outside east or west abutment box side.
        (y:4084.5um, yAB: [0um:3456um])

[ERROR] Side.place(IoPin): Pin "inputs(16133).0" is outside east or west abutment box side.
        (y:4085um, yAB: [0um:3456um])

[ERROR] Side.place(IoPin): Pin "inputs(16134).0" is outside east or west abutment box side.
        (y:4085.5um, yAB: [0um:3456um])

[ERROR] Side.place(IoPin): Pin "inputs(16135).0" is outside east or west abutment box side.
        (y:4086um, yAB: [0um:3456um])

[ERROR] Side.place(IoPin): Pin "inputs(16136).0" is outside east or west abutment box side.
        (y:4086.5um, yAB: [0um:3456um])

[ERROR] Side.place(IoPin): Pin "inputs(16137).0" is outside east or west abutment box side.
        (y:4087um, yAB: [0um:3456um])

[ERROR] Side.place(IoPin): Pin "inputs(16138).0" is outside east or west abutment box side.
        (y:4087.5um, yAB: [0um:3456um])

[ERROR] Side.place(IoPin): Pin "inputs(16139).0" is outside east or west abutment box side.
        (y:4088um, yAB: [0um:3456um])

[ERROR] Side.place(IoPin): Pin "inputs(16140).0" is outside east or west abutment box side.
        (y:4088.5um, yAB: [0um:3456um])

[ERROR] Side.place(IoPin): Pin "inputs(16141).0" is outside east or west abutment box side.
        (y:4089um, yAB: [0um:3456um])

[ERROR] Side.place(IoPin): Pin "inputs(16142).0" is outside east or west abutment box side.
        (y:4089.5um, yAB: [0um:3456um])

[ERROR] Side.place(IoPin): Pin "inputs(16143).0" is outside east or west abutment box side.
        (y:4090um, yAB: [0um:3456um])

[ERROR] Side.place(IoPin): Pin "inputs(16144).0" is outside east or west abutment box side.
        (y:4090.5um, yAB: [0um:3456um])

[ERROR] Side.place(IoPin): Pin "inputs(16145).0" is outside east or west abutment box side.
        (y:4091um, yAB: [0um:3456um])

[ERROR] Side.place(IoPin): Pin "inputs(16146).0" is outside east or west abutment box side.
        (y:4091.5um, yAB: [0um:3456um])

[ERROR] Side.place(IoPin): Pin "inputs(16147).0" is outside east or west abutment box side.
        (y:4092um, yAB: [0um:3456um])

[ERROR] Side.place(IoPin): Pin "inputs(16148).0" is outside east or west abutment box side.
        (y:4092.5um, yAB: [0um:3456um])

[ERROR] Side.place(IoPin): Pin "inputs(16149).0" is outside east or west abutment box side.
        (y:4093um, yAB: [0um:3456um])

[ERROR] Side.place(IoPin): Pin "inputs(16150).0" is outside east or west abutment box side.
        (y:4093.5um, yAB: [0um:3456um])

[ERROR] Side.place(IoPin): Pin "inputs(16151).0" is outside east or west abutment box side.
        (y:4094um, yAB: [0um:3456um])

[ERROR] Side.place(IoPin): Pin "inputs(16152).0" is outside east or west abutment box side.
        (y:4094.5um, yAB: [0um:3456um])

[ERROR] Side.place(IoPin): Pin "inputs(16153).0" is outside east or west abutment box side.
        (y:4095um, yAB: [0um:3456um])

[ERROR] Side.place(IoPin): Pin "inputs(16154).0" is outside east or west abutment box side.
        (y:4095.5um, yAB: [0um:3456um])

[ERROR] Side.place(IoPin): Pin "inputs(16155).0" is outside east or west abutment box side.
        (y:4096um, yAB: [0um:3456um])

[ERROR] Side.place(IoPin): Pin "inputs(16156).0" is outside east or west abutment box side.
        (y:4096.5um, yAB: [0um:3456um])

[ERROR] Side.place(IoPin): Pin "inputs(16157).0" is outside east or west abutment box side.
        (y:4097um, yAB: [0um:3456um])

[ERROR] Side.place(IoPin): Pin "inputs(16158).0" is outside east or west abutment box side.
        (y:4097.5um, yAB: [0um:3456um])

[ERROR] Side.place(IoPin): Pin "inputs(16159).0" is outside east or west abutment box side.
        (y:4098um, yAB: [0um:3456um])

[ERROR] Side.place(IoPin): Pin "inputs(16160).0" is outside east or west abutment box side.
        (y:4098.5um, yAB: [0um:3456um])

[ERROR] Side.place(IoPin): Pin "inputs(16161).0" is outside east or west abutment box side.
        (y:4099um, yAB: [0um:3456um])

[ERROR] Side.place(IoPin): Pin "inputs(16162).0" is outside east or west abutment box side.
        (y:4099.5um, yAB: [0um:3456um])

[ERROR] Side.place(IoPin): Pin "inputs(16163).0" is outside east or west abutment box side.
        (y:4100um, yAB: [0um:3456um])

[ERROR] Side.place(IoPin): Pin "inputs(16164).0" is outside east or west abutment box side.
        (y:4100.5um, yAB: [0um:3456um])

[ERROR] Side.place(IoPin): Pin "inputs(16165).0" is outside east or west abutment box side.
        (y:4101um, yAB: [0um:3456um])

[ERROR] Side.place(IoPin): Pin "inputs(16166).0" is outside east or west abutment box side.
        (y:4101.5um, yAB: [0um:3456um])

[ERROR] Side.place(IoPin): Pin "inputs(16167).0" is outside east or west abutment box side.
        (y:4102um, yAB: [0um:3456um])

[ERROR] Side.place(IoPin): Pin "inputs(16168).0" is outside east or west abutment box side.
        (y:4102.5um, yAB: [0um:3456um])

[ERROR] Side.place(IoPin): Pin "inputs(16169).0" is outside east or west abutment box side.
        (y:4103um, yAB: [0um:3456um])

[ERROR] Side.place(IoPin): Pin "inputs(16170).0" is outside east or west abutment box side.
        (y:4103.5um, yAB: [0um:3456um])

[ERROR] Side.place(IoPin): Pin "inputs(16171).0" is outside east or west abutment box side.
        (y:4104um, yAB: [0um:3456um])

[ERROR] Side.place(IoPin): Pin "inputs(16172).0" is outside east or west abutment box side.
        (y:4104.5um, yAB: [0um:3456um])

[ERROR] Side.place(IoPin): Pin "inputs(16173).0" is outside east or west abutment box side.
        (y:4105um, yAB: [0um:3456um])

[ERROR] Side.place(IoPin): Pin "inputs(16174).0" is outside east or west abutment box side.
        (y:4105.5um, yAB: [0um:3456um])

[ERROR] Side.place(IoPin): Pin "inputs(16175).0" is outside east or west abutment box side.
        (y:4106um, yAB: [0um:3456um])

[ERROR] Side.place(IoPin): Pin "inputs(16176).0" is outside east or west abutment box side.
        (y:4106.5um, yAB: [0um:3456um])

[ERROR] Side.place(IoPin): Pin "inputs(16177).0" is outside east or west abutment box side.
        (y:4107um, yAB: [0um:3456um])

[ERROR] Side.place(IoPin): Pin "inputs(16178).0" is outside east or west abutment box side.
        (y:4107.5um, yAB: [0um:3456um])

[ERROR] Side.place(IoPin): Pin "inputs(16179).0" is outside east or west abutment box side.
        (y:4108um, yAB: [0um:3456um])

[ERROR] Side.place(IoPin): Pin "inputs(16180).0" is outside east or west abutment box side.
        (y:4108.5um, yAB: [0um:3456um])

[ERROR] Side.place(IoPin): Pin "inputs(16181).0" is outside east or west abutment box side.
        (y:4109um, yAB: [0um:3456um])

[ERROR] Side.place(IoPin): Pin "inputs(16182).0" is outside east or west abutment box side.
        (y:4109.5um, yAB: [0um:3456um])

[ERROR] Side.place(IoPin): Pin "inputs(16183).0" is outside east or west abutment box side.
        (y:4110um, yAB: [0um:3456um])

[ERROR] Side.place(IoPin): Pin "inputs(16184).0" is outside east or west abutment box side.
        (y:4110.5um, yAB: [0um:3456um])

[ERROR] Side.place(IoPin): Pin "inputs(16185).0" is outside east or west abutment box side.
        (y:4111um, yAB: [0um:3456um])

[ERROR] Side.place(IoPin): Pin "inputs(16186).0" is outside east or west abutment box side.
        (y:4111.5um, yAB: [0um:3456um])

[ERROR] Side.place(IoPin): Pin "inputs(16187).0" is outside east or west abutment box side.
        (y:4112um, yAB: [0um:3456um])

[ERROR] Side.place(IoPin): Pin "inputs(16188).0" is outside east or west abutment box side.
        (y:4112.5um, yAB: [0um:3456um])

[ERROR] Side.place(IoPin): Pin "inputs(16189).0" is outside east or west abutment box side.
        (y:4113um, yAB: [0um:3456um])

[ERROR] Side.place(IoPin): Pin "inputs(16190).0" is outside east or west abutment box side.
        (y:4113.5um, yAB: [0um:3456um])

[ERROR] Side.place(IoPin): Pin "inputs(16191).0" is outside east or west abutment box side.
        (y:4114um, yAB: [0um:3456um])

[ERROR] Side.place(IoPin): Pin "inputs(16192).0" is outside east or west abutment box side.
        (y:4114.5um, yAB: [0um:3456um])

[ERROR] Side.place(IoPin): Pin "inputs(16193).0" is outside east or west abutment box side.
        (y:4115um, yAB: [0um:3456um])

[ERROR] Side.place(IoPin): Pin "inputs(16194).0" is outside east or west abutment box side.
        (y:4115.5um, yAB: [0um:3456um])

[ERROR] Side.place(IoPin): Pin "inputs(16195).0" is outside east or west abutment box side.
        (y:4116um, yAB: [0um:3456um])

[ERROR] Side.place(IoPin): Pin "inputs(16196).0" is outside east or west abutment box side.
        (y:4116.5um, yAB: [0um:3456um])

[ERROR] Side.place(IoPin): Pin "inputs(16197).0" is outside east or west abutment box side.
        (y:4117um, yAB: [0um:3456um])

[ERROR] Side.place(IoPin): Pin "inputs(16198).0" is outside east or west abutment box side.
        (y:4117.5um, yAB: [0um:3456um])

[ERROR] Side.place(IoPin): Pin "inputs(16199).0" is outside east or west abutment box side.
        (y:4118um, yAB: [0um:3456um])

[ERROR] Side.place(IoPin): Pin "inputs(16200).0" is outside east or west abutment box side.
        (y:4118.5um, yAB: [0um:3456um])

[ERROR] Side.place(IoPin): Pin "inputs(16201).0" is outside east or west abutment box side.
        (y:4119um, yAB: [0um:3456um])

[ERROR] Side.place(IoPin): Pin "inputs(16202).0" is outside east or west abutment box side.
        (y:4119.5um, yAB: [0um:3456um])

[ERROR] Side.place(IoPin): Pin "inputs(16203).0" is outside east or west abutment box side.
        (y:4120um, yAB: [0um:3456um])

[ERROR] Side.place(IoPin): Pin "inputs(16204).0" is outside east or west abutment box side.
        (y:4120.5um, yAB: [0um:3456um])

[ERROR] Side.place(IoPin): Pin "inputs(16205).0" is outside east or west abutment box side.
        (y:4121um, yAB: [0um:3456um])

[ERROR] Side.place(IoPin): Pin "inputs(16206).0" is outside east or west abutment box side.
        (y:4121.5um, yAB: [0um:3456um])

[ERROR] Side.place(IoPin): Pin "inputs(16207).0" is outside east or west abutment box side.
        (y:4122um, yAB: [0um:3456um])

[ERROR] Side.place(IoPin): Pin "inputs(16208).0" is outside east or west abutment box side.
        (y:4122.5um, yAB: [0um:3456um])

[ERROR] Side.place(IoPin): Pin "inputs(16209).0" is outside east or west abutment box side.
        (y:4123um, yAB: [0um:3456um])

[ERROR] Side.place(IoPin): Pin "inputs(16210).0" is outside east or west abutment box side.
        (y:4123.5um, yAB: [0um:3456um])

[ERROR] Side.place(IoPin): Pin "inputs(16211).0" is outside east or west abutment box side.
        (y:4124um, yAB: [0um:3456um])

[ERROR] Side.place(IoPin): Pin "inputs(16212).0" is outside east or west abutment box side.
        (y:4124.5um, yAB: [0um:3456um])

[ERROR] Side.place(IoPin): Pin "inputs(16213).0" is outside east or west abutment box side.
        (y:4125um, yAB: [0um:3456um])

[ERROR] Side.place(IoPin): Pin "inputs(16214).0" is outside east or west abutment box side.
        (y:4125.5um, yAB: [0um:3456um])

[ERROR] Side.place(IoPin): Pin "inputs(16215).0" is outside east or west abutment box side.
        (y:4126um, yAB: [0um:3456um])

[ERROR] Side.place(IoPin): Pin "inputs(16216).0" is outside east or west abutment box side.
        (y:4126.5um, yAB: [0um:3456um])

[ERROR] Side.place(IoPin): Pin "inputs(16217).0" is outside east or west abutment box side.
        (y:4127um, yAB: [0um:3456um])

[ERROR] Side.place(IoPin): Pin "inputs(16218).0" is outside east or west abutment box side.
        (y:4127.5um, yAB: [0um:3456um])

[ERROR] Side.place(IoPin): Pin "inputs(16219).0" is outside east or west abutment box side.
        (y:4128um, yAB: [0um:3456um])

[ERROR] Side.place(IoPin): Pin "inputs(16220).0" is outside east or west abutment box side.
        (y:4128.5um, yAB: [0um:3456um])

[ERROR] Side.place(IoPin): Pin "inputs(16221).0" is outside east or west abutment box side.
        (y:4129um, yAB: [0um:3456um])

[ERROR] Side.place(IoPin): Pin "inputs(16222).0" is outside east or west abutment box side.
        (y:4129.5um, yAB: [0um:3456um])

[ERROR] Side.place(IoPin): Pin "inputs(16223).0" is outside east or west abutment box side.
        (y:4130um, yAB: [0um:3456um])

[ERROR] Side.place(IoPin): Pin "inputs(16224).0" is outside east or west abutment box side.
        (y:4130.5um, yAB: [0um:3456um])

[ERROR] Side.place(IoPin): Pin "inputs(16225).0" is outside east or west abutment box side.
        (y:4131um, yAB: [0um:3456um])

[ERROR] Side.place(IoPin): Pin "inputs(16226).0" is outside east or west abutment box side.
        (y:4131.5um, yAB: [0um:3456um])

[ERROR] Side.place(IoPin): Pin "inputs(16227).0" is outside east or west abutment box side.
        (y:4132um, yAB: [0um:3456um])

[ERROR] Side.place(IoPin): Pin "inputs(16228).0" is outside east or west abutment box side.
        (y:4132.5um, yAB: [0um:3456um])

[ERROR] Side.place(IoPin): Pin "inputs(16229).0" is outside east or west abutment box side.
        (y:4133um, yAB: [0um:3456um])

[ERROR] Side.place(IoPin): Pin "inputs(16230).0" is outside east or west abutment box side.
        (y:4133.5um, yAB: [0um:3456um])

[ERROR] Side.place(IoPin): Pin "inputs(16231).0" is outside east or west abutment box side.
        (y:4134um, yAB: [0um:3456um])

[ERROR] Side.place(IoPin): Pin "inputs(16232).0" is outside east or west abutment box side.
        (y:4134.5um, yAB: [0um:3456um])

[ERROR] Side.place(IoPin): Pin "inputs(16233).0" is outside east or west abutment box side.
        (y:4135um, yAB: [0um:3456um])

[ERROR] Side.place(IoPin): Pin "inputs(16234).0" is outside east or west abutment box side.
        (y:4135.5um, yAB: [0um:3456um])

[ERROR] Side.place(IoPin): Pin "inputs(16235).0" is outside east or west abutment box side.
        (y:4136um, yAB: [0um:3456um])

[ERROR] Side.place(IoPin): Pin "inputs(16236).0" is outside east or west abutment box side.
        (y:4136.5um, yAB: [0um:3456um])

[ERROR] Side.place(IoPin): Pin "inputs(16237).0" is outside east or west abutment box side.
        (y:4137um, yAB: [0um:3456um])

[ERROR] Side.place(IoPin): Pin "inputs(16238).0" is outside east or west abutment box side.
        (y:4137.5um, yAB: [0um:3456um])

[ERROR] Side.place(IoPin): Pin "inputs(16239).0" is outside east or west abutment box side.
        (y:4138um, yAB: [0um:3456um])

[ERROR] Side.place(IoPin): Pin "inputs(16240).0" is outside east or west abutment box side.
        (y:4138.5um, yAB: [0um:3456um])

[ERROR] Side.place(IoPin): Pin "inputs(16241).0" is outside east or west abutment box side.
        (y:4139um, yAB: [0um:3456um])

[ERROR] Side.place(IoPin): Pin "inputs(16242).0" is outside east or west abutment box side.
        (y:4139.5um, yAB: [0um:3456um])

[ERROR] Side.place(IoPin): Pin "inputs(16243).0" is outside east or west abutment box side.
        (y:4140um, yAB: [0um:3456um])

[ERROR] Side.place(IoPin): Pin "inputs(16244).0" is outside east or west abutment box side.
        (y:4140.5um, yAB: [0um:3456um])

[ERROR] Side.place(IoPin): Pin "inputs(16245).0" is outside east or west abutment box side.
        (y:4141um, yAB: [0um:3456um])

[ERROR] Side.place(IoPin): Pin "inputs(16246).0" is outside east or west abutment box side.
        (y:4141.5um, yAB: [0um:3456um])

[ERROR] Side.place(IoPin): Pin "inputs(16247).0" is outside east or west abutment box side.
        (y:4142um, yAB: [0um:3456um])

[ERROR] Side.place(IoPin): Pin "inputs(16248).0" is outside east or west abutment box side.
        (y:4142.5um, yAB: [0um:3456um])

[ERROR] Side.place(IoPin): Pin "inputs(16249).0" is outside east or west abutment box side.
        (y:4143um, yAB: [0um:3456um])

[ERROR] Side.place(IoPin): Pin "inputs(16250).0" is outside east or west abutment box side.
        (y:4143.5um, yAB: [0um:3456um])

[ERROR] Side.place(IoPin): Pin "inputs(16251).0" is outside east or west abutment box side.
        (y:4144um, yAB: [0um:3456um])

[ERROR] Side.place(IoPin): Pin "inputs(16252).0" is outside east or west abutment box side.
        (y:4144.5um, yAB: [0um:3456um])

[ERROR] Side.place(IoPin): Pin "inputs(16253).0" is outside east or west abutment box side.
        (y:4145um, yAB: [0um:3456um])

[ERROR] Side.place(IoPin): Pin "inputs(16254).0" is outside east or west abutment box side.
        (y:4145.5um, yAB: [0um:3456um])

[ERROR] Side.place(IoPin): Pin "inputs(16255).0" is outside east or west abutment box side.
        (y:4146um, yAB: [0um:3456um])

[ERROR] Side.place(IoPin): Pin "inputs(16256).0" is outside east or west abutment box side.
        (y:4146.5um, yAB: [0um:3456um])

[ERROR] Side.place(IoPin): Pin "inputs(16257).0" is outside east or west abutment box side.
        (y:4147um, yAB: [0um:3456um])

[ERROR] Side.place(IoPin): Pin "inputs(16258).0" is outside east or west abutment box side.
        (y:4147.5um, yAB: [0um:3456um])

[ERROR] Side.place(IoPin): Pin "inputs(16259).0" is outside east or west abutment box side.
        (y:4148um, yAB: [0um:3456um])

[ERROR] Side.place(IoPin): Pin "inputs(16260).0" is outside east or west abutment box side.
        (y:4148.5um, yAB: [0um:3456um])

[ERROR] Side.place(IoPin): Pin "inputs(16261).0" is outside east or west abutment box side.
        (y:4149um, yAB: [0um:3456um])

[ERROR] Side.place(IoPin): Pin "inputs(16262).0" is outside east or west abutment box side.
        (y:4149.5um, yAB: [0um:3456um])

[ERROR] Side.place(IoPin): Pin "inputs(16263).0" is outside east or west abutment box side.
        (y:4150um, yAB: [0um:3456um])

[ERROR] Side.place(IoPin): Pin "inputs(16264).0" is outside east or west abutment box side.
        (y:4150.5um, yAB: [0um:3456um])

[ERROR] Side.place(IoPin): Pin "inputs(16265).0" is outside east or west abutment box side.
        (y:4151um, yAB: [0um:3456um])

[ERROR] Side.place(IoPin): Pin "inputs(16266).0" is outside east or west abutment box side.
        (y:4151.5um, yAB: [0um:3456um])

[ERROR] Side.place(IoPin): Pin "inputs(16267).0" is outside east or west abutment box side.
        (y:4152um, yAB: [0um:3456um])

[ERROR] Side.place(IoPin): Pin "inputs(16268).0" is outside east or west abutment box side.
        (y:4152.5um, yAB: [0um:3456um])

[ERROR] Side.place(IoPin): Pin "inputs(16269).0" is outside east or west abutment box side.
        (y:4153um, yAB: [0um:3456um])

[ERROR] Side.place(IoPin): Pin "inputs(16270).0" is outside east or west abutment box side.
        (y:4153.5um, yAB: [0um:3456um])

[ERROR] Side.place(IoPin): Pin "inputs(16271).0" is outside east or west abutment box side.
        (y:4154um, yAB: [0um:3456um])

[ERROR] Side.place(IoPin): Pin "inputs(16272).0" is outside east or west abutment box side.
        (y:4154.5um, yAB: [0um:3456um])

[ERROR] Side.place(IoPin): Pin "inputs(16273).0" is outside east or west abutment box side.
        (y:4155um, yAB: [0um:3456um])

[ERROR] Side.place(IoPin): Pin "inputs(16274).0" is outside east or west abutment box side.
        (y:4155.5um, yAB: [0um:3456um])

[ERROR] Side.place(IoPin): Pin "inputs(16275).0" is outside east or west abutment box side.
        (y:4156um, yAB: [0um:3456um])

[ERROR] Side.place(IoPin): Pin "inputs(16276).0" is outside east or west abutment box side.
        (y:4156.5um, yAB: [0um:3456um])

[ERROR] Side.place(IoPin): Pin "inputs(16277).0" is outside east or west abutment box side.
        (y:4157um, yAB: [0um:3456um])

[ERROR] Side.place(IoPin): Pin "inputs(16278).0" is outside east or west abutment box side.
        (y:4157.5um, yAB: [0um:3456um])

[ERROR] Side.place(IoPin): Pin "inputs(16279).0" is outside east or west abutment box side.
        (y:4158um, yAB: [0um:3456um])

[ERROR] Side.place(IoPin): Pin "inputs(16280).0" is outside east or west abutment box side.
        (y:4158.5um, yAB: [0um:3456um])

[ERROR] Side.place(IoPin): Pin "inputs(16281).0" is outside east or west abutment box side.
        (y:4159um, yAB: [0um:3456um])

[ERROR] Side.place(IoPin): Pin "inputs(16282).0" is outside east or west abutment box side.
        (y:4159.5um, yAB: [0um:3456um])

[ERROR] Side.place(IoPin): Pin "inputs(16283).0" is outside east or west abutment box side.
        (y:4160um, yAB: [0um:3456um])

[ERROR] Side.place(IoPin): Pin "inputs(16284).0" is outside east or west abutment box side.
        (y:4160.5um, yAB: [0um:3456um])

[ERROR] Side.place(IoPin): Pin "inputs(16285).0" is outside east or west abutment box side.
        (y:4161um, yAB: [0um:3456um])

[ERROR] Side.place(IoPin): Pin "inputs(16286).0" is outside east or west abutment box side.
        (y:4161.5um, yAB: [0um:3456um])

[ERROR] Side.place(IoPin): Pin "inputs(16287).0" is outside east or west abutment box side.
        (y:4162um, yAB: [0um:3456um])

[ERROR] Side.place(IoPin): Pin "inputs(16288).0" is outside east or west abutment box side.
        (y:4162.5um, yAB: [0um:3456um])

[ERROR] Side.place(IoPin): Pin "inputs(16289).0" is outside east or west abutment box side.
        (y:4163um, yAB: [0um:3456um])

[ERROR] Side.place(IoPin): Pin "inputs(16290).0" is outside east or west abutment box side.
        (y:4163.5um, yAB: [0um:3456um])

[ERROR] Side.place(IoPin): Pin "inputs(16291).0" is outside east or west abutment box side.
        (y:4164um, yAB: [0um:3456um])

[ERROR] Side.place(IoPin): Pin "inputs(16292).0" is outside east or west abutment box side.
        (y:4164.5um, yAB: [0um:3456um])

[ERROR] Side.place(IoPin): Pin "inputs(16293).0" is outside east or west abutment box side.
        (y:4165um, yAB: [0um:3456um])

[ERROR] Side.place(IoPin): Pin "inputs(16294).0" is outside east or west abutment box side.
        (y:4165.5um, yAB: [0um:3456um])

[ERROR] Side.place(IoPin): Pin "inputs(16295).0" is outside east or west abutment box side.
        (y:4166um, yAB: [0um:3456um])

[ERROR] Side.place(IoPin): Pin "inputs(16296).0" is outside east or west abutment box side.
        (y:4166.5um, yAB: [0um:3456um])

[ERROR] Side.place(IoPin): Pin "inputs(16297).0" is outside east or west abutment box side.
        (y:4167um, yAB: [0um:3456um])

[ERROR] Side.place(IoPin): Pin "inputs(16298).0" is outside east or west abutment box side.
        (y:4167.5um, yAB: [0um:3456um])

[ERROR] Side.place(IoPin): Pin "inputs(16299).0" is outside east or west abutment box side.
        (y:4168um, yAB: [0um:3456um])

[ERROR] Side.place(IoPin): Pin "inputs(16300).0" is outside east or west abutment box side.
        (y:4168.5um, yAB: [0um:3456um])

[ERROR] Side.place(IoPin): Pin "inputs(16301).0" is outside east or west abutment box side.
        (y:4169um, yAB: [0um:3456um])

[ERROR] Side.place(IoPin): Pin "inputs(16302).0" is outside east or west abutment box side.
        (y:4169.5um, yAB: [0um:3456um])

[ERROR] Side.place(IoPin): Pin "inputs(16303).0" is outside east or west abutment box side.
        (y:4170um, yAB: [0um:3456um])

[ERROR] Side.place(IoPin): Pin "inputs(16304).0" is outside east or west abutment box side.
        (y:4170.5um, yAB: [0um:3456um])

[ERROR] Side.place(IoPin): Pin "inputs(16305).0" is outside east or west abutment box side.
        (y:4171um, yAB: [0um:3456um])

[ERROR] Side.place(IoPin): Pin "inputs(16306).0" is outside east or west abutment box side.
        (y:4171.5um, yAB: [0um:3456um])

[ERROR] Side.place(IoPin): Pin "inputs(16307).0" is outside east or west abutment box side.
        (y:4172um, yAB: [0um:3456um])

[ERROR] Side.place(IoPin): Pin "inputs(16308).0" is outside east or west abutment box side.
        (y:4172.5um, yAB: [0um:3456um])

[ERROR] Side.place(IoPin): Pin "inputs(16309).0" is outside east or west abutment box side.
        (y:4173um, yAB: [0um:3456um])

[ERROR] Side.place(IoPin): Pin "inputs(16310).0" is outside east or west abutment box side.
        (y:4173.5um, yAB: [0um:3456um])

[ERROR] Side.place(IoPin): Pin "inputs(16311).0" is outside east or west abutment box side.
        (y:4174um, yAB: [0um:3456um])

[ERROR] Side.place(IoPin): Pin "inputs(16312).0" is outside east or west abutment box side.
        (y:4174.5um, yAB: [0um:3456um])

[ERROR] Side.place(IoPin): Pin "inputs(16313).0" is outside east or west abutment box side.
        (y:4175um, yAB: [0um:3456um])

[ERROR] Side.place(IoPin): Pin "inputs(16314).0" is outside east or west abutment box side.
        (y:4175.5um, yAB: [0um:3456um])

[ERROR] Side.place(IoPin): Pin "inputs(16315).0" is outside east or west abutment box side.
        (y:4176um, yAB: [0um:3456um])

[ERROR] Side.place(IoPin): Pin "inputs(16316).0" is outside east or west abutment box side.
        (y:4176.5um, yAB: [0um:3456um])

[ERROR] Side.place(IoPin): Pin "inputs(16317).0" is outside east or west abutment box side.
        (y:4177um, yAB: [0um:3456um])

[ERROR] Side.place(IoPin): Pin "inputs(16318).0" is outside east or west abutment box side.
        (y:4177.5um, yAB: [0um:3456um])

[ERROR] Side.place(IoPin): Pin "inputs(16319).0" is outside east or west abutment box side.
        (y:4178um, yAB: [0um:3456um])

[ERROR] Side.place(IoPin): Pin "inputs(16320).0" is outside east or west abutment box side.
        (y:4178.5um, yAB: [0um:3456um])

[ERROR] Side.place(IoPin): Pin "inputs(16321).0" is outside east or west abutment box side.
        (y:4179um, yAB: [0um:3456um])

[ERROR] Side.place(IoPin): Pin "inputs(16322).0" is outside east or west abutment box side.
        (y:4179.5um, yAB: [0um:3456um])

[ERROR] Side.place(IoPin): Pin "inputs(16323).0" is outside east or west abutment box side.
        (y:4180um, yAB: [0um:3456um])

[ERROR] Side.place(IoPin): Pin "inputs(16324).0" is outside east or west abutment box side.
        (y:4180.5um, yAB: [0um:3456um])

[ERROR] Side.place(IoPin): Pin "inputs(16325).0" is outside east or west abutment box side.
        (y:4181um, yAB: [0um:3456um])

[ERROR] Side.place(IoPin): Pin "inputs(16326).0" is outside east or west abutment box side.
        (y:4181.5um, yAB: [0um:3456um])

[ERROR] Side.place(IoPin): Pin "inputs(16327).0" is outside east or west abutment box side.
        (y:4182um, yAB: [0um:3456um])

[ERROR] Side.place(IoPin): Pin "inputs(16328).0" is outside east or west abutment box side.
        (y:4182.5um, yAB: [0um:3456um])

[ERROR] Side.place(IoPin): Pin "inputs(16329).0" is outside east or west abutment box side.
        (y:4183um, yAB: [0um:3456um])

[ERROR] Side.place(IoPin): Pin "inputs(16330).0" is outside east or west abutment box side.
        (y:4183.5um, yAB: [0um:3456um])

[ERROR] Side.place(IoPin): Pin "inputs(16331).0" is outside east or west abutment box side.
        (y:4184um, yAB: [0um:3456um])

[ERROR] Side.place(IoPin): Pin "inputs(16332).0" is outside east or west abutment box side.
        (y:4184.5um, yAB: [0um:3456um])

[ERROR] Side.place(IoPin): Pin "inputs(16333).0" is outside east or west abutment box side.
        (y:4185um, yAB: [0um:3456um])

[ERROR] Side.place(IoPin): Pin "inputs(16334).0" is outside east or west abutment box side.
        (y:4185.5um, yAB: [0um:3456um])

[ERROR] Side.place(IoPin): Pin "inputs(16335).0" is outside east or west abutment box side.
        (y:4186um, yAB: [0um:3456um])

[ERROR] Side.place(IoPin): Pin "inputs(16336).0" is outside east or west abutment box side.
        (y:4186.5um, yAB: [0um:3456um])

[ERROR] Side.place(IoPin): Pin "inputs(16337).0" is outside east or west abutment box side.
        (y:4187um, yAB: [0um:3456um])

[ERROR] Side.place(IoPin): Pin "inputs(16338).0" is outside east or west abutment box side.
        (y:4187.5um, yAB: [0um:3456um])

[ERROR] Side.place(IoPin): Pin "inputs(16339).0" is outside east or west abutment box side.
        (y:4188um, yAB: [0um:3456um])

[ERROR] Side.place(IoPin): Pin "inputs(16340).0" is outside east or west abutment box side.
        (y:4188.5um, yAB: [0um:3456um])

[ERROR] Side.place(IoPin): Pin "inputs(16341).0" is outside east or west abutment box side.
        (y:4189um, yAB: [0um:3456um])

[ERROR] Side.place(IoPin): Pin "inputs(16342).0" is outside east or west abutment box side.
        (y:4189.5um, yAB: [0um:3456um])

[ERROR] Side.place(IoPin): Pin "inputs(16343).0" is outside east or west abutment box side.
        (y:4190um, yAB: [0um:3456um])

[ERROR] Side.place(IoPin): Pin "inputs(16344).0" is outside east or west abutment box side.
        (y:4190.5um, yAB: [0um:3456um])

[ERROR] Side.place(IoPin): Pin "inputs(16345).0" is outside east or west abutment box side.
        (y:4191um, yAB: [0um:3456um])

[ERROR] Side.place(IoPin): Pin "inputs(16346).0" is outside east or west abutment box side.
        (y:4191.5um, yAB: [0um:3456um])

[ERROR] Side.place(IoPin): Pin "inputs(16347).0" is outside east or west abutment box side.
        (y:4192um, yAB: [0um:3456um])

[ERROR] Side.place(IoPin): Pin "inputs(16348).0" is outside east or west abutment box side.
        (y:4192.5um, yAB: [0um:3456um])

[ERROR] Side.place(IoPin): Pin "inputs(16349).0" is outside east or west abutment box side.
        (y:4193um, yAB: [0um:3456um])

[ERROR] Side.place(IoPin): Pin "inputs(16350).0" is outside east or west abutment box side.
        (y:4193.5um, yAB: [0um:3456um])

[ERROR] Side.place(IoPin): Pin "inputs(16351).0" is outside east or west abutment box side.
        (y:4194um, yAB: [0um:3456um])

[ERROR] Side.place(IoPin): Pin "inputs(16352).0" is outside east or west abutment box side.
        (y:4194.5um, yAB: [0um:3456um])

[ERROR] Side.place(IoPin): Pin "inputs(16353).0" is outside east or west abutment box side.
        (y:4195um, yAB: [0um:3456um])

[ERROR] Side.place(IoPin): Pin "inputs(16354).0" is outside east or west abutment box side.
        (y:4195.5um, yAB: [0um:3456um])

[ERROR] Side.place(IoPin): Pin "inputs(16355).0" is outside east or west abutment box side.
        (y:4196um, yAB: [0um:3456um])

[ERROR] Side.place(IoPin): Pin "inputs(16356).0" is outside east or west abutment box side.
        (y:4196.5um, yAB: [0um:3456um])

[ERROR] Side.place(IoPin): Pin "inputs(16357).0" is outside east or west abutment box side.
        (y:4197um, yAB: [0um:3456um])

[ERROR] Side.place(IoPin): Pin "inputs(16358).0" is outside east or west abutment box side.
        (y:4197.5um, yAB: [0um:3456um])

[ERROR] Side.place(IoPin): Pin "inputs(16359).0" is outside east or west abutment box side.
        (y:4198um, yAB: [0um:3456um])

[ERROR] Side.place(IoPin): Pin "inputs(16360).0" is outside east or west abutment box side.
        (y:4198.5um, yAB: [0um:3456um])

[ERROR] Side.place(IoPin): Pin "inputs(16361).0" is outside east or west abutment box side.
        (y:4199um, yAB: [0um:3456um])

[ERROR] Side.place(IoPin): Pin "inputs(16362).0" is outside east or west abutment box side.
        (y:4199.5um, yAB: [0um:3456um])

[ERROR] Side.place(IoPin): Pin "inputs(16363).0" is outside east or west abutment box side.
        (y:4200um, yAB: [0um:3456um])

[ERROR] Side.place(IoPin): Pin "inputs(16364).0" is outside east or west abutment box side.
        (y:4200.5um, yAB: [0um:3456um])

[ERROR] Side.place(IoPin): Pin "inputs(16365).0" is outside east or west abutment box side.
        (y:4201um, yAB: [0um:3456um])

[ERROR] Side.place(IoPin): Pin "inputs(16366).0" is outside east or west abutment box side.
        (y:4201.5um, yAB: [0um:3456um])

[ERROR] Side.place(IoPin): Pin "inputs(16367).0" is outside east or west abutment box side.
        (y:4202um, yAB: [0um:3456um])

[ERROR] Side.place(IoPin): Pin "inputs(16368).0" is outside east or west abutment box side.
        (y:4202.5um, yAB: [0um:3456um])

[ERROR] Side.place(IoPin): Pin "inputs(16369).0" is outside east or west abutment box side.
        (y:4203um, yAB: [0um:3456um])

[ERROR] Side.place(IoPin): Pin "inputs(16370).0" is outside east or west abutment box side.
        (y:4203.5um, yAB: [0um:3456um])

[ERROR] Side.place(IoPin): Pin "inputs(16371).0" is outside east or west abutment box side.
        (y:4204um, yAB: [0um:3456um])

[ERROR] Side.place(IoPin): Pin "inputs(16372).0" is outside east or west abutment box side.
        (y:4204.5um, yAB: [0um:3456um])

[ERROR] Side.place(IoPin): Pin "inputs(16373).0" is outside east or west abutment box side.
        (y:4205um, yAB: [0um:3456um])

[ERROR] Side.place(IoPin): Pin "inputs(16374).0" is outside east or west abutment box side.
        (y:4205.5um, yAB: [0um:3456um])

[ERROR] Side.place(IoPin): Pin "inputs(16375).0" is outside east or west abutment box side.
        (y:4206um, yAB: [0um:3456um])

[ERROR] Side.place(IoPin): Pin "inputs(16376).0" is outside east or west abutment box side.
        (y:4206.5um, yAB: [0um:3456um])

[ERROR] Side.place(IoPin): Pin "inputs(16377).0" is outside east or west abutment box side.
        (y:4207um, yAB: [0um:3456um])

[ERROR] Side.place(IoPin): Pin "inputs(16378).0" is outside east or west abutment box side.
        (y:4207.5um, yAB: [0um:3456um])

[ERROR] Side.place(IoPin): Pin "inputs(16379).0" is outside east or west abutment box side.
        (y:4208um, yAB: [0um:3456um])

[ERROR] Side.place(IoPin): Pin "inputs(16380).0" is outside east or west abutment box side.
        (y:4208.5um, yAB: [0um:3456um])

[ERROR] Side.place(IoPin): Pin "inputs(16381).0" is outside east or west abutment box side.
        (y:4209um, yAB: [0um:3456um])

[ERROR] Side.place(IoPin): Pin "inputs(16382).0" is outside east or west abutment box side.
        (y:4209.5um, yAB: [0um:3456um])

[ERROR] Side.place(IoPin): Pin "inputs(16383).0" is outside east or west abutment box side.
        (y:4210um, yAB: [0um:3456um])

[ERROR] Side.place(IoPin): Pin "clk.0" is outside east or west abutment box side.
        (y:4210.5um, yAB: [0um:3456um])
[ERROR] Block.placeIoPins(): Cell "expmob2" has 6465 badly placed pins.
        Python stack trace:
        #0 in                  __init__() at .../install/lib/python3/dist-packages/coriolis/helpers/io.py:95
        #1 in               placeIoPins() at .../lib/python3/dist-packages/coriolis/plugins/block/block.py:642
        #2 in                     doPnR() at .../lib/python3/dist-packages/coriolis/plugins/block/block.py:848
        #3 in                scriptMain() at /home/ahmed/circuits/coriolis/expmob2_n14/MydoDesign.py:256
        #4 in                    doTask() at .../lib/python3/dist-packages/coriolis/designflow/pnr.py:78
        #5 in                   execute() at /usr/lib/python3/dist-packages/doit/action.py:424
        #6 in                   execute() at /usr/lib/python3/dist-packages/doit/task.py:449
        #7 in              execute_task() at /usr/lib/python3/dist-packages/doit/runner.py:177
        #8 in                 run_tasks() at /usr/lib/python3/dist-packages/doit/runner.py:222
        #9 in                   run_all() at /usr/lib/python3/dist-packages/doit/runner.py:256
        #10 in                  _execute() at /usr/lib/python3/dist-packages/doit/cmd_run.py:260
        #11 in                   execute() at /usr/lib/python3/dist-packages/doit/cmd_base.py:420
        #12 in             parse_execute() at /usr/lib/python3/dist-packages/doit/cmd_base.py:127
        #13 in                       run() at /usr/lib/python3/dist-packages/doit/doit_cmd.py:177
        #14 in                      main() at /usr/lib/python3/dist-packages/doit/__main__.py:8
        #15 in                  <module>() at /usr/bin/doit:11


