  o  LEF: </home/ahmed/coriolis-2.x/release/install/lib/python3/dist-packages/pdks/ihpsg13g2/libs.ref/sg13g2_stdcell/lef/sg13g2_tech.lef>
  o  LEF: </home/ahmed/coriolis-2.x/release/install/lib/python3/dist-packages/pdks/ihpsg13g2/libs.ref/sg13g2_io/lef/sg13g2_io.lef>
     o sg13g2_Corner 180um 180um LEF.sg13g2_ioSite     o sg13g2_Filler200 1um 180um LEF.sg13g2_ioSite     o sg13g2_Filler400 2um 180um LEF.sg13g2_ioSite     o sg13g2_Filler1000 5um 180um LEF.sg13g2_ioSite     o sg13g2_Filler2000 10um 180um LEF.sg13g2_ioSite     o sg13g2_Filler4000 20um 180um LEF.sg13g2_ioSite     o sg13g2_Filler10000 50um 180um LEF.sg13g2_ioSite     o sg13g2_IOPadIn 80um 180um LEF.sg13g2_ioSite     o sg13g2_IOPadOut4mA 80um 180um LEF.sg13g2_ioSite     o sg13g2_IOPadOut16mA 80um 180um LEF.sg13g2_ioSite     o sg13g2_IOPadOut30mA 80um 180um LEF.sg13g2_ioSite     o sg13g2_IOPadTriOut4mA 80um 180um LEF.sg13g2_ioSite     o sg13g2_IOPadTriOut16mA 80um 180um LEF.sg13g2_ioSite     o sg13g2_IOPadTriOut30mA 80um 180um LEF.sg13g2_ioSite     o sg13g2_IOPadInOut4mA 80um 180um LEF.sg13g2_ioSite     o sg13g2_IOPadInOut16mA 80um 180um LEF.sg13g2_ioSite     o sg13g2_IOPadInOut30mA 80um 180um LEF.sg13g2_ioSite     o sg13g2_IOPadAnalog 80um 180um LEF.sg13g2_ioSite     o sg13g2_IOPadIOVss 80um 180um LEF.sg13g2_ioSite     o sg13g2_IOPadIOVdd 80um 180um LEF.sg13g2_ioSite     o sg13g2_IOPadVss 80um 180um LEF.sg13g2_ioSite     o sg13g2_IOPadVdd 80um 180um LEF.sg13g2_ioSite     + expmob2 [blif]
        + expmob2 [.model]
  o  Configuration contents (CfgCache):
     - misc.catchCore = False
     - misc.minTraceLevel = 12300
     - misc.maxTraceLevel = 12400
     - misc.info = False
     - misc.paranoid = False
     - misc.bug = False
     - misc.logMode = True
     - misc.verboseLevel1 = True
     - misc.verboseLevel2 = True
  o  Configuration contents (CfgCache):
     - gdsDriver.metricDbu = 1e-09
     - gdsDriver.dbuPerUu = 0.001
  o  Configuration contents (CfgCache):
     - lefImport.minTerminalWidth = 0.0
     - crlcore.groundName = "vss"
     - crlcore.powerName = "vdd"
     - etesian.aspectRatio = 1.0 [10:1000]
     - etesian.spaceMargin = 0.1
     - etesian.uniformDensity = True
     - etesian.densityVariation = 0.05
     - etesian.routingDriven = False
     - etesian.latchUpDistance = 580000
     - etesian.diodeName = "diode_w1"
     - etesian.antennaInsertThreshold = 0.5
     - etesian.tieName = None
     - etesian.antennaGateMaxWL = 10000000
     - etesian.antennaDiodeMaxWL = 1000000000
     - etesian.feedNames = "tie,decap_w0"
     - etesian.defaultFeed = "tie"
     - etesian.cell.zero = "zero_x1"
     - etesian.cell.one = "one_x1"
     - etesian.bloat = "disabled"
     - etesian.effort = 2 (1:"Fast", 2:"Standard", 3:"High", 4:"Extreme")
     - etesian.graphics = 2 (1:"Show every step", 2:"Show lower bound", 3:"Show result only")
     - anabatic.routingGauge = "StdCellLib"
     - anabatic.globalLengthThreshold = 1450
     - anabatic.saturateRatio = 0.9
     - anabatic.saturateRp = 10
     - anabatic.topRoutingLayer = "TopMetal1"
     - anabatic.edgeLength = 24
     - anabatic.edgeWidth = 4
     - anabatic.edgeCostH = 9.0
     - anabatic.edgeCostK = -10.0
     - anabatic.edgeHInc = 1.0
     - anabatic.edgeHScaling = 1.0
     - anabatic.globalIterations = 20 [1:100]
     - anabatic.gcell.displayMode = 1 (1:"Boundary", 2:"Density")
     - anabatic.searchHalo = 2
     - katana.trackFill = 0
     - katana.runRealignStage = True
     - katana.hTracksReservedMin = 4
     - katana.hTracksReservedLocal = 20 [0:30]
     - katana.vTracksReservedMin = 4
     - katana.vTracksReservedLocal = 20 [0:30]
     - katana.termSatReservedLocal = 8
     - katana.termSatThreshold = 9
     - katana.eventsLimit = 4000002
     - katana.ripupCost = 3 [0:None]
     - katana.strapRipupLimit = 16 [1:None]
     - katana.localRipupLimit = 9 [1:None]
     - katana.globalRipupLimit = 5 [1:None]
     - katana.longGlobalRipupLimit = 5
     - chip.padCoreSide = "South"
  o  Configuration contents (CfgCache):
     - viewer.minimumSize = 500
     - viewer.pixelThreshold = 10
     - chip.block.rails.count = 5
     - chip.block.rails.hWidth = 53600
     - chip.block.rails.vWidth = 53600
     - chip.block.rails.hSpacing = 14000
     - chip.block.rails.vSpacing = 14000
     - chip.supplyRailWidth = 400000
     - chip.supplyRailPitch = 800000
     - clockTree.placerEngine = "Etesian"
     - block.spareSide = 921600
     - spares.buffer = "buf_x4"
     - spares.hfnsBuffer = "buf_x4"
     - spares.maxSinks = 31
  o  Configuration contents (CfgCache):
     - chip.block.rails.count = 2
     - chip.block.rails.hWidth = 800000
     - chip.block.rails.vWidth = 800000
     - chip.block.rails.hSpacing = 120000
     - chip.block.rails.vSpacing = 120000
     - chip.padCoreSide = "North"
  o  Setup IHP sg13g2 I/O library in iolib.
     - Shifting sg13g2_Corner bottom left corner AB to (0,0).
  o  Configuration contents (CfgCache):
     - etesian.graphics = 3
     - etesian.spaceMargin = 0.1
     - katana.eventsLimit = 4000000
  o  Preload standard plugins.
     - "coriolis.plugins.chip" (module)
     - "coriolis.plugins.harness" (module)
     - "coriolis.plugins.sram" (module)
     - "coriolis.plugins.core2chip" (module)
     - "coriolis.plugins.macro" (module)
     - "coriolis.plugins.aboutwindow.py"
     - "coriolis.plugins.checks.py"
     - "coriolis.plugins.conductor.py"
     - "coriolis.plugins.matrixplacer.py"
     - "coriolis.plugins.rsave.py"
     - "coriolis.plugins.rsaveall.py"
     - "coriolis.plugins.runDemo.py"
     - "coriolis.plugins.s2r.py"
     - "coriolis.plugins.stats.py"
     - "coriolis.plugins.utils.py"
     - No NDA protected plugins.
[WARNING] timing.staticInit(): Library do not provides "inv_x8", skipped.
[WARNING] timing.staticInit(): Library do not provides "buf_x8", skipped.
libName is located at: /home/ahmed/circuits/coriolis/expmob2_n13/doDesign.py
-- yosys
-- b2v
.  gds
TaskFailed - taskid:gds
[ERROR] PnR.doTask(): The rule "gds" did *not* generate target "expmob2_cts_r.gds".

########################################
TaskFailed - taskid:gds
gds <stderr>:

gds <stdout>:
PnR.doTask() on "expmob2_cts_r.gds"
DEBUG entry scriptmain
  o  Configuration contents (CfgCache):
     - misc.catchCore = False
     - misc.info = False
     - misc.paranoid = False
     - misc.bug = False
     - misc.logMode = True
     - misc.verboseLevel1 = True
     - misc.verboseLevel2 = True
     - misc.minTraceLevel = 16000
     - misc.maxTraceLevel = 17000
     - anabatic.routingGauge = "StdCellLib"
  o  Looked up gauge/pitch values.
     - hpitch:                0.5um.
     - vpitch:                0.5um.
     - sliceHeight:          5.76um.
     - sliceStep:             0.8um.
DEBUG: vpitchedSliceHeight=110000, hpitchedSliceHeight=110000
############################################ 30880000 
 [4006, 4006, 4186, 4187] 
 [0, 0, 0, 0]
############################################ 30880000 
 [4006, 4006, 4186, 4187] 
 [0, 0, 0, 0]
DEBUG: m2pitch=110000, m1pitch=110000
[(18, 'outputs({})', 0, 0, range(0, 4006)), (17, 'outputs({})', 0, 0, range(4006, 8012)), (20, 'outputs({})', 0, 0, range(8012, 8192)), (20, 'inputs({})', 0, 0, range(0, 4006)), (24, 'inputs({})', 0, 0, range(4006, 8192)), (24, 'clk', 0, 0, range(0, 1))]
  o  Block "expmob2" will be generated.
  o  Building block "expmob2".

[ERROR] Side.place(IoPin): Pin "outputs(3120).0" is outside north or south abutment box side.
        (x:1560.5um, xAB: [0um:1560um])

[ERROR] Side.place(IoPin): Pin "outputs(3121).0" is outside north or south abutment box side.
        (x:1561um, xAB: [0um:1560um])

[ERROR] Side.place(IoPin): Pin "outputs(3122).0" is outside north or south abutment box side.
        (x:1561.5um, xAB: [0um:1560um])

[ERROR] Side.place(IoPin): Pin "outputs(3123).0" is outside north or south abutment box side.
        (x:1562um, xAB: [0um:1560um])

[ERROR] Side.place(IoPin): Pin "outputs(3124).0" is outside north or south abutment box side.
        (x:1562.5um, xAB: [0um:1560um])

[ERROR] Side.place(IoPin): Pin "outputs(3125).0" is outside north or south abutment box side.
        (x:1563um, xAB: [0um:1560um])

[ERROR] Side.place(IoPin): Pin "outputs(3126).0" is outside north or south abutment box side.
        (x:1563.5um, xAB: [0um:1560um])

[ERROR] Side.place(IoPin): Pin "outputs(3127).0" is outside north or south abutment box side.
        (x:1564um, xAB: [0um:1560um])

[ERROR] Side.place(IoPin): Pin "outputs(3128).0" is outside north or south abutment box side.
        (x:1564.5um, xAB: [0um:1560um])

[ERROR] Side.place(IoPin): Pin "outputs(3129).0" is outside north or south abutment box side.
        (x:1565um, xAB: [0um:1560um])

[ERROR] Side.place(IoPin): Pin "outputs(3130).0" is outside north or south abutment box side.
        (x:1565.5um, xAB: [0um:1560um])

[ERROR] Side.place(IoPin): Pin "outputs(3131).0" is outside north or south abutment box side.
        (x:1566um, xAB: [0um:1560um])

[ERROR] Side.place(IoPin): Pin "outputs(3132).0" is outside north or south abutment box side.
        (x:1566.5um, xAB: [0um:1560um])

[ERROR] Side.place(IoPin): Pin "outputs(3133).0" is outside north or south abutment box side.
        (x:1567um, xAB: [0um:1560um])

[ERROR] Side.place(IoPin): Pin "outputs(3134).0" is outside north or south abutment box side.
        (x:1567.5um, xAB: [0um:1560um])

[ERROR] Side.place(IoPin): Pin "outputs(3135).0" is outside north or south abutment box side.
        (x:1568um, xAB: [0um:1560um])

[ERROR] Side.place(IoPin): Pin "outputs(3136).0" is outside north or south abutment box side.
        (x:1568.5um, xAB: [0um:1560um])

[ERROR] Side.place(IoPin): Pin "outputs(3137).0" is outside north or south abutment box side.
        (x:1569um, xAB: [0um:1560um])

[ERROR] Side.place(IoPin): Pin "outputs(3138).0" is outside north or south abutment box side.
        (x:1569.5um, xAB: [0um:1560um])

[ERROR] Side.place(IoPin): Pin "outputs(3139).0" is outside north or south abutment box side.
        (x:1570um, xAB: [0um:1560um])

[ERROR] Side.place(IoPin): Pin "outputs(3140).0" is outside north or south abutment box side.
        (x:1570.5um, xAB: [0um:1560um])

[ERROR] Side.place(IoPin): Pin "outputs(3141).0" is outside north or south abutment box side.
        (x:1571um, xAB: [0um:1560um])

[ERROR] Side.place(IoPin): Pin "outputs(3142).0" is outside north or south abutment box side.
        (x:1571.5um, xAB: [0um:1560um])

[ERROR] Side.place(IoPin): Pin "outputs(3143).0" is outside north or south abutment box side.
        (x:1572um, xAB: [0um:1560um])

[ERROR] Side.place(IoPin): Pin "outputs(3144).0" is outside north or south abutment box side.
        (x:1572.5um, xAB: [0um:1560um])

[ERROR] Side.place(IoPin): Pin "outputs(3145).0" is outside north or south abutment box side.
        (x:1573um, xAB: [0um:1560um])

[ERROR] Side.place(IoPin): Pin "outputs(3146).0" is outside north or south abutment box side.
        (x:1573.5um, xAB: [0um:1560um])

[ERROR] Side.place(IoPin): Pin "outputs(3147).0" is outside north or south abutment box side.
        (x:1574um, xAB: [0um:1560um])

[ERROR] Side.place(IoPin): Pin "outputs(3148).0" is outside north or south abutment box side.
        (x:1574.5um, xAB: [0um:1560um])

[ERROR] Side.place(IoPin): Pin "outputs(3149).0" is outside north or south abutment box side.
        (x:1575um, xAB: [0um:1560um])

[ERROR] Side.place(IoPin): Pin "outputs(3150).0" is outside north or south abutment box side.
        (x:1575.5um, xAB: [0um:1560um])

[ERROR] Side.place(IoPin): Pin "outputs(3151).0" is outside north or south abutment box side.
        (x:1576um, xAB: [0um:1560um])

[ERROR] Side.place(IoPin): Pin "outputs(3152).0" is outside north or south abutment box side.
        (x:1576.5um, xAB: [0um:1560um])

[ERROR] Side.place(IoPin): Pin "outputs(3153).0" is outside north or south abutment box side.
        (x:1577um, xAB: [0um:1560um])

[ERROR] Side.place(IoPin): Pin "outputs(3154).0" is outside north or south abutment box side.
        (x:1577.5um, xAB: [0um:1560um])

[ERROR] Side.place(IoPin): Pin "outputs(3155).0" is outside north or south abutment box side.
        (x:1578um, xAB: [0um:1560um])

[ERROR] Side.place(IoPin): Pin "outputs(3156).0" is outside north or south abutment box side.
        (x:1578.5um, xAB: [0um:1560um])

[ERROR] Side.place(IoPin): Pin "outputs(3157).0" is outside north or south abutment box side.
        (x:1579um, xAB: [0um:1560um])

[ERROR] Side.place(IoPin): Pin "outputs(3158).0" is outside north or south abutment box side.
        (x:1579.5um, xAB: [0um:1560um])

[ERROR] Side.place(IoPin): Pin "outputs(3159).0" is outside north or south abutment box side.
        (x:1580um, xAB: [0um:1560um])

[ERROR] Side.place(IoPin): Pin "outputs(3160).0" is outside north or south abutment box side.
        (x:1580.5um, xAB: [0um:1560um])

[ERROR] Side.place(IoPin): Pin "outputs(3161).0" is outside north or south abutment box side.
        (x:1581um, xAB: [0um:1560um])

[ERROR] Side.place(IoPin): Pin "outputs(3162).0" is outside north or south abutment box side.
        (x:1581.5um, xAB: [0um:1560um])

[ERROR] Side.place(IoPin): Pin "outputs(3163).0" is outside north or south abutment box side.
        (x:1582um, xAB: [0um:1560um])

[ERROR] Side.place(IoPin): Pin "outputs(3164).0" is outside north or south abutment box side.
        (x:1582.5um, xAB: [0um:1560um])

[ERROR] Side.place(IoPin): Pin "outputs(3165).0" is outside north or south abutment box side.
        (x:1583um, xAB: [0um:1560um])

[ERROR] Side.place(IoPin): Pin "outputs(3166).0" is outside north or south abutment box side.
        (x:1583.5um, xAB: [0um:1560um])

[ERROR] Side.place(IoPin): Pin "outputs(3167).0" is outside north or south abutment box side.
        (x:1584um, xAB: [0um:1560um])

[ERROR] Side.place(IoPin): Pin "outputs(3168).0" is outside north or south abutment box side.
        (x:1584.5um, xAB: [0um:1560um])

[ERROR] Side.place(IoPin): Pin "outputs(3169).0" is outside north or south abutment box side.
        (x:1585um, xAB: [0um:1560um])

[ERROR] Side.place(IoPin): Pin "outputs(3170).0" is outside north or south abutment box side.
        (x:1585.5um, xAB: [0um:1560um])

[ERROR] Side.place(IoPin): Pin "outputs(3171).0" is outside north or south abutment box side.
        (x:1586um, xAB: [0um:1560um])

[ERROR] Side.place(IoPin): Pin "outputs(3172).0" is outside north or south abutment box side.
        (x:1586.5um, xAB: [0um:1560um])

[ERROR] Side.place(IoPin): Pin "outputs(3173).0" is outside north or south abutment box side.
        (x:1587um, xAB: [0um:1560um])

[ERROR] Side.place(IoPin): Pin "outputs(3174).0" is outside north or south abutment box side.
        (x:1587.5um, xAB: [0um:1560um])

[ERROR] Side.place(IoPin): Pin "outputs(3175).0" is outside north or south abutment box side.
        (x:1588um, xAB: [0um:1560um])

[ERROR] Side.place(IoPin): Pin "outputs(3176).0" is outside north or south abutment box side.
        (x:1588.5um, xAB: [0um:1560um])

[ERROR] Side.place(IoPin): Pin "outputs(3177).0" is outside north or south abutment box side.
        (x:1589um, xAB: [0um:1560um])

[ERROR] Side.place(IoPin): Pin "outputs(3178).0" is outside north or south abutment box side.
        (x:1589.5um, xAB: [0um:1560um])

[ERROR] Side.place(IoPin): Pin "outputs(3179).0" is outside north or south abutment box side.
        (x:1590um, xAB: [0um:1560um])

[ERROR] Side.place(IoPin): Pin "outputs(3180).0" is outside north or south abutment box side.
        (x:1590.5um, xAB: [0um:1560um])

[ERROR] Side.place(IoPin): Pin "outputs(3181).0" is outside north or south abutment box side.
        (x:1591um, xAB: [0um:1560um])

[ERROR] Side.place(IoPin): Pin "outputs(3182).0" is outside north or south abutment box side.
        (x:1591.5um, xAB: [0um:1560um])

[ERROR] Side.place(IoPin): Pin "outputs(3183).0" is outside north or south abutment box side.
        (x:1592um, xAB: [0um:1560um])

[ERROR] Side.place(IoPin): Pin "outputs(3184).0" is outside north or south abutment box side.
        (x:1592.5um, xAB: [0um:1560um])

[ERROR] Side.place(IoPin): Pin "outputs(3185).0" is outside north or south abutment box side.
        (x:1593um, xAB: [0um:1560um])

[ERROR] Side.place(IoPin): Pin "outputs(3186).0" is outside north or south abutment box side.
        (x:1593.5um, xAB: [0um:1560um])

[ERROR] Side.place(IoPin): Pin "outputs(3187).0" is outside north or south abutment box side.
        (x:1594um, xAB: [0um:1560um])

[ERROR] Side.place(IoPin): Pin "outputs(3188).0" is outside north or south abutment box side.
        (x:1594.5um, xAB: [0um:1560um])

[ERROR] Side.place(IoPin): Pin "outputs(3189).0" is outside north or south abutment box side.
        (x:1595um, xAB: [0um:1560um])

[ERROR] Side.place(IoPin): Pin "outputs(3190).0" is outside north or south abutment box side.
        (x:1595.5um, xAB: [0um:1560um])

[ERROR] Side.place(IoPin): Pin "outputs(3191).0" is outside north or south abutment box side.
        (x:1596um, xAB: [0um:1560um])

[ERROR] Side.place(IoPin): Pin "outputs(3192).0" is outside north or south abutment box side.
        (x:1596.5um, xAB: [0um:1560um])

[ERROR] Side.place(IoPin): Pin "outputs(3193).0" is outside north or south abutment box side.
        (x:1597um, xAB: [0um:1560um])

[ERROR] Side.place(IoPin): Pin "outputs(3194).0" is outside north or south abutment box side.
        (x:1597.5um, xAB: [0um:1560um])

[ERROR] Side.place(IoPin): Pin "outputs(3195).0" is outside north or south abutment box side.
        (x:1598um, xAB: [0um:1560um])

[ERROR] Side.place(IoPin): Pin "outputs(3196).0" is outside north or south abutment box side.
        (x:1598.5um, xAB: [0um:1560um])

[ERROR] Side.place(IoPin): Pin "outputs(3197).0" is outside north or south abutment box side.
        (x:1599um, xAB: [0um:1560um])

[ERROR] Side.place(IoPin): Pin "outputs(3198).0" is outside north or south abutment box side.
        (x:1599.5um, xAB: [0um:1560um])

[ERROR] Side.place(IoPin): Pin "outputs(3199).0" is outside north or south abutment box side.
        (x:1600um, xAB: [0um:1560um])

[ERROR] Side.place(IoPin): Pin "outputs(3200).0" is outside north or south abutment box side.
        (x:1600.5um, xAB: [0um:1560um])

[ERROR] Side.place(IoPin): Pin "outputs(3201).0" is outside north or south abutment box side.
        (x:1601um, xAB: [0um:1560um])

[ERROR] Side.place(IoPin): Pin "outputs(3202).0" is outside north or south abutment box side.
        (x:1601.5um, xAB: [0um:1560um])

[ERROR] Side.place(IoPin): Pin "outputs(3203).0" is outside north or south abutment box side.
        (x:1602um, xAB: [0um:1560um])

[ERROR] Side.place(IoPin): Pin "outputs(3204).0" is outside north or south abutment box side.
        (x:1602.5um, xAB: [0um:1560um])

[ERROR] Side.place(IoPin): Pin "outputs(3205).0" is outside north or south abutment box side.
        (x:1603um, xAB: [0um:1560um])

[ERROR] Side.place(IoPin): Pin "outputs(3206).0" is outside north or south abutment box side.
        (x:1603.5um, xAB: [0um:1560um])

[ERROR] Side.place(IoPin): Pin "outputs(3207).0" is outside north or south abutment box side.
        (x:1604um, xAB: [0um:1560um])

[ERROR] Side.place(IoPin): Pin "outputs(3208).0" is outside north or south abutment box side.
        (x:1604.5um, xAB: [0um:1560um])

[ERROR] Side.place(IoPin): Pin "outputs(3209).0" is outside north or south abutment box side.
        (x:1605um, xAB: [0um:1560um])

[ERROR] Side.place(IoPin): Pin "outputs(3210).0" is outside north or south abutment box side.
        (x:1605.5um, xAB: [0um:1560um])

[ERROR] Side.place(IoPin): Pin "outputs(3211).0" is outside north or south abutment box side.
        (x:1606um, xAB: [0um:1560um])

[ERROR] Side.place(IoPin): Pin "outputs(3212).0" is outside north or south abutment box side.
        (x:1606.5um, xAB: [0um:1560um])

[ERROR] Side.place(IoPin): Pin "outputs(3213).0" is outside north or south abutment box side.
        (x:1607um, xAB: [0um:1560um])

[ERROR] Side.place(IoPin): Pin "outputs(3214).0" is outside north or south abutment box side.
        (x:1607.5um, xAB: [0um:1560um])

[ERROR] Side.place(IoPin): Pin "outputs(3215).0" is outside north or south abutment box side.
        (x:1608um, xAB: [0um:1560um])

[ERROR] Side.place(IoPin): Pin "outputs(3216).0" is outside north or south abutment box side.
        (x:1608.5um, xAB: [0um:1560um])

[ERROR] Side.place(IoPin): Pin "outputs(3217).0" is outside north or south abutment box side.
        (x:1609um, xAB: [0um:1560um])

[ERROR] Side.place(IoPin): Pin "outputs(3218).0" is outside north or south abutment box side.
        (x:1609.5um, xAB: [0um:1560um])

[ERROR] Side.place(IoPin): Pin "outputs(3219).0" is outside north or south abutment box side.
        (x:1610um, xAB: [0um:1560um])

[ERROR] Side.place(IoPin): Pin "outputs(3220).0" is outside north or south abutment box side.
        (x:1610.5um, xAB: [0um:1560um])

[ERROR] Side.place(IoPin): Pin "outputs(3221).0" is outside north or south abutment box side.
        (x:1611um, xAB: [0um:1560um])

[ERROR] Side.place(IoPin): Pin "outputs(3222).0" is outside north or south abutment box side.
        (x:1611.5um, xAB: [0um:1560um])

[ERROR] Side.place(IoPin): Pin "outputs(3223).0" is outside north or south abutment box side.
        (x:1612um, xAB: [0um:1560um])

[ERROR] Side.place(IoPin): Pin "outputs(3224).0" is outside north or south abutment box side.
        (x:1612.5um, xAB: [0um:1560um])

[ERROR] Side.place(IoPin): Pin "outputs(3225).0" is outside north or south abutment box side.
        (x:1613um, xAB: [0um:1560um])

[ERROR] Side.place(IoPin): Pin "outputs(3226).0" is outside north or south abutment box side.
        (x:1613.5um, xAB: [0um:1560um])

[ERROR] Side.place(IoPin): Pin "outputs(3227).0" is outside north or south abutment box side.
        (x:1614um, xAB: [0um:1560um])

[ERROR] Side.place(IoPin): Pin "outputs(3228).0" is outside north or south abutment box side.
        (x:1614.5um, xAB: [0um:1560um])

[ERROR] Side.place(IoPin): Pin "outputs(3229).0" is outside north or south abutment box side.
        (x:1615um, xAB: [0um:1560um])

[ERROR] Side.place(IoPin): Pin "outputs(3230).0" is outside north or south abutment box side.
        (x:1615.5um, xAB: [0um:1560um])

[ERROR] Side.place(IoPin): Pin "outputs(3231).0" is outside north or south abutment box side.
        (x:1616um, xAB: [0um:1560um])

[ERROR] Side.place(IoPin): Pin "outputs(3232).0" is outside north or south abutment box side.
        (x:1616.5um, xAB: [0um:1560um])

[ERROR] Side.place(IoPin): Pin "outputs(3233).0" is outside north or south abutment box side.
        (x:1617um, xAB: [0um:1560um])

[ERROR] Side.place(IoPin): Pin "outputs(3234).0" is outside north or south abutment box side.
        (x:1617.5um, xAB: [0um:1560um])

[ERROR] Side.place(IoPin): Pin "outputs(3235).0" is outside north or south abutment box side.
        (x:1618um, xAB: [0um:1560um])

[ERROR] Side.place(IoPin): Pin "outputs(3236).0" is outside north or south abutment box side.
        (x:1618.5um, xAB: [0um:1560um])

[ERROR] Side.place(IoPin): Pin "outputs(3237).0" is outside north or south abutment box side.
        (x:1619um, xAB: [0um:1560um])

[ERROR] Side.place(IoPin): Pin "outputs(3238).0" is outside north or south abutment box side.
        (x:1619.5um, xAB: [0um:1560um])

[ERROR] Side.place(IoPin): Pin "outputs(3239).0" is outside north or south abutment box side.
        (x:1620um, xAB: [0um:1560um])

[ERROR] Side.place(IoPin): Pin "outputs(3240).0" is outside north or south abutment box side.
        (x:1620.5um, xAB: [0um:1560um])

[ERROR] Side.place(IoPin): Pin "outputs(3241).0" is outside north or south abutment box side.
        (x:1621um, xAB: [0um:1560um])

[ERROR] Side.place(IoPin): Pin "outputs(3242).0" is outside north or south abutment box side.
        (x:1621.5um, xAB: [0um:1560um])

[ERROR] Side.place(IoPin): Pin "outputs(3243).0" is outside north or south abutment box side.
        (x:1622um, xAB: [0um:1560um])

[ERROR] Side.place(IoPin): Pin "outputs(3244).0" is outside north or south abutment box side.
        (x:1622.5um, xAB: [0um:1560um])

[ERROR] Side.place(IoPin): Pin "outputs(3245).0" is outside north or south abutment box side.
        (x:1623um, xAB: [0um:1560um])

[ERROR] Side.place(IoPin): Pin "outputs(3246).0" is outside north or south abutment box side.
        (x:1623.5um, xAB: [0um:1560um])

[ERROR] Side.place(IoPin): Pin "outputs(3247).0" is outside north or south abutment box side.
        (x:1624um, xAB: [0um:1560um])

[ERROR] Side.place(IoPin): Pin "outputs(3248).0" is outside north or south abutment box side.
        (x:1624.5um, xAB: [0um:1560um])

[ERROR] Side.place(IoPin): Pin "outputs(3249).0" is outside north or south abutment box side.
        (x:1625um, xAB: [0um:1560um])

[ERROR] Side.place(IoPin): Pin "outputs(3250).0" is outside north or south abutment box side.
        (x:1625.5um, xAB: [0um:1560um])

[ERROR] Side.place(IoPin): Pin "outputs(3251).0" is outside north or south abutment box side.
        (x:1626um, xAB: [0um:1560um])

[ERROR] Side.place(IoPin): Pin "outputs(3252).0" is outside north or south abutment box side.
        (x:1626.5um, xAB: [0um:1560um])

[ERROR] Side.place(IoPin): Pin "outputs(3253).0" is outside north or south abutment box side.
        (x:1627um, xAB: [0um:1560um])

[ERROR] Side.place(IoPin): Pin "outputs(3254).0" is outside north or south abutment box side.
        (x:1627.5um, xAB: [0um:1560um])

[ERROR] Side.place(IoPin): Pin "outputs(3255).0" is outside north or south abutment box side.
        (x:1628um, xAB: [0um:1560um])

[ERROR] Side.place(IoPin): Pin "outputs(3256).0" is outside north or south abutment box side.
        (x:1628.5um, xAB: [0um:1560um])

[ERROR] Side.place(IoPin): Pin "outputs(3257).0" is outside north or south abutment box side.
        (x:1629um, xAB: [0um:1560um])

[ERROR] Side.place(IoPin): Pin "outputs(3258).0" is outside north or south abutment box side.
        (x:1629.5um, xAB: [0um:1560um])

[ERROR] Side.place(IoPin): Pin "outputs(3259).0" is outside north or south abutment box side.
        (x:1630um, xAB: [0um:1560um])

[ERROR] Side.place(IoPin): Pin "outputs(3260).0" is outside north or south abutment box side.
        (x:1630.5um, xAB: [0um:1560um])

[ERROR] Side.place(IoPin): Pin "outputs(3261).0" is outside north or south abutment box side.
        (x:1631um, xAB: [0um:1560um])

[ERROR] Side.place(IoPin): Pin "outputs(3262).0" is outside north or south abutment box side.
        (x:1631.5um, xAB: [0um:1560um])

[ERROR] Side.place(IoPin): Pin "outputs(3263).0" is outside north or south abutment box side.
        (x:1632um, xAB: [0um:1560um])

[ERROR] Side.place(IoPin): Pin "outputs(3264).0" is outside north or south abutment box side.
        (x:1632.5um, xAB: [0um:1560um])

[ERROR] Side.place(IoPin): Pin "outputs(3265).0" is outside north or south abutment box side.
        (x:1633um, xAB: [0um:1560um])

[ERROR] Side.place(IoPin): Pin "outputs(3266).0" is outside north or south abutment box side.
        (x:1633.5um, xAB: [0um:1560um])

[ERROR] Side.place(IoPin): Pin "outputs(3267).0" is outside north or south abutment box side.
        (x:1634um, xAB: [0um:1560um])

[ERROR] Side.place(IoPin): Pin "outputs(3268).0" is outside north or south abutment box side.
        (x:1634.5um, xAB: [0um:1560um])

[ERROR] Side.place(IoPin): Pin "outputs(3269).0" is outside north or south abutment box side.
        (x:1635um, xAB: [0um:1560um])

[ERROR] Side.place(IoPin): Pin "outputs(3270).0" is outside north or south abutment box side.
        (x:1635.5um, xAB: [0um:1560um])

[ERROR] Side.place(IoPin): Pin "outputs(3271).0" is outside north or south abutment box side.
        (x:1636um, xAB: [0um:1560um])

[ERROR] Side.place(IoPin): Pin "outputs(3272).0" is outside north or south abutment box side.
        (x:1636.5um, xAB: [0um:1560um])

[ERROR] Side.place(IoPin): Pin "outputs(3273).0" is outside north or south abutment box side.
        (x:1637um, xAB: [0um:1560um])

[ERROR] Side.place(IoPin): Pin "outputs(3274).0" is outside north or south abutment box side.
        (x:1637.5um, xAB: [0um:1560um])

[ERROR] Side.place(IoPin): Pin "outputs(3275).0" is outside north or south abutment box side.
        (x:1638um, xAB: [0um:1560um])

[ERROR] Side.place(IoPin): Pin "outputs(3276).0" is outside north or south abutment box side.
        (x:1638.5um, xAB: [0um:1560um])

[ERROR] Side.place(IoPin): Pin "outputs(3277).0" is outside north or south abutment box side.
        (x:1639um, xAB: [0um:1560um])

[ERROR] Side.place(IoPin): Pin "outputs(3278).0" is outside north or south abutment box side.
        (x:1639.5um, xAB: [0um:1560um])

[ERROR] Side.place(IoPin): Pin "outputs(3279).0" is outside north or south abutment box side.
        (x:1640um, xAB: [0um:1560um])

[ERROR] Side.place(IoPin): Pin "outputs(3280).0" is outside north or south abutment box side.
        (x:1640.5um, xAB: [0um:1560um])

[ERROR] Side.place(IoPin): Pin "outputs(3281).0" is outside north or south abutment box side.
        (x:1641um, xAB: [0um:1560um])

[ERROR] Side.place(IoPin): Pin "outputs(3282).0" is outside north or south abutment box side.
        (x:1641.5um, xAB: [0um:1560um])

[ERROR] Side.place(IoPin): Pin "outputs(3283).0" is outside north or south abutment box side.
        (x:1642um, xAB: [0um:1560um])

[ERROR] Side.place(IoPin): Pin "outputs(3284).0" is outside north or south abutment box side.
        (x:1642.5um, xAB: [0um:1560um])

[ERROR] Side.place(IoPin): Pin "outputs(3285).0" is outside north or south abutment box side.
        (x:1643um, xAB: [0um:1560um])

[ERROR] Side.place(IoPin): Pin "outputs(3286).0" is outside north or south abutment box side.
        (x:1643.5um, xAB: [0um:1560um])

[ERROR] Side.place(IoPin): Pin "outputs(3287).0" is outside north or south abutment box side.
        (x:1644um, xAB: [0um:1560um])

[ERROR] Side.place(IoPin): Pin "outputs(3288).0" is outside north or south abutment box side.
        (x:1644.5um, xAB: [0um:1560um])

[ERROR] Side.place(IoPin): Pin "outputs(3289).0" is outside north or south abutment box side.
        (x:1645um, xAB: [0um:1560um])

[ERROR] Side.place(IoPin): Pin "outputs(3290).0" is outside north or south abutment box side.
        (x:1645.5um, xAB: [0um:1560um])

[ERROR] Side.place(IoPin): Pin "outputs(3291).0" is outside north or south abutment box side.
        (x:1646um, xAB: [0um:1560um])

[ERROR] Side.place(IoPin): Pin "outputs(3292).0" is outside north or south abutment box side.
        (x:1646.5um, xAB: [0um:1560um])

[ERROR] Side.place(IoPin): Pin "outputs(3293).0" is outside north or south abutment box side.
        (x:1647um, xAB: [0um:1560um])

[ERROR] Side.place(IoPin): Pin "outputs(3294).0" is outside north or south abutment box side.
        (x:1647.5um, xAB: [0um:1560um])

[ERROR] Side.place(IoPin): Pin "outputs(3295).0" is outside north or south abutment box side.
        (x:1648um, xAB: [0um:1560um])

[ERROR] Side.place(IoPin): Pin "outputs(3296).0" is outside north or south abutment box side.
        (x:1648.5um, xAB: [0um:1560um])

[ERROR] Side.place(IoPin): Pin "outputs(3297).0" is outside north or south abutment box side.
        (x:1649um, xAB: [0um:1560um])

[ERROR] Side.place(IoPin): Pin "outputs(3298).0" is outside north or south abutment box side.
        (x:1649.5um, xAB: [0um:1560um])

[ERROR] Side.place(IoPin): Pin "outputs(3299).0" is outside north or south abutment box side.
        (x:1650um, xAB: [0um:1560um])

[ERROR] Side.place(IoPin): Pin "outputs(3300).0" is outside north or south abutment box side.
        (x:1650.5um, xAB: [0um:1560um])

[ERROR] Side.place(IoPin): Pin "outputs(3301).0" is outside north or south abutment box side.
        (x:1651um, xAB: [0um:1560um])

[ERROR] Side.place(IoPin): Pin "outputs(3302).0" is outside north or south abutment box side.
        (x:1651.5um, xAB: [0um:1560um])

[ERROR] Side.place(IoPin): Pin "outputs(3303).0" is outside north or south abutment box side.
        (x:1652um, xAB: [0um:1560um])

[ERROR] Side.place(IoPin): Pin "outputs(3304).0" is outside north or south abutment box side.
        (x:1652.5um, xAB: [0um:1560um])

[ERROR] Side.place(IoPin): Pin "outputs(3305).0" is outside north or south abutment box side.
        (x:1653um, xAB: [0um:1560um])

[ERROR] Side.place(IoPin): Pin "outputs(3306).0" is outside north or south abutment box side.
        (x:1653.5um, xAB: [0um:1560um])

[ERROR] Side.place(IoPin): Pin "outputs(3307).0" is outside north or south abutment box side.
        (x:1654um, xAB: [0um:1560um])

[ERROR] Side.place(IoPin): Pin "outputs(3308).0" is outside north or south abutment box side.
        (x:1654.5um, xAB: [0um:1560um])

[ERROR] Side.place(IoPin): Pin "outputs(3309).0" is outside north or south abutment box side.
        (x:1655um, xAB: [0um:1560um])

[ERROR] Side.place(IoPin): Pin "outputs(3310).0" is outside north or south abutment box side.
        (x:1655.5um, xAB: [0um:1560um])

[ERROR] Side.place(IoPin): Pin "outputs(3311).0" is outside north or south abutment box side.
        (x:1656um, xAB: [0um:1560um])

[ERROR] Side.place(IoPin): Pin "outputs(3312).0" is outside north or south abutment box side.
        (x:1656.5um, xAB: [0um:1560um])

[ERROR] Side.place(IoPin): Pin "outputs(3313).0" is outside north or south abutment box side.
        (x:1657um, xAB: [0um:1560um])

[ERROR] Side.place(IoPin): Pin "outputs(3314).0" is outside north or south abutment box side.
        (x:1657.5um, xAB: [0um:1560um])

[ERROR] Side.place(IoPin): Pin "outputs(3315).0" is outside north or south abutment box side.
        (x:1658um, xAB: [0um:1560um])

[ERROR] Side.place(IoPin): Pin "outputs(3316).0" is outside north or south abutment box side.
        (x:1658.5um, xAB: [0um:1560um])

[ERROR] Side.place(IoPin): Pin "outputs(3317).0" is outside north or south abutment box side.
        (x:1659um, xAB: [0um:1560um])

[ERROR] Side.place(IoPin): Pin "outputs(3318).0" is outside north or south abutment box side.
        (x:1659.5um, xAB: [0um:1560um])

[ERROR] Side.place(IoPin): Pin "outputs(3319).0" is outside north or south abutment box side.
        (x:1660um, xAB: [0um:1560um])

[ERROR] Side.place(IoPin): Pin "outputs(3320).0" is outside north or south abutment box side.
        (x:1660.5um, xAB: [0um:1560um])

[ERROR] Side.place(IoPin): Pin "outputs(3321).0" is outside north or south abutment box side.
        (x:1661um, xAB: [0um:1560um])

[ERROR] Side.place(IoPin): Pin "outputs(3322).0" is outside north or south abutment box side.
        (x:1661.5um, xAB: [0um:1560um])

[ERROR] Side.place(IoPin): Pin "outputs(3323).0" is outside north or south abutment box side.
        (x:1662um, xAB: [0um:1560um])

[ERROR] Side.place(IoPin): Pin "outputs(3324).0" is outside north or south abutment box side.
        (x:1662.5um, xAB: [0um:1560um])

[ERROR] Side.place(IoPin): Pin "outputs(3325).0" is outside north or south abutment box side.
        (x:1663um, xAB: [0um:1560um])

[ERROR] Side.place(IoPin): Pin "outputs(3326).0" is outside north or south abutment box side.
        (x:1663.5um, xAB: [0um:1560um])

[ERROR] Side.place(IoPin): Pin "outputs(3327).0" is outside north or south abutment box side.
        (x:1664um, xAB: [0um:1560um])

[ERROR] Side.place(IoPin): Pin "outputs(3328).0" is outside north or south abutment box side.
        (x:1664.5um, xAB: [0um:1560um])

[ERROR] Side.place(IoPin): Pin "outputs(3329).0" is outside north or south abutment box side.
        (x:1665um, xAB: [0um:1560um])

[ERROR] Side.place(IoPin): Pin "outputs(3330).0" is outside north or south abutment box side.
        (x:1665.5um, xAB: [0um:1560um])

[ERROR] Side.place(IoPin): Pin "outputs(3331).0" is outside north or south abutment box side.
        (x:1666um, xAB: [0um:1560um])

[ERROR] Side.place(IoPin): Pin "outputs(3332).0" is outside north or south abutment box side.
        (x:1666.5um, xAB: [0um:1560um])

[ERROR] Side.place(IoPin): Pin "outputs(3333).0" is outside north or south abutment box side.
        (x:1667um, xAB: [0um:1560um])

[ERROR] Side.place(IoPin): Pin "outputs(3334).0" is outside north or south abutment box side.
        (x:1667.5um, xAB: [0um:1560um])

[ERROR] Side.place(IoPin): Pin "outputs(3335).0" is outside north or south abutment box side.
        (x:1668um, xAB: [0um:1560um])

[ERROR] Side.place(IoPin): Pin "outputs(3336).0" is outside north or south abutment box side.
        (x:1668.5um, xAB: [0um:1560um])

[ERROR] Side.place(IoPin): Pin "outputs(3337).0" is outside north or south abutment box side.
        (x:1669um, xAB: [0um:1560um])

[ERROR] Side.place(IoPin): Pin "outputs(3338).0" is outside north or south abutment box side.
        (x:1669.5um, xAB: [0um:1560um])

[ERROR] Side.place(IoPin): Pin "outputs(3339).0" is outside north or south abutment box side.
        (x:1670um, xAB: [0um:1560um])

[ERROR] Side.place(IoPin): Pin "outputs(3340).0" is outside north or south abutment box side.
        (x:1670.5um, xAB: [0um:1560um])

[ERROR] Side.place(IoPin): Pin "outputs(3341).0" is outside north or south abutment box side.
        (x:1671um, xAB: [0um:1560um])

[ERROR] Side.place(IoPin): Pin "outputs(3342).0" is outside north or south abutment box side.
        (x:1671.5um, xAB: [0um:1560um])

[ERROR] Side.place(IoPin): Pin "outputs(3343).0" is outside north or south abutment box side.
        (x:1672um, xAB: [0um:1560um])

[ERROR] Side.place(IoPin): Pin "outputs(3344).0" is outside north or south abutment box side.
        (x:1672.5um, xAB: [0um:1560um])

[ERROR] Side.place(IoPin): Pin "outputs(3345).0" is outside north or south abutment box side.
        (x:1673um, xAB: [0um:1560um])

[ERROR] Side.place(IoPin): Pin "outputs(3346).0" is outside north or south abutment box side.
        (x:1673.5um, xAB: [0um:1560um])

[ERROR] Side.place(IoPin): Pin "outputs(3347).0" is outside north or south abutment box side.
        (x:1674um, xAB: [0um:1560um])

[ERROR] Side.place(IoPin): Pin "outputs(3348).0" is outside north or south abutment box side.
        (x:1674.5um, xAB: [0um:1560um])

[ERROR] Side.place(IoPin): Pin "outputs(3349).0" is outside north or south abutment box side.
        (x:1675um, xAB: [0um:1560um])

[ERROR] Side.place(IoPin): Pin "outputs(3350).0" is outside north or south abutment box side.
        (x:1675.5um, xAB: [0um:1560um])

[ERROR] Side.place(IoPin): Pin "outputs(3351).0" is outside north or south abutment box side.
        (x:1676um, xAB: [0um:1560um])

[ERROR] Side.place(IoPin): Pin "outputs(3352).0" is outside north or south abutment box side.
        (x:1676.5um, xAB: [0um:1560um])

[ERROR] Side.place(IoPin): Pin "outputs(3353).0" is outside north or south abutment box side.
        (x:1677um, xAB: [0um:1560um])

[ERROR] Side.place(IoPin): Pin "outputs(3354).0" is outside north or south abutment box side.
        (x:1677.5um, xAB: [0um:1560um])

[ERROR] Side.place(IoPin): Pin "outputs(3355).0" is outside north or south abutment box side.
        (x:1678um, xAB: [0um:1560um])

[ERROR] Side.place(IoPin): Pin "outputs(3356).0" is outside north or south abutment box side.
        (x:1678.5um, xAB: [0um:1560um])

[ERROR] Side.place(IoPin): Pin "outputs(3357).0" is outside north or south abutment box side.
        (x:1679um, xAB: [0um:1560um])

[ERROR] Side.place(IoPin): Pin "outputs(3358).0" is outside north or south abutment box side.
        (x:1679.5um, xAB: [0um:1560um])

[ERROR] Side.place(IoPin): Pin "outputs(3359).0" is outside north or south abutment box side.
        (x:1680um, xAB: [0um:1560um])

[ERROR] Side.place(IoPin): Pin "outputs(3360).0" is outside north or south abutment box side.
        (x:1680.5um, xAB: [0um:1560um])

[ERROR] Side.place(IoPin): Pin "outputs(3361).0" is outside north or south abutment box side.
        (x:1681um, xAB: [0um:1560um])

[ERROR] Side.place(IoPin): Pin "outputs(3362).0" is outside north or south abutment box side.
        (x:1681.5um, xAB: [0um:1560um])

[ERROR] Side.place(IoPin): Pin "outputs(3363).0" is outside north or south abutment box side.
        (x:1682um, xAB: [0um:1560um])

[ERROR] Side.place(IoPin): Pin "outputs(3364).0" is outside north or south abutment box side.
        (x:1682.5um, xAB: [0um:1560um])

[ERROR] Side.place(IoPin): Pin "outputs(3365).0" is outside north or south abutment box side.
        (x:1683um, xAB: [0um:1560um])

[ERROR] Side.place(IoPin): Pin "outputs(3366).0" is outside north or south abutment box side.
        (x:1683.5um, xAB: [0um:1560um])

[ERROR] Side.place(IoPin): Pin "outputs(3367).0" is outside north or south abutment box side.
        (x:1684um, xAB: [0um:1560um])

[ERROR] Side.place(IoPin): Pin "outputs(3368).0" is outside north or south abutment box side.
        (x:1684.5um, xAB: [0um:1560um])

[ERROR] Side.place(IoPin): Pin "outputs(3369).0" is outside north or south abutment box side.
        (x:1685um, xAB: [0um:1560um])

[ERROR] Side.place(IoPin): Pin "outputs(3370).0" is outside north or south abutment box side.
        (x:1685.5um, xAB: [0um:1560um])

[ERROR] Side.place(IoPin): Pin "outputs(3371).0" is outside north or south abutment box side.
        (x:1686um, xAB: [0um:1560um])

[ERROR] Side.place(IoPin): Pin "outputs(3372).0" is outside north or south abutment box side.
        (x:1686.5um, xAB: [0um:1560um])

[ERROR] Side.place(IoPin): Pin "outputs(3373).0" is outside north or south abutment box side.
        (x:1687um, xAB: [0um:1560um])

[ERROR] Side.place(IoPin): Pin "outputs(3374).0" is outside north or south abutment box side.
        (x:1687.5um, xAB: [0um:1560um])

[ERROR] Side.place(IoPin): Pin "outputs(3375).0" is outside north or south abutment box side.
        (x:1688um, xAB: [0um:1560um])

[ERROR] Side.place(IoPin): Pin "outputs(3376).0" is outside north or south abutment box side.
        (x:1688.5um, xAB: [0um:1560um])

[ERROR] Side.place(IoPin): Pin "outputs(3377).0" is outside north or south abutment box side.
        (x:1689um, xAB: [0um:1560um])

[ERROR] Side.place(IoPin): Pin "outputs(3378).0" is outside north or south abutment box side.
        (x:1689.5um, xAB: [0um:1560um])

[ERROR] Side.place(IoPin): Pin "outputs(3379).0" is outside north or south abutment box side.
        (x:1690um, xAB: [0um:1560um])

[ERROR] Side.place(IoPin): Pin "outputs(3380).0" is outside north or south abutment box side.
        (x:1690.5um, xAB: [0um:1560um])

[ERROR] Side.place(IoPin): Pin "outputs(3381).0" is outside north or south abutment box side.
        (x:1691um, xAB: [0um:1560um])

[ERROR] Side.place(IoPin): Pin "outputs(3382).0" is outside north or south abutment box side.
        (x:1691.5um, xAB: [0um:1560um])

[ERROR] Side.place(IoPin): Pin "outputs(3383).0" is outside north or south abutment box side.
        (x:1692um, xAB: [0um:1560um])

[ERROR] Side.place(IoPin): Pin "outputs(3384).0" is outside north or south abutment box side.
        (x:1692.5um, xAB: [0um:1560um])

[ERROR] Side.place(IoPin): Pin "outputs(3385).0" is outside north or south abutment box side.
        (x:1693um, xAB: [0um:1560um])

[ERROR] Side.place(IoPin): Pin "outputs(3386).0" is outside north or south abutment box side.
        (x:1693.5um, xAB: [0um:1560um])

[ERROR] Side.place(IoPin): Pin "outputs(3387).0" is outside north or south abutment box side.
        (x:1694um, xAB: [0um:1560um])

[ERROR] Side.place(IoPin): Pin "outputs(3388).0" is outside north or south abutment box side.
        (x:1694.5um, xAB: [0um:1560um])

[ERROR] Side.place(IoPin): Pin "outputs(3389).0" is outside north or south abutment box side.
        (x:1695um, xAB: [0um:1560um])

[ERROR] Side.place(IoPin): Pin "outputs(3390).0" is outside north or south abutment box side.
        (x:1695.5um, xAB: [0um:1560um])

[ERROR] Side.place(IoPin): Pin "outputs(3391).0" is outside north or south abutment box side.
        (x:1696um, xAB: [0um:1560um])

[ERROR] Side.place(IoPin): Pin "outputs(3392).0" is outside north or south abutment box side.
        (x:1696.5um, xAB: [0um:1560um])

[ERROR] Side.place(IoPin): Pin "outputs(3393).0" is outside north or south abutment box side.
        (x:1697um, xAB: [0um:1560um])

[ERROR] Side.place(IoPin): Pin "outputs(3394).0" is outside north or south abutment box side.
        (x:1697.5um, xAB: [0um:1560um])

[ERROR] Side.place(IoPin): Pin "outputs(3395).0" is outside north or south abutment box side.
        (x:1698um, xAB: [0um:1560um])

[ERROR] Side.place(IoPin): Pin "outputs(3396).0" is outside north or south abutment box side.
        (x:1698.5um, xAB: [0um:1560um])

[ERROR] Side.place(IoPin): Pin "outputs(3397).0" is outside north or south abutment box side.
        (x:1699um, xAB: [0um:1560um])

[ERROR] Side.place(IoPin): Pin "outputs(3398).0" is outside north or south abutment box side.
        (x:1699.5um, xAB: [0um:1560um])

[ERROR] Side.place(IoPin): Pin "outputs(3399).0" is outside north or south abutment box side.
        (x:1700um, xAB: [0um:1560um])

[ERROR] Side.place(IoPin): Pin "outputs(3400).0" is outside north or south abutment box side.
        (x:1700.5um, xAB: [0um:1560um])

[ERROR] Side.place(IoPin): Pin "outputs(3401).0" is outside north or south abutment box side.
        (x:1701um, xAB: [0um:1560um])

[ERROR] Side.place(IoPin): Pin "outputs(3402).0" is outside north or south abutment box side.
        (x:1701.5um, xAB: [0um:1560um])

[ERROR] Side.place(IoPin): Pin "outputs(3403).0" is outside north or south abutment box side.
        (x:1702um, xAB: [0um:1560um])

[ERROR] Side.place(IoPin): Pin "outputs(3404).0" is outside north or south abutment box side.
        (x:1702.5um, xAB: [0um:1560um])

[ERROR] Side.place(IoPin): Pin "outputs(3405).0" is outside north or south abutment box side.
        (x:1703um, xAB: [0um:1560um])

[ERROR] Side.place(IoPin): Pin "outputs(3406).0" is outside north or south abutment box side.
        (x:1703.5um, xAB: [0um:1560um])

[ERROR] Side.place(IoPin): Pin "outputs(3407).0" is outside north or south abutment box side.
        (x:1704um, xAB: [0um:1560um])

[ERROR] Side.place(IoPin): Pin "outputs(3408).0" is outside north or south abutment box side.
        (x:1704.5um, xAB: [0um:1560um])

[ERROR] Side.place(IoPin): Pin "outputs(3409).0" is outside north or south abutment box side.
        (x:1705um, xAB: [0um:1560um])

[ERROR] Side.place(IoPin): Pin "outputs(3410).0" is outside north or south abutment box side.
        (x:1705.5um, xAB: [0um:1560um])

[ERROR] Side.place(IoPin): Pin "outputs(3411).0" is outside north or south abutment box side.
        (x:1706um, xAB: [0um:1560um])

[ERROR] Side.place(IoPin): Pin "outputs(3412).0" is outside north or south abutment box side.
        (x:1706.5um, xAB: [0um:1560um])

[ERROR] Side.place(IoPin): Pin "outputs(3413).0" is outside north or south abutment box side.
        (x:1707um, xAB: [0um:1560um])

[ERROR] Side.place(IoPin): Pin "outputs(3414).0" is outside north or south abutment box side.
        (x:1707.5um, xAB: [0um:1560um])

[ERROR] Side.place(IoPin): Pin "outputs(3415).0" is outside north or south abutment box side.
        (x:1708um, xAB: [0um:1560um])

[ERROR] Side.place(IoPin): Pin "outputs(3416).0" is outside north or south abutment box side.
        (x:1708.5um, xAB: [0um:1560um])

[ERROR] Side.place(IoPin): Pin "outputs(3417).0" is outside north or south abutment box side.
        (x:1709um, xAB: [0um:1560um])

[ERROR] Side.place(IoPin): Pin "outputs(3418).0" is outside north or south abutment box side.
        (x:1709.5um, xAB: [0um:1560um])

[ERROR] Side.place(IoPin): Pin "outputs(3419).0" is outside north or south abutment box side.
        (x:1710um, xAB: [0um:1560um])

[ERROR] Side.place(IoPin): Pin "outputs(3420).0" is outside north or south abutment box side.
        (x:1710.5um, xAB: [0um:1560um])

[ERROR] Side.place(IoPin): Pin "outputs(3421).0" is outside north or south abutment box side.
        (x:1711um, xAB: [0um:1560um])

[ERROR] Side.place(IoPin): Pin "outputs(3422).0" is outside north or south abutment box side.
        (x:1711.5um, xAB: [0um:1560um])

[ERROR] Side.place(IoPin): Pin "outputs(3423).0" is outside north or south abutment box side.
        (x:1712um, xAB: [0um:1560um])

[ERROR] Side.place(IoPin): Pin "outputs(3424).0" is outside north or south abutment box side.
        (x:1712.5um, xAB: [0um:1560um])

[ERROR] Side.place(IoPin): Pin "outputs(3425).0" is outside north or south abutment box side.
        (x:1713um, xAB: [0um:1560um])

[ERROR] Side.place(IoPin): Pin "outputs(3426).0" is outside north or south abutment box side.
        (x:1713.5um, xAB: [0um:1560um])

[ERROR] Side.place(IoPin): Pin "outputs(3427).0" is outside north or south abutment box side.
        (x:1714um, xAB: [0um:1560um])

[ERROR] Side.place(IoPin): Pin "outputs(3428).0" is outside north or south abutment box side.
        (x:1714.5um, xAB: [0um:1560um])

[ERROR] Side.place(IoPin): Pin "outputs(3429).0" is outside north or south abutment box side.
        (x:1715um, xAB: [0um:1560um])

[ERROR] Side.place(IoPin): Pin "outputs(3430).0" is outside north or south abutment box side.
        (x:1715.5um, xAB: [0um:1560um])

[ERROR] Side.place(IoPin): Pin "outputs(3431).0" is outside north or south abutment box side.
        (x:1716um, xAB: [0um:1560um])

[ERROR] Side.place(IoPin): Pin "outputs(3432).0" is outside north or south abutment box side.
        (x:1716.5um, xAB: [0um:1560um])

[ERROR] Side.place(IoPin): Pin "outputs(3433).0" is outside north or south abutment box side.
        (x:1717um, xAB: [0um:1560um])

[ERROR] Side.place(IoPin): Pin "outputs(3434).0" is outside north or south abutment box side.
        (x:1717.5um, xAB: [0um:1560um])

[ERROR] Side.place(IoPin): Pin "outputs(3435).0" is outside north or south abutment box side.
        (x:1718um, xAB: [0um:1560um])

[ERROR] Side.place(IoPin): Pin "outputs(3436).0" is outside north or south abutment box side.
        (x:1718.5um, xAB: [0um:1560um])

[ERROR] Side.place(IoPin): Pin "outputs(3437).0" is outside north or south abutment box side.
        (x:1719um, xAB: [0um:1560um])

[ERROR] Side.place(IoPin): Pin "outputs(3438).0" is outside north or south abutment box side.
        (x:1719.5um, xAB: [0um:1560um])

[ERROR] Side.place(IoPin): Pin "outputs(3439).0" is outside north or south abutment box side.
        (x:1720um, xAB: [0um:1560um])

[ERROR] Side.place(IoPin): Pin "outputs(3440).0" is outside north or south abutment box side.
        (x:1720.5um, xAB: [0um:1560um])

[ERROR] Side.place(IoPin): Pin "outputs(3441).0" is outside north or south abutment box side.
        (x:1721um, xAB: [0um:1560um])

[ERROR] Side.place(IoPin): Pin "outputs(3442).0" is outside north or south abutment box side.
        (x:1721.5um, xAB: [0um:1560um])

[ERROR] Side.place(IoPin): Pin "outputs(3443).0" is outside north or south abutment box side.
        (x:1722um, xAB: [0um:1560um])

[ERROR] Side.place(IoPin): Pin "outputs(3444).0" is outside north or south abutment box side.
        (x:1722.5um, xAB: [0um:1560um])

[ERROR] Side.place(IoPin): Pin "outputs(3445).0" is outside north or south abutment box side.
        (x:1723um, xAB: [0um:1560um])

[ERROR] Side.place(IoPin): Pin "outputs(3446).0" is outside north or south abutment box side.
        (x:1723.5um, xAB: [0um:1560um])

[ERROR] Side.place(IoPin): Pin "outputs(3447).0" is outside north or south abutment box side.
        (x:1724um, xAB: [0um:1560um])

[ERROR] Side.place(IoPin): Pin "outputs(3448).0" is outside north or south abutment box side.
        (x:1724.5um, xAB: [0um:1560um])

[ERROR] Side.place(IoPin): Pin "outputs(3449).0" is outside north or south abutment box side.
        (x:1725um, xAB: [0um:1560um])

[ERROR] Side.place(IoPin): Pin "outputs(3450).0" is outside north or south abutment box side.
        (x:1725.5um, xAB: [0um:1560um])

[ERROR] Side.place(IoPin): Pin "outputs(3451).0" is outside north or south abutment box side.
        (x:1726um, xAB: [0um:1560um])

[ERROR] Side.place(IoPin): Pin "outputs(3452).0" is outside north or south abutment box side.
        (x:1726.5um, xAB: [0um:1560um])

[ERROR] Side.place(IoPin): Pin "outputs(3453).0" is outside north or south abutment box side.
        (x:1727um, xAB: [0um:1560um])

[ERROR] Side.place(IoPin): Pin "outputs(3454).0" is outside north or south abutment box side.
        (x:1727.5um, xAB: [0um:1560um])

[ERROR] Side.place(IoPin): Pin "outputs(3455).0" is outside north or south abutment box side.
        (x:1728um, xAB: [0um:1560um])

[ERROR] Side.place(IoPin): Pin "outputs(3456).0" is outside north or south abutment box side.
        (x:1728.5um, xAB: [0um:1560um])

[ERROR] Side.place(IoPin): Pin "outputs(3457).0" is outside north or south abutment box side.
        (x:1729um, xAB: [0um:1560um])

[ERROR] Side.place(IoPin): Pin "outputs(3458).0" is outside north or south abutment box side.
        (x:1729.5um, xAB: [0um:1560um])

[ERROR] Side.place(IoPin): Pin "outputs(3459).0" is outside north or south abutment box side.
        (x:1730um, xAB: [0um:1560um])

[ERROR] Side.place(IoPin): Pin "outputs(3460).0" is outside north or south abutment box side.
        (x:1730.5um, xAB: [0um:1560um])

[ERROR] Side.place(IoPin): Pin "outputs(3461).0" is outside north or south abutment box side.
        (x:1731um, xAB: [0um:1560um])

[ERROR] Side.place(IoPin): Pin "outputs(3462).0" is outside north or south abutment box side.
        (x:1731.5um, xAB: [0um:1560um])

[ERROR] Side.place(IoPin): Pin "outputs(3463).0" is outside north or south abutment box side.
        (x:1732um, xAB: [0um:1560um])

[ERROR] Side.place(IoPin): Pin "outputs(3464).0" is outside north or south abutment box side.
        (x:1732.5um, xAB: [0um:1560um])

[ERROR] Side.place(IoPin): Pin "outputs(3465).0" is outside north or south abutment box side.
        (x:1733um, xAB: [0um:1560um])

[ERROR] Side.place(IoPin): Pin "outputs(3466).0" is outside north or south abutment box side.
        (x:1733.5um, xAB: [0um:1560um])

[ERROR] Side.place(IoPin): Pin "outputs(3467).0" is outside north or south abutment box side.
        (x:1734um, xAB: [0um:1560um])

[ERROR] Side.place(IoPin): Pin "outputs(3468).0" is outside north or south abutment box side.
        (x:1734.5um, xAB: [0um:1560um])

[ERROR] Side.place(IoPin): Pin "outputs(3469).0" is outside north or south abutment box side.
        (x:1735um, xAB: [0um:1560um])

[ERROR] Side.place(IoPin): Pin "outputs(3470).0" is outside north or south abutment box side.
        (x:1735.5um, xAB: [0um:1560um])

[ERROR] Side.place(IoPin): Pin "outputs(3471).0" is outside north or south abutment box side.
        (x:1736um, xAB: [0um:1560um])

[ERROR] Side.place(IoPin): Pin "outputs(3472).0" is outside north or south abutment box side.
        (x:1736.5um, xAB: [0um:1560um])

[ERROR] Side.place(IoPin): Pin "outputs(3473).0" is outside north or south abutment box side.
        (x:1737um, xAB: [0um:1560um])

[ERROR] Side.place(IoPin): Pin "outputs(3474).0" is outside north or south abutment box side.
        (x:1737.5um, xAB: [0um:1560um])

[ERROR] Side.place(IoPin): Pin "outputs(3475).0" is outside north or south abutment box side.
        (x:1738um, xAB: [0um:1560um])

[ERROR] Side.place(IoPin): Pin "outputs(3476).0" is outside north or south abutment box side.
        (x:1738.5um, xAB: [0um:1560um])

[ERROR] Side.place(IoPin): Pin "outputs(3477).0" is outside north or south abutment box side.
        (x:1739um, xAB: [0um:1560um])

[ERROR] Side.place(IoPin): Pin "outputs(3478).0" is outside north or south abutment box side.
        (x:1739.5um, xAB: [0um:1560um])

[ERROR] Side.place(IoPin): Pin "outputs(3479).0" is outside north or south abutment box side.
        (x:1740um, xAB: [0um:1560um])

[ERROR] Side.place(IoPin): Pin "outputs(3480).0" is outside north or south abutment box side.
        (x:1740.5um, xAB: [0um:1560um])

[ERROR] Side.place(IoPin): Pin "outputs(3481).0" is outside north or south abutment box side.
        (x:1741um, xAB: [0um:1560um])

[ERROR] Side.place(IoPin): Pin "outputs(3482).0" is outside north or south abutment box side.
        (x:1741.5um, xAB: [0um:1560um])

[ERROR] Side.place(IoPin): Pin "outputs(3483).0" is outside north or south abutment box side.
        (x:1742um, xAB: [0um:1560um])

[ERROR] Side.place(IoPin): Pin "outputs(3484).0" is outside north or south abutment box side.
        (x:1742.5um, xAB: [0um:1560um])

[ERROR] Side.place(IoPin): Pin "outputs(3485).0" is outside north or south abutment box side.
        (x:1743um, xAB: [0um:1560um])

[ERROR] Side.place(IoPin): Pin "outputs(3486).0" is outside north or south abutment box side.
        (x:1743.5um, xAB: [0um:1560um])

[ERROR] Side.place(IoPin): Pin "outputs(3487).0" is outside north or south abutment box side.
        (x:1744um, xAB: [0um:1560um])

[ERROR] Side.place(IoPin): Pin "outputs(3488).0" is outside north or south abutment box side.
        (x:1744.5um, xAB: [0um:1560um])

[ERROR] Side.place(IoPin): Pin "outputs(3489).0" is outside north or south abutment box side.
        (x:1745um, xAB: [0um:1560um])

[ERROR] Side.place(IoPin): Pin "outputs(3490).0" is outside north or south abutment box side.
        (x:1745.5um, xAB: [0um:1560um])

[ERROR] Side.place(IoPin): Pin "outputs(3491).0" is outside north or south abutment box side.
        (x:1746um, xAB: [0um:1560um])

[ERROR] Side.place(IoPin): Pin "outputs(3492).0" is outside north or south abutment box side.
        (x:1746.5um, xAB: [0um:1560um])

[ERROR] Side.place(IoPin): Pin "outputs(3493).0" is outside north or south abutment box side.
        (x:1747um, xAB: [0um:1560um])

[ERROR] Side.place(IoPin): Pin "outputs(3494).0" is outside north or south abutment box side.
        (x:1747.5um, xAB: [0um:1560um])

[ERROR] Side.place(IoPin): Pin "outputs(3495).0" is outside north or south abutment box side.
        (x:1748um, xAB: [0um:1560um])

[ERROR] Side.place(IoPin): Pin "outputs(3496).0" is outside north or south abutment box side.
        (x:1748.5um, xAB: [0um:1560um])

[ERROR] Side.place(IoPin): Pin "outputs(3497).0" is outside north or south abutment box side.
        (x:1749um, xAB: [0um:1560um])

[ERROR] Side.place(IoPin): Pin "outputs(3498).0" is outside north or south abutment box side.
        (x:1749.5um, xAB: [0um:1560um])

[ERROR] Side.place(IoPin): Pin "outputs(3499).0" is outside north or south abutment box side.
        (x:1750um, xAB: [0um:1560um])

[ERROR] Side.place(IoPin): Pin "outputs(3500).0" is outside north or south abutment box side.
        (x:1750.5um, xAB: [0um:1560um])

[ERROR] Side.place(IoPin): Pin "outputs(3501).0" is outside north or south abutment box side.
        (x:1751um, xAB: [0um:1560um])

[ERROR] Side.place(IoPin): Pin "outputs(3502).0" is outside north or south abutment box side.
        (x:1751.5um, xAB: [0um:1560um])

[ERROR] Side.place(IoPin): Pin "outputs(3503).0" is outside north or south abutment box side.
        (x:1752um, xAB: [0um:1560um])

[ERROR] Side.place(IoPin): Pin "outputs(3504).0" is outside north or south abutment box side.
        (x:1752.5um, xAB: [0um:1560um])

[ERROR] Side.place(IoPin): Pin "outputs(3505).0" is outside north or south abutment box side.
        (x:1753um, xAB: [0um:1560um])

[ERROR] Side.place(IoPin): Pin "outputs(3506).0" is outside north or south abutment box side.
        (x:1753.5um, xAB: [0um:1560um])

[ERROR] Side.place(IoPin): Pin "outputs(3507).0" is outside north or south abutment box side.
        (x:1754um, xAB: [0um:1560um])

[ERROR] Side.place(IoPin): Pin "outputs(3508).0" is outside north or south abutment box side.
        (x:1754.5um, xAB: [0um:1560um])

[ERROR] Side.place(IoPin): Pin "outputs(3509).0" is outside north or south abutment box side.
        (x:1755um, xAB: [0um:1560um])

[ERROR] Side.place(IoPin): Pin "outputs(3510).0" is outside north or south abutment box side.
        (x:1755.5um, xAB: [0um:1560um])

[ERROR] Side.place(IoPin): Pin "outputs(3511).0" is outside north or south abutment box side.
        (x:1756um, xAB: [0um:1560um])

[ERROR] Side.place(IoPin): Pin "outputs(3512).0" is outside north or south abutment box side.
        (x:1756.5um, xAB: [0um:1560um])

[ERROR] Side.place(IoPin): Pin "outputs(3513).0" is outside north or south abutment box side.
        (x:1757um, xAB: [0um:1560um])

[ERROR] Side.place(IoPin): Pin "outputs(3514).0" is outside north or south abutment box side.
        (x:1757.5um, xAB: [0um:1560um])

[ERROR] Side.place(IoPin): Pin "outputs(3515).0" is outside north or south abutment box side.
        (x:1758um, xAB: [0um:1560um])

[ERROR] Side.place(IoPin): Pin "outputs(3516).0" is outside north or south abutment box side.
        (x:1758.5um, xAB: [0um:1560um])

[ERROR] Side.place(IoPin): Pin "outputs(3517).0" is outside north or south abutment box side.
        (x:1759um, xAB: [0um:1560um])

[ERROR] Side.place(IoPin): Pin "outputs(3518).0" is outside north or south abutment box side.
        (x:1759.5um, xAB: [0um:1560um])

[ERROR] Side.place(IoPin): Pin "outputs(3519).0" is outside north or south abutment box side.
        (x:1760um, xAB: [0um:1560um])

[ERROR] Side.place(IoPin): Pin "outputs(3520).0" is outside north or south abutment box side.
        (x:1760.5um, xAB: [0um:1560um])

[ERROR] Side.place(IoPin): Pin "outputs(3521).0" is outside north or south abutment box side.
        (x:1761um, xAB: [0um:1560um])

[ERROR] Side.place(IoPin): Pin "outputs(3522).0" is outside north or south abutment box side.
        (x:1761.5um, xAB: [0um:1560um])

[ERROR] Side.place(IoPin): Pin "outputs(3523).0" is outside north or south abutment box side.
        (x:1762um, xAB: [0um:1560um])

[ERROR] Side.place(IoPin): Pin "outputs(3524).0" is outside north or south abutment box side.
        (x:1762.5um, xAB: [0um:1560um])

[ERROR] Side.place(IoPin): Pin "outputs(3525).0" is outside north or south abutment box side.
        (x:1763um, xAB: [0um:1560um])

[ERROR] Side.place(IoPin): Pin "outputs(3526).0" is outside north or south abutment box side.
        (x:1763.5um, xAB: [0um:1560um])

[ERROR] Side.place(IoPin): Pin "outputs(3527).0" is outside north or south abutment box side.
        (x:1764um, xAB: [0um:1560um])

[ERROR] Side.place(IoPin): Pin "outputs(3528).0" is outside north or south abutment box side.
        (x:1764.5um, xAB: [0um:1560um])

[ERROR] Side.place(IoPin): Pin "outputs(3529).0" is outside north or south abutment box side.
        (x:1765um, xAB: [0um:1560um])

[ERROR] Side.place(IoPin): Pin "outputs(3530).0" is outside north or south abutment box side.
        (x:1765.5um, xAB: [0um:1560um])

[ERROR] Side.place(IoPin): Pin "outputs(3531).0" is outside north or south abutment box side.
        (x:1766um, xAB: [0um:1560um])

[ERROR] Side.place(IoPin): Pin "outputs(3532).0" is outside north or south abutment box side.
        (x:1766.5um, xAB: [0um:1560um])

[ERROR] Side.place(IoPin): Pin "outputs(3533).0" is outside north or south abutment box side.
        (x:1767um, xAB: [0um:1560um])

[ERROR] Side.place(IoPin): Pin "outputs(3534).0" is outside north or south abutment box side.
        (x:1767.5um, xAB: [0um:1560um])

[ERROR] Side.place(IoPin): Pin "outputs(3535).0" is outside north or south abutment box side.
        (x:1768um, xAB: [0um:1560um])

[ERROR] Side.place(IoPin): Pin "outputs(3536).0" is outside north or south abutment box side.
        (x:1768.5um, xAB: [0um:1560um])

[ERROR] Side.place(IoPin): Pin "outputs(3537).0" is outside north or south abutment box side.
        (x:1769um, xAB: [0um:1560um])

[ERROR] Side.place(IoPin): Pin "outputs(3538).0" is outside north or south abutment box side.
        (x:1769.5um, xAB: [0um:1560um])

[ERROR] Side.place(IoPin): Pin "outputs(3539).0" is outside north or south abutment box side.
        (x:1770um, xAB: [0um:1560um])

[ERROR] Side.place(IoPin): Pin "outputs(3540).0" is outside north or south abutment box side.
        (x:1770.5um, xAB: [0um:1560um])

[ERROR] Side.place(IoPin): Pin "outputs(3541).0" is outside north or south abutment box side.
        (x:1771um, xAB: [0um:1560um])

[ERROR] Side.place(IoPin): Pin "outputs(3542).0" is outside north or south abutment box side.
        (x:1771.5um, xAB: [0um:1560um])

[ERROR] Side.place(IoPin): Pin "outputs(3543).0" is outside north or south abutment box side.
        (x:1772um, xAB: [0um:1560um])

[ERROR] Side.place(IoPin): Pin "outputs(3544).0" is outside north or south abutment box side.
        (x:1772.5um, xAB: [0um:1560um])

[ERROR] Side.place(IoPin): Pin "outputs(3545).0" is outside north or south abutment box side.
        (x:1773um, xAB: [0um:1560um])

[ERROR] Side.place(IoPin): Pin "outputs(3546).0" is outside north or south abutment box side.
        (x:1773.5um, xAB: [0um:1560um])

[ERROR] Side.place(IoPin): Pin "outputs(3547).0" is outside north or south abutment box side.
        (x:1774um, xAB: [0um:1560um])

[ERROR] Side.place(IoPin): Pin "outputs(3548).0" is outside north or south abutment box side.
        (x:1774.5um, xAB: [0um:1560um])

[ERROR] Side.place(IoPin): Pin "outputs(3549).0" is outside north or south abutment box side.
        (x:1775um, xAB: [0um:1560um])

[ERROR] Side.place(IoPin): Pin "outputs(3550).0" is outside north or south abutment box side.
        (x:1775.5um, xAB: [0um:1560um])

[ERROR] Side.place(IoPin): Pin "outputs(3551).0" is outside north or south abutment box side.
        (x:1776um, xAB: [0um:1560um])

[ERROR] Side.place(IoPin): Pin "outputs(3552).0" is outside north or south abutment box side.
        (x:1776.5um, xAB: [0um:1560um])

[ERROR] Side.place(IoPin): Pin "outputs(3553).0" is outside north or south abutment box side.
        (x:1777um, xAB: [0um:1560um])

[ERROR] Side.place(IoPin): Pin "outputs(3554).0" is outside north or south abutment box side.
        (x:1777.5um, xAB: [0um:1560um])

[ERROR] Side.place(IoPin): Pin "outputs(3555).0" is outside north or south abutment box side.
        (x:1778um, xAB: [0um:1560um])

[ERROR] Side.place(IoPin): Pin "outputs(3556).0" is outside north or south abutment box side.
        (x:1778.5um, xAB: [0um:1560um])

[ERROR] Side.place(IoPin): Pin "outputs(3557).0" is outside north or south abutment box side.
        (x:1779um, xAB: [0um:1560um])

[ERROR] Side.place(IoPin): Pin "outputs(3558).0" is outside north or south abutment box side.
        (x:1779.5um, xAB: [0um:1560um])

[ERROR] Side.place(IoPin): Pin "outputs(3559).0" is outside north or south abutment box side.
        (x:1780um, xAB: [0um:1560um])

[ERROR] Side.place(IoPin): Pin "outputs(3560).0" is outside north or south abutment box side.
        (x:1780.5um, xAB: [0um:1560um])

[ERROR] Side.place(IoPin): Pin "outputs(3561).0" is outside north or south abutment box side.
        (x:1781um, xAB: [0um:1560um])

[ERROR] Side.place(IoPin): Pin "outputs(3562).0" is outside north or south abutment box side.
        (x:1781.5um, xAB: [0um:1560um])

[ERROR] Side.place(IoPin): Pin "outputs(3563).0" is outside north or south abutment box side.
        (x:1782um, xAB: [0um:1560um])

[ERROR] Side.place(IoPin): Pin "outputs(3564).0" is outside north or south abutment box side.
        (x:1782.5um, xAB: [0um:1560um])

[ERROR] Side.place(IoPin): Pin "outputs(3565).0" is outside north or south abutment box side.
        (x:1783um, xAB: [0um:1560um])

[ERROR] Side.place(IoPin): Pin "outputs(3566).0" is outside north or south abutment box side.
        (x:1783.5um, xAB: [0um:1560um])

[ERROR] Side.place(IoPin): Pin "outputs(3567).0" is outside north or south abutment box side.
        (x:1784um, xAB: [0um:1560um])

[ERROR] Side.place(IoPin): Pin "outputs(3568).0" is outside north or south abutment box side.
        (x:1784.5um, xAB: [0um:1560um])

[ERROR] Side.place(IoPin): Pin "outputs(3569).0" is outside north or south abutment box side.
        (x:1785um, xAB: [0um:1560um])

[ERROR] Side.place(IoPin): Pin "outputs(3570).0" is outside north or south abutment box side.
        (x:1785.5um, xAB: [0um:1560um])

[ERROR] Side.place(IoPin): Pin "outputs(3571).0" is outside north or south abutment box side.
        (x:1786um, xAB: [0um:1560um])

[ERROR] Side.place(IoPin): Pin "outputs(3572).0" is outside north or south abutment box side.
        (x:1786.5um, xAB: [0um:1560um])

[ERROR] Side.place(IoPin): Pin "outputs(3573).0" is outside north or south abutment box side.
        (x:1787um, xAB: [0um:1560um])

[ERROR] Side.place(IoPin): Pin "outputs(3574).0" is outside north or south abutment box side.
        (x:1787.5um, xAB: [0um:1560um])

[ERROR] Side.place(IoPin): Pin "outputs(3575).0" is outside north or south abutment box side.
        (x:1788um, xAB: [0um:1560um])

[ERROR] Side.place(IoPin): Pin "outputs(3576).0" is outside north or south abutment box side.
        (x:1788.5um, xAB: [0um:1560um])

[ERROR] Side.place(IoPin): Pin "outputs(3577).0" is outside north or south abutment box side.
        (x:1789um, xAB: [0um:1560um])

[ERROR] Side.place(IoPin): Pin "outputs(3578).0" is outside north or south abutment box side.
        (x:1789.5um, xAB: [0um:1560um])

[ERROR] Side.place(IoPin): Pin "outputs(3579).0" is outside north or south abutment box side.
        (x:1790um, xAB: [0um:1560um])

[ERROR] Side.place(IoPin): Pin "outputs(3580).0" is outside north or south abutment box side.
        (x:1790.5um, xAB: [0um:1560um])

[ERROR] Side.place(IoPin): Pin "outputs(3581).0" is outside north or south abutment box side.
        (x:1791um, xAB: [0um:1560um])

[ERROR] Side.place(IoPin): Pin "outputs(3582).0" is outside north or south abutment box side.
        (x:1791.5um, xAB: [0um:1560um])

[ERROR] Side.place(IoPin): Pin "outputs(3583).0" is outside north or south abutment box side.
        (x:1792um, xAB: [0um:1560um])

[ERROR] Side.place(IoPin): Pin "outputs(3584).0" is outside north or south abutment box side.
        (x:1792.5um, xAB: [0um:1560um])

[ERROR] Side.place(IoPin): Pin "outputs(3585).0" is outside north or south abutment box side.
        (x:1793um, xAB: [0um:1560um])

[ERROR] Side.place(IoPin): Pin "outputs(3586).0" is outside north or south abutment box side.
        (x:1793.5um, xAB: [0um:1560um])

[ERROR] Side.place(IoPin): Pin "outputs(3587).0" is outside north or south abutment box side.
        (x:1794um, xAB: [0um:1560um])

[ERROR] Side.place(IoPin): Pin "outputs(3588).0" is outside north or south abutment box side.
        (x:1794.5um, xAB: [0um:1560um])

[ERROR] Side.place(IoPin): Pin "outputs(3589).0" is outside north or south abutment box side.
        (x:1795um, xAB: [0um:1560um])

[ERROR] Side.place(IoPin): Pin "outputs(3590).0" is outside north or south abutment box side.
        (x:1795.5um, xAB: [0um:1560um])

[ERROR] Side.place(IoPin): Pin "outputs(3591).0" is outside north or south abutment box side.
        (x:1796um, xAB: [0um:1560um])

[ERROR] Side.place(IoPin): Pin "outputs(3592).0" is outside north or south abutment box side.
        (x:1796.5um, xAB: [0um:1560um])

[ERROR] Side.place(IoPin): Pin "outputs(3593).0" is outside north or south abutment box side.
        (x:1797um, xAB: [0um:1560um])

[ERROR] Side.place(IoPin): Pin "outputs(3594).0" is outside north or south abutment box side.
        (x:1797.5um, xAB: [0um:1560um])

[ERROR] Side.place(IoPin): Pin "outputs(3595).0" is outside north or south abutment box side.
        (x:1798um, xAB: [0um:1560um])

[ERROR] Side.place(IoPin): Pin "outputs(3596).0" is outside north or south abutment box side.
        (x:1798.5um, xAB: [0um:1560um])

[ERROR] Side.place(IoPin): Pin "outputs(3597).0" is outside north or south abutment box side.
        (x:1799um, xAB: [0um:1560um])

[ERROR] Side.place(IoPin): Pin "outputs(3598).0" is outside north or south abutment box side.
        (x:1799.5um, xAB: [0um:1560um])

[ERROR] Side.place(IoPin): Pin "outputs(3599).0" is outside north or south abutment box side.
        (x:1800um, xAB: [0um:1560um])

[ERROR] Side.place(IoPin): Pin "outputs(3600).0" is outside north or south abutment box side.
        (x:1800.5um, xAB: [0um:1560um])

[ERROR] Side.place(IoPin): Pin "outputs(3601).0" is outside north or south abutment box side.
        (x:1801um, xAB: [0um:1560um])

[ERROR] Side.place(IoPin): Pin "outputs(3602).0" is outside north or south abutment box side.
        (x:1801.5um, xAB: [0um:1560um])

[ERROR] Side.place(IoPin): Pin "outputs(3603).0" is outside north or south abutment box side.
        (x:1802um, xAB: [0um:1560um])

[ERROR] Side.place(IoPin): Pin "outputs(3604).0" is outside north or south abutment box side.
        (x:1802.5um, xAB: [0um:1560um])

[ERROR] Side.place(IoPin): Pin "outputs(3605).0" is outside north or south abutment box side.
        (x:1803um, xAB: [0um:1560um])

[ERROR] Side.place(IoPin): Pin "outputs(3606).0" is outside north or south abutment box side.
        (x:1803.5um, xAB: [0um:1560um])

[ERROR] Side.place(IoPin): Pin "outputs(3607).0" is outside north or south abutment box side.
        (x:1804um, xAB: [0um:1560um])

[ERROR] Side.place(IoPin): Pin "outputs(3608).0" is outside north or south abutment box side.
        (x:1804.5um, xAB: [0um:1560um])

[ERROR] Side.place(IoPin): Pin "outputs(3609).0" is outside north or south abutment box side.
        (x:1805um, xAB: [0um:1560um])

[ERROR] Side.place(IoPin): Pin "outputs(3610).0" is outside north or south abutment box side.
        (x:1805.5um, xAB: [0um:1560um])

[ERROR] Side.place(IoPin): Pin "outputs(3611).0" is outside north or south abutment box side.
        (x:1806um, xAB: [0um:1560um])

[ERROR] Side.place(IoPin): Pin "outputs(3612).0" is outside north or south abutment box side.
        (x:1806.5um, xAB: [0um:1560um])

[ERROR] Side.place(IoPin): Pin "outputs(3613).0" is outside north or south abutment box side.
        (x:1807um, xAB: [0um:1560um])

[ERROR] Side.place(IoPin): Pin "outputs(3614).0" is outside north or south abutment box side.
        (x:1807.5um, xAB: [0um:1560um])

[ERROR] Side.place(IoPin): Pin "outputs(3615).0" is outside north or south abutment box side.
        (x:1808um, xAB: [0um:1560um])

[ERROR] Side.place(IoPin): Pin "outputs(3616).0" is outside north or south abutment box side.
        (x:1808.5um, xAB: [0um:1560um])

[ERROR] Side.place(IoPin): Pin "outputs(3617).0" is outside north or south abutment box side.
        (x:1809um, xAB: [0um:1560um])

[ERROR] Side.place(IoPin): Pin "outputs(3618).0" is outside north or south abutment box side.
        (x:1809.5um, xAB: [0um:1560um])

[ERROR] Side.place(IoPin): Pin "outputs(3619).0" is outside north or south abutment box side.
        (x:1810um, xAB: [0um:1560um])

[ERROR] Side.place(IoPin): Pin "outputs(3620).0" is outside north or south abutment box side.
        (x:1810.5um, xAB: [0um:1560um])

[ERROR] Side.place(IoPin): Pin "outputs(3621).0" is outside north or south abutment box side.
        (x:1811um, xAB: [0um:1560um])

[ERROR] Side.place(IoPin): Pin "outputs(3622).0" is outside north or south abutment box side.
        (x:1811.5um, xAB: [0um:1560um])

[ERROR] Side.place(IoPin): Pin "outputs(3623).0" is outside north or south abutment box side.
        (x:1812um, xAB: [0um:1560um])

[ERROR] Side.place(IoPin): Pin "outputs(3624).0" is outside north or south abutment box side.
        (x:1812.5um, xAB: [0um:1560um])

[ERROR] Side.place(IoPin): Pin "outputs(3625).0" is outside north or south abutment box side.
        (x:1813um, xAB: [0um:1560um])

[ERROR] Side.place(IoPin): Pin "outputs(3626).0" is outside north or south abutment box side.
        (x:1813.5um, xAB: [0um:1560um])

[ERROR] Side.place(IoPin): Pin "outputs(3627).0" is outside north or south abutment box side.
        (x:1814um, xAB: [0um:1560um])

[ERROR] Side.place(IoPin): Pin "outputs(3628).0" is outside north or south abutment box side.
        (x:1814.5um, xAB: [0um:1560um])

[ERROR] Side.place(IoPin): Pin "outputs(3629).0" is outside north or south abutment box side.
        (x:1815um, xAB: [0um:1560um])

[ERROR] Side.place(IoPin): Pin "outputs(3630).0" is outside north or south abutment box side.
        (x:1815.5um, xAB: [0um:1560um])

[ERROR] Side.place(IoPin): Pin "outputs(3631).0" is outside north or south abutment box side.
        (x:1816um, xAB: [0um:1560um])

[ERROR] Side.place(IoPin): Pin "outputs(3632).0" is outside north or south abutment box side.
        (x:1816.5um, xAB: [0um:1560um])

[ERROR] Side.place(IoPin): Pin "outputs(3633).0" is outside north or south abutment box side.
        (x:1817um, xAB: [0um:1560um])

[ERROR] Side.place(IoPin): Pin "outputs(3634).0" is outside north or south abutment box side.
        (x:1817.5um, xAB: [0um:1560um])

[ERROR] Side.place(IoPin): Pin "outputs(3635).0" is outside north or south abutment box side.
        (x:1818um, xAB: [0um:1560um])

[ERROR] Side.place(IoPin): Pin "outputs(3636).0" is outside north or south abutment box side.
        (x:1818.5um, xAB: [0um:1560um])

[ERROR] Side.place(IoPin): Pin "outputs(3637).0" is outside north or south abutment box side.
        (x:1819um, xAB: [0um:1560um])

[ERROR] Side.place(IoPin): Pin "outputs(3638).0" is outside north or south abutment box side.
        (x:1819.5um, xAB: [0um:1560um])

[ERROR] Side.place(IoPin): Pin "outputs(3639).0" is outside north or south abutment box side.
        (x:1820um, xAB: [0um:1560um])

[ERROR] Side.place(IoPin): Pin "outputs(3640).0" is outside north or south abutment box side.
        (x:1820.5um, xAB: [0um:1560um])

[ERROR] Side.place(IoPin): Pin "outputs(3641).0" is outside north or south abutment box side.
        (x:1821um, xAB: [0um:1560um])

[ERROR] Side.place(IoPin): Pin "outputs(3642).0" is outside north or south abutment box side.
        (x:1821.5um, xAB: [0um:1560um])

[ERROR] Side.place(IoPin): Pin "outputs(3643).0" is outside north or south abutment box side.
        (x:1822um, xAB: [0um:1560um])

[ERROR] Side.place(IoPin): Pin "outputs(3644).0" is outside north or south abutment box side.
        (x:1822.5um, xAB: [0um:1560um])

[ERROR] Side.place(IoPin): Pin "outputs(3645).0" is outside north or south abutment box side.
        (x:1823um, xAB: [0um:1560um])

[ERROR] Side.place(IoPin): Pin "outputs(3646).0" is outside north or south abutment box side.
        (x:1823.5um, xAB: [0um:1560um])

[ERROR] Side.place(IoPin): Pin "outputs(3647).0" is outside north or south abutment box side.
        (x:1824um, xAB: [0um:1560um])

[ERROR] Side.place(IoPin): Pin "outputs(3648).0" is outside north or south abutment box side.
        (x:1824.5um, xAB: [0um:1560um])

[ERROR] Side.place(IoPin): Pin "outputs(3649).0" is outside north or south abutment box side.
        (x:1825um, xAB: [0um:1560um])

[ERROR] Side.place(IoPin): Pin "outputs(3650).0" is outside north or south abutment box side.
        (x:1825.5um, xAB: [0um:1560um])

[ERROR] Side.place(IoPin): Pin "outputs(3651).0" is outside north or south abutment box side.
        (x:1826um, xAB: [0um:1560um])

[ERROR] Side.place(IoPin): Pin "outputs(3652).0" is outside north or south abutment box side.
        (x:1826.5um, xAB: [0um:1560um])

[ERROR] Side.place(IoPin): Pin "outputs(3653).0" is outside north or south abutment box side.
        (x:1827um, xAB: [0um:1560um])

[ERROR] Side.place(IoPin): Pin "outputs(3654).0" is outside north or south abutment box side.
        (x:1827.5um, xAB: [0um:1560um])

[ERROR] Side.place(IoPin): Pin "outputs(3655).0" is outside north or south abutment box side.
        (x:1828um, xAB: [0um:1560um])

[ERROR] Side.place(IoPin): Pin "outputs(3656).0" is outside north or south abutment box side.
        (x:1828.5um, xAB: [0um:1560um])

[ERROR] Side.place(IoPin): Pin "outputs(3657).0" is outside north or south abutment box side.
        (x:1829um, xAB: [0um:1560um])

[ERROR] Side.place(IoPin): Pin "outputs(3658).0" is outside north or south abutment box side.
        (x:1829.5um, xAB: [0um:1560um])

[ERROR] Side.place(IoPin): Pin "outputs(3659).0" is outside north or south abutment box side.
        (x:1830um, xAB: [0um:1560um])

[ERROR] Side.place(IoPin): Pin "outputs(3660).0" is outside north or south abutment box side.
        (x:1830.5um, xAB: [0um:1560um])

[ERROR] Side.place(IoPin): Pin "outputs(3661).0" is outside north or south abutment box side.
        (x:1831um, xAB: [0um:1560um])

[ERROR] Side.place(IoPin): Pin "outputs(3662).0" is outside north or south abutment box side.
        (x:1831.5um, xAB: [0um:1560um])

[ERROR] Side.place(IoPin): Pin "outputs(3663).0" is outside north or south abutment box side.
        (x:1832um, xAB: [0um:1560um])

[ERROR] Side.place(IoPin): Pin "outputs(3664).0" is outside north or south abutment box side.
        (x:1832.5um, xAB: [0um:1560um])

[ERROR] Side.place(IoPin): Pin "outputs(3665).0" is outside north or south abutment box side.
        (x:1833um, xAB: [0um:1560um])

[ERROR] Side.place(IoPin): Pin "outputs(3666).0" is outside north or south abutment box side.
        (x:1833.5um, xAB: [0um:1560um])

[ERROR] Side.place(IoPin): Pin "outputs(3667).0" is outside north or south abutment box side.
        (x:1834um, xAB: [0um:1560um])

[ERROR] Side.place(IoPin): Pin "outputs(3668).0" is outside north or south abutment box side.
        (x:1834.5um, xAB: [0um:1560um])

[ERROR] Side.place(IoPin): Pin "outputs(3669).0" is outside north or south abutment box side.
        (x:1835um, xAB: [0um:1560um])

[ERROR] Side.place(IoPin): Pin "outputs(3670).0" is outside north or south abutment box side.
        (x:1835.5um, xAB: [0um:1560um])

[ERROR] Side.place(IoPin): Pin "outputs(3671).0" is outside north or south abutment box side.
        (x:1836um, xAB: [0um:1560um])

[ERROR] Side.place(IoPin): Pin "outputs(3672).0" is outside north or south abutment box side.
        (x:1836.5um, xAB: [0um:1560um])

[ERROR] Side.place(IoPin): Pin "outputs(3673).0" is outside north or south abutment box side.
        (x:1837um, xAB: [0um:1560um])

[ERROR] Side.place(IoPin): Pin "outputs(3674).0" is outside north or south abutment box side.
        (x:1837.5um, xAB: [0um:1560um])

[ERROR] Side.place(IoPin): Pin "outputs(3675).0" is outside north or south abutment box side.
        (x:1838um, xAB: [0um:1560um])

[ERROR] Side.place(IoPin): Pin "outputs(3676).0" is outside north or south abutment box side.
        (x:1838.5um, xAB: [0um:1560um])

[ERROR] Side.place(IoPin): Pin "outputs(3677).0" is outside north or south abutment box side.
        (x:1839um, xAB: [0um:1560um])

[ERROR] Side.place(IoPin): Pin "outputs(3678).0" is outside north or south abutment box side.
        (x:1839.5um, xAB: [0um:1560um])

[ERROR] Side.place(IoPin): Pin "outputs(3679).0" is outside north or south abutment box side.
        (x:1840um, xAB: [0um:1560um])

[ERROR] Side.place(IoPin): Pin "outputs(3680).0" is outside north or south abutment box side.
        (x:1840.5um, xAB: [0um:1560um])

[ERROR] Side.place(IoPin): Pin "outputs(3681).0" is outside north or south abutment box side.
        (x:1841um, xAB: [0um:1560um])

[ERROR] Side.place(IoPin): Pin "outputs(3682).0" is outside north or south abutment box side.
        (x:1841.5um, xAB: [0um:1560um])

[ERROR] Side.place(IoPin): Pin "outputs(3683).0" is outside north or south abutment box side.
        (x:1842um, xAB: [0um:1560um])

[ERROR] Side.place(IoPin): Pin "outputs(3684).0" is outside north or south abutment box side.
        (x:1842.5um, xAB: [0um:1560um])

[ERROR] Side.place(IoPin): Pin "outputs(3685).0" is outside north or south abutment box side.
        (x:1843um, xAB: [0um:1560um])

[ERROR] Side.place(IoPin): Pin "outputs(3686).0" is outside north or south abutment box side.
        (x:1843.5um, xAB: [0um:1560um])

[ERROR] Side.place(IoPin): Pin "outputs(3687).0" is outside north or south abutment box side.
        (x:1844um, xAB: [0um:1560um])

[ERROR] Side.place(IoPin): Pin "outputs(3688).0" is outside north or south abutment box side.
        (x:1844.5um, xAB: [0um:1560um])

[ERROR] Side.place(IoPin): Pin "outputs(3689).0" is outside north or south abutment box side.
        (x:1845um, xAB: [0um:1560um])

[ERROR] Side.place(IoPin): Pin "outputs(3690).0" is outside north or south abutment box side.
        (x:1845.5um, xAB: [0um:1560um])

[ERROR] Side.place(IoPin): Pin "outputs(3691).0" is outside north or south abutment box side.
        (x:1846um, xAB: [0um:1560um])

[ERROR] Side.place(IoPin): Pin "outputs(3692).0" is outside north or south abutment box side.
        (x:1846.5um, xAB: [0um:1560um])

[ERROR] Side.place(IoPin): Pin "outputs(3693).0" is outside north or south abutment box side.
        (x:1847um, xAB: [0um:1560um])

[ERROR] Side.place(IoPin): Pin "outputs(3694).0" is outside north or south abutment box side.
        (x:1847.5um, xAB: [0um:1560um])

[ERROR] Side.place(IoPin): Pin "outputs(3695).0" is outside north or south abutment box side.
        (x:1848um, xAB: [0um:1560um])

[ERROR] Side.place(IoPin): Pin "outputs(3696).0" is outside north or south abutment box side.
        (x:1848.5um, xAB: [0um:1560um])

[ERROR] Side.place(IoPin): Pin "outputs(3697).0" is outside north or south abutment box side.
        (x:1849um, xAB: [0um:1560um])

[ERROR] Side.place(IoPin): Pin "outputs(3698).0" is outside north or south abutment box side.
        (x:1849.5um, xAB: [0um:1560um])

[ERROR] Side.place(IoPin): Pin "outputs(3699).0" is outside north or south abutment box side.
        (x:1850um, xAB: [0um:1560um])

[ERROR] Side.place(IoPin): Pin "outputs(3700).0" is outside north or south abutment box side.
        (x:1850.5um, xAB: [0um:1560um])

[ERROR] Side.place(IoPin): Pin "outputs(3701).0" is outside north or south abutment box side.
        (x:1851um, xAB: [0um:1560um])

[ERROR] Side.place(IoPin): Pin "outputs(3702).0" is outside north or south abutment box side.
        (x:1851.5um, xAB: [0um:1560um])

[ERROR] Side.place(IoPin): Pin "outputs(3703).0" is outside north or south abutment box side.
        (x:1852um, xAB: [0um:1560um])

[ERROR] Side.place(IoPin): Pin "outputs(3704).0" is outside north or south abutment box side.
        (x:1852.5um, xAB: [0um:1560um])

[ERROR] Side.place(IoPin): Pin "outputs(3705).0" is outside north or south abutment box side.
        (x:1853um, xAB: [0um:1560um])

[ERROR] Side.place(IoPin): Pin "outputs(3706).0" is outside north or south abutment box side.
        (x:1853.5um, xAB: [0um:1560um])

[ERROR] Side.place(IoPin): Pin "outputs(3707).0" is outside north or south abutment box side.
        (x:1854um, xAB: [0um:1560um])

[ERROR] Side.place(IoPin): Pin "outputs(3708).0" is outside north or south abutment box side.
        (x:1854.5um, xAB: [0um:1560um])

[ERROR] Side.place(IoPin): Pin "outputs(3709).0" is outside north or south abutment box side.
        (x:1855um, xAB: [0um:1560um])

[ERROR] Side.place(IoPin): Pin "outputs(3710).0" is outside north or south abutment box side.
        (x:1855.5um, xAB: [0um:1560um])

[ERROR] Side.place(IoPin): Pin "outputs(3711).0" is outside north or south abutment box side.
        (x:1856um, xAB: [0um:1560um])

[ERROR] Side.place(IoPin): Pin "outputs(3712).0" is outside north or south abutment box side.
        (x:1856.5um, xAB: [0um:1560um])

[ERROR] Side.place(IoPin): Pin "outputs(3713).0" is outside north or south abutment box side.
        (x:1857um, xAB: [0um:1560um])

[ERROR] Side.place(IoPin): Pin "outputs(3714).0" is outside north or south abutment box side.
        (x:1857.5um, xAB: [0um:1560um])

[ERROR] Side.place(IoPin): Pin "outputs(3715).0" is outside north or south abutment box side.
        (x:1858um, xAB: [0um:1560um])

[ERROR] Side.place(IoPin): Pin "outputs(3716).0" is outside north or south abutment box side.
        (x:1858.5um, xAB: [0um:1560um])

[ERROR] Side.place(IoPin): Pin "outputs(3717).0" is outside north or south abutment box side.
        (x:1859um, xAB: [0um:1560um])

[ERROR] Side.place(IoPin): Pin "outputs(3718).0" is outside north or south abutment box side.
        (x:1859.5um, xAB: [0um:1560um])

[ERROR] Side.place(IoPin): Pin "outputs(3719).0" is outside north or south abutment box side.
        (x:1860um, xAB: [0um:1560um])

[ERROR] Side.place(IoPin): Pin "outputs(3720).0" is outside north or south abutment box side.
        (x:1860.5um, xAB: [0um:1560um])

[ERROR] Side.place(IoPin): Pin "outputs(3721).0" is outside north or south abutment box side.
        (x:1861um, xAB: [0um:1560um])

[ERROR] Side.place(IoPin): Pin "outputs(3722).0" is outside north or south abutment box side.
        (x:1861.5um, xAB: [0um:1560um])

[ERROR] Side.place(IoPin): Pin "outputs(3723).0" is outside north or south abutment box side.
        (x:1862um, xAB: [0um:1560um])

[ERROR] Side.place(IoPin): Pin "outputs(3724).0" is outside north or south abutment box side.
        (x:1862.5um, xAB: [0um:1560um])

[ERROR] Side.place(IoPin): Pin "outputs(3725).0" is outside north or south abutment box side.
        (x:1863um, xAB: [0um:1560um])

[ERROR] Side.place(IoPin): Pin "outputs(3726).0" is outside north or south abutment box side.
        (x:1863.5um, xAB: [0um:1560um])

[ERROR] Side.place(IoPin): Pin "outputs(3727).0" is outside north or south abutment box side.
        (x:1864um, xAB: [0um:1560um])

[ERROR] Side.place(IoPin): Pin "outputs(3728).0" is outside north or south abutment box side.
        (x:1864.5um, xAB: [0um:1560um])

[ERROR] Side.place(IoPin): Pin "outputs(3729).0" is outside north or south abutment box side.
        (x:1865um, xAB: [0um:1560um])

[ERROR] Side.place(IoPin): Pin "outputs(3730).0" is outside north or south abutment box side.
        (x:1865.5um, xAB: [0um:1560um])

[ERROR] Side.place(IoPin): Pin "outputs(3731).0" is outside north or south abutment box side.
        (x:1866um, xAB: [0um:1560um])

[ERROR] Side.place(IoPin): Pin "outputs(3732).0" is outside north or south abutment box side.
        (x:1866.5um, xAB: [0um:1560um])

[ERROR] Side.place(IoPin): Pin "outputs(3733).0" is outside north or south abutment box side.
        (x:1867um, xAB: [0um:1560um])

[ERROR] Side.place(IoPin): Pin "outputs(3734).0" is outside north or south abutment box side.
        (x:1867.5um, xAB: [0um:1560um])

[ERROR] Side.place(IoPin): Pin "outputs(3735).0" is outside north or south abutment box side.
        (x:1868um, xAB: [0um:1560um])

[ERROR] Side.place(IoPin): Pin "outputs(3736).0" is outside north or south abutment box side.
        (x:1868.5um, xAB: [0um:1560um])

[ERROR] Side.place(IoPin): Pin "outputs(3737).0" is outside north or south abutment box side.
        (x:1869um, xAB: [0um:1560um])

[ERROR] Side.place(IoPin): Pin "outputs(3738).0" is outside north or south abutment box side.
        (x:1869.5um, xAB: [0um:1560um])

[ERROR] Side.place(IoPin): Pin "outputs(3739).0" is outside north or south abutment box side.
        (x:1870um, xAB: [0um:1560um])

[ERROR] Side.place(IoPin): Pin "outputs(3740).0" is outside north or south abutment box side.
        (x:1870.5um, xAB: [0um:1560um])

[ERROR] Side.place(IoPin): Pin "outputs(3741).0" is outside north or south abutment box side.
        (x:1871um, xAB: [0um:1560um])

[ERROR] Side.place(IoPin): Pin "outputs(3742).0" is outside north or south abutment box side.
        (x:1871.5um, xAB: [0um:1560um])

[ERROR] Side.place(IoPin): Pin "outputs(3743).0" is outside north or south abutment box side.
        (x:1872um, xAB: [0um:1560um])

[ERROR] Side.place(IoPin): Pin "outputs(3744).0" is outside north or south abutment box side.
        (x:1872.5um, xAB: [0um:1560um])

[ERROR] Side.place(IoPin): Pin "outputs(3745).0" is outside north or south abutment box side.
        (x:1873um, xAB: [0um:1560um])

[ERROR] Side.place(IoPin): Pin "outputs(3746).0" is outside north or south abutment box side.
        (x:1873.5um, xAB: [0um:1560um])

[ERROR] Side.place(IoPin): Pin "outputs(3747).0" is outside north or south abutment box side.
        (x:1874um, xAB: [0um:1560um])

[ERROR] Side.place(IoPin): Pin "outputs(3748).0" is outside north or south abutment box side.
        (x:1874.5um, xAB: [0um:1560um])

[ERROR] Side.place(IoPin): Pin "outputs(3749).0" is outside north or south abutment box side.
        (x:1875um, xAB: [0um:1560um])

[ERROR] Side.place(IoPin): Pin "outputs(3750).0" is outside north or south abutment box side.
        (x:1875.5um, xAB: [0um:1560um])

[ERROR] Side.place(IoPin): Pin "outputs(3751).0" is outside north or south abutment box side.
        (x:1876um, xAB: [0um:1560um])

[ERROR] Side.place(IoPin): Pin "outputs(3752).0" is outside north or south abutment box side.
        (x:1876.5um, xAB: [0um:1560um])

[ERROR] Side.place(IoPin): Pin "outputs(3753).0" is outside north or south abutment box side.
        (x:1877um, xAB: [0um:1560um])

[ERROR] Side.place(IoPin): Pin "outputs(3754).0" is outside north or south abutment box side.
        (x:1877.5um, xAB: [0um:1560um])

[ERROR] Side.place(IoPin): Pin "outputs(3755).0" is outside north or south abutment box side.
        (x:1878um, xAB: [0um:1560um])

[ERROR] Side.place(IoPin): Pin "outputs(3756).0" is outside north or south abutment box side.
        (x:1878.5um, xAB: [0um:1560um])

[ERROR] Side.place(IoPin): Pin "outputs(3757).0" is outside north or south abutment box side.
        (x:1879um, xAB: [0um:1560um])

[ERROR] Side.place(IoPin): Pin "outputs(3758).0" is outside north or south abutment box side.
        (x:1879.5um, xAB: [0um:1560um])

[ERROR] Side.place(IoPin): Pin "outputs(3759).0" is outside north or south abutment box side.
        (x:1880um, xAB: [0um:1560um])

[ERROR] Side.place(IoPin): Pin "outputs(3760).0" is outside north or south abutment box side.
        (x:1880.5um, xAB: [0um:1560um])

[ERROR] Side.place(IoPin): Pin "outputs(3761).0" is outside north or south abutment box side.
        (x:1881um, xAB: [0um:1560um])

[ERROR] Side.place(IoPin): Pin "outputs(3762).0" is outside north or south abutment box side.
        (x:1881.5um, xAB: [0um:1560um])

[ERROR] Side.place(IoPin): Pin "outputs(3763).0" is outside north or south abutment box side.
        (x:1882um, xAB: [0um:1560um])

[ERROR] Side.place(IoPin): Pin "outputs(3764).0" is outside north or south abutment box side.
        (x:1882.5um, xAB: [0um:1560um])

[ERROR] Side.place(IoPin): Pin "outputs(3765).0" is outside north or south abutment box side.
        (x:1883um, xAB: [0um:1560um])

[ERROR] Side.place(IoPin): Pin "outputs(3766).0" is outside north or south abutment box side.
        (x:1883.5um, xAB: [0um:1560um])

[ERROR] Side.place(IoPin): Pin "outputs(3767).0" is outside north or south abutment box side.
        (x:1884um, xAB: [0um:1560um])

[ERROR] Side.place(IoPin): Pin "outputs(3768).0" is outside north or south abutment box side.
        (x:1884.5um, xAB: [0um:1560um])

[ERROR] Side.place(IoPin): Pin "outputs(3769).0" is outside north or south abutment box side.
        (x:1885um, xAB: [0um:1560um])

[ERROR] Side.place(IoPin): Pin "outputs(3770).0" is outside north or south abutment box side.
        (x:1885.5um, xAB: [0um:1560um])

[ERROR] Side.place(IoPin): Pin "outputs(3771).0" is outside north or south abutment box side.
        (x:1886um, xAB: [0um:1560um])

[ERROR] Side.place(IoPin): Pin "outputs(3772).0" is outside north or south abutment box side.
        (x:1886.5um, xAB: [0um:1560um])

[ERROR] Side.place(IoPin): Pin "outputs(3773).0" is outside north or south abutment box side.
        (x:1887um, xAB: [0um:1560um])

[ERROR] Side.place(IoPin): Pin "outputs(3774).0" is outside north or south abutment box side.
        (x:1887.5um, xAB: [0um:1560um])

[ERROR] Side.place(IoPin): Pin "outputs(3775).0" is outside north or south abutment box side.
        (x:1888um, xAB: [0um:1560um])

[ERROR] Side.place(IoPin): Pin "outputs(3776).0" is outside north or south abutment box side.
        (x:1888.5um, xAB: [0um:1560um])

[ERROR] Side.place(IoPin): Pin "outputs(3777).0" is outside north or south abutment box side.
        (x:1889um, xAB: [0um:1560um])

[ERROR] Side.place(IoPin): Pin "outputs(3778).0" is outside north or south abutment box side.
        (x:1889.5um, xAB: [0um:1560um])

[ERROR] Side.place(IoPin): Pin "outputs(3779).0" is outside north or south abutment box side.
        (x:1890um, xAB: [0um:1560um])

[ERROR] Side.place(IoPin): Pin "outputs(3780).0" is outside north or south abutment box side.
        (x:1890.5um, xAB: [0um:1560um])

[ERROR] Side.place(IoPin): Pin "outputs(3781).0" is outside north or south abutment box side.
        (x:1891um, xAB: [0um:1560um])

[ERROR] Side.place(IoPin): Pin "outputs(3782).0" is outside north or south abutment box side.
        (x:1891.5um, xAB: [0um:1560um])

[ERROR] Side.place(IoPin): Pin "outputs(3783).0" is outside north or south abutment box side.
        (x:1892um, xAB: [0um:1560um])

[ERROR] Side.place(IoPin): Pin "outputs(3784).0" is outside north or south abutment box side.
        (x:1892.5um, xAB: [0um:1560um])

[ERROR] Side.place(IoPin): Pin "outputs(3785).0" is outside north or south abutment box side.
        (x:1893um, xAB: [0um:1560um])

[ERROR] Side.place(IoPin): Pin "outputs(3786).0" is outside north or south abutment box side.
        (x:1893.5um, xAB: [0um:1560um])

[ERROR] Side.place(IoPin): Pin "outputs(3787).0" is outside north or south abutment box side.
        (x:1894um, xAB: [0um:1560um])

[ERROR] Side.place(IoPin): Pin "outputs(3788).0" is outside north or south abutment box side.
        (x:1894.5um, xAB: [0um:1560um])

[ERROR] Side.place(IoPin): Pin "outputs(3789).0" is outside north or south abutment box side.
        (x:1895um, xAB: [0um:1560um])

[ERROR] Side.place(IoPin): Pin "outputs(3790).0" is outside north or south abutment box side.
        (x:1895.5um, xAB: [0um:1560um])

[ERROR] Side.place(IoPin): Pin "outputs(3791).0" is outside north or south abutment box side.
        (x:1896um, xAB: [0um:1560um])

[ERROR] Side.place(IoPin): Pin "outputs(3792).0" is outside north or south abutment box side.
        (x:1896.5um, xAB: [0um:1560um])

[ERROR] Side.place(IoPin): Pin "outputs(3793).0" is outside north or south abutment box side.
        (x:1897um, xAB: [0um:1560um])

[ERROR] Side.place(IoPin): Pin "outputs(3794).0" is outside north or south abutment box side.
        (x:1897.5um, xAB: [0um:1560um])

[ERROR] Side.place(IoPin): Pin "outputs(3795).0" is outside north or south abutment box side.
        (x:1898um, xAB: [0um:1560um])

[ERROR] Side.place(IoPin): Pin "outputs(3796).0" is outside north or south abutment box side.
        (x:1898.5um, xAB: [0um:1560um])

[ERROR] Side.place(IoPin): Pin "outputs(3797).0" is outside north or south abutment box side.
        (x:1899um, xAB: [0um:1560um])

[ERROR] Side.place(IoPin): Pin "outputs(3798).0" is outside north or south abutment box side.
        (x:1899.5um, xAB: [0um:1560um])

[ERROR] Side.place(IoPin): Pin "outputs(3799).0" is outside north or south abutment box side.
        (x:1900um, xAB: [0um:1560um])

[ERROR] Side.place(IoPin): Pin "outputs(3800).0" is outside north or south abutment box side.
        (x:1900.5um, xAB: [0um:1560um])

[ERROR] Side.place(IoPin): Pin "outputs(3801).0" is outside north or south abutment box side.
        (x:1901um, xAB: [0um:1560um])

[ERROR] Side.place(IoPin): Pin "outputs(3802).0" is outside north or south abutment box side.
        (x:1901.5um, xAB: [0um:1560um])

[ERROR] Side.place(IoPin): Pin "outputs(3803).0" is outside north or south abutment box side.
        (x:1902um, xAB: [0um:1560um])

[ERROR] Side.place(IoPin): Pin "outputs(3804).0" is outside north or south abutment box side.
        (x:1902.5um, xAB: [0um:1560um])

[ERROR] Side.place(IoPin): Pin "outputs(3805).0" is outside north or south abutment box side.
        (x:1903um, xAB: [0um:1560um])

[ERROR] Side.place(IoPin): Pin "outputs(3806).0" is outside north or south abutment box side.
        (x:1903.5um, xAB: [0um:1560um])

[ERROR] Side.place(IoPin): Pin "outputs(3807).0" is outside north or south abutment box side.
        (x:1904um, xAB: [0um:1560um])

[ERROR] Side.place(IoPin): Pin "outputs(3808).0" is outside north or south abutment box side.
        (x:1904.5um, xAB: [0um:1560um])

[ERROR] Side.place(IoPin): Pin "outputs(3809).0" is outside north or south abutment box side.
        (x:1905um, xAB: [0um:1560um])

[ERROR] Side.place(IoPin): Pin "outputs(3810).0" is outside north or south abutment box side.
        (x:1905.5um, xAB: [0um:1560um])

[ERROR] Side.place(IoPin): Pin "outputs(3811).0" is outside north or south abutment box side.
        (x:1906um, xAB: [0um:1560um])

[ERROR] Side.place(IoPin): Pin "outputs(3812).0" is outside north or south abutment box side.
        (x:1906.5um, xAB: [0um:1560um])

[ERROR] Side.place(IoPin): Pin "outputs(3813).0" is outside north or south abutment box side.
        (x:1907um, xAB: [0um:1560um])

[ERROR] Side.place(IoPin): Pin "outputs(3814).0" is outside north or south abutment box side.
        (x:1907.5um, xAB: [0um:1560um])

[ERROR] Side.place(IoPin): Pin "outputs(3815).0" is outside north or south abutment box side.
        (x:1908um, xAB: [0um:1560um])

[ERROR] Side.place(IoPin): Pin "outputs(3816).0" is outside north or south abutment box side.
        (x:1908.5um, xAB: [0um:1560um])

[ERROR] Side.place(IoPin): Pin "outputs(3817).0" is outside north or south abutment box side.
        (x:1909um, xAB: [0um:1560um])

[ERROR] Side.place(IoPin): Pin "outputs(3818).0" is outside north or south abutment box side.
        (x:1909.5um, xAB: [0um:1560um])

[ERROR] Side.place(IoPin): Pin "outputs(3819).0" is outside north or south abutment box side.
        (x:1910um, xAB: [0um:1560um])

[ERROR] Side.place(IoPin): Pin "outputs(3820).0" is outside north or south abutment box side.
        (x:1910.5um, xAB: [0um:1560um])

[ERROR] Side.place(IoPin): Pin "outputs(3821).0" is outside north or south abutment box side.
        (x:1911um, xAB: [0um:1560um])

[ERROR] Side.place(IoPin): Pin "outputs(3822).0" is outside north or south abutment box side.
        (x:1911.5um, xAB: [0um:1560um])

[ERROR] Side.place(IoPin): Pin "outputs(3823).0" is outside north or south abutment box side.
        (x:1912um, xAB: [0um:1560um])

[ERROR] Side.place(IoPin): Pin "outputs(3824).0" is outside north or south abutment box side.
        (x:1912.5um, xAB: [0um:1560um])

[ERROR] Side.place(IoPin): Pin "outputs(3825).0" is outside north or south abutment box side.
        (x:1913um, xAB: [0um:1560um])

[ERROR] Side.place(IoPin): Pin "outputs(3826).0" is outside north or south abutment box side.
        (x:1913.5um, xAB: [0um:1560um])

[ERROR] Side.place(IoPin): Pin "outputs(3827).0" is outside north or south abutment box side.
        (x:1914um, xAB: [0um:1560um])

[ERROR] Side.place(IoPin): Pin "outputs(3828).0" is outside north or south abutment box side.
        (x:1914.5um, xAB: [0um:1560um])

[ERROR] Side.place(IoPin): Pin "outputs(3829).0" is outside north or south abutment box side.
        (x:1915um, xAB: [0um:1560um])

[ERROR] Side.place(IoPin): Pin "outputs(3830).0" is outside north or south abutment box side.
        (x:1915.5um, xAB: [0um:1560um])

[ERROR] Side.place(IoPin): Pin "outputs(3831).0" is outside north or south abutment box side.
        (x:1916um, xAB: [0um:1560um])

[ERROR] Side.place(IoPin): Pin "outputs(3832).0" is outside north or south abutment box side.
        (x:1916.5um, xAB: [0um:1560um])

[ERROR] Side.place(IoPin): Pin "outputs(3833).0" is outside north or south abutment box side.
        (x:1917um, xAB: [0um:1560um])

[ERROR] Side.place(IoPin): Pin "outputs(3834).0" is outside north or south abutment box side.
        (x:1917.5um, xAB: [0um:1560um])

[ERROR] Side.place(IoPin): Pin "outputs(3835).0" is outside north or south abutment box side.
        (x:1918um, xAB: [0um:1560um])

[ERROR] Side.place(IoPin): Pin "outputs(3836).0" is outside north or south abutment box side.
        (x:1918.5um, xAB: [0um:1560um])

[ERROR] Side.place(IoPin): Pin "outputs(3837).0" is outside north or south abutment box side.
        (x:1919um, xAB: [0um:1560um])

[ERROR] Side.place(IoPin): Pin "outputs(3838).0" is outside north or south abutment box side.
        (x:1919.5um, xAB: [0um:1560um])

[ERROR] Side.place(IoPin): Pin "outputs(3839).0" is outside north or south abutment box side.
        (x:1920um, xAB: [0um:1560um])

[ERROR] Side.place(IoPin): Pin "outputs(3840).0" is outside north or south abutment box side.
        (x:1920.5um, xAB: [0um:1560um])

[ERROR] Side.place(IoPin): Pin "outputs(3841).0" is outside north or south abutment box side.
        (x:1921um, xAB: [0um:1560um])

[ERROR] Side.place(IoPin): Pin "outputs(3842).0" is outside north or south abutment box side.
        (x:1921.5um, xAB: [0um:1560um])

[ERROR] Side.place(IoPin): Pin "outputs(3843).0" is outside north or south abutment box side.
        (x:1922um, xAB: [0um:1560um])

[ERROR] Side.place(IoPin): Pin "outputs(3844).0" is outside north or south abutment box side.
        (x:1922.5um, xAB: [0um:1560um])

[ERROR] Side.place(IoPin): Pin "outputs(3845).0" is outside north or south abutment box side.
        (x:1923um, xAB: [0um:1560um])

[ERROR] Side.place(IoPin): Pin "outputs(3846).0" is outside north or south abutment box side.
        (x:1923.5um, xAB: [0um:1560um])

[ERROR] Side.place(IoPin): Pin "outputs(3847).0" is outside north or south abutment box side.
        (x:1924um, xAB: [0um:1560um])

[ERROR] Side.place(IoPin): Pin "outputs(3848).0" is outside north or south abutment box side.
        (x:1924.5um, xAB: [0um:1560um])

[ERROR] Side.place(IoPin): Pin "outputs(3849).0" is outside north or south abutment box side.
        (x:1925um, xAB: [0um:1560um])

[ERROR] Side.place(IoPin): Pin "outputs(3850).0" is outside north or south abutment box side.
        (x:1925.5um, xAB: [0um:1560um])

[ERROR] Side.place(IoPin): Pin "outputs(3851).0" is outside north or south abutment box side.
        (x:1926um, xAB: [0um:1560um])

[ERROR] Side.place(IoPin): Pin "outputs(3852).0" is outside north or south abutment box side.
        (x:1926.5um, xAB: [0um:1560um])

[ERROR] Side.place(IoPin): Pin "outputs(3853).0" is outside north or south abutment box side.
        (x:1927um, xAB: [0um:1560um])

[ERROR] Side.place(IoPin): Pin "outputs(3854).0" is outside north or south abutment box side.
        (x:1927.5um, xAB: [0um:1560um])

[ERROR] Side.place(IoPin): Pin "outputs(3855).0" is outside north or south abutment box side.
        (x:1928um, xAB: [0um:1560um])

[ERROR] Side.place(IoPin): Pin "outputs(3856).0" is outside north or south abutment box side.
        (x:1928.5um, xAB: [0um:1560um])

[ERROR] Side.place(IoPin): Pin "outputs(3857).0" is outside north or south abutment box side.
        (x:1929um, xAB: [0um:1560um])

[ERROR] Side.place(IoPin): Pin "outputs(3858).0" is outside north or south abutment box side.
        (x:1929.5um, xAB: [0um:1560um])

[ERROR] Side.place(IoPin): Pin "outputs(3859).0" is outside north or south abutment box side.
        (x:1930um, xAB: [0um:1560um])

[ERROR] Side.place(IoPin): Pin "outputs(3860).0" is outside north or south abutment box side.
        (x:1930.5um, xAB: [0um:1560um])

[ERROR] Side.place(IoPin): Pin "outputs(3861).0" is outside north or south abutment box side.
        (x:1931um, xAB: [0um:1560um])

[ERROR] Side.place(IoPin): Pin "outputs(3862).0" is outside north or south abutment box side.
        (x:1931.5um, xAB: [0um:1560um])

[ERROR] Side.place(IoPin): Pin "outputs(3863).0" is outside north or south abutment box side.
        (x:1932um, xAB: [0um:1560um])

[ERROR] Side.place(IoPin): Pin "outputs(3864).0" is outside north or south abutment box side.
        (x:1932.5um, xAB: [0um:1560um])

[ERROR] Side.place(IoPin): Pin "outputs(3865).0" is outside north or south abutment box side.
        (x:1933um, xAB: [0um:1560um])

[ERROR] Side.place(IoPin): Pin "outputs(3866).0" is outside north or south abutment box side.
        (x:1933.5um, xAB: [0um:1560um])

[ERROR] Side.place(IoPin): Pin "outputs(3867).0" is outside north or south abutment box side.
        (x:1934um, xAB: [0um:1560um])

[ERROR] Side.place(IoPin): Pin "outputs(3868).0" is outside north or south abutment box side.
        (x:1934.5um, xAB: [0um:1560um])

[ERROR] Side.place(IoPin): Pin "outputs(3869).0" is outside north or south abutment box side.
        (x:1935um, xAB: [0um:1560um])

[ERROR] Side.place(IoPin): Pin "outputs(3870).0" is outside north or south abutment box side.
        (x:1935.5um, xAB: [0um:1560um])

[ERROR] Side.place(IoPin): Pin "outputs(3871).0" is outside north or south abutment box side.
        (x:1936um, xAB: [0um:1560um])

[ERROR] Side.place(IoPin): Pin "outputs(3872).0" is outside north or south abutment box side.
        (x:1936.5um, xAB: [0um:1560um])

[ERROR] Side.place(IoPin): Pin "outputs(3873).0" is outside north or south abutment box side.
        (x:1937um, xAB: [0um:1560um])

[ERROR] Side.place(IoPin): Pin "outputs(3874).0" is outside north or south abutment box side.
        (x:1937.5um, xAB: [0um:1560um])

[ERROR] Side.place(IoPin): Pin "outputs(3875).0" is outside north or south abutment box side.
        (x:1938um, xAB: [0um:1560um])

[ERROR] Side.place(IoPin): Pin "outputs(3876).0" is outside north or south abutment box side.
        (x:1938.5um, xAB: [0um:1560um])

[ERROR] Side.place(IoPin): Pin "outputs(3877).0" is outside north or south abutment box side.
        (x:1939um, xAB: [0um:1560um])

[ERROR] Side.place(IoPin): Pin "outputs(3878).0" is outside north or south abutment box side.
        (x:1939.5um, xAB: [0um:1560um])

[ERROR] Side.place(IoPin): Pin "outputs(3879).0" is outside north or south abutment box side.
        (x:1940um, xAB: [0um:1560um])

[ERROR] Side.place(IoPin): Pin "outputs(3880).0" is outside north or south abutment box side.
        (x:1940.5um, xAB: [0um:1560um])

[ERROR] Side.place(IoPin): Pin "outputs(3881).0" is outside north or south abutment box side.
        (x:1941um, xAB: [0um:1560um])

[ERROR] Side.place(IoPin): Pin "outputs(3882).0" is outside north or south abutment box side.
        (x:1941.5um, xAB: [0um:1560um])

[ERROR] Side.place(IoPin): Pin "outputs(3883).0" is outside north or south abutment box side.
        (x:1942um, xAB: [0um:1560um])

[ERROR] Side.place(IoPin): Pin "outputs(3884).0" is outside north or south abutment box side.
        (x:1942.5um, xAB: [0um:1560um])

[ERROR] Side.place(IoPin): Pin "outputs(3885).0" is outside north or south abutment box side.
        (x:1943um, xAB: [0um:1560um])

[ERROR] Side.place(IoPin): Pin "outputs(3886).0" is outside north or south abutment box side.
        (x:1943.5um, xAB: [0um:1560um])

[ERROR] Side.place(IoPin): Pin "outputs(3887).0" is outside north or south abutment box side.
        (x:1944um, xAB: [0um:1560um])

[ERROR] Side.place(IoPin): Pin "outputs(3888).0" is outside north or south abutment box side.
        (x:1944.5um, xAB: [0um:1560um])

[ERROR] Side.place(IoPin): Pin "outputs(3889).0" is outside north or south abutment box side.
        (x:1945um, xAB: [0um:1560um])

[ERROR] Side.place(IoPin): Pin "outputs(3890).0" is outside north or south abutment box side.
        (x:1945.5um, xAB: [0um:1560um])

[ERROR] Side.place(IoPin): Pin "outputs(3891).0" is outside north or south abutment box side.
        (x:1946um, xAB: [0um:1560um])

[ERROR] Side.place(IoPin): Pin "outputs(3892).0" is outside north or south abutment box side.
        (x:1946.5um, xAB: [0um:1560um])

[ERROR] Side.place(IoPin): Pin "outputs(3893).0" is outside north or south abutment box side.
        (x:1947um, xAB: [0um:1560um])

[ERROR] Side.place(IoPin): Pin "outputs(3894).0" is outside north or south abutment box side.
        (x:1947.5um, xAB: [0um:1560um])

[ERROR] Side.place(IoPin): Pin "outputs(3895).0" is outside north or south abutment box side.
        (x:1948um, xAB: [0um:1560um])

[ERROR] Side.place(IoPin): Pin "outputs(3896).0" is outside north or south abutment box side.
        (x:1948.5um, xAB: [0um:1560um])

[ERROR] Side.place(IoPin): Pin "outputs(3897).0" is outside north or south abutment box side.
        (x:1949um, xAB: [0um:1560um])

[ERROR] Side.place(IoPin): Pin "outputs(3898).0" is outside north or south abutment box side.
        (x:1949.5um, xAB: [0um:1560um])

[ERROR] Side.place(IoPin): Pin "outputs(3899).0" is outside north or south abutment box side.
        (x:1950um, xAB: [0um:1560um])

[ERROR] Side.place(IoPin): Pin "outputs(3900).0" is outside north or south abutment box side.
        (x:1950.5um, xAB: [0um:1560um])

[ERROR] Side.place(IoPin): Pin "outputs(3901).0" is outside north or south abutment box side.
        (x:1951um, xAB: [0um:1560um])

[ERROR] Side.place(IoPin): Pin "outputs(3902).0" is outside north or south abutment box side.
        (x:1951.5um, xAB: [0um:1560um])

[ERROR] Side.place(IoPin): Pin "outputs(3903).0" is outside north or south abutment box side.
        (x:1952um, xAB: [0um:1560um])

[ERROR] Side.place(IoPin): Pin "outputs(3904).0" is outside north or south abutment box side.
        (x:1952.5um, xAB: [0um:1560um])

[ERROR] Side.place(IoPin): Pin "outputs(3905).0" is outside north or south abutment box side.
        (x:1953um, xAB: [0um:1560um])

[ERROR] Side.place(IoPin): Pin "outputs(3906).0" is outside north or south abutment box side.
        (x:1953.5um, xAB: [0um:1560um])

[ERROR] Side.place(IoPin): Pin "outputs(3907).0" is outside north or south abutment box side.
        (x:1954um, xAB: [0um:1560um])

[ERROR] Side.place(IoPin): Pin "outputs(3908).0" is outside north or south abutment box side.
        (x:1954.5um, xAB: [0um:1560um])

[ERROR] Side.place(IoPin): Pin "outputs(3909).0" is outside north or south abutment box side.
        (x:1955um, xAB: [0um:1560um])

[ERROR] Side.place(IoPin): Pin "outputs(3910).0" is outside north or south abutment box side.
        (x:1955.5um, xAB: [0um:1560um])

[ERROR] Side.place(IoPin): Pin "outputs(3911).0" is outside north or south abutment box side.
        (x:1956um, xAB: [0um:1560um])

[ERROR] Side.place(IoPin): Pin "outputs(3912).0" is outside north or south abutment box side.
        (x:1956.5um, xAB: [0um:1560um])

[ERROR] Side.place(IoPin): Pin "outputs(3913).0" is outside north or south abutment box side.
        (x:1957um, xAB: [0um:1560um])

[ERROR] Side.place(IoPin): Pin "outputs(3914).0" is outside north or south abutment box side.
        (x:1957.5um, xAB: [0um:1560um])

[ERROR] Side.place(IoPin): Pin "outputs(3915).0" is outside north or south abutment box side.
        (x:1958um, xAB: [0um:1560um])

[ERROR] Side.place(IoPin): Pin "outputs(3916).0" is outside north or south abutment box side.
        (x:1958.5um, xAB: [0um:1560um])

[ERROR] Side.place(IoPin): Pin "outputs(3917).0" is outside north or south abutment box side.
        (x:1959um, xAB: [0um:1560um])

[ERROR] Side.place(IoPin): Pin "outputs(3918).0" is outside north or south abutment box side.
        (x:1959.5um, xAB: [0um:1560um])

[ERROR] Side.place(IoPin): Pin "outputs(3919).0" is outside north or south abutment box side.
        (x:1960um, xAB: [0um:1560um])

[ERROR] Side.place(IoPin): Pin "outputs(3920).0" is outside north or south abutment box side.
        (x:1960.5um, xAB: [0um:1560um])

[ERROR] Side.place(IoPin): Pin "outputs(3921).0" is outside north or south abutment box side.
        (x:1961um, xAB: [0um:1560um])

[ERROR] Side.place(IoPin): Pin "outputs(3922).0" is outside north or south abutment box side.
        (x:1961.5um, xAB: [0um:1560um])

[ERROR] Side.place(IoPin): Pin "outputs(3923).0" is outside north or south abutment box side.
        (x:1962um, xAB: [0um:1560um])

[ERROR] Side.place(IoPin): Pin "outputs(3924).0" is outside north or south abutment box side.
        (x:1962.5um, xAB: [0um:1560um])

[ERROR] Side.place(IoPin): Pin "outputs(3925).0" is outside north or south abutment box side.
        (x:1963um, xAB: [0um:1560um])

[ERROR] Side.place(IoPin): Pin "outputs(3926).0" is outside north or south abutment box side.
        (x:1963.5um, xAB: [0um:1560um])

[ERROR] Side.place(IoPin): Pin "outputs(3927).0" is outside north or south abutment box side.
        (x:1964um, xAB: [0um:1560um])

[ERROR] Side.place(IoPin): Pin "outputs(3928).0" is outside north or south abutment box side.
        (x:1964.5um, xAB: [0um:1560um])

[ERROR] Side.place(IoPin): Pin "outputs(3929).0" is outside north or south abutment box side.
        (x:1965um, xAB: [0um:1560um])

[ERROR] Side.place(IoPin): Pin "outputs(3930).0" is outside north or south abutment box side.
        (x:1965.5um, xAB: [0um:1560um])

[ERROR] Side.place(IoPin): Pin "outputs(3931).0" is outside north or south abutment box side.
        (x:1966um, xAB: [0um:1560um])

[ERROR] Side.place(IoPin): Pin "outputs(3932).0" is outside north or south abutment box side.
        (x:1966.5um, xAB: [0um:1560um])

[ERROR] Side.place(IoPin): Pin "outputs(3933).0" is outside north or south abutment box side.
        (x:1967um, xAB: [0um:1560um])

[ERROR] Side.place(IoPin): Pin "outputs(3934).0" is outside north or south abutment box side.
        (x:1967.5um, xAB: [0um:1560um])

[ERROR] Side.place(IoPin): Pin "outputs(3935).0" is outside north or south abutment box side.
        (x:1968um, xAB: [0um:1560um])

[ERROR] Side.place(IoPin): Pin "outputs(3936).0" is outside north or south abutment box side.
        (x:1968.5um, xAB: [0um:1560um])

[ERROR] Side.place(IoPin): Pin "outputs(3937).0" is outside north or south abutment box side.
        (x:1969um, xAB: [0um:1560um])

[ERROR] Side.place(IoPin): Pin "outputs(3938).0" is outside north or south abutment box side.
        (x:1969.5um, xAB: [0um:1560um])

[ERROR] Side.place(IoPin): Pin "outputs(3939).0" is outside north or south abutment box side.
        (x:1970um, xAB: [0um:1560um])

[ERROR] Side.place(IoPin): Pin "outputs(3940).0" is outside north or south abutment box side.
        (x:1970.5um, xAB: [0um:1560um])

[ERROR] Side.place(IoPin): Pin "outputs(3941).0" is outside north or south abutment box side.
        (x:1971um, xAB: [0um:1560um])

[ERROR] Side.place(IoPin): Pin "outputs(3942).0" is outside north or south abutment box side.
        (x:1971.5um, xAB: [0um:1560um])

[ERROR] Side.place(IoPin): Pin "outputs(3943).0" is outside north or south abutment box side.
        (x:1972um, xAB: [0um:1560um])

[ERROR] Side.place(IoPin): Pin "outputs(3944).0" is outside north or south abutment box side.
        (x:1972.5um, xAB: [0um:1560um])

[ERROR] Side.place(IoPin): Pin "outputs(3945).0" is outside north or south abutment box side.
        (x:1973um, xAB: [0um:1560um])

[ERROR] Side.place(IoPin): Pin "outputs(3946).0" is outside north or south abutment box side.
        (x:1973.5um, xAB: [0um:1560um])

[ERROR] Side.place(IoPin): Pin "outputs(3947).0" is outside north or south abutment box side.
        (x:1974um, xAB: [0um:1560um])

[ERROR] Side.place(IoPin): Pin "outputs(3948).0" is outside north or south abutment box side.
        (x:1974.5um, xAB: [0um:1560um])

[ERROR] Side.place(IoPin): Pin "outputs(3949).0" is outside north or south abutment box side.
        (x:1975um, xAB: [0um:1560um])

[ERROR] Side.place(IoPin): Pin "outputs(3950).0" is outside north or south abutment box side.
        (x:1975.5um, xAB: [0um:1560um])

[ERROR] Side.place(IoPin): Pin "outputs(3951).0" is outside north or south abutment box side.
        (x:1976um, xAB: [0um:1560um])

[ERROR] Side.place(IoPin): Pin "outputs(3952).0" is outside north or south abutment box side.
        (x:1976.5um, xAB: [0um:1560um])

[ERROR] Side.place(IoPin): Pin "outputs(3953).0" is outside north or south abutment box side.
        (x:1977um, xAB: [0um:1560um])

[ERROR] Side.place(IoPin): Pin "outputs(3954).0" is outside north or south abutment box side.
        (x:1977.5um, xAB: [0um:1560um])

[ERROR] Side.place(IoPin): Pin "outputs(3955).0" is outside north or south abutment box side.
        (x:1978um, xAB: [0um:1560um])

[ERROR] Side.place(IoPin): Pin "outputs(3956).0" is outside north or south abutment box side.
        (x:1978.5um, xAB: [0um:1560um])

[ERROR] Side.place(IoPin): Pin "outputs(3957).0" is outside north or south abutment box side.
        (x:1979um, xAB: [0um:1560um])

[ERROR] Side.place(IoPin): Pin "outputs(3958).0" is outside north or south abutment box side.
        (x:1979.5um, xAB: [0um:1560um])

[ERROR] Side.place(IoPin): Pin "outputs(3959).0" is outside north or south abutment box side.
        (x:1980um, xAB: [0um:1560um])

[ERROR] Side.place(IoPin): Pin "outputs(3960).0" is outside north or south abutment box side.
        (x:1980.5um, xAB: [0um:1560um])

[ERROR] Side.place(IoPin): Pin "outputs(3961).0" is outside north or south abutment box side.
        (x:1981um, xAB: [0um:1560um])

[ERROR] Side.place(IoPin): Pin "outputs(3962).0" is outside north or south abutment box side.
        (x:1981.5um, xAB: [0um:1560um])

[ERROR] Side.place(IoPin): Pin "outputs(3963).0" is outside north or south abutment box side.
        (x:1982um, xAB: [0um:1560um])

[ERROR] Side.place(IoPin): Pin "outputs(3964).0" is outside north or south abutment box side.
        (x:1982.5um, xAB: [0um:1560um])

[ERROR] Side.place(IoPin): Pin "outputs(3965).0" is outside north or south abutment box side.
        (x:1983um, xAB: [0um:1560um])

[ERROR] Side.place(IoPin): Pin "outputs(3966).0" is outside north or south abutment box side.
        (x:1983.5um, xAB: [0um:1560um])

[ERROR] Side.place(IoPin): Pin "outputs(3967).0" is outside north or south abutment box side.
        (x:1984um, xAB: [0um:1560um])

[ERROR] Side.place(IoPin): Pin "outputs(3968).0" is outside north or south abutment box side.
        (x:1984.5um, xAB: [0um:1560um])

[ERROR] Side.place(IoPin): Pin "outputs(3969).0" is outside north or south abutment box side.
        (x:1985um, xAB: [0um:1560um])

[ERROR] Side.place(IoPin): Pin "outputs(3970).0" is outside north or south abutment box side.
        (x:1985.5um, xAB: [0um:1560um])

[ERROR] Side.place(IoPin): Pin "outputs(3971).0" is outside north or south abutment box side.
        (x:1986um, xAB: [0um:1560um])

[ERROR] Side.place(IoPin): Pin "outputs(3972).0" is outside north or south abutment box side.
        (x:1986.5um, xAB: [0um:1560um])

[ERROR] Side.place(IoPin): Pin "outputs(3973).0" is outside north or south abutment box side.
        (x:1987um, xAB: [0um:1560um])

[ERROR] Side.place(IoPin): Pin "outputs(3974).0" is outside north or south abutment box side.
        (x:1987.5um, xAB: [0um:1560um])

[ERROR] Side.place(IoPin): Pin "outputs(3975).0" is outside north or south abutment box side.
        (x:1988um, xAB: [0um:1560um])

[ERROR] Side.place(IoPin): Pin "outputs(3976).0" is outside north or south abutment box side.
        (x:1988.5um, xAB: [0um:1560um])

[ERROR] Side.place(IoPin): Pin "outputs(3977).0" is outside north or south abutment box side.
        (x:1989um, xAB: [0um:1560um])

[ERROR] Side.place(IoPin): Pin "outputs(3978).0" is outside north or south abutment box side.
        (x:1989.5um, xAB: [0um:1560um])

[ERROR] Side.place(IoPin): Pin "outputs(3979).0" is outside north or south abutment box side.
        (x:1990um, xAB: [0um:1560um])

[ERROR] Side.place(IoPin): Pin "outputs(3980).0" is outside north or south abutment box side.
        (x:1990.5um, xAB: [0um:1560um])

[ERROR] Side.place(IoPin): Pin "outputs(3981).0" is outside north or south abutment box side.
        (x:1991um, xAB: [0um:1560um])

[ERROR] Side.place(IoPin): Pin "outputs(3982).0" is outside north or south abutment box side.
        (x:1991.5um, xAB: [0um:1560um])

[ERROR] Side.place(IoPin): Pin "outputs(3983).0" is outside north or south abutment box side.
        (x:1992um, xAB: [0um:1560um])

[ERROR] Side.place(IoPin): Pin "outputs(3984).0" is outside north or south abutment box side.
        (x:1992.5um, xAB: [0um:1560um])

[ERROR] Side.place(IoPin): Pin "outputs(3985).0" is outside north or south abutment box side.
        (x:1993um, xAB: [0um:1560um])

[ERROR] Side.place(IoPin): Pin "outputs(3986).0" is outside north or south abutment box side.
        (x:1993.5um, xAB: [0um:1560um])

[ERROR] Side.place(IoPin): Pin "outputs(3987).0" is outside north or south abutment box side.
        (x:1994um, xAB: [0um:1560um])

[ERROR] Side.place(IoPin): Pin "outputs(3988).0" is outside north or south abutment box side.
        (x:1994.5um, xAB: [0um:1560um])

[ERROR] Side.place(IoPin): Pin "outputs(3989).0" is outside north or south abutment box side.
        (x:1995um, xAB: [0um:1560um])

[ERROR] Side.place(IoPin): Pin "outputs(3990).0" is outside north or south abutment box side.
        (x:1995.5um, xAB: [0um:1560um])

[ERROR] Side.place(IoPin): Pin "outputs(3991).0" is outside north or south abutment box side.
        (x:1996um, xAB: [0um:1560um])

[ERROR] Side.place(IoPin): Pin "outputs(3992).0" is outside north or south abutment box side.
        (x:1996.5um, xAB: [0um:1560um])

[ERROR] Side.place(IoPin): Pin "outputs(3993).0" is outside north or south abutment box side.
        (x:1997um, xAB: [0um:1560um])

[ERROR] Side.place(IoPin): Pin "outputs(3994).0" is outside north or south abutment box side.
        (x:1997.5um, xAB: [0um:1560um])

[ERROR] Side.place(IoPin): Pin "outputs(3995).0" is outside north or south abutment box side.
        (x:1998um, xAB: [0um:1560um])

[ERROR] Side.place(IoPin): Pin "outputs(3996).0" is outside north or south abutment box side.
        (x:1998.5um, xAB: [0um:1560um])

[ERROR] Side.place(IoPin): Pin "outputs(3997).0" is outside north or south abutment box side.
        (x:1999um, xAB: [0um:1560um])

[ERROR] Side.place(IoPin): Pin "outputs(3998).0" is outside north or south abutment box side.
        (x:1999.5um, xAB: [0um:1560um])

[ERROR] Side.place(IoPin): Pin "outputs(3999).0" is outside north or south abutment box side.
        (x:2000um, xAB: [0um:1560um])

[ERROR] Side.place(IoPin): Pin "outputs(4000).0" is outside north or south abutment box side.
        (x:2000.5um, xAB: [0um:1560um])

[ERROR] Side.place(IoPin): Pin "outputs(4001).0" is outside north or south abutment box side.
        (x:2001um, xAB: [0um:1560um])

[ERROR] Side.place(IoPin): Pin "outputs(4002).0" is outside north or south abutment box side.
        (x:2001.5um, xAB: [0um:1560um])

[ERROR] Side.place(IoPin): Pin "outputs(4003).0" is outside north or south abutment box side.
        (x:2002um, xAB: [0um:1560um])

[ERROR] Side.place(IoPin): Pin "outputs(4004).0" is outside north or south abutment box side.
        (x:2002.5um, xAB: [0um:1560um])

[ERROR] Side.place(IoPin): Pin "outputs(4005).0" is outside north or south abutment box side.
        (x:2003um, xAB: [0um:1560um])

[ERROR] Side.place(IoPin): Pin "outputs(7126).0" is outside north or south abutment box side.
        (x:1560.5um, xAB: [0um:1560um])

[ERROR] Side.place(IoPin): Pin "outputs(7127).0" is outside north or south abutment box side.
        (x:1561um, xAB: [0um:1560um])

[ERROR] Side.place(IoPin): Pin "outputs(7128).0" is outside north or south abutment box side.
        (x:1561.5um, xAB: [0um:1560um])

[ERROR] Side.place(IoPin): Pin "outputs(7129).0" is outside north or south abutment box side.
        (x:1562um, xAB: [0um:1560um])

[ERROR] Side.place(IoPin): Pin "outputs(7130).0" is outside north or south abutment box side.
        (x:1562.5um, xAB: [0um:1560um])

[ERROR] Side.place(IoPin): Pin "outputs(7131).0" is outside north or south abutment box side.
        (x:1563um, xAB: [0um:1560um])

[ERROR] Side.place(IoPin): Pin "outputs(7132).0" is outside north or south abutment box side.
        (x:1563.5um, xAB: [0um:1560um])

[ERROR] Side.place(IoPin): Pin "outputs(7133).0" is outside north or south abutment box side.
        (x:1564um, xAB: [0um:1560um])

[ERROR] Side.place(IoPin): Pin "outputs(7134).0" is outside north or south abutment box side.
        (x:1564.5um, xAB: [0um:1560um])

[ERROR] Side.place(IoPin): Pin "outputs(7135).0" is outside north or south abutment box side.
        (x:1565um, xAB: [0um:1560um])

[ERROR] Side.place(IoPin): Pin "outputs(7136).0" is outside north or south abutment box side.
        (x:1565.5um, xAB: [0um:1560um])

[ERROR] Side.place(IoPin): Pin "outputs(7137).0" is outside north or south abutment box side.
        (x:1566um, xAB: [0um:1560um])

[ERROR] Side.place(IoPin): Pin "outputs(7138).0" is outside north or south abutment box side.
        (x:1566.5um, xAB: [0um:1560um])

[ERROR] Side.place(IoPin): Pin "outputs(7139).0" is outside north or south abutment box side.
        (x:1567um, xAB: [0um:1560um])

[ERROR] Side.place(IoPin): Pin "outputs(7140).0" is outside north or south abutment box side.
        (x:1567.5um, xAB: [0um:1560um])

[ERROR] Side.place(IoPin): Pin "outputs(7141).0" is outside north or south abutment box side.
        (x:1568um, xAB: [0um:1560um])

[ERROR] Side.place(IoPin): Pin "outputs(7142).0" is outside north or south abutment box side.
        (x:1568.5um, xAB: [0um:1560um])

[ERROR] Side.place(IoPin): Pin "outputs(7143).0" is outside north or south abutment box side.
        (x:1569um, xAB: [0um:1560um])

[ERROR] Side.place(IoPin): Pin "outputs(7144).0" is outside north or south abutment box side.
        (x:1569.5um, xAB: [0um:1560um])

[ERROR] Side.place(IoPin): Pin "outputs(7145).0" is outside north or south abutment box side.
        (x:1570um, xAB: [0um:1560um])

[ERROR] Side.place(IoPin): Pin "outputs(7146).0" is outside north or south abutment box side.
        (x:1570.5um, xAB: [0um:1560um])

[ERROR] Side.place(IoPin): Pin "outputs(7147).0" is outside north or south abutment box side.
        (x:1571um, xAB: [0um:1560um])

[ERROR] Side.place(IoPin): Pin "outputs(7148).0" is outside north or south abutment box side.
        (x:1571.5um, xAB: [0um:1560um])

[ERROR] Side.place(IoPin): Pin "outputs(7149).0" is outside north or south abutment box side.
        (x:1572um, xAB: [0um:1560um])

[ERROR] Side.place(IoPin): Pin "outputs(7150).0" is outside north or south abutment box side.
        (x:1572.5um, xAB: [0um:1560um])

[ERROR] Side.place(IoPin): Pin "outputs(7151).0" is outside north or south abutment box side.
        (x:1573um, xAB: [0um:1560um])

[ERROR] Side.place(IoPin): Pin "outputs(7152).0" is outside north or south abutment box side.
        (x:1573.5um, xAB: [0um:1560um])

[ERROR] Side.place(IoPin): Pin "outputs(7153).0" is outside north or south abutment box side.
        (x:1574um, xAB: [0um:1560um])

[ERROR] Side.place(IoPin): Pin "outputs(7154).0" is outside north or south abutment box side.
        (x:1574.5um, xAB: [0um:1560um])

[ERROR] Side.place(IoPin): Pin "outputs(7155).0" is outside north or south abutment box side.
        (x:1575um, xAB: [0um:1560um])

[ERROR] Side.place(IoPin): Pin "outputs(7156).0" is outside north or south abutment box side.
        (x:1575.5um, xAB: [0um:1560um])

[ERROR] Side.place(IoPin): Pin "outputs(7157).0" is outside north or south abutment box side.
        (x:1576um, xAB: [0um:1560um])

[ERROR] Side.place(IoPin): Pin "outputs(7158).0" is outside north or south abutment box side.
        (x:1576.5um, xAB: [0um:1560um])

[ERROR] Side.place(IoPin): Pin "outputs(7159).0" is outside north or south abutment box side.
        (x:1577um, xAB: [0um:1560um])

[ERROR] Side.place(IoPin): Pin "outputs(7160).0" is outside north or south abutment box side.
        (x:1577.5um, xAB: [0um:1560um])

[ERROR] Side.place(IoPin): Pin "outputs(7161).0" is outside north or south abutment box side.
        (x:1578um, xAB: [0um:1560um])

[ERROR] Side.place(IoPin): Pin "outputs(7162).0" is outside north or south abutment box side.
        (x:1578.5um, xAB: [0um:1560um])

[ERROR] Side.place(IoPin): Pin "outputs(7163).0" is outside north or south abutment box side.
        (x:1579um, xAB: [0um:1560um])

[ERROR] Side.place(IoPin): Pin "outputs(7164).0" is outside north or south abutment box side.
        (x:1579.5um, xAB: [0um:1560um])

[ERROR] Side.place(IoPin): Pin "outputs(7165).0" is outside north or south abutment box side.
        (x:1580um, xAB: [0um:1560um])

[ERROR] Side.place(IoPin): Pin "outputs(7166).0" is outside north or south abutment box side.
        (x:1580.5um, xAB: [0um:1560um])

[ERROR] Side.place(IoPin): Pin "outputs(7167).0" is outside north or south abutment box side.
        (x:1581um, xAB: [0um:1560um])

[ERROR] Side.place(IoPin): Pin "outputs(7168).0" is outside north or south abutment box side.
        (x:1581.5um, xAB: [0um:1560um])

[ERROR] Side.place(IoPin): Pin "outputs(7169).0" is outside north or south abutment box side.
        (x:1582um, xAB: [0um:1560um])

[ERROR] Side.place(IoPin): Pin "outputs(7170).0" is outside north or south abutment box side.
        (x:1582.5um, xAB: [0um:1560um])

[ERROR] Side.place(IoPin): Pin "outputs(7171).0" is outside north or south abutment box side.
        (x:1583um, xAB: [0um:1560um])

[ERROR] Side.place(IoPin): Pin "outputs(7172).0" is outside north or south abutment box side.
        (x:1583.5um, xAB: [0um:1560um])

[ERROR] Side.place(IoPin): Pin "outputs(7173).0" is outside north or south abutment box side.
        (x:1584um, xAB: [0um:1560um])

[ERROR] Side.place(IoPin): Pin "outputs(7174).0" is outside north or south abutment box side.
        (x:1584.5um, xAB: [0um:1560um])

[ERROR] Side.place(IoPin): Pin "outputs(7175).0" is outside north or south abutment box side.
        (x:1585um, xAB: [0um:1560um])

[ERROR] Side.place(IoPin): Pin "outputs(7176).0" is outside north or south abutment box side.
        (x:1585.5um, xAB: [0um:1560um])

[ERROR] Side.place(IoPin): Pin "outputs(7177).0" is outside north or south abutment box side.
        (x:1586um, xAB: [0um:1560um])

[ERROR] Side.place(IoPin): Pin "outputs(7178).0" is outside north or south abutment box side.
        (x:1586.5um, xAB: [0um:1560um])

[ERROR] Side.place(IoPin): Pin "outputs(7179).0" is outside north or south abutment box side.
        (x:1587um, xAB: [0um:1560um])

[ERROR] Side.place(IoPin): Pin "outputs(7180).0" is outside north or south abutment box side.
        (x:1587.5um, xAB: [0um:1560um])

[ERROR] Side.place(IoPin): Pin "outputs(7181).0" is outside north or south abutment box side.
        (x:1588um, xAB: [0um:1560um])

[ERROR] Side.place(IoPin): Pin "outputs(7182).0" is outside north or south abutment box side.
        (x:1588.5um, xAB: [0um:1560um])

[ERROR] Side.place(IoPin): Pin "outputs(7183).0" is outside north or south abutment box side.
        (x:1589um, xAB: [0um:1560um])

[ERROR] Side.place(IoPin): Pin "outputs(7184).0" is outside north or south abutment box side.
        (x:1589.5um, xAB: [0um:1560um])

[ERROR] Side.place(IoPin): Pin "outputs(7185).0" is outside north or south abutment box side.
        (x:1590um, xAB: [0um:1560um])

[ERROR] Side.place(IoPin): Pin "outputs(7186).0" is outside north or south abutment box side.
        (x:1590.5um, xAB: [0um:1560um])

[ERROR] Side.place(IoPin): Pin "outputs(7187).0" is outside north or south abutment box side.
        (x:1591um, xAB: [0um:1560um])

[ERROR] Side.place(IoPin): Pin "outputs(7188).0" is outside north or south abutment box side.
        (x:1591.5um, xAB: [0um:1560um])

[ERROR] Side.place(IoPin): Pin "outputs(7189).0" is outside north or south abutment box side.
        (x:1592um, xAB: [0um:1560um])

[ERROR] Side.place(IoPin): Pin "outputs(7190).0" is outside north or south abutment box side.
        (x:1592.5um, xAB: [0um:1560um])

[ERROR] Side.place(IoPin): Pin "outputs(7191).0" is outside north or south abutment box side.
        (x:1593um, xAB: [0um:1560um])

[ERROR] Side.place(IoPin): Pin "outputs(7192).0" is outside north or south abutment box side.
        (x:1593.5um, xAB: [0um:1560um])

[ERROR] Side.place(IoPin): Pin "outputs(7193).0" is outside north or south abutment box side.
        (x:1594um, xAB: [0um:1560um])

[ERROR] Side.place(IoPin): Pin "outputs(7194).0" is outside north or south abutment box side.
        (x:1594.5um, xAB: [0um:1560um])

[ERROR] Side.place(IoPin): Pin "outputs(7195).0" is outside north or south abutment box side.
        (x:1595um, xAB: [0um:1560um])

[ERROR] Side.place(IoPin): Pin "outputs(7196).0" is outside north or south abutment box side.
        (x:1595.5um, xAB: [0um:1560um])

[ERROR] Side.place(IoPin): Pin "outputs(7197).0" is outside north or south abutment box side.
        (x:1596um, xAB: [0um:1560um])

[ERROR] Side.place(IoPin): Pin "outputs(7198).0" is outside north or south abutment box side.
        (x:1596.5um, xAB: [0um:1560um])

[ERROR] Side.place(IoPin): Pin "outputs(7199).0" is outside north or south abutment box side.
        (x:1597um, xAB: [0um:1560um])

[ERROR] Side.place(IoPin): Pin "outputs(7200).0" is outside north or south abutment box side.
        (x:1597.5um, xAB: [0um:1560um])

[ERROR] Side.place(IoPin): Pin "outputs(7201).0" is outside north or south abutment box side.
        (x:1598um, xAB: [0um:1560um])

[ERROR] Side.place(IoPin): Pin "outputs(7202).0" is outside north or south abutment box side.
        (x:1598.5um, xAB: [0um:1560um])

[ERROR] Side.place(IoPin): Pin "outputs(7203).0" is outside north or south abutment box side.
        (x:1599um, xAB: [0um:1560um])

[ERROR] Side.place(IoPin): Pin "outputs(7204).0" is outside north or south abutment box side.
        (x:1599.5um, xAB: [0um:1560um])

[ERROR] Side.place(IoPin): Pin "outputs(7205).0" is outside north or south abutment box side.
        (x:1600um, xAB: [0um:1560um])

[ERROR] Side.place(IoPin): Pin "outputs(7206).0" is outside north or south abutment box side.
        (x:1600.5um, xAB: [0um:1560um])

[ERROR] Side.place(IoPin): Pin "outputs(7207).0" is outside north or south abutment box side.
        (x:1601um, xAB: [0um:1560um])

[ERROR] Side.place(IoPin): Pin "outputs(7208).0" is outside north or south abutment box side.
        (x:1601.5um, xAB: [0um:1560um])

[ERROR] Side.place(IoPin): Pin "outputs(7209).0" is outside north or south abutment box side.
        (x:1602um, xAB: [0um:1560um])

[ERROR] Side.place(IoPin): Pin "outputs(7210).0" is outside north or south abutment box side.
        (x:1602.5um, xAB: [0um:1560um])

[ERROR] Side.place(IoPin): Pin "outputs(7211).0" is outside north or south abutment box side.
        (x:1603um, xAB: [0um:1560um])

[ERROR] Side.place(IoPin): Pin "outputs(7212).0" is outside north or south abutment box side.
        (x:1603.5um, xAB: [0um:1560um])

[ERROR] Side.place(IoPin): Pin "outputs(7213).0" is outside north or south abutment box side.
        (x:1604um, xAB: [0um:1560um])

[ERROR] Side.place(IoPin): Pin "outputs(7214).0" is outside north or south abutment box side.
        (x:1604.5um, xAB: [0um:1560um])

[ERROR] Side.place(IoPin): Pin "outputs(7215).0" is outside north or south abutment box side.
        (x:1605um, xAB: [0um:1560um])

[ERROR] Side.place(IoPin): Pin "outputs(7216).0" is outside north or south abutment box side.
        (x:1605.5um, xAB: [0um:1560um])

[ERROR] Side.place(IoPin): Pin "outputs(7217).0" is outside north or south abutment box side.
        (x:1606um, xAB: [0um:1560um])

[ERROR] Side.place(IoPin): Pin "outputs(7218).0" is outside north or south abutment box side.
        (x:1606.5um, xAB: [0um:1560um])

[ERROR] Side.place(IoPin): Pin "outputs(7219).0" is outside north or south abutment box side.
        (x:1607um, xAB: [0um:1560um])

[ERROR] Side.place(IoPin): Pin "outputs(7220).0" is outside north or south abutment box side.
        (x:1607.5um, xAB: [0um:1560um])

[ERROR] Side.place(IoPin): Pin "outputs(7221).0" is outside north or south abutment box side.
        (x:1608um, xAB: [0um:1560um])

[ERROR] Side.place(IoPin): Pin "outputs(7222).0" is outside north or south abutment box side.
        (x:1608.5um, xAB: [0um:1560um])

[ERROR] Side.place(IoPin): Pin "outputs(7223).0" is outside north or south abutment box side.
        (x:1609um, xAB: [0um:1560um])

[ERROR] Side.place(IoPin): Pin "outputs(7224).0" is outside north or south abutment box side.
        (x:1609.5um, xAB: [0um:1560um])

[ERROR] Side.place(IoPin): Pin "outputs(7225).0" is outside north or south abutment box side.
        (x:1610um, xAB: [0um:1560um])

[ERROR] Side.place(IoPin): Pin "outputs(7226).0" is outside north or south abutment box side.
        (x:1610.5um, xAB: [0um:1560um])

[ERROR] Side.place(IoPin): Pin "outputs(7227).0" is outside north or south abutment box side.
        (x:1611um, xAB: [0um:1560um])

[ERROR] Side.place(IoPin): Pin "outputs(7228).0" is outside north or south abutment box side.
        (x:1611.5um, xAB: [0um:1560um])

[ERROR] Side.place(IoPin): Pin "outputs(7229).0" is outside north or south abutment box side.
        (x:1612um, xAB: [0um:1560um])

[ERROR] Side.place(IoPin): Pin "outputs(7230).0" is outside north or south abutment box side.
        (x:1612.5um, xAB: [0um:1560um])

[ERROR] Side.place(IoPin): Pin "outputs(7231).0" is outside north or south abutment box side.
        (x:1613um, xAB: [0um:1560um])

[ERROR] Side.place(IoPin): Pin "outputs(7232).0" is outside north or south abutment box side.
        (x:1613.5um, xAB: [0um:1560um])

[ERROR] Side.place(IoPin): Pin "outputs(7233).0" is outside north or south abutment box side.
        (x:1614um, xAB: [0um:1560um])

[ERROR] Side.place(IoPin): Pin "outputs(7234).0" is outside north or south abutment box side.
        (x:1614.5um, xAB: [0um:1560um])

[ERROR] Side.place(IoPin): Pin "outputs(7235).0" is outside north or south abutment box side.
        (x:1615um, xAB: [0um:1560um])

[ERROR] Side.place(IoPin): Pin "outputs(7236).0" is outside north or south abutment box side.
        (x:1615.5um, xAB: [0um:1560um])

[ERROR] Side.place(IoPin): Pin "outputs(7237).0" is outside north or south abutment box side.
        (x:1616um, xAB: [0um:1560um])

[ERROR] Side.place(IoPin): Pin "outputs(7238).0" is outside north or south abutment box side.
        (x:1616.5um, xAB: [0um:1560um])

[ERROR] Side.place(IoPin): Pin "outputs(7239).0" is outside north or south abutment box side.
        (x:1617um, xAB: [0um:1560um])

[ERROR] Side.place(IoPin): Pin "outputs(7240).0" is outside north or south abutment box side.
        (x:1617.5um, xAB: [0um:1560um])

[ERROR] Side.place(IoPin): Pin "outputs(7241).0" is outside north or south abutment box side.
        (x:1618um, xAB: [0um:1560um])

[ERROR] Side.place(IoPin): Pin "outputs(7242).0" is outside north or south abutment box side.
        (x:1618.5um, xAB: [0um:1560um])

[ERROR] Side.place(IoPin): Pin "outputs(7243).0" is outside north or south abutment box side.
        (x:1619um, xAB: [0um:1560um])

[ERROR] Side.place(IoPin): Pin "outputs(7244).0" is outside north or south abutment box side.
        (x:1619.5um, xAB: [0um:1560um])

[ERROR] Side.place(IoPin): Pin "outputs(7245).0" is outside north or south abutment box side.
        (x:1620um, xAB: [0um:1560um])

[ERROR] Side.place(IoPin): Pin "outputs(7246).0" is outside north or south abutment box side.
        (x:1620.5um, xAB: [0um:1560um])

[ERROR] Side.place(IoPin): Pin "outputs(7247).0" is outside north or south abutment box side.
        (x:1621um, xAB: [0um:1560um])

[ERROR] Side.place(IoPin): Pin "outputs(7248).0" is outside north or south abutment box side.
        (x:1621.5um, xAB: [0um:1560um])

[ERROR] Side.place(IoPin): Pin "outputs(7249).0" is outside north or south abutment box side.
        (x:1622um, xAB: [0um:1560um])

[ERROR] Side.place(IoPin): Pin "outputs(7250).0" is outside north or south abutment box side.
        (x:1622.5um, xAB: [0um:1560um])

[ERROR] Side.place(IoPin): Pin "outputs(7251).0" is outside north or south abutment box side.
        (x:1623um, xAB: [0um:1560um])

[ERROR] Side.place(IoPin): Pin "outputs(7252).0" is outside north or south abutment box side.
        (x:1623.5um, xAB: [0um:1560um])

[ERROR] Side.place(IoPin): Pin "outputs(7253).0" is outside north or south abutment box side.
        (x:1624um, xAB: [0um:1560um])

[ERROR] Side.place(IoPin): Pin "outputs(7254).0" is outside north or south abutment box side.
        (x:1624.5um, xAB: [0um:1560um])

[ERROR] Side.place(IoPin): Pin "outputs(7255).0" is outside north or south abutment box side.
        (x:1625um, xAB: [0um:1560um])

[ERROR] Side.place(IoPin): Pin "outputs(7256).0" is outside north or south abutment box side.
        (x:1625.5um, xAB: [0um:1560um])

[ERROR] Side.place(IoPin): Pin "outputs(7257).0" is outside north or south abutment box side.
        (x:1626um, xAB: [0um:1560um])

[ERROR] Side.place(IoPin): Pin "outputs(7258).0" is outside north or south abutment box side.
        (x:1626.5um, xAB: [0um:1560um])

[ERROR] Side.place(IoPin): Pin "outputs(7259).0" is outside north or south abutment box side.
        (x:1627um, xAB: [0um:1560um])

[ERROR] Side.place(IoPin): Pin "outputs(7260).0" is outside north or south abutment box side.
        (x:1627.5um, xAB: [0um:1560um])

[ERROR] Side.place(IoPin): Pin "outputs(7261).0" is outside north or south abutment box side.
        (x:1628um, xAB: [0um:1560um])

[ERROR] Side.place(IoPin): Pin "outputs(7262).0" is outside north or south abutment box side.
        (x:1628.5um, xAB: [0um:1560um])

[ERROR] Side.place(IoPin): Pin "outputs(7263).0" is outside north or south abutment box side.
        (x:1629um, xAB: [0um:1560um])

[ERROR] Side.place(IoPin): Pin "outputs(7264).0" is outside north or south abutment box side.
        (x:1629.5um, xAB: [0um:1560um])

[ERROR] Side.place(IoPin): Pin "outputs(7265).0" is outside north or south abutment box side.
        (x:1630um, xAB: [0um:1560um])

[ERROR] Side.place(IoPin): Pin "outputs(7266).0" is outside north or south abutment box side.
        (x:1630.5um, xAB: [0um:1560um])

[ERROR] Side.place(IoPin): Pin "outputs(7267).0" is outside north or south abutment box side.
        (x:1631um, xAB: [0um:1560um])

[ERROR] Side.place(IoPin): Pin "outputs(7268).0" is outside north or south abutment box side.
        (x:1631.5um, xAB: [0um:1560um])

[ERROR] Side.place(IoPin): Pin "outputs(7269).0" is outside north or south abutment box side.
        (x:1632um, xAB: [0um:1560um])

[ERROR] Side.place(IoPin): Pin "outputs(7270).0" is outside north or south abutment box side.
        (x:1632.5um, xAB: [0um:1560um])

[ERROR] Side.place(IoPin): Pin "outputs(7271).0" is outside north or south abutment box side.
        (x:1633um, xAB: [0um:1560um])

[ERROR] Side.place(IoPin): Pin "outputs(7272).0" is outside north or south abutment box side.
        (x:1633.5um, xAB: [0um:1560um])

[ERROR] Side.place(IoPin): Pin "outputs(7273).0" is outside north or south abutment box side.
        (x:1634um, xAB: [0um:1560um])

[ERROR] Side.place(IoPin): Pin "outputs(7274).0" is outside north or south abutment box side.
        (x:1634.5um, xAB: [0um:1560um])

[ERROR] Side.place(IoPin): Pin "outputs(7275).0" is outside north or south abutment box side.
        (x:1635um, xAB: [0um:1560um])

[ERROR] Side.place(IoPin): Pin "outputs(7276).0" is outside north or south abutment box side.
        (x:1635.5um, xAB: [0um:1560um])

[ERROR] Side.place(IoPin): Pin "outputs(7277).0" is outside north or south abutment box side.
        (x:1636um, xAB: [0um:1560um])

[ERROR] Side.place(IoPin): Pin "outputs(7278).0" is outside north or south abutment box side.
        (x:1636.5um, xAB: [0um:1560um])

[ERROR] Side.place(IoPin): Pin "outputs(7279).0" is outside north or south abutment box side.
        (x:1637um, xAB: [0um:1560um])

[ERROR] Side.place(IoPin): Pin "outputs(7280).0" is outside north or south abutment box side.
        (x:1637.5um, xAB: [0um:1560um])

[ERROR] Side.place(IoPin): Pin "outputs(7281).0" is outside north or south abutment box side.
        (x:1638um, xAB: [0um:1560um])

[ERROR] Side.place(IoPin): Pin "outputs(7282).0" is outside north or south abutment box side.
        (x:1638.5um, xAB: [0um:1560um])

[ERROR] Side.place(IoPin): Pin "outputs(7283).0" is outside north or south abutment box side.
        (x:1639um, xAB: [0um:1560um])

[ERROR] Side.place(IoPin): Pin "outputs(7284).0" is outside north or south abutment box side.
        (x:1639.5um, xAB: [0um:1560um])

[ERROR] Side.place(IoPin): Pin "outputs(7285).0" is outside north or south abutment box side.
        (x:1640um, xAB: [0um:1560um])

[ERROR] Side.place(IoPin): Pin "outputs(7286).0" is outside north or south abutment box side.
        (x:1640.5um, xAB: [0um:1560um])

[ERROR] Side.place(IoPin): Pin "outputs(7287).0" is outside north or south abutment box side.
        (x:1641um, xAB: [0um:1560um])

[ERROR] Side.place(IoPin): Pin "outputs(7288).0" is outside north or south abutment box side.
        (x:1641.5um, xAB: [0um:1560um])

[ERROR] Side.place(IoPin): Pin "outputs(7289).0" is outside north or south abutment box side.
        (x:1642um, xAB: [0um:1560um])

[ERROR] Side.place(IoPin): Pin "outputs(7290).0" is outside north or south abutment box side.
        (x:1642.5um, xAB: [0um:1560um])

[ERROR] Side.place(IoPin): Pin "outputs(7291).0" is outside north or south abutment box side.
        (x:1643um, xAB: [0um:1560um])

[ERROR] Side.place(IoPin): Pin "outputs(7292).0" is outside north or south abutment box side.
        (x:1643.5um, xAB: [0um:1560um])

[ERROR] Side.place(IoPin): Pin "outputs(7293).0" is outside north or south abutment box side.
        (x:1644um, xAB: [0um:1560um])

[ERROR] Side.place(IoPin): Pin "outputs(7294).0" is outside north or south abutment box side.
        (x:1644.5um, xAB: [0um:1560um])

[ERROR] Side.place(IoPin): Pin "outputs(7295).0" is outside north or south abutment box side.
        (x:1645um, xAB: [0um:1560um])

[ERROR] Side.place(IoPin): Pin "outputs(7296).0" is outside north or south abutment box side.
        (x:1645.5um, xAB: [0um:1560um])

[ERROR] Side.place(IoPin): Pin "outputs(7297).0" is outside north or south abutment box side.
        (x:1646um, xAB: [0um:1560um])

[ERROR] Side.place(IoPin): Pin "outputs(7298).0" is outside north or south abutment box side.
        (x:1646.5um, xAB: [0um:1560um])

[ERROR] Side.place(IoPin): Pin "outputs(7299).0" is outside north or south abutment box side.
        (x:1647um, xAB: [0um:1560um])

[ERROR] Side.place(IoPin): Pin "outputs(7300).0" is outside north or south abutment box side.
        (x:1647.5um, xAB: [0um:1560um])

[ERROR] Side.place(IoPin): Pin "outputs(7301).0" is outside north or south abutment box side.
        (x:1648um, xAB: [0um:1560um])

[ERROR] Side.place(IoPin): Pin "outputs(7302).0" is outside north or south abutment box side.
        (x:1648.5um, xAB: [0um:1560um])

[ERROR] Side.place(IoPin): Pin "outputs(7303).0" is outside north or south abutment box side.
        (x:1649um, xAB: [0um:1560um])

[ERROR] Side.place(IoPin): Pin "outputs(7304).0" is outside north or south abutment box side.
        (x:1649.5um, xAB: [0um:1560um])

[ERROR] Side.place(IoPin): Pin "outputs(7305).0" is outside north or south abutment box side.
        (x:1650um, xAB: [0um:1560um])

[ERROR] Side.place(IoPin): Pin "outputs(7306).0" is outside north or south abutment box side.
        (x:1650.5um, xAB: [0um:1560um])

[ERROR] Side.place(IoPin): Pin "outputs(7307).0" is outside north or south abutment box side.
        (x:1651um, xAB: [0um:1560um])

[ERROR] Side.place(IoPin): Pin "outputs(7308).0" is outside north or south abutment box side.
        (x:1651.5um, xAB: [0um:1560um])

[ERROR] Side.place(IoPin): Pin "outputs(7309).0" is outside north or south abutment box side.
        (x:1652um, xAB: [0um:1560um])

[ERROR] Side.place(IoPin): Pin "outputs(7310).0" is outside north or south abutment box side.
        (x:1652.5um, xAB: [0um:1560um])

[ERROR] Side.place(IoPin): Pin "outputs(7311).0" is outside north or south abutment box side.
        (x:1653um, xAB: [0um:1560um])

[ERROR] Side.place(IoPin): Pin "outputs(7312).0" is outside north or south abutment box side.
        (x:1653.5um, xAB: [0um:1560um])

[ERROR] Side.place(IoPin): Pin "outputs(7313).0" is outside north or south abutment box side.
        (x:1654um, xAB: [0um:1560um])

[ERROR] Side.place(IoPin): Pin "outputs(7314).0" is outside north or south abutment box side.
        (x:1654.5um, xAB: [0um:1560um])

[ERROR] Side.place(IoPin): Pin "outputs(7315).0" is outside north or south abutment box side.
        (x:1655um, xAB: [0um:1560um])

[ERROR] Side.place(IoPin): Pin "outputs(7316).0" is outside north or south abutment box side.
        (x:1655.5um, xAB: [0um:1560um])

[ERROR] Side.place(IoPin): Pin "outputs(7317).0" is outside north or south abutment box side.
        (x:1656um, xAB: [0um:1560um])

[ERROR] Side.place(IoPin): Pin "outputs(7318).0" is outside north or south abutment box side.
        (x:1656.5um, xAB: [0um:1560um])

[ERROR] Side.place(IoPin): Pin "outputs(7319).0" is outside north or south abutment box side.
        (x:1657um, xAB: [0um:1560um])

[ERROR] Side.place(IoPin): Pin "outputs(7320).0" is outside north or south abutment box side.
        (x:1657.5um, xAB: [0um:1560um])

[ERROR] Side.place(IoPin): Pin "outputs(7321).0" is outside north or south abutment box side.
        (x:1658um, xAB: [0um:1560um])

[ERROR] Side.place(IoPin): Pin "outputs(7322).0" is outside north or south abutment box side.
        (x:1658.5um, xAB: [0um:1560um])

[ERROR] Side.place(IoPin): Pin "outputs(7323).0" is outside north or south abutment box side.
        (x:1659um, xAB: [0um:1560um])

[ERROR] Side.place(IoPin): Pin "outputs(7324).0" is outside north or south abutment box side.
        (x:1659.5um, xAB: [0um:1560um])

[ERROR] Side.place(IoPin): Pin "outputs(7325).0" is outside north or south abutment box side.
        (x:1660um, xAB: [0um:1560um])

[ERROR] Side.place(IoPin): Pin "outputs(7326).0" is outside north or south abutment box side.
        (x:1660.5um, xAB: [0um:1560um])

[ERROR] Side.place(IoPin): Pin "outputs(7327).0" is outside north or south abutment box side.
        (x:1661um, xAB: [0um:1560um])

[ERROR] Side.place(IoPin): Pin "outputs(7328).0" is outside north or south abutment box side.
        (x:1661.5um, xAB: [0um:1560um])

[ERROR] Side.place(IoPin): Pin "outputs(7329).0" is outside north or south abutment box side.
        (x:1662um, xAB: [0um:1560um])

[ERROR] Side.place(IoPin): Pin "outputs(7330).0" is outside north or south abutment box side.
        (x:1662.5um, xAB: [0um:1560um])

[ERROR] Side.place(IoPin): Pin "outputs(7331).0" is outside north or south abutment box side.
        (x:1663um, xAB: [0um:1560um])

[ERROR] Side.place(IoPin): Pin "outputs(7332).0" is outside north or south abutment box side.
        (x:1663.5um, xAB: [0um:1560um])

[ERROR] Side.place(IoPin): Pin "outputs(7333).0" is outside north or south abutment box side.
        (x:1664um, xAB: [0um:1560um])

[ERROR] Side.place(IoPin): Pin "outputs(7334).0" is outside north or south abutment box side.
        (x:1664.5um, xAB: [0um:1560um])

[ERROR] Side.place(IoPin): Pin "outputs(7335).0" is outside north or south abutment box side.
        (x:1665um, xAB: [0um:1560um])

[ERROR] Side.place(IoPin): Pin "outputs(7336).0" is outside north or south abutment box side.
        (x:1665.5um, xAB: [0um:1560um])

[ERROR] Side.place(IoPin): Pin "outputs(7337).0" is outside north or south abutment box side.
        (x:1666um, xAB: [0um:1560um])

[ERROR] Side.place(IoPin): Pin "outputs(7338).0" is outside north or south abutment box side.
        (x:1666.5um, xAB: [0um:1560um])

[ERROR] Side.place(IoPin): Pin "outputs(7339).0" is outside north or south abutment box side.
        (x:1667um, xAB: [0um:1560um])

[ERROR] Side.place(IoPin): Pin "outputs(7340).0" is outside north or south abutment box side.
        (x:1667.5um, xAB: [0um:1560um])

[ERROR] Side.place(IoPin): Pin "outputs(7341).0" is outside north or south abutment box side.
        (x:1668um, xAB: [0um:1560um])

[ERROR] Side.place(IoPin): Pin "outputs(7342).0" is outside north or south abutment box side.
        (x:1668.5um, xAB: [0um:1560um])

[ERROR] Side.place(IoPin): Pin "outputs(7343).0" is outside north or south abutment box side.
        (x:1669um, xAB: [0um:1560um])

[ERROR] Side.place(IoPin): Pin "outputs(7344).0" is outside north or south abutment box side.
        (x:1669.5um, xAB: [0um:1560um])

[ERROR] Side.place(IoPin): Pin "outputs(7345).0" is outside north or south abutment box side.
        (x:1670um, xAB: [0um:1560um])

[ERROR] Side.place(IoPin): Pin "outputs(7346).0" is outside north or south abutment box side.
        (x:1670.5um, xAB: [0um:1560um])

[ERROR] Side.place(IoPin): Pin "outputs(7347).0" is outside north or south abutment box side.
        (x:1671um, xAB: [0um:1560um])

[ERROR] Side.place(IoPin): Pin "outputs(7348).0" is outside north or south abutment box side.
        (x:1671.5um, xAB: [0um:1560um])

[ERROR] Side.place(IoPin): Pin "outputs(7349).0" is outside north or south abutment box side.
        (x:1672um, xAB: [0um:1560um])

[ERROR] Side.place(IoPin): Pin "outputs(7350).0" is outside north or south abutment box side.
        (x:1672.5um, xAB: [0um:1560um])

[ERROR] Side.place(IoPin): Pin "outputs(7351).0" is outside north or south abutment box side.
        (x:1673um, xAB: [0um:1560um])

[ERROR] Side.place(IoPin): Pin "outputs(7352).0" is outside north or south abutment box side.
        (x:1673.5um, xAB: [0um:1560um])

[ERROR] Side.place(IoPin): Pin "outputs(7353).0" is outside north or south abutment box side.
        (x:1674um, xAB: [0um:1560um])

[ERROR] Side.place(IoPin): Pin "outputs(7354).0" is outside north or south abutment box side.
        (x:1674.5um, xAB: [0um:1560um])

[ERROR] Side.place(IoPin): Pin "outputs(7355).0" is outside north or south abutment box side.
        (x:1675um, xAB: [0um:1560um])

[ERROR] Side.place(IoPin): Pin "outputs(7356).0" is outside north or south abutment box side.
        (x:1675.5um, xAB: [0um:1560um])

[ERROR] Side.place(IoPin): Pin "outputs(7357).0" is outside north or south abutment box side.
        (x:1676um, xAB: [0um:1560um])

[ERROR] Side.place(IoPin): Pin "outputs(7358).0" is outside north or south abutment box side.
        (x:1676.5um, xAB: [0um:1560um])

[ERROR] Side.place(IoPin): Pin "outputs(7359).0" is outside north or south abutment box side.
        (x:1677um, xAB: [0um:1560um])

[ERROR] Side.place(IoPin): Pin "outputs(7360).0" is outside north or south abutment box side.
        (x:1677.5um, xAB: [0um:1560um])

[ERROR] Side.place(IoPin): Pin "outputs(7361).0" is outside north or south abutment box side.
        (x:1678um, xAB: [0um:1560um])

[ERROR] Side.place(IoPin): Pin "outputs(7362).0" is outside north or south abutment box side.
        (x:1678.5um, xAB: [0um:1560um])

[ERROR] Side.place(IoPin): Pin "outputs(7363).0" is outside north or south abutment box side.
        (x:1679um, xAB: [0um:1560um])

[ERROR] Side.place(IoPin): Pin "outputs(7364).0" is outside north or south abutment box side.
        (x:1679.5um, xAB: [0um:1560um])

[ERROR] Side.place(IoPin): Pin "outputs(7365).0" is outside north or south abutment box side.
        (x:1680um, xAB: [0um:1560um])

[ERROR] Side.place(IoPin): Pin "outputs(7366).0" is outside north or south abutment box side.
        (x:1680.5um, xAB: [0um:1560um])

[ERROR] Side.place(IoPin): Pin "outputs(7367).0" is outside north or south abutment box side.
        (x:1681um, xAB: [0um:1560um])

[ERROR] Side.place(IoPin): Pin "outputs(7368).0" is outside north or south abutment box side.
        (x:1681.5um, xAB: [0um:1560um])

[ERROR] Side.place(IoPin): Pin "outputs(7369).0" is outside north or south abutment box side.
        (x:1682um, xAB: [0um:1560um])

[ERROR] Side.place(IoPin): Pin "outputs(7370).0" is outside north or south abutment box side.
        (x:1682.5um, xAB: [0um:1560um])

[ERROR] Side.place(IoPin): Pin "outputs(7371).0" is outside north or south abutment box side.
        (x:1683um, xAB: [0um:1560um])

[ERROR] Side.place(IoPin): Pin "outputs(7372).0" is outside north or south abutment box side.
        (x:1683.5um, xAB: [0um:1560um])

[ERROR] Side.place(IoPin): Pin "outputs(7373).0" is outside north or south abutment box side.
        (x:1684um, xAB: [0um:1560um])

[ERROR] Side.place(IoPin): Pin "outputs(7374).0" is outside north or south abutment box side.
        (x:1684.5um, xAB: [0um:1560um])

[ERROR] Side.place(IoPin): Pin "outputs(7375).0" is outside north or south abutment box side.
        (x:1685um, xAB: [0um:1560um])

[ERROR] Side.place(IoPin): Pin "outputs(7376).0" is outside north or south abutment box side.
        (x:1685.5um, xAB: [0um:1560um])

[ERROR] Side.place(IoPin): Pin "outputs(7377).0" is outside north or south abutment box side.
        (x:1686um, xAB: [0um:1560um])

[ERROR] Side.place(IoPin): Pin "outputs(7378).0" is outside north or south abutment box side.
        (x:1686.5um, xAB: [0um:1560um])

[ERROR] Side.place(IoPin): Pin "outputs(7379).0" is outside north or south abutment box side.
        (x:1687um, xAB: [0um:1560um])

[ERROR] Side.place(IoPin): Pin "outputs(7380).0" is outside north or south abutment box side.
        (x:1687.5um, xAB: [0um:1560um])

[ERROR] Side.place(IoPin): Pin "outputs(7381).0" is outside north or south abutment box side.
        (x:1688um, xAB: [0um:1560um])

[ERROR] Side.place(IoPin): Pin "outputs(7382).0" is outside north or south abutment box side.
        (x:1688.5um, xAB: [0um:1560um])

[ERROR] Side.place(IoPin): Pin "outputs(7383).0" is outside north or south abutment box side.
        (x:1689um, xAB: [0um:1560um])

[ERROR] Side.place(IoPin): Pin "outputs(7384).0" is outside north or south abutment box side.
        (x:1689.5um, xAB: [0um:1560um])

[ERROR] Side.place(IoPin): Pin "outputs(7385).0" is outside north or south abutment box side.
        (x:1690um, xAB: [0um:1560um])

[ERROR] Side.place(IoPin): Pin "outputs(7386).0" is outside north or south abutment box side.
        (x:1690.5um, xAB: [0um:1560um])

[ERROR] Side.place(IoPin): Pin "outputs(7387).0" is outside north or south abutment box side.
        (x:1691um, xAB: [0um:1560um])

[ERROR] Side.place(IoPin): Pin "outputs(7388).0" is outside north or south abutment box side.
        (x:1691.5um, xAB: [0um:1560um])

[ERROR] Side.place(IoPin): Pin "outputs(7389).0" is outside north or south abutment box side.
        (x:1692um, xAB: [0um:1560um])

[ERROR] Side.place(IoPin): Pin "outputs(7390).0" is outside north or south abutment box side.
        (x:1692.5um, xAB: [0um:1560um])

[ERROR] Side.place(IoPin): Pin "outputs(7391).0" is outside north or south abutment box side.
        (x:1693um, xAB: [0um:1560um])

[ERROR] Side.place(IoPin): Pin "outputs(7392).0" is outside north or south abutment box side.
        (x:1693.5um, xAB: [0um:1560um])

[ERROR] Side.place(IoPin): Pin "outputs(7393).0" is outside north or south abutment box side.
        (x:1694um, xAB: [0um:1560um])

[ERROR] Side.place(IoPin): Pin "outputs(7394).0" is outside north or south abutment box side.
        (x:1694.5um, xAB: [0um:1560um])

[ERROR] Side.place(IoPin): Pin "outputs(7395).0" is outside north or south abutment box side.
        (x:1695um, xAB: [0um:1560um])

[ERROR] Side.place(IoPin): Pin "outputs(7396).0" is outside north or south abutment box side.
        (x:1695.5um, xAB: [0um:1560um])

[ERROR] Side.place(IoPin): Pin "outputs(7397).0" is outside north or south abutment box side.
        (x:1696um, xAB: [0um:1560um])

[ERROR] Side.place(IoPin): Pin "outputs(7398).0" is outside north or south abutment box side.
        (x:1696.5um, xAB: [0um:1560um])

[ERROR] Side.place(IoPin): Pin "outputs(7399).0" is outside north or south abutment box side.
        (x:1697um, xAB: [0um:1560um])

[ERROR] Side.place(IoPin): Pin "outputs(7400).0" is outside north or south abutment box side.
        (x:1697.5um, xAB: [0um:1560um])

[ERROR] Side.place(IoPin): Pin "outputs(7401).0" is outside north or south abutment box side.
        (x:1698um, xAB: [0um:1560um])

[ERROR] Side.place(IoPin): Pin "outputs(7402).0" is outside north or south abutment box side.
        (x:1698.5um, xAB: [0um:1560um])

[ERROR] Side.place(IoPin): Pin "outputs(7403).0" is outside north or south abutment box side.
        (x:1699um, xAB: [0um:1560um])

[ERROR] Side.place(IoPin): Pin "outputs(7404).0" is outside north or south abutment box side.
        (x:1699.5um, xAB: [0um:1560um])

[ERROR] Side.place(IoPin): Pin "outputs(7405).0" is outside north or south abutment box side.
        (x:1700um, xAB: [0um:1560um])

[ERROR] Side.place(IoPin): Pin "outputs(7406).0" is outside north or south abutment box side.
        (x:1700.5um, xAB: [0um:1560um])

[ERROR] Side.place(IoPin): Pin "outputs(7407).0" is outside north or south abutment box side.
        (x:1701um, xAB: [0um:1560um])

[ERROR] Side.place(IoPin): Pin "outputs(7408).0" is outside north or south abutment box side.
        (x:1701.5um, xAB: [0um:1560um])

[ERROR] Side.place(IoPin): Pin "outputs(7409).0" is outside north or south abutment box side.
        (x:1702um, xAB: [0um:1560um])

[ERROR] Side.place(IoPin): Pin "outputs(7410).0" is outside north or south abutment box side.
        (x:1702.5um, xAB: [0um:1560um])

[ERROR] Side.place(IoPin): Pin "outputs(7411).0" is outside north or south abutment box side.
        (x:1703um, xAB: [0um:1560um])

[ERROR] Side.place(IoPin): Pin "outputs(7412).0" is outside north or south abutment box side.
        (x:1703.5um, xAB: [0um:1560um])

[ERROR] Side.place(IoPin): Pin "outputs(7413).0" is outside north or south abutment box side.
        (x:1704um, xAB: [0um:1560um])

[ERROR] Side.place(IoPin): Pin "outputs(7414).0" is outside north or south abutment box side.
        (x:1704.5um, xAB: [0um:1560um])

[ERROR] Side.place(IoPin): Pin "outputs(7415).0" is outside north or south abutment box side.
        (x:1705um, xAB: [0um:1560um])

[ERROR] Side.place(IoPin): Pin "outputs(7416).0" is outside north or south abutment box side.
        (x:1705.5um, xAB: [0um:1560um])

[ERROR] Side.place(IoPin): Pin "outputs(7417).0" is outside north or south abutment box side.
        (x:1706um, xAB: [0um:1560um])

[ERROR] Side.place(IoPin): Pin "outputs(7418).0" is outside north or south abutment box side.
        (x:1706.5um, xAB: [0um:1560um])

[ERROR] Side.place(IoPin): Pin "outputs(7419).0" is outside north or south abutment box side.
        (x:1707um, xAB: [0um:1560um])

[ERROR] Side.place(IoPin): Pin "outputs(7420).0" is outside north or south abutment box side.
        (x:1707.5um, xAB: [0um:1560um])

[ERROR] Side.place(IoPin): Pin "outputs(7421).0" is outside north or south abutment box side.
        (x:1708um, xAB: [0um:1560um])

[ERROR] Side.place(IoPin): Pin "outputs(7422).0" is outside north or south abutment box side.
        (x:1708.5um, xAB: [0um:1560um])

[ERROR] Side.place(IoPin): Pin "outputs(7423).0" is outside north or south abutment box side.
        (x:1709um, xAB: [0um:1560um])

[ERROR] Side.place(IoPin): Pin "outputs(7424).0" is outside north or south abutment box side.
        (x:1709.5um, xAB: [0um:1560um])

[ERROR] Side.place(IoPin): Pin "outputs(7425).0" is outside north or south abutment box side.
        (x:1710um, xAB: [0um:1560um])

[ERROR] Side.place(IoPin): Pin "outputs(7426).0" is outside north or south abutment box side.
        (x:1710.5um, xAB: [0um:1560um])

[ERROR] Side.place(IoPin): Pin "outputs(7427).0" is outside north or south abutment box side.
        (x:1711um, xAB: [0um:1560um])

[ERROR] Side.place(IoPin): Pin "outputs(7428).0" is outside north or south abutment box side.
        (x:1711.5um, xAB: [0um:1560um])

[ERROR] Side.place(IoPin): Pin "outputs(7429).0" is outside north or south abutment box side.
        (x:1712um, xAB: [0um:1560um])

[ERROR] Side.place(IoPin): Pin "outputs(7430).0" is outside north or south abutment box side.
        (x:1712.5um, xAB: [0um:1560um])

[ERROR] Side.place(IoPin): Pin "outputs(7431).0" is outside north or south abutment box side.
        (x:1713um, xAB: [0um:1560um])

[ERROR] Side.place(IoPin): Pin "outputs(7432).0" is outside north or south abutment box side.
        (x:1713.5um, xAB: [0um:1560um])

[ERROR] Side.place(IoPin): Pin "outputs(7433).0" is outside north or south abutment box side.
        (x:1714um, xAB: [0um:1560um])

[ERROR] Side.place(IoPin): Pin "outputs(7434).0" is outside north or south abutment box side.
        (x:1714.5um, xAB: [0um:1560um])

[ERROR] Side.place(IoPin): Pin "outputs(7435).0" is outside north or south abutment box side.
        (x:1715um, xAB: [0um:1560um])

[ERROR] Side.place(IoPin): Pin "outputs(7436).0" is outside north or south abutment box side.
        (x:1715.5um, xAB: [0um:1560um])

[ERROR] Side.place(IoPin): Pin "outputs(7437).0" is outside north or south abutment box side.
        (x:1716um, xAB: [0um:1560um])

[ERROR] Side.place(IoPin): Pin "outputs(7438).0" is outside north or south abutment box side.
        (x:1716.5um, xAB: [0um:1560um])

[ERROR] Side.place(IoPin): Pin "outputs(7439).0" is outside north or south abutment box side.
        (x:1717um, xAB: [0um:1560um])

[ERROR] Side.place(IoPin): Pin "outputs(7440).0" is outside north or south abutment box side.
        (x:1717.5um, xAB: [0um:1560um])

[ERROR] Side.place(IoPin): Pin "outputs(7441).0" is outside north or south abutment box side.
        (x:1718um, xAB: [0um:1560um])

[ERROR] Side.place(IoPin): Pin "outputs(7442).0" is outside north or south abutment box side.
        (x:1718.5um, xAB: [0um:1560um])

[ERROR] Side.place(IoPin): Pin "outputs(7443).0" is outside north or south abutment box side.
        (x:1719um, xAB: [0um:1560um])

[ERROR] Side.place(IoPin): Pin "outputs(7444).0" is outside north or south abutment box side.
        (x:1719.5um, xAB: [0um:1560um])

[ERROR] Side.place(IoPin): Pin "outputs(7445).0" is outside north or south abutment box side.
        (x:1720um, xAB: [0um:1560um])

[ERROR] Side.place(IoPin): Pin "outputs(7446).0" is outside north or south abutment box side.
        (x:1720.5um, xAB: [0um:1560um])

[ERROR] Side.place(IoPin): Pin "outputs(7447).0" is outside north or south abutment box side.
        (x:1721um, xAB: [0um:1560um])

[ERROR] Side.place(IoPin): Pin "outputs(7448).0" is outside north or south abutment box side.
        (x:1721.5um, xAB: [0um:1560um])

[ERROR] Side.place(IoPin): Pin "outputs(7449).0" is outside north or south abutment box side.
        (x:1722um, xAB: [0um:1560um])

[ERROR] Side.place(IoPin): Pin "outputs(7450).0" is outside north or south abutment box side.
        (x:1722.5um, xAB: [0um:1560um])

[ERROR] Side.place(IoPin): Pin "outputs(7451).0" is outside north or south abutment box side.
        (x:1723um, xAB: [0um:1560um])

[ERROR] Side.place(IoPin): Pin "outputs(7452).0" is outside north or south abutment box side.
        (x:1723.5um, xAB: [0um:1560um])

[ERROR] Side.place(IoPin): Pin "outputs(7453).0" is outside north or south abutment box side.
        (x:1724um, xAB: [0um:1560um])

[ERROR] Side.place(IoPin): Pin "outputs(7454).0" is outside north or south abutment box side.
        (x:1724.5um, xAB: [0um:1560um])

[ERROR] Side.place(IoPin): Pin "outputs(7455).0" is outside north or south abutment box side.
        (x:1725um, xAB: [0um:1560um])

[ERROR] Side.place(IoPin): Pin "outputs(7456).0" is outside north or south abutment box side.
        (x:1725.5um, xAB: [0um:1560um])

[ERROR] Side.place(IoPin): Pin "outputs(7457).0" is outside north or south abutment box side.
        (x:1726um, xAB: [0um:1560um])

[ERROR] Side.place(IoPin): Pin "outputs(7458).0" is outside north or south abutment box side.
        (x:1726.5um, xAB: [0um:1560um])

[ERROR] Side.place(IoPin): Pin "outputs(7459).0" is outside north or south abutment box side.
        (x:1727um, xAB: [0um:1560um])

[ERROR] Side.place(IoPin): Pin "outputs(7460).0" is outside north or south abutment box side.
        (x:1727.5um, xAB: [0um:1560um])

[ERROR] Side.place(IoPin): Pin "outputs(7461).0" is outside north or south abutment box side.
        (x:1728um, xAB: [0um:1560um])

[ERROR] Side.place(IoPin): Pin "outputs(7462).0" is outside north or south abutment box side.
        (x:1728.5um, xAB: [0um:1560um])

[ERROR] Side.place(IoPin): Pin "outputs(7463).0" is outside north or south abutment box side.
        (x:1729um, xAB: [0um:1560um])

[ERROR] Side.place(IoPin): Pin "outputs(7464).0" is outside north or south abutment box side.
        (x:1729.5um, xAB: [0um:1560um])

[ERROR] Side.place(IoPin): Pin "outputs(7465).0" is outside north or south abutment box side.
        (x:1730um, xAB: [0um:1560um])

[ERROR] Side.place(IoPin): Pin "outputs(7466).0" is outside north or south abutment box side.
        (x:1730.5um, xAB: [0um:1560um])

[ERROR] Side.place(IoPin): Pin "outputs(7467).0" is outside north or south abutment box side.
        (x:1731um, xAB: [0um:1560um])

[ERROR] Side.place(IoPin): Pin "outputs(7468).0" is outside north or south abutment box side.
        (x:1731.5um, xAB: [0um:1560um])

[ERROR] Side.place(IoPin): Pin "outputs(7469).0" is outside north or south abutment box side.
        (x:1732um, xAB: [0um:1560um])

[ERROR] Side.place(IoPin): Pin "outputs(7470).0" is outside north or south abutment box side.
        (x:1732.5um, xAB: [0um:1560um])

[ERROR] Side.place(IoPin): Pin "outputs(7471).0" is outside north or south abutment box side.
        (x:1733um, xAB: [0um:1560um])

[ERROR] Side.place(IoPin): Pin "outputs(7472).0" is outside north or south abutment box side.
        (x:1733.5um, xAB: [0um:1560um])

[ERROR] Side.place(IoPin): Pin "outputs(7473).0" is outside north or south abutment box side.
        (x:1734um, xAB: [0um:1560um])

[ERROR] Side.place(IoPin): Pin "outputs(7474).0" is outside north or south abutment box side.
        (x:1734.5um, xAB: [0um:1560um])

[ERROR] Side.place(IoPin): Pin "outputs(7475).0" is outside north or south abutment box side.
        (x:1735um, xAB: [0um:1560um])

[ERROR] Side.place(IoPin): Pin "outputs(7476).0" is outside north or south abutment box side.
        (x:1735.5um, xAB: [0um:1560um])

[ERROR] Side.place(IoPin): Pin "outputs(7477).0" is outside north or south abutment box side.
        (x:1736um, xAB: [0um:1560um])

[ERROR] Side.place(IoPin): Pin "outputs(7478).0" is outside north or south abutment box side.
        (x:1736.5um, xAB: [0um:1560um])

[ERROR] Side.place(IoPin): Pin "outputs(7479).0" is outside north or south abutment box side.
        (x:1737um, xAB: [0um:1560um])

[ERROR] Side.place(IoPin): Pin "outputs(7480).0" is outside north or south abutment box side.
        (x:1737.5um, xAB: [0um:1560um])

[ERROR] Side.place(IoPin): Pin "outputs(7481).0" is outside north or south abutment box side.
        (x:1738um, xAB: [0um:1560um])

[ERROR] Side.place(IoPin): Pin "outputs(7482).0" is outside north or south abutment box side.
        (x:1738.5um, xAB: [0um:1560um])

[ERROR] Side.place(IoPin): Pin "outputs(7483).0" is outside north or south abutment box side.
        (x:1739um, xAB: [0um:1560um])

[ERROR] Side.place(IoPin): Pin "outputs(7484).0" is outside north or south abutment box side.
        (x:1739.5um, xAB: [0um:1560um])

[ERROR] Side.place(IoPin): Pin "outputs(7485).0" is outside north or south abutment box side.
        (x:1740um, xAB: [0um:1560um])

[ERROR] Side.place(IoPin): Pin "outputs(7486).0" is outside north or south abutment box side.
        (x:1740.5um, xAB: [0um:1560um])

[ERROR] Side.place(IoPin): Pin "outputs(7487).0" is outside north or south abutment box side.
        (x:1741um, xAB: [0um:1560um])

[ERROR] Side.place(IoPin): Pin "outputs(7488).0" is outside north or south abutment box side.
        (x:1741.5um, xAB: [0um:1560um])

[ERROR] Side.place(IoPin): Pin "outputs(7489).0" is outside north or south abutment box side.
        (x:1742um, xAB: [0um:1560um])

[ERROR] Side.place(IoPin): Pin "outputs(7490).0" is outside north or south abutment box side.
        (x:1742.5um, xAB: [0um:1560um])

[ERROR] Side.place(IoPin): Pin "outputs(7491).0" is outside north or south abutment box side.
        (x:1743um, xAB: [0um:1560um])

[ERROR] Side.place(IoPin): Pin "outputs(7492).0" is outside north or south abutment box side.
        (x:1743.5um, xAB: [0um:1560um])

[ERROR] Side.place(IoPin): Pin "outputs(7493).0" is outside north or south abutment box side.
        (x:1744um, xAB: [0um:1560um])

[ERROR] Side.place(IoPin): Pin "outputs(7494).0" is outside north or south abutment box side.
        (x:1744.5um, xAB: [0um:1560um])

[ERROR] Side.place(IoPin): Pin "outputs(7495).0" is outside north or south abutment box side.
        (x:1745um, xAB: [0um:1560um])

[ERROR] Side.place(IoPin): Pin "outputs(7496).0" is outside north or south abutment box side.
        (x:1745.5um, xAB: [0um:1560um])

[ERROR] Side.place(IoPin): Pin "outputs(7497).0" is outside north or south abutment box side.
        (x:1746um, xAB: [0um:1560um])

[ERROR] Side.place(IoPin): Pin "outputs(7498).0" is outside north or south abutment box side.
        (x:1746.5um, xAB: [0um:1560um])

[ERROR] Side.place(IoPin): Pin "outputs(7499).0" is outside north or south abutment box side.
        (x:1747um, xAB: [0um:1560um])

[ERROR] Side.place(IoPin): Pin "outputs(7500).0" is outside north or south abutment box side.
        (x:1747.5um, xAB: [0um:1560um])

[ERROR] Side.place(IoPin): Pin "outputs(7501).0" is outside north or south abutment box side.
        (x:1748um, xAB: [0um:1560um])

[ERROR] Side.place(IoPin): Pin "outputs(7502).0" is outside north or south abutment box side.
        (x:1748.5um, xAB: [0um:1560um])

[ERROR] Side.place(IoPin): Pin "outputs(7503).0" is outside north or south abutment box side.
        (x:1749um, xAB: [0um:1560um])

[ERROR] Side.place(IoPin): Pin "outputs(7504).0" is outside north or south abutment box side.
        (x:1749.5um, xAB: [0um:1560um])

[ERROR] Side.place(IoPin): Pin "outputs(7505).0" is outside north or south abutment box side.
        (x:1750um, xAB: [0um:1560um])

[ERROR] Side.place(IoPin): Pin "outputs(7506).0" is outside north or south abutment box side.
        (x:1750.5um, xAB: [0um:1560um])

[ERROR] Side.place(IoPin): Pin "outputs(7507).0" is outside north or south abutment box side.
        (x:1751um, xAB: [0um:1560um])

[ERROR] Side.place(IoPin): Pin "outputs(7508).0" is outside north or south abutment box side.
        (x:1751.5um, xAB: [0um:1560um])

[ERROR] Side.place(IoPin): Pin "outputs(7509).0" is outside north or south abutment box side.
        (x:1752um, xAB: [0um:1560um])

[ERROR] Side.place(IoPin): Pin "outputs(7510).0" is outside north or south abutment box side.
        (x:1752.5um, xAB: [0um:1560um])

[ERROR] Side.place(IoPin): Pin "outputs(7511).0" is outside north or south abutment box side.
        (x:1753um, xAB: [0um:1560um])

[ERROR] Side.place(IoPin): Pin "outputs(7512).0" is outside north or south abutment box side.
        (x:1753.5um, xAB: [0um:1560um])

[ERROR] Side.place(IoPin): Pin "outputs(7513).0" is outside north or south abutment box side.
        (x:1754um, xAB: [0um:1560um])

[ERROR] Side.place(IoPin): Pin "outputs(7514).0" is outside north or south abutment box side.
        (x:1754.5um, xAB: [0um:1560um])

[ERROR] Side.place(IoPin): Pin "outputs(7515).0" is outside north or south abutment box side.
        (x:1755um, xAB: [0um:1560um])

[ERROR] Side.place(IoPin): Pin "outputs(7516).0" is outside north or south abutment box side.
        (x:1755.5um, xAB: [0um:1560um])

[ERROR] Side.place(IoPin): Pin "outputs(7517).0" is outside north or south abutment box side.
        (x:1756um, xAB: [0um:1560um])

[ERROR] Side.place(IoPin): Pin "outputs(7518).0" is outside north or south abutment box side.
        (x:1756.5um, xAB: [0um:1560um])

[ERROR] Side.place(IoPin): Pin "outputs(7519).0" is outside north or south abutment box side.
        (x:1757um, xAB: [0um:1560um])

[ERROR] Side.place(IoPin): Pin "outputs(7520).0" is outside north or south abutment box side.
        (x:1757.5um, xAB: [0um:1560um])

[ERROR] Side.place(IoPin): Pin "outputs(7521).0" is outside north or south abutment box side.
        (x:1758um, xAB: [0um:1560um])

[ERROR] Side.place(IoPin): Pin "outputs(7522).0" is outside north or south abutment box side.
        (x:1758.5um, xAB: [0um:1560um])

[ERROR] Side.place(IoPin): Pin "outputs(7523).0" is outside north or south abutment box side.
        (x:1759um, xAB: [0um:1560um])

[ERROR] Side.place(IoPin): Pin "outputs(7524).0" is outside north or south abutment box side.
        (x:1759.5um, xAB: [0um:1560um])

[ERROR] Side.place(IoPin): Pin "outputs(7525).0" is outside north or south abutment box side.
        (x:1760um, xAB: [0um:1560um])

[ERROR] Side.place(IoPin): Pin "outputs(7526).0" is outside north or south abutment box side.
        (x:1760.5um, xAB: [0um:1560um])

[ERROR] Side.place(IoPin): Pin "outputs(7527).0" is outside north or south abutment box side.
        (x:1761um, xAB: [0um:1560um])

[ERROR] Side.place(IoPin): Pin "outputs(7528).0" is outside north or south abutment box side.
        (x:1761.5um, xAB: [0um:1560um])

[ERROR] Side.place(IoPin): Pin "outputs(7529).0" is outside north or south abutment box side.
        (x:1762um, xAB: [0um:1560um])

[ERROR] Side.place(IoPin): Pin "outputs(7530).0" is outside north or south abutment box side.
        (x:1762.5um, xAB: [0um:1560um])

[ERROR] Side.place(IoPin): Pin "outputs(7531).0" is outside north or south abutment box side.
        (x:1763um, xAB: [0um:1560um])

[ERROR] Side.place(IoPin): Pin "outputs(7532).0" is outside north or south abutment box side.
        (x:1763.5um, xAB: [0um:1560um])

[ERROR] Side.place(IoPin): Pin "outputs(7533).0" is outside north or south abutment box side.
        (x:1764um, xAB: [0um:1560um])

[ERROR] Side.place(IoPin): Pin "outputs(7534).0" is outside north or south abutment box side.
        (x:1764.5um, xAB: [0um:1560um])

[ERROR] Side.place(IoPin): Pin "outputs(7535).0" is outside north or south abutment box side.
        (x:1765um, xAB: [0um:1560um])

[ERROR] Side.place(IoPin): Pin "outputs(7536).0" is outside north or south abutment box side.
        (x:1765.5um, xAB: [0um:1560um])

[ERROR] Side.place(IoPin): Pin "outputs(7537).0" is outside north or south abutment box side.
        (x:1766um, xAB: [0um:1560um])

[ERROR] Side.place(IoPin): Pin "outputs(7538).0" is outside north or south abutment box side.
        (x:1766.5um, xAB: [0um:1560um])

[ERROR] Side.place(IoPin): Pin "outputs(7539).0" is outside north or south abutment box side.
        (x:1767um, xAB: [0um:1560um])

[ERROR] Side.place(IoPin): Pin "outputs(7540).0" is outside north or south abutment box side.
        (x:1767.5um, xAB: [0um:1560um])

[ERROR] Side.place(IoPin): Pin "outputs(7541).0" is outside north or south abutment box side.
        (x:1768um, xAB: [0um:1560um])

[ERROR] Side.place(IoPin): Pin "outputs(7542).0" is outside north or south abutment box side.
        (x:1768.5um, xAB: [0um:1560um])

[ERROR] Side.place(IoPin): Pin "outputs(7543).0" is outside north or south abutment box side.
        (x:1769um, xAB: [0um:1560um])

[ERROR] Side.place(IoPin): Pin "outputs(7544).0" is outside north or south abutment box side.
        (x:1769.5um, xAB: [0um:1560um])

[ERROR] Side.place(IoPin): Pin "outputs(7545).0" is outside north or south abutment box side.
        (x:1770um, xAB: [0um:1560um])

[ERROR] Side.place(IoPin): Pin "outputs(7546).0" is outside north or south abutment box side.
        (x:1770.5um, xAB: [0um:1560um])

[ERROR] Side.place(IoPin): Pin "outputs(7547).0" is outside north or south abutment box side.
        (x:1771um, xAB: [0um:1560um])

[ERROR] Side.place(IoPin): Pin "outputs(7548).0" is outside north or south abutment box side.
        (x:1771.5um, xAB: [0um:1560um])

[ERROR] Side.place(IoPin): Pin "outputs(7549).0" is outside north or south abutment box side.
        (x:1772um, xAB: [0um:1560um])

[ERROR] Side.place(IoPin): Pin "outputs(7550).0" is outside north or south abutment box side.
        (x:1772.5um, xAB: [0um:1560um])

[ERROR] Side.place(IoPin): Pin "outputs(7551).0" is outside north or south abutment box side.
        (x:1773um, xAB: [0um:1560um])

[ERROR] Side.place(IoPin): Pin "outputs(7552).0" is outside north or south abutment box side.
        (x:1773.5um, xAB: [0um:1560um])

[ERROR] Side.place(IoPin): Pin "outputs(7553).0" is outside north or south abutment box side.
        (x:1774um, xAB: [0um:1560um])

[ERROR] Side.place(IoPin): Pin "outputs(7554).0" is outside north or south abutment box side.
        (x:1774.5um, xAB: [0um:1560um])

[ERROR] Side.place(IoPin): Pin "outputs(7555).0" is outside north or south abutment box side.
        (x:1775um, xAB: [0um:1560um])

[ERROR] Side.place(IoPin): Pin "outputs(7556).0" is outside north or south abutment box side.
        (x:1775.5um, xAB: [0um:1560um])

[ERROR] Side.place(IoPin): Pin "outputs(7557).0" is outside north or south abutment box side.
        (x:1776um, xAB: [0um:1560um])

[ERROR] Side.place(IoPin): Pin "outputs(7558).0" is outside north or south abutment box side.
        (x:1776.5um, xAB: [0um:1560um])

[ERROR] Side.place(IoPin): Pin "outputs(7559).0" is outside north or south abutment box side.
        (x:1777um, xAB: [0um:1560um])

[ERROR] Side.place(IoPin): Pin "outputs(7560).0" is outside north or south abutment box side.
        (x:1777.5um, xAB: [0um:1560um])

[ERROR] Side.place(IoPin): Pin "outputs(7561).0" is outside north or south abutment box side.
        (x:1778um, xAB: [0um:1560um])

[ERROR] Side.place(IoPin): Pin "outputs(7562).0" is outside north or south abutment box side.
        (x:1778.5um, xAB: [0um:1560um])

[ERROR] Side.place(IoPin): Pin "outputs(7563).0" is outside north or south abutment box side.
        (x:1779um, xAB: [0um:1560um])

[ERROR] Side.place(IoPin): Pin "outputs(7564).0" is outside north or south abutment box side.
        (x:1779.5um, xAB: [0um:1560um])

[ERROR] Side.place(IoPin): Pin "outputs(7565).0" is outside north or south abutment box side.
        (x:1780um, xAB: [0um:1560um])

[ERROR] Side.place(IoPin): Pin "outputs(7566).0" is outside north or south abutment box side.
        (x:1780.5um, xAB: [0um:1560um])

[ERROR] Side.place(IoPin): Pin "outputs(7567).0" is outside north or south abutment box side.
        (x:1781um, xAB: [0um:1560um])

[ERROR] Side.place(IoPin): Pin "outputs(7568).0" is outside north or south abutment box side.
        (x:1781.5um, xAB: [0um:1560um])

[ERROR] Side.place(IoPin): Pin "outputs(7569).0" is outside north or south abutment box side.
        (x:1782um, xAB: [0um:1560um])

[ERROR] Side.place(IoPin): Pin "outputs(7570).0" is outside north or south abutment box side.
        (x:1782.5um, xAB: [0um:1560um])

[ERROR] Side.place(IoPin): Pin "outputs(7571).0" is outside north or south abutment box side.
        (x:1783um, xAB: [0um:1560um])

[ERROR] Side.place(IoPin): Pin "outputs(7572).0" is outside north or south abutment box side.
        (x:1783.5um, xAB: [0um:1560um])

[ERROR] Side.place(IoPin): Pin "outputs(7573).0" is outside north or south abutment box side.
        (x:1784um, xAB: [0um:1560um])

[ERROR] Side.place(IoPin): Pin "outputs(7574).0" is outside north or south abutment box side.
        (x:1784.5um, xAB: [0um:1560um])

[ERROR] Side.place(IoPin): Pin "outputs(7575).0" is outside north or south abutment box side.
        (x:1785um, xAB: [0um:1560um])

[ERROR] Side.place(IoPin): Pin "outputs(7576).0" is outside north or south abutment box side.
        (x:1785.5um, xAB: [0um:1560um])

[ERROR] Side.place(IoPin): Pin "outputs(7577).0" is outside north or south abutment box side.
        (x:1786um, xAB: [0um:1560um])

[ERROR] Side.place(IoPin): Pin "outputs(7578).0" is outside north or south abutment box side.
        (x:1786.5um, xAB: [0um:1560um])

[ERROR] Side.place(IoPin): Pin "outputs(7579).0" is outside north or south abutment box side.
        (x:1787um, xAB: [0um:1560um])

[ERROR] Side.place(IoPin): Pin "outputs(7580).0" is outside north or south abutment box side.
        (x:1787.5um, xAB: [0um:1560um])

[ERROR] Side.place(IoPin): Pin "outputs(7581).0" is outside north or south abutment box side.
        (x:1788um, xAB: [0um:1560um])

[ERROR] Side.place(IoPin): Pin "outputs(7582).0" is outside north or south abutment box side.
        (x:1788.5um, xAB: [0um:1560um])

[ERROR] Side.place(IoPin): Pin "outputs(7583).0" is outside north or south abutment box side.
        (x:1789um, xAB: [0um:1560um])

[ERROR] Side.place(IoPin): Pin "outputs(7584).0" is outside north or south abutment box side.
        (x:1789.5um, xAB: [0um:1560um])

[ERROR] Side.place(IoPin): Pin "outputs(7585).0" is outside north or south abutment box side.
        (x:1790um, xAB: [0um:1560um])

[ERROR] Side.place(IoPin): Pin "outputs(7586).0" is outside north or south abutment box side.
        (x:1790.5um, xAB: [0um:1560um])

[ERROR] Side.place(IoPin): Pin "outputs(7587).0" is outside north or south abutment box side.
        (x:1791um, xAB: [0um:1560um])

[ERROR] Side.place(IoPin): Pin "outputs(7588).0" is outside north or south abutment box side.
        (x:1791.5um, xAB: [0um:1560um])

[ERROR] Side.place(IoPin): Pin "outputs(7589).0" is outside north or south abutment box side.
        (x:1792um, xAB: [0um:1560um])

[ERROR] Side.place(IoPin): Pin "outputs(7590).0" is outside north or south abutment box side.
        (x:1792.5um, xAB: [0um:1560um])

[ERROR] Side.place(IoPin): Pin "outputs(7591).0" is outside north or south abutment box side.
        (x:1793um, xAB: [0um:1560um])

[ERROR] Side.place(IoPin): Pin "outputs(7592).0" is outside north or south abutment box side.
        (x:1793.5um, xAB: [0um:1560um])

[ERROR] Side.place(IoPin): Pin "outputs(7593).0" is outside north or south abutment box side.
        (x:1794um, xAB: [0um:1560um])

[ERROR] Side.place(IoPin): Pin "outputs(7594).0" is outside north or south abutment box side.
        (x:1794.5um, xAB: [0um:1560um])

[ERROR] Side.place(IoPin): Pin "outputs(7595).0" is outside north or south abutment box side.
        (x:1795um, xAB: [0um:1560um])

[ERROR] Side.place(IoPin): Pin "outputs(7596).0" is outside north or south abutment box side.
        (x:1795.5um, xAB: [0um:1560um])

[ERROR] Side.place(IoPin): Pin "outputs(7597).0" is outside north or south abutment box side.
        (x:1796um, xAB: [0um:1560um])

[ERROR] Side.place(IoPin): Pin "outputs(7598).0" is outside north or south abutment box side.
        (x:1796.5um, xAB: [0um:1560um])

[ERROR] Side.place(IoPin): Pin "outputs(7599).0" is outside north or south abutment box side.
        (x:1797um, xAB: [0um:1560um])

[ERROR] Side.place(IoPin): Pin "outputs(7600).0" is outside north or south abutment box side.
        (x:1797.5um, xAB: [0um:1560um])

[ERROR] Side.place(IoPin): Pin "outputs(7601).0" is outside north or south abutment box side.
        (x:1798um, xAB: [0um:1560um])

[ERROR] Side.place(IoPin): Pin "outputs(7602).0" is outside north or south abutment box side.
        (x:1798.5um, xAB: [0um:1560um])

[ERROR] Side.place(IoPin): Pin "outputs(7603).0" is outside north or south abutment box side.
        (x:1799um, xAB: [0um:1560um])

[ERROR] Side.place(IoPin): Pin "outputs(7604).0" is outside north or south abutment box side.
        (x:1799.5um, xAB: [0um:1560um])

[ERROR] Side.place(IoPin): Pin "outputs(7605).0" is outside north or south abutment box side.
        (x:1800um, xAB: [0um:1560um])

[ERROR] Side.place(IoPin): Pin "outputs(7606).0" is outside north or south abutment box side.
        (x:1800.5um, xAB: [0um:1560um])

[ERROR] Side.place(IoPin): Pin "outputs(7607).0" is outside north or south abutment box side.
        (x:1801um, xAB: [0um:1560um])

[ERROR] Side.place(IoPin): Pin "outputs(7608).0" is outside north or south abutment box side.
        (x:1801.5um, xAB: [0um:1560um])

[ERROR] Side.place(IoPin): Pin "outputs(7609).0" is outside north or south abutment box side.
        (x:1802um, xAB: [0um:1560um])

[ERROR] Side.place(IoPin): Pin "outputs(7610).0" is outside north or south abutment box side.
        (x:1802.5um, xAB: [0um:1560um])

[ERROR] Side.place(IoPin): Pin "outputs(7611).0" is outside north or south abutment box side.
        (x:1803um, xAB: [0um:1560um])

[ERROR] Side.place(IoPin): Pin "outputs(7612).0" is outside north or south abutment box side.
        (x:1803.5um, xAB: [0um:1560um])

[ERROR] Side.place(IoPin): Pin "outputs(7613).0" is outside north or south abutment box side.
        (x:1804um, xAB: [0um:1560um])

[ERROR] Side.place(IoPin): Pin "outputs(7614).0" is outside north or south abutment box side.
        (x:1804.5um, xAB: [0um:1560um])

[ERROR] Side.place(IoPin): Pin "outputs(7615).0" is outside north or south abutment box side.
        (x:1805um, xAB: [0um:1560um])

[ERROR] Side.place(IoPin): Pin "outputs(7616).0" is outside north or south abutment box side.
        (x:1805.5um, xAB: [0um:1560um])

[ERROR] Side.place(IoPin): Pin "outputs(7617).0" is outside north or south abutment box side.
        (x:1806um, xAB: [0um:1560um])

[ERROR] Side.place(IoPin): Pin "outputs(7618).0" is outside north or south abutment box side.
        (x:1806.5um, xAB: [0um:1560um])

[ERROR] Side.place(IoPin): Pin "outputs(7619).0" is outside north or south abutment box side.
        (x:1807um, xAB: [0um:1560um])

[ERROR] Side.place(IoPin): Pin "outputs(7620).0" is outside north or south abutment box side.
        (x:1807.5um, xAB: [0um:1560um])

[ERROR] Side.place(IoPin): Pin "outputs(7621).0" is outside north or south abutment box side.
        (x:1808um, xAB: [0um:1560um])

[ERROR] Side.place(IoPin): Pin "outputs(7622).0" is outside north or south abutment box side.
        (x:1808.5um, xAB: [0um:1560um])

[ERROR] Side.place(IoPin): Pin "outputs(7623).0" is outside north or south abutment box side.
        (x:1809um, xAB: [0um:1560um])

[ERROR] Side.place(IoPin): Pin "outputs(7624).0" is outside north or south abutment box side.
        (x:1809.5um, xAB: [0um:1560um])

[ERROR] Side.place(IoPin): Pin "outputs(7625).0" is outside north or south abutment box side.
        (x:1810um, xAB: [0um:1560um])

[ERROR] Side.place(IoPin): Pin "outputs(7626).0" is outside north or south abutment box side.
        (x:1810.5um, xAB: [0um:1560um])

[ERROR] Side.place(IoPin): Pin "outputs(7627).0" is outside north or south abutment box side.
        (x:1811um, xAB: [0um:1560um])

[ERROR] Side.place(IoPin): Pin "outputs(7628).0" is outside north or south abutment box side.
        (x:1811.5um, xAB: [0um:1560um])

[ERROR] Side.place(IoPin): Pin "outputs(7629).0" is outside north or south abutment box side.
        (x:1812um, xAB: [0um:1560um])

[ERROR] Side.place(IoPin): Pin "outputs(7630).0" is outside north or south abutment box side.
        (x:1812.5um, xAB: [0um:1560um])

[ERROR] Side.place(IoPin): Pin "outputs(7631).0" is outside north or south abutment box side.
        (x:1813um, xAB: [0um:1560um])

[ERROR] Side.place(IoPin): Pin "outputs(7632).0" is outside north or south abutment box side.
        (x:1813.5um, xAB: [0um:1560um])

[ERROR] Side.place(IoPin): Pin "outputs(7633).0" is outside north or south abutment box side.
        (x:1814um, xAB: [0um:1560um])

[ERROR] Side.place(IoPin): Pin "outputs(7634).0" is outside north or south abutment box side.
        (x:1814.5um, xAB: [0um:1560um])

[ERROR] Side.place(IoPin): Pin "outputs(7635).0" is outside north or south abutment box side.
        (x:1815um, xAB: [0um:1560um])

[ERROR] Side.place(IoPin): Pin "outputs(7636).0" is outside north or south abutment box side.
        (x:1815.5um, xAB: [0um:1560um])

[ERROR] Side.place(IoPin): Pin "outputs(7637).0" is outside north or south abutment box side.
        (x:1816um, xAB: [0um:1560um])

[ERROR] Side.place(IoPin): Pin "outputs(7638).0" is outside north or south abutment box side.
        (x:1816.5um, xAB: [0um:1560um])

[ERROR] Side.place(IoPin): Pin "outputs(7639).0" is outside north or south abutment box side.
        (x:1817um, xAB: [0um:1560um])

[ERROR] Side.place(IoPin): Pin "outputs(7640).0" is outside north or south abutment box side.
        (x:1817.5um, xAB: [0um:1560um])

[ERROR] Side.place(IoPin): Pin "outputs(7641).0" is outside north or south abutment box side.
        (x:1818um, xAB: [0um:1560um])

[ERROR] Side.place(IoPin): Pin "outputs(7642).0" is outside north or south abutment box side.
        (x:1818.5um, xAB: [0um:1560um])

[ERROR] Side.place(IoPin): Pin "outputs(7643).0" is outside north or south abutment box side.
        (x:1819um, xAB: [0um:1560um])

[ERROR] Side.place(IoPin): Pin "outputs(7644).0" is outside north or south abutment box side.
        (x:1819.5um, xAB: [0um:1560um])

[ERROR] Side.place(IoPin): Pin "outputs(7645).0" is outside north or south abutment box side.
        (x:1820um, xAB: [0um:1560um])

[ERROR] Side.place(IoPin): Pin "outputs(7646).0" is outside north or south abutment box side.
        (x:1820.5um, xAB: [0um:1560um])

[ERROR] Side.place(IoPin): Pin "outputs(7647).0" is outside north or south abutment box side.
        (x:1821um, xAB: [0um:1560um])

[ERROR] Side.place(IoPin): Pin "outputs(7648).0" is outside north or south abutment box side.
        (x:1821.5um, xAB: [0um:1560um])

[ERROR] Side.place(IoPin): Pin "outputs(7649).0" is outside north or south abutment box side.
        (x:1822um, xAB: [0um:1560um])

[ERROR] Side.place(IoPin): Pin "outputs(7650).0" is outside north or south abutment box side.
        (x:1822.5um, xAB: [0um:1560um])

[ERROR] Side.place(IoPin): Pin "outputs(7651).0" is outside north or south abutment box side.
        (x:1823um, xAB: [0um:1560um])

[ERROR] Side.place(IoPin): Pin "outputs(7652).0" is outside north or south abutment box side.
        (x:1823.5um, xAB: [0um:1560um])

[ERROR] Side.place(IoPin): Pin "outputs(7653).0" is outside north or south abutment box side.
        (x:1824um, xAB: [0um:1560um])

[ERROR] Side.place(IoPin): Pin "outputs(7654).0" is outside north or south abutment box side.
        (x:1824.5um, xAB: [0um:1560um])

[ERROR] Side.place(IoPin): Pin "outputs(7655).0" is outside north or south abutment box side.
        (x:1825um, xAB: [0um:1560um])

[ERROR] Side.place(IoPin): Pin "outputs(7656).0" is outside north or south abutment box side.
        (x:1825.5um, xAB: [0um:1560um])

[ERROR] Side.place(IoPin): Pin "outputs(7657).0" is outside north or south abutment box side.
        (x:1826um, xAB: [0um:1560um])

[ERROR] Side.place(IoPin): Pin "outputs(7658).0" is outside north or south abutment box side.
        (x:1826.5um, xAB: [0um:1560um])

[ERROR] Side.place(IoPin): Pin "outputs(7659).0" is outside north or south abutment box side.
        (x:1827um, xAB: [0um:1560um])

[ERROR] Side.place(IoPin): Pin "outputs(7660).0" is outside north or south abutment box side.
        (x:1827.5um, xAB: [0um:1560um])

[ERROR] Side.place(IoPin): Pin "outputs(7661).0" is outside north or south abutment box side.
        (x:1828um, xAB: [0um:1560um])

[ERROR] Side.place(IoPin): Pin "outputs(7662).0" is outside north or south abutment box side.
        (x:1828.5um, xAB: [0um:1560um])

[ERROR] Side.place(IoPin): Pin "outputs(7663).0" is outside north or south abutment box side.
        (x:1829um, xAB: [0um:1560um])

[ERROR] Side.place(IoPin): Pin "outputs(7664).0" is outside north or south abutment box side.
        (x:1829.5um, xAB: [0um:1560um])

[ERROR] Side.place(IoPin): Pin "outputs(7665).0" is outside north or south abutment box side.
        (x:1830um, xAB: [0um:1560um])

[ERROR] Side.place(IoPin): Pin "outputs(7666).0" is outside north or south abutment box side.
        (x:1830.5um, xAB: [0um:1560um])

[ERROR] Side.place(IoPin): Pin "outputs(7667).0" is outside north or south abutment box side.
        (x:1831um, xAB: [0um:1560um])

[ERROR] Side.place(IoPin): Pin "outputs(7668).0" is outside north or south abutment box side.
        (x:1831.5um, xAB: [0um:1560um])

[ERROR] Side.place(IoPin): Pin "outputs(7669).0" is outside north or south abutment box side.
        (x:1832um, xAB: [0um:1560um])

[ERROR] Side.place(IoPin): Pin "outputs(7670).0" is outside north or south abutment box side.
        (x:1832.5um, xAB: [0um:1560um])

[ERROR] Side.place(IoPin): Pin "outputs(7671).0" is outside north or south abutment box side.
        (x:1833um, xAB: [0um:1560um])

[ERROR] Side.place(IoPin): Pin "outputs(7672).0" is outside north or south abutment box side.
        (x:1833.5um, xAB: [0um:1560um])

[ERROR] Side.place(IoPin): Pin "outputs(7673).0" is outside north or south abutment box side.
        (x:1834um, xAB: [0um:1560um])

[ERROR] Side.place(IoPin): Pin "outputs(7674).0" is outside north or south abutment box side.
        (x:1834.5um, xAB: [0um:1560um])

[ERROR] Side.place(IoPin): Pin "outputs(7675).0" is outside north or south abutment box side.
        (x:1835um, xAB: [0um:1560um])

[ERROR] Side.place(IoPin): Pin "outputs(7676).0" is outside north or south abutment box side.
        (x:1835.5um, xAB: [0um:1560um])

[ERROR] Side.place(IoPin): Pin "outputs(7677).0" is outside north or south abutment box side.
        (x:1836um, xAB: [0um:1560um])

[ERROR] Side.place(IoPin): Pin "outputs(7678).0" is outside north or south abutment box side.
        (x:1836.5um, xAB: [0um:1560um])

[ERROR] Side.place(IoPin): Pin "outputs(7679).0" is outside north or south abutment box side.
        (x:1837um, xAB: [0um:1560um])

[ERROR] Side.place(IoPin): Pin "outputs(7680).0" is outside north or south abutment box side.
        (x:1837.5um, xAB: [0um:1560um])

[ERROR] Side.place(IoPin): Pin "outputs(7681).0" is outside north or south abutment box side.
        (x:1838um, xAB: [0um:1560um])

[ERROR] Side.place(IoPin): Pin "outputs(7682).0" is outside north or south abutment box side.
        (x:1838.5um, xAB: [0um:1560um])

[ERROR] Side.place(IoPin): Pin "outputs(7683).0" is outside north or south abutment box side.
        (x:1839um, xAB: [0um:1560um])

[ERROR] Side.place(IoPin): Pin "outputs(7684).0" is outside north or south abutment box side.
        (x:1839.5um, xAB: [0um:1560um])

[ERROR] Side.place(IoPin): Pin "outputs(7685).0" is outside north or south abutment box side.
        (x:1840um, xAB: [0um:1560um])

[ERROR] Side.place(IoPin): Pin "outputs(7686).0" is outside north or south abutment box side.
        (x:1840.5um, xAB: [0um:1560um])

[ERROR] Side.place(IoPin): Pin "outputs(7687).0" is outside north or south abutment box side.
        (x:1841um, xAB: [0um:1560um])

[ERROR] Side.place(IoPin): Pin "outputs(7688).0" is outside north or south abutment box side.
        (x:1841.5um, xAB: [0um:1560um])

[ERROR] Side.place(IoPin): Pin "outputs(7689).0" is outside north or south abutment box side.
        (x:1842um, xAB: [0um:1560um])

[ERROR] Side.place(IoPin): Pin "outputs(7690).0" is outside north or south abutment box side.
        (x:1842.5um, xAB: [0um:1560um])

[ERROR] Side.place(IoPin): Pin "outputs(7691).0" is outside north or south abutment box side.
        (x:1843um, xAB: [0um:1560um])

[ERROR] Side.place(IoPin): Pin "outputs(7692).0" is outside north or south abutment box side.
        (x:1843.5um, xAB: [0um:1560um])

[ERROR] Side.place(IoPin): Pin "outputs(7693).0" is outside north or south abutment box side.
        (x:1844um, xAB: [0um:1560um])

[ERROR] Side.place(IoPin): Pin "outputs(7694).0" is outside north or south abutment box side.
        (x:1844.5um, xAB: [0um:1560um])

[ERROR] Side.place(IoPin): Pin "outputs(7695).0" is outside north or south abutment box side.
        (x:1845um, xAB: [0um:1560um])

[ERROR] Side.place(IoPin): Pin "outputs(7696).0" is outside north or south abutment box side.
        (x:1845.5um, xAB: [0um:1560um])

[ERROR] Side.place(IoPin): Pin "outputs(7697).0" is outside north or south abutment box side.
        (x:1846um, xAB: [0um:1560um])

[ERROR] Side.place(IoPin): Pin "outputs(7698).0" is outside north or south abutment box side.
        (x:1846.5um, xAB: [0um:1560um])

[ERROR] Side.place(IoPin): Pin "outputs(7699).0" is outside north or south abutment box side.
        (x:1847um, xAB: [0um:1560um])

[ERROR] Side.place(IoPin): Pin "outputs(7700).0" is outside north or south abutment box side.
        (x:1847.5um, xAB: [0um:1560um])

[ERROR] Side.place(IoPin): Pin "outputs(7701).0" is outside north or south abutment box side.
        (x:1848um, xAB: [0um:1560um])

[ERROR] Side.place(IoPin): Pin "outputs(7702).0" is outside north or south abutment box side.
        (x:1848.5um, xAB: [0um:1560um])

[ERROR] Side.place(IoPin): Pin "outputs(7703).0" is outside north or south abutment box side.
        (x:1849um, xAB: [0um:1560um])

[ERROR] Side.place(IoPin): Pin "outputs(7704).0" is outside north or south abutment box side.
        (x:1849.5um, xAB: [0um:1560um])

[ERROR] Side.place(IoPin): Pin "outputs(7705).0" is outside north or south abutment box side.
        (x:1850um, xAB: [0um:1560um])

[ERROR] Side.place(IoPin): Pin "outputs(7706).0" is outside north or south abutment box side.
        (x:1850.5um, xAB: [0um:1560um])

[ERROR] Side.place(IoPin): Pin "outputs(7707).0" is outside north or south abutment box side.
        (x:1851um, xAB: [0um:1560um])

[ERROR] Side.place(IoPin): Pin "outputs(7708).0" is outside north or south abutment box side.
        (x:1851.5um, xAB: [0um:1560um])

[ERROR] Side.place(IoPin): Pin "outputs(7709).0" is outside north or south abutment box side.
        (x:1852um, xAB: [0um:1560um])

[ERROR] Side.place(IoPin): Pin "outputs(7710).0" is outside north or south abutment box side.
        (x:1852.5um, xAB: [0um:1560um])

[ERROR] Side.place(IoPin): Pin "outputs(7711).0" is outside north or south abutment box side.
        (x:1853um, xAB: [0um:1560um])

[ERROR] Side.place(IoPin): Pin "outputs(7712).0" is outside north or south abutment box side.
        (x:1853.5um, xAB: [0um:1560um])

[ERROR] Side.place(IoPin): Pin "outputs(7713).0" is outside north or south abutment box side.
        (x:1854um, xAB: [0um:1560um])

[ERROR] Side.place(IoPin): Pin "outputs(7714).0" is outside north or south abutment box side.
        (x:1854.5um, xAB: [0um:1560um])

[ERROR] Side.place(IoPin): Pin "outputs(7715).0" is outside north or south abutment box side.
        (x:1855um, xAB: [0um:1560um])

[ERROR] Side.place(IoPin): Pin "outputs(7716).0" is outside north or south abutment box side.
        (x:1855.5um, xAB: [0um:1560um])

[ERROR] Side.place(IoPin): Pin "outputs(7717).0" is outside north or south abutment box side.
        (x:1856um, xAB: [0um:1560um])

[ERROR] Side.place(IoPin): Pin "outputs(7718).0" is outside north or south abutment box side.
        (x:1856.5um, xAB: [0um:1560um])

[ERROR] Side.place(IoPin): Pin "outputs(7719).0" is outside north or south abutment box side.
        (x:1857um, xAB: [0um:1560um])

[ERROR] Side.place(IoPin): Pin "outputs(7720).0" is outside north or south abutment box side.
        (x:1857.5um, xAB: [0um:1560um])

[ERROR] Side.place(IoPin): Pin "outputs(7721).0" is outside north or south abutment box side.
        (x:1858um, xAB: [0um:1560um])

[ERROR] Side.place(IoPin): Pin "outputs(7722).0" is outside north or south abutment box side.
        (x:1858.5um, xAB: [0um:1560um])

[ERROR] Side.place(IoPin): Pin "outputs(7723).0" is outside north or south abutment box side.
        (x:1859um, xAB: [0um:1560um])

[ERROR] Side.place(IoPin): Pin "outputs(7724).0" is outside north or south abutment box side.
        (x:1859.5um, xAB: [0um:1560um])

[ERROR] Side.place(IoPin): Pin "outputs(7725).0" is outside north or south abutment box side.
        (x:1860um, xAB: [0um:1560um])

[ERROR] Side.place(IoPin): Pin "outputs(7726).0" is outside north or south abutment box side.
        (x:1860.5um, xAB: [0um:1560um])

[ERROR] Side.place(IoPin): Pin "outputs(7727).0" is outside north or south abutment box side.
        (x:1861um, xAB: [0um:1560um])

[ERROR] Side.place(IoPin): Pin "outputs(7728).0" is outside north or south abutment box side.
        (x:1861.5um, xAB: [0um:1560um])

[ERROR] Side.place(IoPin): Pin "outputs(7729).0" is outside north or south abutment box side.
        (x:1862um, xAB: [0um:1560um])

[ERROR] Side.place(IoPin): Pin "outputs(7730).0" is outside north or south abutment box side.
        (x:1862.5um, xAB: [0um:1560um])

[ERROR] Side.place(IoPin): Pin "outputs(7731).0" is outside north or south abutment box side.
        (x:1863um, xAB: [0um:1560um])

[ERROR] Side.place(IoPin): Pin "outputs(7732).0" is outside north or south abutment box side.
        (x:1863.5um, xAB: [0um:1560um])

[ERROR] Side.place(IoPin): Pin "outputs(7733).0" is outside north or south abutment box side.
        (x:1864um, xAB: [0um:1560um])

[ERROR] Side.place(IoPin): Pin "outputs(7734).0" is outside north or south abutment box side.
        (x:1864.5um, xAB: [0um:1560um])

[ERROR] Side.place(IoPin): Pin "outputs(7735).0" is outside north or south abutment box side.
        (x:1865um, xAB: [0um:1560um])

[ERROR] Side.place(IoPin): Pin "outputs(7736).0" is outside north or south abutment box side.
        (x:1865.5um, xAB: [0um:1560um])

[ERROR] Side.place(IoPin): Pin "outputs(7737).0" is outside north or south abutment box side.
        (x:1866um, xAB: [0um:1560um])

[ERROR] Side.place(IoPin): Pin "outputs(7738).0" is outside north or south abutment box side.
        (x:1866.5um, xAB: [0um:1560um])

[ERROR] Side.place(IoPin): Pin "outputs(7739).0" is outside north or south abutment box side.
        (x:1867um, xAB: [0um:1560um])

[ERROR] Side.place(IoPin): Pin "outputs(7740).0" is outside north or south abutment box side.
        (x:1867.5um, xAB: [0um:1560um])

[ERROR] Side.place(IoPin): Pin "outputs(7741).0" is outside north or south abutment box side.
        (x:1868um, xAB: [0um:1560um])

[ERROR] Side.place(IoPin): Pin "outputs(7742).0" is outside north or south abutment box side.
        (x:1868.5um, xAB: [0um:1560um])

[ERROR] Side.place(IoPin): Pin "outputs(7743).0" is outside north or south abutment box side.
        (x:1869um, xAB: [0um:1560um])

[ERROR] Side.place(IoPin): Pin "outputs(7744).0" is outside north or south abutment box side.
        (x:1869.5um, xAB: [0um:1560um])

[ERROR] Side.place(IoPin): Pin "outputs(7745).0" is outside north or south abutment box side.
        (x:1870um, xAB: [0um:1560um])

[ERROR] Side.place(IoPin): Pin "outputs(7746).0" is outside north or south abutment box side.
        (x:1870.5um, xAB: [0um:1560um])

[ERROR] Side.place(IoPin): Pin "outputs(7747).0" is outside north or south abutment box side.
        (x:1871um, xAB: [0um:1560um])

[ERROR] Side.place(IoPin): Pin "outputs(7748).0" is outside north or south abutment box side.
        (x:1871.5um, xAB: [0um:1560um])

[ERROR] Side.place(IoPin): Pin "outputs(7749).0" is outside north or south abutment box side.
        (x:1872um, xAB: [0um:1560um])

[ERROR] Side.place(IoPin): Pin "outputs(7750).0" is outside north or south abutment box side.
        (x:1872.5um, xAB: [0um:1560um])

[ERROR] Side.place(IoPin): Pin "outputs(7751).0" is outside north or south abutment box side.
        (x:1873um, xAB: [0um:1560um])

[ERROR] Side.place(IoPin): Pin "outputs(7752).0" is outside north or south abutment box side.
        (x:1873.5um, xAB: [0um:1560um])

[ERROR] Side.place(IoPin): Pin "outputs(7753).0" is outside north or south abutment box side.
        (x:1874um, xAB: [0um:1560um])

[ERROR] Side.place(IoPin): Pin "outputs(7754).0" is outside north or south abutment box side.
        (x:1874.5um, xAB: [0um:1560um])

[ERROR] Side.place(IoPin): Pin "outputs(7755).0" is outside north or south abutment box side.
        (x:1875um, xAB: [0um:1560um])

[ERROR] Side.place(IoPin): Pin "outputs(7756).0" is outside north or south abutment box side.
        (x:1875.5um, xAB: [0um:1560um])

[ERROR] Side.place(IoPin): Pin "outputs(7757).0" is outside north or south abutment box side.
        (x:1876um, xAB: [0um:1560um])

[ERROR] Side.place(IoPin): Pin "outputs(7758).0" is outside north or south abutment box side.
        (x:1876.5um, xAB: [0um:1560um])

[ERROR] Side.place(IoPin): Pin "outputs(7759).0" is outside north or south abutment box side.
        (x:1877um, xAB: [0um:1560um])

[ERROR] Side.place(IoPin): Pin "outputs(7760).0" is outside north or south abutment box side.
        (x:1877.5um, xAB: [0um:1560um])

[ERROR] Side.place(IoPin): Pin "outputs(7761).0" is outside north or south abutment box side.
        (x:1878um, xAB: [0um:1560um])

[ERROR] Side.place(IoPin): Pin "outputs(7762).0" is outside north or south abutment box side.
        (x:1878.5um, xAB: [0um:1560um])

[ERROR] Side.place(IoPin): Pin "outputs(7763).0" is outside north or south abutment box side.
        (x:1879um, xAB: [0um:1560um])

[ERROR] Side.place(IoPin): Pin "outputs(7764).0" is outside north or south abutment box side.
        (x:1879.5um, xAB: [0um:1560um])

[ERROR] Side.place(IoPin): Pin "outputs(7765).0" is outside north or south abutment box side.
        (x:1880um, xAB: [0um:1560um])

[ERROR] Side.place(IoPin): Pin "outputs(7766).0" is outside north or south abutment box side.
        (x:1880.5um, xAB: [0um:1560um])

[ERROR] Side.place(IoPin): Pin "outputs(7767).0" is outside north or south abutment box side.
        (x:1881um, xAB: [0um:1560um])

[ERROR] Side.place(IoPin): Pin "outputs(7768).0" is outside north or south abutment box side.
        (x:1881.5um, xAB: [0um:1560um])

[ERROR] Side.place(IoPin): Pin "outputs(7769).0" is outside north or south abutment box side.
        (x:1882um, xAB: [0um:1560um])

[ERROR] Side.place(IoPin): Pin "outputs(7770).0" is outside north or south abutment box side.
        (x:1882.5um, xAB: [0um:1560um])

[ERROR] Side.place(IoPin): Pin "outputs(7771).0" is outside north or south abutment box side.
        (x:1883um, xAB: [0um:1560um])

[ERROR] Side.place(IoPin): Pin "outputs(7772).0" is outside north or south abutment box side.
        (x:1883.5um, xAB: [0um:1560um])

[ERROR] Side.place(IoPin): Pin "outputs(7773).0" is outside north or south abutment box side.
        (x:1884um, xAB: [0um:1560um])

[ERROR] Side.place(IoPin): Pin "outputs(7774).0" is outside north or south abutment box side.
        (x:1884.5um, xAB: [0um:1560um])

[ERROR] Side.place(IoPin): Pin "outputs(7775).0" is outside north or south abutment box side.
        (x:1885um, xAB: [0um:1560um])

[ERROR] Side.place(IoPin): Pin "outputs(7776).0" is outside north or south abutment box side.
        (x:1885.5um, xAB: [0um:1560um])

[ERROR] Side.place(IoPin): Pin "outputs(7777).0" is outside north or south abutment box side.
        (x:1886um, xAB: [0um:1560um])

[ERROR] Side.place(IoPin): Pin "outputs(7778).0" is outside north or south abutment box side.
        (x:1886.5um, xAB: [0um:1560um])

[ERROR] Side.place(IoPin): Pin "outputs(7779).0" is outside north or south abutment box side.
        (x:1887um, xAB: [0um:1560um])

[ERROR] Side.place(IoPin): Pin "outputs(7780).0" is outside north or south abutment box side.
        (x:1887.5um, xAB: [0um:1560um])

[ERROR] Side.place(IoPin): Pin "outputs(7781).0" is outside north or south abutment box side.
        (x:1888um, xAB: [0um:1560um])

[ERROR] Side.place(IoPin): Pin "outputs(7782).0" is outside north or south abutment box side.
        (x:1888.5um, xAB: [0um:1560um])

[ERROR] Side.place(IoPin): Pin "outputs(7783).0" is outside north or south abutment box side.
        (x:1889um, xAB: [0um:1560um])

[ERROR] Side.place(IoPin): Pin "outputs(7784).0" is outside north or south abutment box side.
        (x:1889.5um, xAB: [0um:1560um])

[ERROR] Side.place(IoPin): Pin "outputs(7785).0" is outside north or south abutment box side.
        (x:1890um, xAB: [0um:1560um])

[ERROR] Side.place(IoPin): Pin "outputs(7786).0" is outside north or south abutment box side.
        (x:1890.5um, xAB: [0um:1560um])

[ERROR] Side.place(IoPin): Pin "outputs(7787).0" is outside north or south abutment box side.
        (x:1891um, xAB: [0um:1560um])

[ERROR] Side.place(IoPin): Pin "outputs(7788).0" is outside north or south abutment box side.
        (x:1891.5um, xAB: [0um:1560um])

[ERROR] Side.place(IoPin): Pin "outputs(7789).0" is outside north or south abutment box side.
        (x:1892um, xAB: [0um:1560um])

[ERROR] Side.place(IoPin): Pin "outputs(7790).0" is outside north or south abutment box side.
        (x:1892.5um, xAB: [0um:1560um])

[ERROR] Side.place(IoPin): Pin "outputs(7791).0" is outside north or south abutment box side.
        (x:1893um, xAB: [0um:1560um])

[ERROR] Side.place(IoPin): Pin "outputs(7792).0" is outside north or south abutment box side.
        (x:1893.5um, xAB: [0um:1560um])

[ERROR] Side.place(IoPin): Pin "outputs(7793).0" is outside north or south abutment box side.
        (x:1894um, xAB: [0um:1560um])

[ERROR] Side.place(IoPin): Pin "outputs(7794).0" is outside north or south abutment box side.
        (x:1894.5um, xAB: [0um:1560um])

[ERROR] Side.place(IoPin): Pin "outputs(7795).0" is outside north or south abutment box side.
        (x:1895um, xAB: [0um:1560um])

[ERROR] Side.place(IoPin): Pin "outputs(7796).0" is outside north or south abutment box side.
        (x:1895.5um, xAB: [0um:1560um])

[ERROR] Side.place(IoPin): Pin "outputs(7797).0" is outside north or south abutment box side.
        (x:1896um, xAB: [0um:1560um])

[ERROR] Side.place(IoPin): Pin "outputs(7798).0" is outside north or south abutment box side.
        (x:1896.5um, xAB: [0um:1560um])

[ERROR] Side.place(IoPin): Pin "outputs(7799).0" is outside north or south abutment box side.
        (x:1897um, xAB: [0um:1560um])

[ERROR] Side.place(IoPin): Pin "outputs(7800).0" is outside north or south abutment box side.
        (x:1897.5um, xAB: [0um:1560um])

[ERROR] Side.place(IoPin): Pin "outputs(7801).0" is outside north or south abutment box side.
        (x:1898um, xAB: [0um:1560um])

[ERROR] Side.place(IoPin): Pin "outputs(7802).0" is outside north or south abutment box side.
        (x:1898.5um, xAB: [0um:1560um])

[ERROR] Side.place(IoPin): Pin "outputs(7803).0" is outside north or south abutment box side.
        (x:1899um, xAB: [0um:1560um])

[ERROR] Side.place(IoPin): Pin "outputs(7804).0" is outside north or south abutment box side.
        (x:1899.5um, xAB: [0um:1560um])

[ERROR] Side.place(IoPin): Pin "outputs(7805).0" is outside north or south abutment box side.
        (x:1900um, xAB: [0um:1560um])

[ERROR] Side.place(IoPin): Pin "outputs(7806).0" is outside north or south abutment box side.
        (x:1900.5um, xAB: [0um:1560um])

[ERROR] Side.place(IoPin): Pin "outputs(7807).0" is outside north or south abutment box side.
        (x:1901um, xAB: [0um:1560um])

[ERROR] Side.place(IoPin): Pin "outputs(7808).0" is outside north or south abutment box side.
        (x:1901.5um, xAB: [0um:1560um])

[ERROR] Side.place(IoPin): Pin "outputs(7809).0" is outside north or south abutment box side.
        (x:1902um, xAB: [0um:1560um])

[ERROR] Side.place(IoPin): Pin "outputs(7810).0" is outside north or south abutment box side.
        (x:1902.5um, xAB: [0um:1560um])

[ERROR] Side.place(IoPin): Pin "outputs(7811).0" is outside north or south abutment box side.
        (x:1903um, xAB: [0um:1560um])

[ERROR] Side.place(IoPin): Pin "outputs(7812).0" is outside north or south abutment box side.
        (x:1903.5um, xAB: [0um:1560um])

[ERROR] Side.place(IoPin): Pin "outputs(7813).0" is outside north or south abutment box side.
        (x:1904um, xAB: [0um:1560um])

[ERROR] Side.place(IoPin): Pin "outputs(7814).0" is outside north or south abutment box side.
        (x:1904.5um, xAB: [0um:1560um])

[ERROR] Side.place(IoPin): Pin "outputs(7815).0" is outside north or south abutment box side.
        (x:1905um, xAB: [0um:1560um])

[ERROR] Side.place(IoPin): Pin "outputs(7816).0" is outside north or south abutment box side.
        (x:1905.5um, xAB: [0um:1560um])

[ERROR] Side.place(IoPin): Pin "outputs(7817).0" is outside north or south abutment box side.
        (x:1906um, xAB: [0um:1560um])

[ERROR] Side.place(IoPin): Pin "outputs(7818).0" is outside north or south abutment box side.
        (x:1906.5um, xAB: [0um:1560um])

[ERROR] Side.place(IoPin): Pin "outputs(7819).0" is outside north or south abutment box side.
        (x:1907um, xAB: [0um:1560um])

[ERROR] Side.place(IoPin): Pin "outputs(7820).0" is outside north or south abutment box side.
        (x:1907.5um, xAB: [0um:1560um])

[ERROR] Side.place(IoPin): Pin "outputs(7821).0" is outside north or south abutment box side.
        (x:1908um, xAB: [0um:1560um])

[ERROR] Side.place(IoPin): Pin "outputs(7822).0" is outside north or south abutment box side.
        (x:1908.5um, xAB: [0um:1560um])

[ERROR] Side.place(IoPin): Pin "outputs(7823).0" is outside north or south abutment box side.
        (x:1909um, xAB: [0um:1560um])

[ERROR] Side.place(IoPin): Pin "outputs(7824).0" is outside north or south abutment box side.
        (x:1909.5um, xAB: [0um:1560um])

[ERROR] Side.place(IoPin): Pin "outputs(7825).0" is outside north or south abutment box side.
        (x:1910um, xAB: [0um:1560um])

[ERROR] Side.place(IoPin): Pin "outputs(7826).0" is outside north or south abutment box side.
        (x:1910.5um, xAB: [0um:1560um])

[ERROR] Side.place(IoPin): Pin "outputs(7827).0" is outside north or south abutment box side.
        (x:1911um, xAB: [0um:1560um])

[ERROR] Side.place(IoPin): Pin "outputs(7828).0" is outside north or south abutment box side.
        (x:1911.5um, xAB: [0um:1560um])

[ERROR] Side.place(IoPin): Pin "outputs(7829).0" is outside north or south abutment box side.
        (x:1912um, xAB: [0um:1560um])

[ERROR] Side.place(IoPin): Pin "outputs(7830).0" is outside north or south abutment box side.
        (x:1912.5um, xAB: [0um:1560um])

[ERROR] Side.place(IoPin): Pin "outputs(7831).0" is outside north or south abutment box side.
        (x:1913um, xAB: [0um:1560um])

[ERROR] Side.place(IoPin): Pin "outputs(7832).0" is outside north or south abutment box side.
        (x:1913.5um, xAB: [0um:1560um])

[ERROR] Side.place(IoPin): Pin "outputs(7833).0" is outside north or south abutment box side.
        (x:1914um, xAB: [0um:1560um])

[ERROR] Side.place(IoPin): Pin "outputs(7834).0" is outside north or south abutment box side.
        (x:1914.5um, xAB: [0um:1560um])

[ERROR] Side.place(IoPin): Pin "outputs(7835).0" is outside north or south abutment box side.
        (x:1915um, xAB: [0um:1560um])

[ERROR] Side.place(IoPin): Pin "outputs(7836).0" is outside north or south abutment box side.
        (x:1915.5um, xAB: [0um:1560um])

[ERROR] Side.place(IoPin): Pin "outputs(7837).0" is outside north or south abutment box side.
        (x:1916um, xAB: [0um:1560um])

[ERROR] Side.place(IoPin): Pin "outputs(7838).0" is outside north or south abutment box side.
        (x:1916.5um, xAB: [0um:1560um])

[ERROR] Side.place(IoPin): Pin "outputs(7839).0" is outside north or south abutment box side.
        (x:1917um, xAB: [0um:1560um])

[ERROR] Side.place(IoPin): Pin "outputs(7840).0" is outside north or south abutment box side.
        (x:1917.5um, xAB: [0um:1560um])

[ERROR] Side.place(IoPin): Pin "outputs(7841).0" is outside north or south abutment box side.
        (x:1918um, xAB: [0um:1560um])

[ERROR] Side.place(IoPin): Pin "outputs(7842).0" is outside north or south abutment box side.
        (x:1918.5um, xAB: [0um:1560um])

[ERROR] Side.place(IoPin): Pin "outputs(7843).0" is outside north or south abutment box side.
        (x:1919um, xAB: [0um:1560um])

[ERROR] Side.place(IoPin): Pin "outputs(7844).0" is outside north or south abutment box side.
        (x:1919.5um, xAB: [0um:1560um])

[ERROR] Side.place(IoPin): Pin "outputs(7845).0" is outside north or south abutment box side.
        (x:1920um, xAB: [0um:1560um])

[ERROR] Side.place(IoPin): Pin "outputs(7846).0" is outside north or south abutment box side.
        (x:1920.5um, xAB: [0um:1560um])

[ERROR] Side.place(IoPin): Pin "outputs(7847).0" is outside north or south abutment box side.
        (x:1921um, xAB: [0um:1560um])

[ERROR] Side.place(IoPin): Pin "outputs(7848).0" is outside north or south abutment box side.
        (x:1921.5um, xAB: [0um:1560um])

[ERROR] Side.place(IoPin): Pin "outputs(7849).0" is outside north or south abutment box side.
        (x:1922um, xAB: [0um:1560um])

[ERROR] Side.place(IoPin): Pin "outputs(7850).0" is outside north or south abutment box side.
        (x:1922.5um, xAB: [0um:1560um])

[ERROR] Side.place(IoPin): Pin "outputs(7851).0" is outside north or south abutment box side.
        (x:1923um, xAB: [0um:1560um])

[ERROR] Side.place(IoPin): Pin "outputs(7852).0" is outside north or south abutment box side.
        (x:1923.5um, xAB: [0um:1560um])

[ERROR] Side.place(IoPin): Pin "outputs(7853).0" is outside north or south abutment box side.
        (x:1924um, xAB: [0um:1560um])

[ERROR] Side.place(IoPin): Pin "outputs(7854).0" is outside north or south abutment box side.
        (x:1924.5um, xAB: [0um:1560um])

[ERROR] Side.place(IoPin): Pin "outputs(7855).0" is outside north or south abutment box side.
        (x:1925um, xAB: [0um:1560um])

[ERROR] Side.place(IoPin): Pin "outputs(7856).0" is outside north or south abutment box side.
        (x:1925.5um, xAB: [0um:1560um])

[ERROR] Side.place(IoPin): Pin "outputs(7857).0" is outside north or south abutment box side.
        (x:1926um, xAB: [0um:1560um])

[ERROR] Side.place(IoPin): Pin "outputs(7858).0" is outside north or south abutment box side.
        (x:1926.5um, xAB: [0um:1560um])

[ERROR] Side.place(IoPin): Pin "outputs(7859).0" is outside north or south abutment box side.
        (x:1927um, xAB: [0um:1560um])

[ERROR] Side.place(IoPin): Pin "outputs(7860).0" is outside north or south abutment box side.
        (x:1927.5um, xAB: [0um:1560um])

[ERROR] Side.place(IoPin): Pin "outputs(7861).0" is outside north or south abutment box side.
        (x:1928um, xAB: [0um:1560um])

[ERROR] Side.place(IoPin): Pin "outputs(7862).0" is outside north or south abutment box side.
        (x:1928.5um, xAB: [0um:1560um])

[ERROR] Side.place(IoPin): Pin "outputs(7863).0" is outside north or south abutment box side.
        (x:1929um, xAB: [0um:1560um])

[ERROR] Side.place(IoPin): Pin "outputs(7864).0" is outside north or south abutment box side.
        (x:1929.5um, xAB: [0um:1560um])

[ERROR] Side.place(IoPin): Pin "outputs(7865).0" is outside north or south abutment box side.
        (x:1930um, xAB: [0um:1560um])

[ERROR] Side.place(IoPin): Pin "outputs(7866).0" is outside north or south abutment box side.
        (x:1930.5um, xAB: [0um:1560um])

[ERROR] Side.place(IoPin): Pin "outputs(7867).0" is outside north or south abutment box side.
        (x:1931um, xAB: [0um:1560um])

[ERROR] Side.place(IoPin): Pin "outputs(7868).0" is outside north or south abutment box side.
        (x:1931.5um, xAB: [0um:1560um])

[ERROR] Side.place(IoPin): Pin "outputs(7869).0" is outside north or south abutment box side.
        (x:1932um, xAB: [0um:1560um])

[ERROR] Side.place(IoPin): Pin "outputs(7870).0" is outside north or south abutment box side.
        (x:1932.5um, xAB: [0um:1560um])

[ERROR] Side.place(IoPin): Pin "outputs(7871).0" is outside north or south abutment box side.
        (x:1933um, xAB: [0um:1560um])

[ERROR] Side.place(IoPin): Pin "outputs(7872).0" is outside north or south abutment box side.
        (x:1933.5um, xAB: [0um:1560um])

[ERROR] Side.place(IoPin): Pin "outputs(7873).0" is outside north or south abutment box side.
        (x:1934um, xAB: [0um:1560um])

[ERROR] Side.place(IoPin): Pin "outputs(7874).0" is outside north or south abutment box side.
        (x:1934.5um, xAB: [0um:1560um])

[ERROR] Side.place(IoPin): Pin "outputs(7875).0" is outside north or south abutment box side.
        (x:1935um, xAB: [0um:1560um])

[ERROR] Side.place(IoPin): Pin "outputs(7876).0" is outside north or south abutment box side.
        (x:1935.5um, xAB: [0um:1560um])

[ERROR] Side.place(IoPin): Pin "outputs(7877).0" is outside north or south abutment box side.
        (x:1936um, xAB: [0um:1560um])

[ERROR] Side.place(IoPin): Pin "outputs(7878).0" is outside north or south abutment box side.
        (x:1936.5um, xAB: [0um:1560um])

[ERROR] Side.place(IoPin): Pin "outputs(7879).0" is outside north or south abutment box side.
        (x:1937um, xAB: [0um:1560um])

[ERROR] Side.place(IoPin): Pin "outputs(7880).0" is outside north or south abutment box side.
        (x:1937.5um, xAB: [0um:1560um])

[ERROR] Side.place(IoPin): Pin "outputs(7881).0" is outside north or south abutment box side.
        (x:1938um, xAB: [0um:1560um])

[ERROR] Side.place(IoPin): Pin "outputs(7882).0" is outside north or south abutment box side.
        (x:1938.5um, xAB: [0um:1560um])

[ERROR] Side.place(IoPin): Pin "outputs(7883).0" is outside north or south abutment box side.
        (x:1939um, xAB: [0um:1560um])

[ERROR] Side.place(IoPin): Pin "outputs(7884).0" is outside north or south abutment box side.
        (x:1939.5um, xAB: [0um:1560um])

[ERROR] Side.place(IoPin): Pin "outputs(7885).0" is outside north or south abutment box side.
        (x:1940um, xAB: [0um:1560um])

[ERROR] Side.place(IoPin): Pin "outputs(7886).0" is outside north or south abutment box side.
        (x:1940.5um, xAB: [0um:1560um])

[ERROR] Side.place(IoPin): Pin "outputs(7887).0" is outside north or south abutment box side.
        (x:1941um, xAB: [0um:1560um])

[ERROR] Side.place(IoPin): Pin "outputs(7888).0" is outside north or south abutment box side.
        (x:1941.5um, xAB: [0um:1560um])

[ERROR] Side.place(IoPin): Pin "outputs(7889).0" is outside north or south abutment box side.
        (x:1942um, xAB: [0um:1560um])

[ERROR] Side.place(IoPin): Pin "outputs(7890).0" is outside north or south abutment box side.
        (x:1942.5um, xAB: [0um:1560um])

[ERROR] Side.place(IoPin): Pin "outputs(7891).0" is outside north or south abutment box side.
        (x:1943um, xAB: [0um:1560um])

[ERROR] Side.place(IoPin): Pin "outputs(7892).0" is outside north or south abutment box side.
        (x:1943.5um, xAB: [0um:1560um])

[ERROR] Side.place(IoPin): Pin "outputs(7893).0" is outside north or south abutment box side.
        (x:1944um, xAB: [0um:1560um])

[ERROR] Side.place(IoPin): Pin "outputs(7894).0" is outside north or south abutment box side.
        (x:1944.5um, xAB: [0um:1560um])

[ERROR] Side.place(IoPin): Pin "outputs(7895).0" is outside north or south abutment box side.
        (x:1945um, xAB: [0um:1560um])

[ERROR] Side.place(IoPin): Pin "outputs(7896).0" is outside north or south abutment box side.
        (x:1945.5um, xAB: [0um:1560um])

[ERROR] Side.place(IoPin): Pin "outputs(7897).0" is outside north or south abutment box side.
        (x:1946um, xAB: [0um:1560um])

[ERROR] Side.place(IoPin): Pin "outputs(7898).0" is outside north or south abutment box side.
        (x:1946.5um, xAB: [0um:1560um])

[ERROR] Side.place(IoPin): Pin "outputs(7899).0" is outside north or south abutment box side.
        (x:1947um, xAB: [0um:1560um])

[ERROR] Side.place(IoPin): Pin "outputs(7900).0" is outside north or south abutment box side.
        (x:1947.5um, xAB: [0um:1560um])

[ERROR] Side.place(IoPin): Pin "outputs(7901).0" is outside north or south abutment box side.
        (x:1948um, xAB: [0um:1560um])

[ERROR] Side.place(IoPin): Pin "outputs(7902).0" is outside north or south abutment box side.
        (x:1948.5um, xAB: [0um:1560um])

[ERROR] Side.place(IoPin): Pin "outputs(7903).0" is outside north or south abutment box side.
        (x:1949um, xAB: [0um:1560um])

[ERROR] Side.place(IoPin): Pin "outputs(7904).0" is outside north or south abutment box side.
        (x:1949.5um, xAB: [0um:1560um])

[ERROR] Side.place(IoPin): Pin "outputs(7905).0" is outside north or south abutment box side.
        (x:1950um, xAB: [0um:1560um])

[ERROR] Side.place(IoPin): Pin "outputs(7906).0" is outside north or south abutment box side.
        (x:1950.5um, xAB: [0um:1560um])

[ERROR] Side.place(IoPin): Pin "outputs(7907).0" is outside north or south abutment box side.
        (x:1951um, xAB: [0um:1560um])

[ERROR] Side.place(IoPin): Pin "outputs(7908).0" is outside north or south abutment box side.
        (x:1951.5um, xAB: [0um:1560um])

[ERROR] Side.place(IoPin): Pin "outputs(7909).0" is outside north or south abutment box side.
        (x:1952um, xAB: [0um:1560um])

[ERROR] Side.place(IoPin): Pin "outputs(7910).0" is outside north or south abutment box side.
        (x:1952.5um, xAB: [0um:1560um])

[ERROR] Side.place(IoPin): Pin "outputs(7911).0" is outside north or south abutment box side.
        (x:1953um, xAB: [0um:1560um])

[ERROR] Side.place(IoPin): Pin "outputs(7912).0" is outside north or south abutment box side.
        (x:1953.5um, xAB: [0um:1560um])

[ERROR] Side.place(IoPin): Pin "outputs(7913).0" is outside north or south abutment box side.
        (x:1954um, xAB: [0um:1560um])

[ERROR] Side.place(IoPin): Pin "outputs(7914).0" is outside north or south abutment box side.
        (x:1954.5um, xAB: [0um:1560um])

[ERROR] Side.place(IoPin): Pin "outputs(7915).0" is outside north or south abutment box side.
        (x:1955um, xAB: [0um:1560um])

[ERROR] Side.place(IoPin): Pin "outputs(7916).0" is outside north or south abutment box side.
        (x:1955.5um, xAB: [0um:1560um])

[ERROR] Side.place(IoPin): Pin "outputs(7917).0" is outside north or south abutment box side.
        (x:1956um, xAB: [0um:1560um])

[ERROR] Side.place(IoPin): Pin "outputs(7918).0" is outside north or south abutment box side.
        (x:1956.5um, xAB: [0um:1560um])

[ERROR] Side.place(IoPin): Pin "outputs(7919).0" is outside north or south abutment box side.
        (x:1957um, xAB: [0um:1560um])

[ERROR] Side.place(IoPin): Pin "outputs(7920).0" is outside north or south abutment box side.
        (x:1957.5um, xAB: [0um:1560um])

[ERROR] Side.place(IoPin): Pin "outputs(7921).0" is outside north or south abutment box side.
        (x:1958um, xAB: [0um:1560um])

[ERROR] Side.place(IoPin): Pin "outputs(7922).0" is outside north or south abutment box side.
        (x:1958.5um, xAB: [0um:1560um])

[ERROR] Side.place(IoPin): Pin "outputs(7923).0" is outside north or south abutment box side.
        (x:1959um, xAB: [0um:1560um])

[ERROR] Side.place(IoPin): Pin "outputs(7924).0" is outside north or south abutment box side.
        (x:1959.5um, xAB: [0um:1560um])

[ERROR] Side.place(IoPin): Pin "outputs(7925).0" is outside north or south abutment box side.
        (x:1960um, xAB: [0um:1560um])

[ERROR] Side.place(IoPin): Pin "outputs(7926).0" is outside north or south abutment box side.
        (x:1960.5um, xAB: [0um:1560um])

[ERROR] Side.place(IoPin): Pin "outputs(7927).0" is outside north or south abutment box side.
        (x:1961um, xAB: [0um:1560um])

[ERROR] Side.place(IoPin): Pin "outputs(7928).0" is outside north or south abutment box side.
        (x:1961.5um, xAB: [0um:1560um])

[ERROR] Side.place(IoPin): Pin "outputs(7929).0" is outside north or south abutment box side.
        (x:1962um, xAB: [0um:1560um])

[ERROR] Side.place(IoPin): Pin "outputs(7930).0" is outside north or south abutment box side.
        (x:1962.5um, xAB: [0um:1560um])

[ERROR] Side.place(IoPin): Pin "outputs(7931).0" is outside north or south abutment box side.
        (x:1963um, xAB: [0um:1560um])

[ERROR] Side.place(IoPin): Pin "outputs(7932).0" is outside north or south abutment box side.
        (x:1963.5um, xAB: [0um:1560um])

[ERROR] Side.place(IoPin): Pin "outputs(7933).0" is outside north or south abutment box side.
        (x:1964um, xAB: [0um:1560um])

[ERROR] Side.place(IoPin): Pin "outputs(7934).0" is outside north or south abutment box side.
        (x:1964.5um, xAB: [0um:1560um])

[ERROR] Side.place(IoPin): Pin "outputs(7935).0" is outside north or south abutment box side.
        (x:1965um, xAB: [0um:1560um])

[ERROR] Side.place(IoPin): Pin "outputs(7936).0" is outside north or south abutment box side.
        (x:1965.5um, xAB: [0um:1560um])

[ERROR] Side.place(IoPin): Pin "outputs(7937).0" is outside north or south abutment box side.
        (x:1966um, xAB: [0um:1560um])

[ERROR] Side.place(IoPin): Pin "outputs(7938).0" is outside north or south abutment box side.
        (x:1966.5um, xAB: [0um:1560um])

[ERROR] Side.place(IoPin): Pin "outputs(7939).0" is outside north or south abutment box side.
        (x:1967um, xAB: [0um:1560um])

[ERROR] Side.place(IoPin): Pin "outputs(7940).0" is outside north or south abutment box side.
        (x:1967.5um, xAB: [0um:1560um])

[ERROR] Side.place(IoPin): Pin "outputs(7941).0" is outside north or south abutment box side.
        (x:1968um, xAB: [0um:1560um])

[ERROR] Side.place(IoPin): Pin "outputs(7942).0" is outside north or south abutment box side.
        (x:1968.5um, xAB: [0um:1560um])

[ERROR] Side.place(IoPin): Pin "outputs(7943).0" is outside north or south abutment box side.
        (x:1969um, xAB: [0um:1560um])

[ERROR] Side.place(IoPin): Pin "outputs(7944).0" is outside north or south abutment box side.
        (x:1969.5um, xAB: [0um:1560um])

[ERROR] Side.place(IoPin): Pin "outputs(7945).0" is outside north or south abutment box side.
        (x:1970um, xAB: [0um:1560um])

[ERROR] Side.place(IoPin): Pin "outputs(7946).0" is outside north or south abutment box side.
        (x:1970.5um, xAB: [0um:1560um])

[ERROR] Side.place(IoPin): Pin "outputs(7947).0" is outside north or south abutment box side.
        (x:1971um, xAB: [0um:1560um])

[ERROR] Side.place(IoPin): Pin "outputs(7948).0" is outside north or south abutment box side.
        (x:1971.5um, xAB: [0um:1560um])

[ERROR] Side.place(IoPin): Pin "outputs(7949).0" is outside north or south abutment box side.
        (x:1972um, xAB: [0um:1560um])

[ERROR] Side.place(IoPin): Pin "outputs(7950).0" is outside north or south abutment box side.
        (x:1972.5um, xAB: [0um:1560um])

[ERROR] Side.place(IoPin): Pin "outputs(7951).0" is outside north or south abutment box side.
        (x:1973um, xAB: [0um:1560um])

[ERROR] Side.place(IoPin): Pin "outputs(7952).0" is outside north or south abutment box side.
        (x:1973.5um, xAB: [0um:1560um])

[ERROR] Side.place(IoPin): Pin "outputs(7953).0" is outside north or south abutment box side.
        (x:1974um, xAB: [0um:1560um])

[ERROR] Side.place(IoPin): Pin "outputs(7954).0" is outside north or south abutment box side.
        (x:1974.5um, xAB: [0um:1560um])

[ERROR] Side.place(IoPin): Pin "outputs(7955).0" is outside north or south abutment box side.
        (x:1975um, xAB: [0um:1560um])

[ERROR] Side.place(IoPin): Pin "outputs(7956).0" is outside north or south abutment box side.
        (x:1975.5um, xAB: [0um:1560um])

[ERROR] Side.place(IoPin): Pin "outputs(7957).0" is outside north or south abutment box side.
        (x:1976um, xAB: [0um:1560um])

[ERROR] Side.place(IoPin): Pin "outputs(7958).0" is outside north or south abutment box side.
        (x:1976.5um, xAB: [0um:1560um])

[ERROR] Side.place(IoPin): Pin "outputs(7959).0" is outside north or south abutment box side.
        (x:1977um, xAB: [0um:1560um])

[ERROR] Side.place(IoPin): Pin "outputs(7960).0" is outside north or south abutment box side.
        (x:1977.5um, xAB: [0um:1560um])

[ERROR] Side.place(IoPin): Pin "outputs(7961).0" is outside north or south abutment box side.
        (x:1978um, xAB: [0um:1560um])

[ERROR] Side.place(IoPin): Pin "outputs(7962).0" is outside north or south abutment box side.
        (x:1978.5um, xAB: [0um:1560um])

[ERROR] Side.place(IoPin): Pin "outputs(7963).0" is outside north or south abutment box side.
        (x:1979um, xAB: [0um:1560um])

[ERROR] Side.place(IoPin): Pin "outputs(7964).0" is outside north or south abutment box side.
        (x:1979.5um, xAB: [0um:1560um])

[ERROR] Side.place(IoPin): Pin "outputs(7965).0" is outside north or south abutment box side.
        (x:1980um, xAB: [0um:1560um])

[ERROR] Side.place(IoPin): Pin "outputs(7966).0" is outside north or south abutment box side.
        (x:1980.5um, xAB: [0um:1560um])

[ERROR] Side.place(IoPin): Pin "outputs(7967).0" is outside north or south abutment box side.
        (x:1981um, xAB: [0um:1560um])

[ERROR] Side.place(IoPin): Pin "outputs(7968).0" is outside north or south abutment box side.
        (x:1981.5um, xAB: [0um:1560um])

[ERROR] Side.place(IoPin): Pin "outputs(7969).0" is outside north or south abutment box side.
        (x:1982um, xAB: [0um:1560um])

[ERROR] Side.place(IoPin): Pin "outputs(7970).0" is outside north or south abutment box side.
        (x:1982.5um, xAB: [0um:1560um])

[ERROR] Side.place(IoPin): Pin "outputs(7971).0" is outside north or south abutment box side.
        (x:1983um, xAB: [0um:1560um])

[ERROR] Side.place(IoPin): Pin "outputs(7972).0" is outside north or south abutment box side.
        (x:1983.5um, xAB: [0um:1560um])

[ERROR] Side.place(IoPin): Pin "outputs(7973).0" is outside north or south abutment box side.
        (x:1984um, xAB: [0um:1560um])

[ERROR] Side.place(IoPin): Pin "outputs(7974).0" is outside north or south abutment box side.
        (x:1984.5um, xAB: [0um:1560um])

[ERROR] Side.place(IoPin): Pin "outputs(7975).0" is outside north or south abutment box side.
        (x:1985um, xAB: [0um:1560um])

[ERROR] Side.place(IoPin): Pin "outputs(7976).0" is outside north or south abutment box side.
        (x:1985.5um, xAB: [0um:1560um])

[ERROR] Side.place(IoPin): Pin "outputs(7977).0" is outside north or south abutment box side.
        (x:1986um, xAB: [0um:1560um])

[ERROR] Side.place(IoPin): Pin "outputs(7978).0" is outside north or south abutment box side.
        (x:1986.5um, xAB: [0um:1560um])

[ERROR] Side.place(IoPin): Pin "outputs(7979).0" is outside north or south abutment box side.
        (x:1987um, xAB: [0um:1560um])

[ERROR] Side.place(IoPin): Pin "outputs(7980).0" is outside north or south abutment box side.
        (x:1987.5um, xAB: [0um:1560um])

[ERROR] Side.place(IoPin): Pin "outputs(7981).0" is outside north or south abutment box side.
        (x:1988um, xAB: [0um:1560um])

[ERROR] Side.place(IoPin): Pin "outputs(7982).0" is outside north or south abutment box side.
        (x:1988.5um, xAB: [0um:1560um])

[ERROR] Side.place(IoPin): Pin "outputs(7983).0" is outside north or south abutment box side.
        (x:1989um, xAB: [0um:1560um])

[ERROR] Side.place(IoPin): Pin "outputs(7984).0" is outside north or south abutment box side.
        (x:1989.5um, xAB: [0um:1560um])

[ERROR] Side.place(IoPin): Pin "outputs(7985).0" is outside north or south abutment box side.
        (x:1990um, xAB: [0um:1560um])

[ERROR] Side.place(IoPin): Pin "outputs(7986).0" is outside north or south abutment box side.
        (x:1990.5um, xAB: [0um:1560um])

[ERROR] Side.place(IoPin): Pin "outputs(7987).0" is outside north or south abutment box side.
        (x:1991um, xAB: [0um:1560um])

[ERROR] Side.place(IoPin): Pin "outputs(7988).0" is outside north or south abutment box side.
        (x:1991.5um, xAB: [0um:1560um])

[ERROR] Side.place(IoPin): Pin "outputs(7989).0" is outside north or south abutment box side.
        (x:1992um, xAB: [0um:1560um])

[ERROR] Side.place(IoPin): Pin "outputs(7990).0" is outside north or south abutment box side.
        (x:1992.5um, xAB: [0um:1560um])

[ERROR] Side.place(IoPin): Pin "outputs(7991).0" is outside north or south abutment box side.
        (x:1993um, xAB: [0um:1560um])

[ERROR] Side.place(IoPin): Pin "outputs(7992).0" is outside north or south abutment box side.
        (x:1993.5um, xAB: [0um:1560um])

[ERROR] Side.place(IoPin): Pin "outputs(7993).0" is outside north or south abutment box side.
        (x:1994um, xAB: [0um:1560um])

[ERROR] Side.place(IoPin): Pin "outputs(7994).0" is outside north or south abutment box side.
        (x:1994.5um, xAB: [0um:1560um])

[ERROR] Side.place(IoPin): Pin "outputs(7995).0" is outside north or south abutment box side.
        (x:1995um, xAB: [0um:1560um])

[ERROR] Side.place(IoPin): Pin "outputs(7996).0" is outside north or south abutment box side.
        (x:1995.5um, xAB: [0um:1560um])

[ERROR] Side.place(IoPin): Pin "outputs(7997).0" is outside north or south abutment box side.
        (x:1996um, xAB: [0um:1560um])

[ERROR] Side.place(IoPin): Pin "outputs(7998).0" is outside north or south abutment box side.
        (x:1996.5um, xAB: [0um:1560um])

[ERROR] Side.place(IoPin): Pin "outputs(7999).0" is outside north or south abutment box side.
        (x:1997um, xAB: [0um:1560um])

[ERROR] Side.place(IoPin): Pin "outputs(8000).0" is outside north or south abutment box side.
        (x:1997.5um, xAB: [0um:1560um])

[ERROR] Side.place(IoPin): Pin "outputs(8001).0" is outside north or south abutment box side.
        (x:1998um, xAB: [0um:1560um])

[ERROR] Side.place(IoPin): Pin "outputs(8002).0" is outside north or south abutment box side.
        (x:1998.5um, xAB: [0um:1560um])

[ERROR] Side.place(IoPin): Pin "outputs(8003).0" is outside north or south abutment box side.
        (x:1999um, xAB: [0um:1560um])

[ERROR] Side.place(IoPin): Pin "outputs(8004).0" is outside north or south abutment box side.
        (x:1999.5um, xAB: [0um:1560um])

[ERROR] Side.place(IoPin): Pin "outputs(8005).0" is outside north or south abutment box side.
        (x:2000um, xAB: [0um:1560um])

[ERROR] Side.place(IoPin): Pin "outputs(8006).0" is outside north or south abutment box side.
        (x:2000.5um, xAB: [0um:1560um])

[ERROR] Side.place(IoPin): Pin "outputs(8007).0" is outside north or south abutment box side.
        (x:2001um, xAB: [0um:1560um])

[ERROR] Side.place(IoPin): Pin "outputs(8008).0" is outside north or south abutment box side.
        (x:2001.5um, xAB: [0um:1560um])

[ERROR] Side.place(IoPin): Pin "outputs(8009).0" is outside north or south abutment box side.
        (x:2002um, xAB: [0um:1560um])

[ERROR] Side.place(IoPin): Pin "outputs(8010).0" is outside north or south abutment box side.
        (x:2002.5um, xAB: [0um:1560um])

[ERROR] Side.place(IoPin): Pin "outputs(8011).0" is outside north or south abutment box side.
        (x:2003um, xAB: [0um:1560um])

[ERROR] Side.place(IoPin): Pin "inputs(3276).0" is outside east or west abutment box side.
        (y:1728.5um, yAB: [0um:1728um])

[ERROR] Side.place(IoPin): Pin "inputs(3277).0" is outside east or west abutment box side.
        (y:1729um, yAB: [0um:1728um])

[ERROR] Side.place(IoPin): Pin "inputs(3278).0" is outside east or west abutment box side.
        (y:1729.5um, yAB: [0um:1728um])

[ERROR] Side.place(IoPin): Pin "inputs(3279).0" is outside east or west abutment box side.
        (y:1730um, yAB: [0um:1728um])

[ERROR] Side.place(IoPin): Pin "inputs(3280).0" is outside east or west abutment box side.
        (y:1730.5um, yAB: [0um:1728um])

[ERROR] Side.place(IoPin): Pin "inputs(3281).0" is outside east or west abutment box side.
        (y:1731um, yAB: [0um:1728um])

[ERROR] Side.place(IoPin): Pin "inputs(3282).0" is outside east or west abutment box side.
        (y:1731.5um, yAB: [0um:1728um])

[ERROR] Side.place(IoPin): Pin "inputs(3283).0" is outside east or west abutment box side.
        (y:1732um, yAB: [0um:1728um])

[ERROR] Side.place(IoPin): Pin "inputs(3284).0" is outside east or west abutment box side.
        (y:1732.5um, yAB: [0um:1728um])

[ERROR] Side.place(IoPin): Pin "inputs(3285).0" is outside east or west abutment box side.
        (y:1733um, yAB: [0um:1728um])

[ERROR] Side.place(IoPin): Pin "inputs(3286).0" is outside east or west abutment box side.
        (y:1733.5um, yAB: [0um:1728um])

[ERROR] Side.place(IoPin): Pin "inputs(3287).0" is outside east or west abutment box side.
        (y:1734um, yAB: [0um:1728um])

[ERROR] Side.place(IoPin): Pin "inputs(3288).0" is outside east or west abutment box side.
        (y:1734.5um, yAB: [0um:1728um])

[ERROR] Side.place(IoPin): Pin "inputs(3289).0" is outside east or west abutment box side.
        (y:1735um, yAB: [0um:1728um])

[ERROR] Side.place(IoPin): Pin "inputs(3290).0" is outside east or west abutment box side.
        (y:1735.5um, yAB: [0um:1728um])

[ERROR] Side.place(IoPin): Pin "inputs(3291).0" is outside east or west abutment box side.
        (y:1736um, yAB: [0um:1728um])

[ERROR] Side.place(IoPin): Pin "inputs(3292).0" is outside east or west abutment box side.
        (y:1736.5um, yAB: [0um:1728um])

[ERROR] Side.place(IoPin): Pin "inputs(3293).0" is outside east or west abutment box side.
        (y:1737um, yAB: [0um:1728um])

[ERROR] Side.place(IoPin): Pin "inputs(3294).0" is outside east or west abutment box side.
        (y:1737.5um, yAB: [0um:1728um])

[ERROR] Side.place(IoPin): Pin "inputs(3295).0" is outside east or west abutment box side.
        (y:1738um, yAB: [0um:1728um])

[ERROR] Side.place(IoPin): Pin "inputs(3296).0" is outside east or west abutment box side.
        (y:1738.5um, yAB: [0um:1728um])

[ERROR] Side.place(IoPin): Pin "inputs(3297).0" is outside east or west abutment box side.
        (y:1739um, yAB: [0um:1728um])

[ERROR] Side.place(IoPin): Pin "inputs(3298).0" is outside east or west abutment box side.
        (y:1739.5um, yAB: [0um:1728um])

[ERROR] Side.place(IoPin): Pin "inputs(3299).0" is outside east or west abutment box side.
        (y:1740um, yAB: [0um:1728um])

[ERROR] Side.place(IoPin): Pin "inputs(3300).0" is outside east or west abutment box side.
        (y:1740.5um, yAB: [0um:1728um])

[ERROR] Side.place(IoPin): Pin "inputs(3301).0" is outside east or west abutment box side.
        (y:1741um, yAB: [0um:1728um])

[ERROR] Side.place(IoPin): Pin "inputs(3302).0" is outside east or west abutment box side.
        (y:1741.5um, yAB: [0um:1728um])

[ERROR] Side.place(IoPin): Pin "inputs(3303).0" is outside east or west abutment box side.
        (y:1742um, yAB: [0um:1728um])

[ERROR] Side.place(IoPin): Pin "inputs(3304).0" is outside east or west abutment box side.
        (y:1742.5um, yAB: [0um:1728um])

[ERROR] Side.place(IoPin): Pin "inputs(3305).0" is outside east or west abutment box side.
        (y:1743um, yAB: [0um:1728um])

[ERROR] Side.place(IoPin): Pin "inputs(3306).0" is outside east or west abutment box side.
        (y:1743.5um, yAB: [0um:1728um])

[ERROR] Side.place(IoPin): Pin "inputs(3307).0" is outside east or west abutment box side.
        (y:1744um, yAB: [0um:1728um])

[ERROR] Side.place(IoPin): Pin "inputs(3308).0" is outside east or west abutment box side.
        (y:1744.5um, yAB: [0um:1728um])

[ERROR] Side.place(IoPin): Pin "inputs(3309).0" is outside east or west abutment box side.
        (y:1745um, yAB: [0um:1728um])

[ERROR] Side.place(IoPin): Pin "inputs(3310).0" is outside east or west abutment box side.
        (y:1745.5um, yAB: [0um:1728um])

[ERROR] Side.place(IoPin): Pin "inputs(3311).0" is outside east or west abutment box side.
        (y:1746um, yAB: [0um:1728um])

[ERROR] Side.place(IoPin): Pin "inputs(3312).0" is outside east or west abutment box side.
        (y:1746.5um, yAB: [0um:1728um])

[ERROR] Side.place(IoPin): Pin "inputs(3313).0" is outside east or west abutment box side.
        (y:1747um, yAB: [0um:1728um])

[ERROR] Side.place(IoPin): Pin "inputs(3314).0" is outside east or west abutment box side.
        (y:1747.5um, yAB: [0um:1728um])

[ERROR] Side.place(IoPin): Pin "inputs(3315).0" is outside east or west abutment box side.
        (y:1748um, yAB: [0um:1728um])

[ERROR] Side.place(IoPin): Pin "inputs(3316).0" is outside east or west abutment box side.
        (y:1748.5um, yAB: [0um:1728um])

[ERROR] Side.place(IoPin): Pin "inputs(3317).0" is outside east or west abutment box side.
        (y:1749um, yAB: [0um:1728um])

[ERROR] Side.place(IoPin): Pin "inputs(3318).0" is outside east or west abutment box side.
        (y:1749.5um, yAB: [0um:1728um])

[ERROR] Side.place(IoPin): Pin "inputs(3319).0" is outside east or west abutment box side.
        (y:1750um, yAB: [0um:1728um])

[ERROR] Side.place(IoPin): Pin "inputs(3320).0" is outside east or west abutment box side.
        (y:1750.5um, yAB: [0um:1728um])

[ERROR] Side.place(IoPin): Pin "inputs(3321).0" is outside east or west abutment box side.
        (y:1751um, yAB: [0um:1728um])

[ERROR] Side.place(IoPin): Pin "inputs(3322).0" is outside east or west abutment box side.
        (y:1751.5um, yAB: [0um:1728um])

[ERROR] Side.place(IoPin): Pin "inputs(3323).0" is outside east or west abutment box side.
        (y:1752um, yAB: [0um:1728um])

[ERROR] Side.place(IoPin): Pin "inputs(3324).0" is outside east or west abutment box side.
        (y:1752.5um, yAB: [0um:1728um])

[ERROR] Side.place(IoPin): Pin "inputs(3325).0" is outside east or west abutment box side.
        (y:1753um, yAB: [0um:1728um])

[ERROR] Side.place(IoPin): Pin "inputs(3326).0" is outside east or west abutment box side.
        (y:1753.5um, yAB: [0um:1728um])

[ERROR] Side.place(IoPin): Pin "inputs(3327).0" is outside east or west abutment box side.
        (y:1754um, yAB: [0um:1728um])

[ERROR] Side.place(IoPin): Pin "inputs(3328).0" is outside east or west abutment box side.
        (y:1754.5um, yAB: [0um:1728um])

[ERROR] Side.place(IoPin): Pin "inputs(3329).0" is outside east or west abutment box side.
        (y:1755um, yAB: [0um:1728um])

[ERROR] Side.place(IoPin): Pin "inputs(3330).0" is outside east or west abutment box side.
        (y:1755.5um, yAB: [0um:1728um])

[ERROR] Side.place(IoPin): Pin "inputs(3331).0" is outside east or west abutment box side.
        (y:1756um, yAB: [0um:1728um])

[ERROR] Side.place(IoPin): Pin "inputs(3332).0" is outside east or west abutment box side.
        (y:1756.5um, yAB: [0um:1728um])

[ERROR] Side.place(IoPin): Pin "inputs(3333).0" is outside east or west abutment box side.
        (y:1757um, yAB: [0um:1728um])

[ERROR] Side.place(IoPin): Pin "inputs(3334).0" is outside east or west abutment box side.
        (y:1757.5um, yAB: [0um:1728um])

[ERROR] Side.place(IoPin): Pin "inputs(3335).0" is outside east or west abutment box side.
        (y:1758um, yAB: [0um:1728um])

[ERROR] Side.place(IoPin): Pin "inputs(3336).0" is outside east or west abutment box side.
        (y:1758.5um, yAB: [0um:1728um])

[ERROR] Side.place(IoPin): Pin "inputs(3337).0" is outside east or west abutment box side.
        (y:1759um, yAB: [0um:1728um])

[ERROR] Side.place(IoPin): Pin "inputs(3338).0" is outside east or west abutment box side.
        (y:1759.5um, yAB: [0um:1728um])

[ERROR] Side.place(IoPin): Pin "inputs(3339).0" is outside east or west abutment box side.
        (y:1760um, yAB: [0um:1728um])

[ERROR] Side.place(IoPin): Pin "inputs(3340).0" is outside east or west abutment box side.
        (y:1760.5um, yAB: [0um:1728um])

[ERROR] Side.place(IoPin): Pin "inputs(3341).0" is outside east or west abutment box side.
        (y:1761um, yAB: [0um:1728um])

[ERROR] Side.place(IoPin): Pin "inputs(3342).0" is outside east or west abutment box side.
        (y:1761.5um, yAB: [0um:1728um])

[ERROR] Side.place(IoPin): Pin "inputs(3343).0" is outside east or west abutment box side.
        (y:1762um, yAB: [0um:1728um])

[ERROR] Side.place(IoPin): Pin "inputs(3344).0" is outside east or west abutment box side.
        (y:1762.5um, yAB: [0um:1728um])

[ERROR] Side.place(IoPin): Pin "inputs(3345).0" is outside east or west abutment box side.
        (y:1763um, yAB: [0um:1728um])

[ERROR] Side.place(IoPin): Pin "inputs(3346).0" is outside east or west abutment box side.
        (y:1763.5um, yAB: [0um:1728um])

[ERROR] Side.place(IoPin): Pin "inputs(3347).0" is outside east or west abutment box side.
        (y:1764um, yAB: [0um:1728um])

[ERROR] Side.place(IoPin): Pin "inputs(3348).0" is outside east or west abutment box side.
        (y:1764.5um, yAB: [0um:1728um])

[ERROR] Side.place(IoPin): Pin "inputs(3349).0" is outside east or west abutment box side.
        (y:1765um, yAB: [0um:1728um])

[ERROR] Side.place(IoPin): Pin "inputs(3350).0" is outside east or west abutment box side.
        (y:1765.5um, yAB: [0um:1728um])

[ERROR] Side.place(IoPin): Pin "inputs(3351).0" is outside east or west abutment box side.
        (y:1766um, yAB: [0um:1728um])

[ERROR] Side.place(IoPin): Pin "inputs(3352).0" is outside east or west abutment box side.
        (y:1766.5um, yAB: [0um:1728um])

[ERROR] Side.place(IoPin): Pin "inputs(3353).0" is outside east or west abutment box side.
        (y:1767um, yAB: [0um:1728um])

[ERROR] Side.place(IoPin): Pin "inputs(3354).0" is outside east or west abutment box side.
        (y:1767.5um, yAB: [0um:1728um])

[ERROR] Side.place(IoPin): Pin "inputs(3355).0" is outside east or west abutment box side.
        (y:1768um, yAB: [0um:1728um])

[ERROR] Side.place(IoPin): Pin "inputs(3356).0" is outside east or west abutment box side.
        (y:1768.5um, yAB: [0um:1728um])

[ERROR] Side.place(IoPin): Pin "inputs(3357).0" is outside east or west abutment box side.
        (y:1769um, yAB: [0um:1728um])

[ERROR] Side.place(IoPin): Pin "inputs(3358).0" is outside east or west abutment box side.
        (y:1769.5um, yAB: [0um:1728um])

[ERROR] Side.place(IoPin): Pin "inputs(3359).0" is outside east or west abutment box side.
        (y:1770um, yAB: [0um:1728um])

[ERROR] Side.place(IoPin): Pin "inputs(3360).0" is outside east or west abutment box side.
        (y:1770.5um, yAB: [0um:1728um])

[ERROR] Side.place(IoPin): Pin "inputs(3361).0" is outside east or west abutment box side.
        (y:1771um, yAB: [0um:1728um])

[ERROR] Side.place(IoPin): Pin "inputs(3362).0" is outside east or west abutment box side.
        (y:1771.5um, yAB: [0um:1728um])

[ERROR] Side.place(IoPin): Pin "inputs(3363).0" is outside east or west abutment box side.
        (y:1772um, yAB: [0um:1728um])

[ERROR] Side.place(IoPin): Pin "inputs(3364).0" is outside east or west abutment box side.
        (y:1772.5um, yAB: [0um:1728um])

[ERROR] Side.place(IoPin): Pin "inputs(3365).0" is outside east or west abutment box side.
        (y:1773um, yAB: [0um:1728um])

[ERROR] Side.place(IoPin): Pin "inputs(3366).0" is outside east or west abutment box side.
        (y:1773.5um, yAB: [0um:1728um])

[ERROR] Side.place(IoPin): Pin "inputs(3367).0" is outside east or west abutment box side.
        (y:1774um, yAB: [0um:1728um])

[ERROR] Side.place(IoPin): Pin "inputs(3368).0" is outside east or west abutment box side.
        (y:1774.5um, yAB: [0um:1728um])

[ERROR] Side.place(IoPin): Pin "inputs(3369).0" is outside east or west abutment box side.
        (y:1775um, yAB: [0um:1728um])

[ERROR] Side.place(IoPin): Pin "inputs(3370).0" is outside east or west abutment box side.
        (y:1775.5um, yAB: [0um:1728um])

[ERROR] Side.place(IoPin): Pin "inputs(3371).0" is outside east or west abutment box side.
        (y:1776um, yAB: [0um:1728um])

[ERROR] Side.place(IoPin): Pin "inputs(3372).0" is outside east or west abutment box side.
        (y:1776.5um, yAB: [0um:1728um])

[ERROR] Side.place(IoPin): Pin "inputs(3373).0" is outside east or west abutment box side.
        (y:1777um, yAB: [0um:1728um])

[ERROR] Side.place(IoPin): Pin "inputs(3374).0" is outside east or west abutment box side.
        (y:1777.5um, yAB: [0um:1728um])

[ERROR] Side.place(IoPin): Pin "inputs(3375).0" is outside east or west abutment box side.
        (y:1778um, yAB: [0um:1728um])

[ERROR] Side.place(IoPin): Pin "inputs(3376).0" is outside east or west abutment box side.
        (y:1778.5um, yAB: [0um:1728um])

[ERROR] Side.place(IoPin): Pin "inputs(3377).0" is outside east or west abutment box side.
        (y:1779um, yAB: [0um:1728um])

[ERROR] Side.place(IoPin): Pin "inputs(3378).0" is outside east or west abutment box side.
        (y:1779.5um, yAB: [0um:1728um])

[ERROR] Side.place(IoPin): Pin "inputs(3379).0" is outside east or west abutment box side.
        (y:1780um, yAB: [0um:1728um])

[ERROR] Side.place(IoPin): Pin "inputs(3380).0" is outside east or west abutment box side.
        (y:1780.5um, yAB: [0um:1728um])

[ERROR] Side.place(IoPin): Pin "inputs(3381).0" is outside east or west abutment box side.
        (y:1781um, yAB: [0um:1728um])

[ERROR] Side.place(IoPin): Pin "inputs(3382).0" is outside east or west abutment box side.
        (y:1781.5um, yAB: [0um:1728um])

[ERROR] Side.place(IoPin): Pin "inputs(3383).0" is outside east or west abutment box side.
        (y:1782um, yAB: [0um:1728um])

[ERROR] Side.place(IoPin): Pin "inputs(3384).0" is outside east or west abutment box side.
        (y:1782.5um, yAB: [0um:1728um])

[ERROR] Side.place(IoPin): Pin "inputs(3385).0" is outside east or west abutment box side.
        (y:1783um, yAB: [0um:1728um])

[ERROR] Side.place(IoPin): Pin "inputs(3386).0" is outside east or west abutment box side.
        (y:1783.5um, yAB: [0um:1728um])

[ERROR] Side.place(IoPin): Pin "inputs(3387).0" is outside east or west abutment box side.
        (y:1784um, yAB: [0um:1728um])

[ERROR] Side.place(IoPin): Pin "inputs(3388).0" is outside east or west abutment box side.
        (y:1784.5um, yAB: [0um:1728um])

[ERROR] Side.place(IoPin): Pin "inputs(3389).0" is outside east or west abutment box side.
        (y:1785um, yAB: [0um:1728um])

[ERROR] Side.place(IoPin): Pin "inputs(3390).0" is outside east or west abutment box side.
        (y:1785.5um, yAB: [0um:1728um])

[ERROR] Side.place(IoPin): Pin "inputs(3391).0" is outside east or west abutment box side.
        (y:1786um, yAB: [0um:1728um])

[ERROR] Side.place(IoPin): Pin "inputs(3392).0" is outside east or west abutment box side.
        (y:1786.5um, yAB: [0um:1728um])

[ERROR] Side.place(IoPin): Pin "inputs(3393).0" is outside east or west abutment box side.
        (y:1787um, yAB: [0um:1728um])

[ERROR] Side.place(IoPin): Pin "inputs(3394).0" is outside east or west abutment box side.
        (y:1787.5um, yAB: [0um:1728um])

[ERROR] Side.place(IoPin): Pin "inputs(3395).0" is outside east or west abutment box side.
        (y:1788um, yAB: [0um:1728um])

[ERROR] Side.place(IoPin): Pin "inputs(3396).0" is outside east or west abutment box side.
        (y:1788.5um, yAB: [0um:1728um])

[ERROR] Side.place(IoPin): Pin "inputs(3397).0" is outside east or west abutment box side.
        (y:1789um, yAB: [0um:1728um])

[ERROR] Side.place(IoPin): Pin "inputs(3398).0" is outside east or west abutment box side.
        (y:1789.5um, yAB: [0um:1728um])

[ERROR] Side.place(IoPin): Pin "inputs(3399).0" is outside east or west abutment box side.
        (y:1790um, yAB: [0um:1728um])

[ERROR] Side.place(IoPin): Pin "inputs(3400).0" is outside east or west abutment box side.
        (y:1790.5um, yAB: [0um:1728um])

[ERROR] Side.place(IoPin): Pin "inputs(3401).0" is outside east or west abutment box side.
        (y:1791um, yAB: [0um:1728um])

[ERROR] Side.place(IoPin): Pin "inputs(3402).0" is outside east or west abutment box side.
        (y:1791.5um, yAB: [0um:1728um])

[ERROR] Side.place(IoPin): Pin "inputs(3403).0" is outside east or west abutment box side.
        (y:1792um, yAB: [0um:1728um])

[ERROR] Side.place(IoPin): Pin "inputs(3404).0" is outside east or west abutment box side.
        (y:1792.5um, yAB: [0um:1728um])

[ERROR] Side.place(IoPin): Pin "inputs(3405).0" is outside east or west abutment box side.
        (y:1793um, yAB: [0um:1728um])

[ERROR] Side.place(IoPin): Pin "inputs(3406).0" is outside east or west abutment box side.
        (y:1793.5um, yAB: [0um:1728um])

[ERROR] Side.place(IoPin): Pin "inputs(3407).0" is outside east or west abutment box side.
        (y:1794um, yAB: [0um:1728um])

[ERROR] Side.place(IoPin): Pin "inputs(3408).0" is outside east or west abutment box side.
        (y:1794.5um, yAB: [0um:1728um])

[ERROR] Side.place(IoPin): Pin "inputs(3409).0" is outside east or west abutment box side.
        (y:1795um, yAB: [0um:1728um])

[ERROR] Side.place(IoPin): Pin "inputs(3410).0" is outside east or west abutment box side.
        (y:1795.5um, yAB: [0um:1728um])

[ERROR] Side.place(IoPin): Pin "inputs(3411).0" is outside east or west abutment box side.
        (y:1796um, yAB: [0um:1728um])

[ERROR] Side.place(IoPin): Pin "inputs(3412).0" is outside east or west abutment box side.
        (y:1796.5um, yAB: [0um:1728um])

[ERROR] Side.place(IoPin): Pin "inputs(3413).0" is outside east or west abutment box side.
        (y:1797um, yAB: [0um:1728um])

[ERROR] Side.place(IoPin): Pin "inputs(3414).0" is outside east or west abutment box side.
        (y:1797.5um, yAB: [0um:1728um])

[ERROR] Side.place(IoPin): Pin "inputs(3415).0" is outside east or west abutment box side.
        (y:1798um, yAB: [0um:1728um])

[ERROR] Side.place(IoPin): Pin "inputs(3416).0" is outside east or west abutment box side.
        (y:1798.5um, yAB: [0um:1728um])

[ERROR] Side.place(IoPin): Pin "inputs(3417).0" is outside east or west abutment box side.
        (y:1799um, yAB: [0um:1728um])

[ERROR] Side.place(IoPin): Pin "inputs(3418).0" is outside east or west abutment box side.
        (y:1799.5um, yAB: [0um:1728um])

[ERROR] Side.place(IoPin): Pin "inputs(3419).0" is outside east or west abutment box side.
        (y:1800um, yAB: [0um:1728um])

[ERROR] Side.place(IoPin): Pin "inputs(3420).0" is outside east or west abutment box side.
        (y:1800.5um, yAB: [0um:1728um])

[ERROR] Side.place(IoPin): Pin "inputs(3421).0" is outside east or west abutment box side.
        (y:1801um, yAB: [0um:1728um])

[ERROR] Side.place(IoPin): Pin "inputs(3422).0" is outside east or west abutment box side.
        (y:1801.5um, yAB: [0um:1728um])

[ERROR] Side.place(IoPin): Pin "inputs(3423).0" is outside east or west abutment box side.
        (y:1802um, yAB: [0um:1728um])

[ERROR] Side.place(IoPin): Pin "inputs(3424).0" is outside east or west abutment box side.
        (y:1802.5um, yAB: [0um:1728um])

[ERROR] Side.place(IoPin): Pin "inputs(3425).0" is outside east or west abutment box side.
        (y:1803um, yAB: [0um:1728um])

[ERROR] Side.place(IoPin): Pin "inputs(3426).0" is outside east or west abutment box side.
        (y:1803.5um, yAB: [0um:1728um])

[ERROR] Side.place(IoPin): Pin "inputs(3427).0" is outside east or west abutment box side.
        (y:1804um, yAB: [0um:1728um])

[ERROR] Side.place(IoPin): Pin "inputs(3428).0" is outside east or west abutment box side.
        (y:1804.5um, yAB: [0um:1728um])

[ERROR] Side.place(IoPin): Pin "inputs(3429).0" is outside east or west abutment box side.
        (y:1805um, yAB: [0um:1728um])

[ERROR] Side.place(IoPin): Pin "inputs(3430).0" is outside east or west abutment box side.
        (y:1805.5um, yAB: [0um:1728um])

[ERROR] Side.place(IoPin): Pin "inputs(3431).0" is outside east or west abutment box side.
        (y:1806um, yAB: [0um:1728um])

[ERROR] Side.place(IoPin): Pin "inputs(3432).0" is outside east or west abutment box side.
        (y:1806.5um, yAB: [0um:1728um])

[ERROR] Side.place(IoPin): Pin "inputs(3433).0" is outside east or west abutment box side.
        (y:1807um, yAB: [0um:1728um])

[ERROR] Side.place(IoPin): Pin "inputs(3434).0" is outside east or west abutment box side.
        (y:1807.5um, yAB: [0um:1728um])

[ERROR] Side.place(IoPin): Pin "inputs(3435).0" is outside east or west abutment box side.
        (y:1808um, yAB: [0um:1728um])

[ERROR] Side.place(IoPin): Pin "inputs(3436).0" is outside east or west abutment box side.
        (y:1808.5um, yAB: [0um:1728um])

[ERROR] Side.place(IoPin): Pin "inputs(3437).0" is outside east or west abutment box side.
        (y:1809um, yAB: [0um:1728um])

[ERROR] Side.place(IoPin): Pin "inputs(3438).0" is outside east or west abutment box side.
        (y:1809.5um, yAB: [0um:1728um])

[ERROR] Side.place(IoPin): Pin "inputs(3439).0" is outside east or west abutment box side.
        (y:1810um, yAB: [0um:1728um])

[ERROR] Side.place(IoPin): Pin "inputs(3440).0" is outside east or west abutment box side.
        (y:1810.5um, yAB: [0um:1728um])

[ERROR] Side.place(IoPin): Pin "inputs(3441).0" is outside east or west abutment box side.
        (y:1811um, yAB: [0um:1728um])

[ERROR] Side.place(IoPin): Pin "inputs(3442).0" is outside east or west abutment box side.
        (y:1811.5um, yAB: [0um:1728um])

[ERROR] Side.place(IoPin): Pin "inputs(3443).0" is outside east or west abutment box side.
        (y:1812um, yAB: [0um:1728um])

[ERROR] Side.place(IoPin): Pin "inputs(3444).0" is outside east or west abutment box side.
        (y:1812.5um, yAB: [0um:1728um])

[ERROR] Side.place(IoPin): Pin "inputs(3445).0" is outside east or west abutment box side.
        (y:1813um, yAB: [0um:1728um])

[ERROR] Side.place(IoPin): Pin "inputs(3446).0" is outside east or west abutment box side.
        (y:1813.5um, yAB: [0um:1728um])

[ERROR] Side.place(IoPin): Pin "inputs(3447).0" is outside east or west abutment box side.
        (y:1814um, yAB: [0um:1728um])

[ERROR] Side.place(IoPin): Pin "inputs(3448).0" is outside east or west abutment box side.
        (y:1814.5um, yAB: [0um:1728um])

[ERROR] Side.place(IoPin): Pin "inputs(3449).0" is outside east or west abutment box side.
        (y:1815um, yAB: [0um:1728um])

[ERROR] Side.place(IoPin): Pin "inputs(3450).0" is outside east or west abutment box side.
        (y:1815.5um, yAB: [0um:1728um])

[ERROR] Side.place(IoPin): Pin "inputs(3451).0" is outside east or west abutment box side.
        (y:1816um, yAB: [0um:1728um])

[ERROR] Side.place(IoPin): Pin "inputs(3452).0" is outside east or west abutment box side.
        (y:1816.5um, yAB: [0um:1728um])

[ERROR] Side.place(IoPin): Pin "inputs(3453).0" is outside east or west abutment box side.
        (y:1817um, yAB: [0um:1728um])

[ERROR] Side.place(IoPin): Pin "inputs(3454).0" is outside east or west abutment box side.
        (y:1817.5um, yAB: [0um:1728um])

[ERROR] Side.place(IoPin): Pin "inputs(3455).0" is outside east or west abutment box side.
        (y:1818um, yAB: [0um:1728um])

[ERROR] Side.place(IoPin): Pin "inputs(3456).0" is outside east or west abutment box side.
        (y:1818.5um, yAB: [0um:1728um])

[ERROR] Side.place(IoPin): Pin "inputs(3457).0" is outside east or west abutment box side.
        (y:1819um, yAB: [0um:1728um])

[ERROR] Side.place(IoPin): Pin "inputs(3458).0" is outside east or west abutment box side.
        (y:1819.5um, yAB: [0um:1728um])

[ERROR] Side.place(IoPin): Pin "inputs(3459).0" is outside east or west abutment box side.
        (y:1820um, yAB: [0um:1728um])

[ERROR] Side.place(IoPin): Pin "inputs(3460).0" is outside east or west abutment box side.
        (y:1820.5um, yAB: [0um:1728um])

[ERROR] Side.place(IoPin): Pin "inputs(3461).0" is outside east or west abutment box side.
        (y:1821um, yAB: [0um:1728um])

[ERROR] Side.place(IoPin): Pin "inputs(3462).0" is outside east or west abutment box side.
        (y:1821.5um, yAB: [0um:1728um])

[ERROR] Side.place(IoPin): Pin "inputs(3463).0" is outside east or west abutment box side.
        (y:1822um, yAB: [0um:1728um])

[ERROR] Side.place(IoPin): Pin "inputs(3464).0" is outside east or west abutment box side.
        (y:1822.5um, yAB: [0um:1728um])

[ERROR] Side.place(IoPin): Pin "inputs(3465).0" is outside east or west abutment box side.
        (y:1823um, yAB: [0um:1728um])

[ERROR] Side.place(IoPin): Pin "inputs(3466).0" is outside east or west abutment box side.
        (y:1823.5um, yAB: [0um:1728um])

[ERROR] Side.place(IoPin): Pin "inputs(3467).0" is outside east or west abutment box side.
        (y:1824um, yAB: [0um:1728um])

[ERROR] Side.place(IoPin): Pin "inputs(3468).0" is outside east or west abutment box side.
        (y:1824.5um, yAB: [0um:1728um])

[ERROR] Side.place(IoPin): Pin "inputs(3469).0" is outside east or west abutment box side.
        (y:1825um, yAB: [0um:1728um])

[ERROR] Side.place(IoPin): Pin "inputs(3470).0" is outside east or west abutment box side.
        (y:1825.5um, yAB: [0um:1728um])

[ERROR] Side.place(IoPin): Pin "inputs(3471).0" is outside east or west abutment box side.
        (y:1826um, yAB: [0um:1728um])

[ERROR] Side.place(IoPin): Pin "inputs(3472).0" is outside east or west abutment box side.
        (y:1826.5um, yAB: [0um:1728um])

[ERROR] Side.place(IoPin): Pin "inputs(3473).0" is outside east or west abutment box side.
        (y:1827um, yAB: [0um:1728um])

[ERROR] Side.place(IoPin): Pin "inputs(3474).0" is outside east or west abutment box side.
        (y:1827.5um, yAB: [0um:1728um])

[ERROR] Side.place(IoPin): Pin "inputs(3475).0" is outside east or west abutment box side.
        (y:1828um, yAB: [0um:1728um])

[ERROR] Side.place(IoPin): Pin "inputs(3476).0" is outside east or west abutment box side.
        (y:1828.5um, yAB: [0um:1728um])

[ERROR] Side.place(IoPin): Pin "inputs(3477).0" is outside east or west abutment box side.
        (y:1829um, yAB: [0um:1728um])

[ERROR] Side.place(IoPin): Pin "inputs(3478).0" is outside east or west abutment box side.
        (y:1829.5um, yAB: [0um:1728um])

[ERROR] Side.place(IoPin): Pin "inputs(3479).0" is outside east or west abutment box side.
        (y:1830um, yAB: [0um:1728um])

[ERROR] Side.place(IoPin): Pin "inputs(3480).0" is outside east or west abutment box side.
        (y:1830.5um, yAB: [0um:1728um])

[ERROR] Side.place(IoPin): Pin "inputs(3481).0" is outside east or west abutment box side.
        (y:1831um, yAB: [0um:1728um])

[ERROR] Side.place(IoPin): Pin "inputs(3482).0" is outside east or west abutment box side.
        (y:1831.5um, yAB: [0um:1728um])

[ERROR] Side.place(IoPin): Pin "inputs(3483).0" is outside east or west abutment box side.
        (y:1832um, yAB: [0um:1728um])

[ERROR] Side.place(IoPin): Pin "inputs(3484).0" is outside east or west abutment box side.
        (y:1832.5um, yAB: [0um:1728um])

[ERROR] Side.place(IoPin): Pin "inputs(3485).0" is outside east or west abutment box side.
        (y:1833um, yAB: [0um:1728um])

[ERROR] Side.place(IoPin): Pin "inputs(3486).0" is outside east or west abutment box side.
        (y:1833.5um, yAB: [0um:1728um])

[ERROR] Side.place(IoPin): Pin "inputs(3487).0" is outside east or west abutment box side.
        (y:1834um, yAB: [0um:1728um])

[ERROR] Side.place(IoPin): Pin "inputs(3488).0" is outside east or west abutment box side.
        (y:1834.5um, yAB: [0um:1728um])

[ERROR] Side.place(IoPin): Pin "inputs(3489).0" is outside east or west abutment box side.
        (y:1835um, yAB: [0um:1728um])

[ERROR] Side.place(IoPin): Pin "inputs(3490).0" is outside east or west abutment box side.
        (y:1835.5um, yAB: [0um:1728um])

[ERROR] Side.place(IoPin): Pin "inputs(3491).0" is outside east or west abutment box side.
        (y:1836um, yAB: [0um:1728um])

[ERROR] Side.place(IoPin): Pin "inputs(3492).0" is outside east or west abutment box side.
        (y:1836.5um, yAB: [0um:1728um])

[ERROR] Side.place(IoPin): Pin "inputs(3493).0" is outside east or west abutment box side.
        (y:1837um, yAB: [0um:1728um])

[ERROR] Side.place(IoPin): Pin "inputs(3494).0" is outside east or west abutment box side.
        (y:1837.5um, yAB: [0um:1728um])

[ERROR] Side.place(IoPin): Pin "inputs(3495).0" is outside east or west abutment box side.
        (y:1838um, yAB: [0um:1728um])

[ERROR] Side.place(IoPin): Pin "inputs(3496).0" is outside east or west abutment box side.
        (y:1838.5um, yAB: [0um:1728um])

[ERROR] Side.place(IoPin): Pin "inputs(3497).0" is outside east or west abutment box side.
        (y:1839um, yAB: [0um:1728um])

[ERROR] Side.place(IoPin): Pin "inputs(3498).0" is outside east or west abutment box side.
        (y:1839.5um, yAB: [0um:1728um])

[ERROR] Side.place(IoPin): Pin "inputs(3499).0" is outside east or west abutment box side.
        (y:1840um, yAB: [0um:1728um])

[ERROR] Side.place(IoPin): Pin "inputs(3500).0" is outside east or west abutment box side.
        (y:1840.5um, yAB: [0um:1728um])

[ERROR] Side.place(IoPin): Pin "inputs(3501).0" is outside east or west abutment box side.
        (y:1841um, yAB: [0um:1728um])

[ERROR] Side.place(IoPin): Pin "inputs(3502).0" is outside east or west abutment box side.
        (y:1841.5um, yAB: [0um:1728um])

[ERROR] Side.place(IoPin): Pin "inputs(3503).0" is outside east or west abutment box side.
        (y:1842um, yAB: [0um:1728um])

[ERROR] Side.place(IoPin): Pin "inputs(3504).0" is outside east or west abutment box side.
        (y:1842.5um, yAB: [0um:1728um])

[ERROR] Side.place(IoPin): Pin "inputs(3505).0" is outside east or west abutment box side.
        (y:1843um, yAB: [0um:1728um])

[ERROR] Side.place(IoPin): Pin "inputs(3506).0" is outside east or west abutment box side.
        (y:1843.5um, yAB: [0um:1728um])

[ERROR] Side.place(IoPin): Pin "inputs(3507).0" is outside east or west abutment box side.
        (y:1844um, yAB: [0um:1728um])

[ERROR] Side.place(IoPin): Pin "inputs(3508).0" is outside east or west abutment box side.
        (y:1844.5um, yAB: [0um:1728um])

[ERROR] Side.place(IoPin): Pin "inputs(3509).0" is outside east or west abutment box side.
        (y:1845um, yAB: [0um:1728um])

[ERROR] Side.place(IoPin): Pin "inputs(3510).0" is outside east or west abutment box side.
        (y:1845.5um, yAB: [0um:1728um])

[ERROR] Side.place(IoPin): Pin "inputs(3511).0" is outside east or west abutment box side.
        (y:1846um, yAB: [0um:1728um])

[ERROR] Side.place(IoPin): Pin "inputs(3512).0" is outside east or west abutment box side.
        (y:1846.5um, yAB: [0um:1728um])

[ERROR] Side.place(IoPin): Pin "inputs(3513).0" is outside east or west abutment box side.
        (y:1847um, yAB: [0um:1728um])

[ERROR] Side.place(IoPin): Pin "inputs(3514).0" is outside east or west abutment box side.
        (y:1847.5um, yAB: [0um:1728um])

[ERROR] Side.place(IoPin): Pin "inputs(3515).0" is outside east or west abutment box side.
        (y:1848um, yAB: [0um:1728um])

[ERROR] Side.place(IoPin): Pin "inputs(3516).0" is outside east or west abutment box side.
        (y:1848.5um, yAB: [0um:1728um])

[ERROR] Side.place(IoPin): Pin "inputs(3517).0" is outside east or west abutment box side.
        (y:1849um, yAB: [0um:1728um])

[ERROR] Side.place(IoPin): Pin "inputs(3518).0" is outside east or west abutment box side.
        (y:1849.5um, yAB: [0um:1728um])

[ERROR] Side.place(IoPin): Pin "inputs(3519).0" is outside east or west abutment box side.
        (y:1850um, yAB: [0um:1728um])

[ERROR] Side.place(IoPin): Pin "inputs(3520).0" is outside east or west abutment box side.
        (y:1850.5um, yAB: [0um:1728um])

[ERROR] Side.place(IoPin): Pin "inputs(3521).0" is outside east or west abutment box side.
        (y:1851um, yAB: [0um:1728um])

[ERROR] Side.place(IoPin): Pin "inputs(3522).0" is outside east or west abutment box side.
        (y:1851.5um, yAB: [0um:1728um])

[ERROR] Side.place(IoPin): Pin "inputs(3523).0" is outside east or west abutment box side.
        (y:1852um, yAB: [0um:1728um])

[ERROR] Side.place(IoPin): Pin "inputs(3524).0" is outside east or west abutment box side.
        (y:1852.5um, yAB: [0um:1728um])

[ERROR] Side.place(IoPin): Pin "inputs(3525).0" is outside east or west abutment box side.
        (y:1853um, yAB: [0um:1728um])

[ERROR] Side.place(IoPin): Pin "inputs(3526).0" is outside east or west abutment box side.
        (y:1853.5um, yAB: [0um:1728um])

[ERROR] Side.place(IoPin): Pin "inputs(3527).0" is outside east or west abutment box side.
        (y:1854um, yAB: [0um:1728um])

[ERROR] Side.place(IoPin): Pin "inputs(3528).0" is outside east or west abutment box side.
        (y:1854.5um, yAB: [0um:1728um])

[ERROR] Side.place(IoPin): Pin "inputs(3529).0" is outside east or west abutment box side.
        (y:1855um, yAB: [0um:1728um])

[ERROR] Side.place(IoPin): Pin "inputs(3530).0" is outside east or west abutment box side.
        (y:1855.5um, yAB: [0um:1728um])

[ERROR] Side.place(IoPin): Pin "inputs(3531).0" is outside east or west abutment box side.
        (y:1856um, yAB: [0um:1728um])

[ERROR] Side.place(IoPin): Pin "inputs(3532).0" is outside east or west abutment box side.
        (y:1856.5um, yAB: [0um:1728um])

[ERROR] Side.place(IoPin): Pin "inputs(3533).0" is outside east or west abutment box side.
        (y:1857um, yAB: [0um:1728um])

[ERROR] Side.place(IoPin): Pin "inputs(3534).0" is outside east or west abutment box side.
        (y:1857.5um, yAB: [0um:1728um])

[ERROR] Side.place(IoPin): Pin "inputs(3535).0" is outside east or west abutment box side.
        (y:1858um, yAB: [0um:1728um])

[ERROR] Side.place(IoPin): Pin "inputs(3536).0" is outside east or west abutment box side.
        (y:1858.5um, yAB: [0um:1728um])

[ERROR] Side.place(IoPin): Pin "inputs(3537).0" is outside east or west abutment box side.
        (y:1859um, yAB: [0um:1728um])

[ERROR] Side.place(IoPin): Pin "inputs(3538).0" is outside east or west abutment box side.
        (y:1859.5um, yAB: [0um:1728um])

[ERROR] Side.place(IoPin): Pin "inputs(3539).0" is outside east or west abutment box side.
        (y:1860um, yAB: [0um:1728um])

[ERROR] Side.place(IoPin): Pin "inputs(3540).0" is outside east or west abutment box side.
        (y:1860.5um, yAB: [0um:1728um])

[ERROR] Side.place(IoPin): Pin "inputs(3541).0" is outside east or west abutment box side.
        (y:1861um, yAB: [0um:1728um])

[ERROR] Side.place(IoPin): Pin "inputs(3542).0" is outside east or west abutment box side.
        (y:1861.5um, yAB: [0um:1728um])

[ERROR] Side.place(IoPin): Pin "inputs(3543).0" is outside east or west abutment box side.
        (y:1862um, yAB: [0um:1728um])

[ERROR] Side.place(IoPin): Pin "inputs(3544).0" is outside east or west abutment box side.
        (y:1862.5um, yAB: [0um:1728um])

[ERROR] Side.place(IoPin): Pin "inputs(3545).0" is outside east or west abutment box side.
        (y:1863um, yAB: [0um:1728um])

[ERROR] Side.place(IoPin): Pin "inputs(3546).0" is outside east or west abutment box side.
        (y:1863.5um, yAB: [0um:1728um])

[ERROR] Side.place(IoPin): Pin "inputs(3547).0" is outside east or west abutment box side.
        (y:1864um, yAB: [0um:1728um])

[ERROR] Side.place(IoPin): Pin "inputs(3548).0" is outside east or west abutment box side.
        (y:1864.5um, yAB: [0um:1728um])

[ERROR] Side.place(IoPin): Pin "inputs(3549).0" is outside east or west abutment box side.
        (y:1865um, yAB: [0um:1728um])

[ERROR] Side.place(IoPin): Pin "inputs(3550).0" is outside east or west abutment box side.
        (y:1865.5um, yAB: [0um:1728um])

[ERROR] Side.place(IoPin): Pin "inputs(3551).0" is outside east or west abutment box side.
        (y:1866um, yAB: [0um:1728um])

[ERROR] Side.place(IoPin): Pin "inputs(3552).0" is outside east or west abutment box side.
        (y:1866.5um, yAB: [0um:1728um])

[ERROR] Side.place(IoPin): Pin "inputs(3553).0" is outside east or west abutment box side.
        (y:1867um, yAB: [0um:1728um])

[ERROR] Side.place(IoPin): Pin "inputs(3554).0" is outside east or west abutment box side.
        (y:1867.5um, yAB: [0um:1728um])

[ERROR] Side.place(IoPin): Pin "inputs(3555).0" is outside east or west abutment box side.
        (y:1868um, yAB: [0um:1728um])

[ERROR] Side.place(IoPin): Pin "inputs(3556).0" is outside east or west abutment box side.
        (y:1868.5um, yAB: [0um:1728um])

[ERROR] Side.place(IoPin): Pin "inputs(3557).0" is outside east or west abutment box side.
        (y:1869um, yAB: [0um:1728um])

[ERROR] Side.place(IoPin): Pin "inputs(3558).0" is outside east or west abutment box side.
        (y:1869.5um, yAB: [0um:1728um])

[ERROR] Side.place(IoPin): Pin "inputs(3559).0" is outside east or west abutment box side.
        (y:1870um, yAB: [0um:1728um])

[ERROR] Side.place(IoPin): Pin "inputs(3560).0" is outside east or west abutment box side.
        (y:1870.5um, yAB: [0um:1728um])

[ERROR] Side.place(IoPin): Pin "inputs(3561).0" is outside east or west abutment box side.
        (y:1871um, yAB: [0um:1728um])

[ERROR] Side.place(IoPin): Pin "inputs(3562).0" is outside east or west abutment box side.
        (y:1871.5um, yAB: [0um:1728um])

[ERROR] Side.place(IoPin): Pin "inputs(3563).0" is outside east or west abutment box side.
        (y:1872um, yAB: [0um:1728um])

[ERROR] Side.place(IoPin): Pin "inputs(3564).0" is outside east or west abutment box side.
        (y:1872.5um, yAB: [0um:1728um])

[ERROR] Side.place(IoPin): Pin "inputs(3565).0" is outside east or west abutment box side.
        (y:1873um, yAB: [0um:1728um])

[ERROR] Side.place(IoPin): Pin "inputs(3566).0" is outside east or west abutment box side.
        (y:1873.5um, yAB: [0um:1728um])

[ERROR] Side.place(IoPin): Pin "inputs(3567).0" is outside east or west abutment box side.
        (y:1874um, yAB: [0um:1728um])

[ERROR] Side.place(IoPin): Pin "inputs(3568).0" is outside east or west abutment box side.
        (y:1874.5um, yAB: [0um:1728um])

[ERROR] Side.place(IoPin): Pin "inputs(3569).0" is outside east or west abutment box side.
        (y:1875um, yAB: [0um:1728um])

[ERROR] Side.place(IoPin): Pin "inputs(3570).0" is outside east or west abutment box side.
        (y:1875.5um, yAB: [0um:1728um])

[ERROR] Side.place(IoPin): Pin "inputs(3571).0" is outside east or west abutment box side.
        (y:1876um, yAB: [0um:1728um])

[ERROR] Side.place(IoPin): Pin "inputs(3572).0" is outside east or west abutment box side.
        (y:1876.5um, yAB: [0um:1728um])

[ERROR] Side.place(IoPin): Pin "inputs(3573).0" is outside east or west abutment box side.
        (y:1877um, yAB: [0um:1728um])

[ERROR] Side.place(IoPin): Pin "inputs(3574).0" is outside east or west abutment box side.
        (y:1877.5um, yAB: [0um:1728um])

[ERROR] Side.place(IoPin): Pin "inputs(3575).0" is outside east or west abutment box side.
        (y:1878um, yAB: [0um:1728um])

[ERROR] Side.place(IoPin): Pin "inputs(3576).0" is outside east or west abutment box side.
        (y:1878.5um, yAB: [0um:1728um])

[ERROR] Side.place(IoPin): Pin "inputs(3577).0" is outside east or west abutment box side.
        (y:1879um, yAB: [0um:1728um])

[ERROR] Side.place(IoPin): Pin "inputs(3578).0" is outside east or west abutment box side.
        (y:1879.5um, yAB: [0um:1728um])

[ERROR] Side.place(IoPin): Pin "inputs(3579).0" is outside east or west abutment box side.
        (y:1880um, yAB: [0um:1728um])

[ERROR] Side.place(IoPin): Pin "inputs(3580).0" is outside east or west abutment box side.
        (y:1880.5um, yAB: [0um:1728um])

[ERROR] Side.place(IoPin): Pin "inputs(3581).0" is outside east or west abutment box side.
        (y:1881um, yAB: [0um:1728um])

[ERROR] Side.place(IoPin): Pin "inputs(3582).0" is outside east or west abutment box side.
        (y:1881.5um, yAB: [0um:1728um])

[ERROR] Side.place(IoPin): Pin "inputs(3583).0" is outside east or west abutment box side.
        (y:1882um, yAB: [0um:1728um])

[ERROR] Side.place(IoPin): Pin "inputs(3584).0" is outside east or west abutment box side.
        (y:1882.5um, yAB: [0um:1728um])

[ERROR] Side.place(IoPin): Pin "inputs(3585).0" is outside east or west abutment box side.
        (y:1883um, yAB: [0um:1728um])

[ERROR] Side.place(IoPin): Pin "inputs(3586).0" is outside east or west abutment box side.
        (y:1883.5um, yAB: [0um:1728um])

[ERROR] Side.place(IoPin): Pin "inputs(3587).0" is outside east or west abutment box side.
        (y:1884um, yAB: [0um:1728um])

[ERROR] Side.place(IoPin): Pin "inputs(3588).0" is outside east or west abutment box side.
        (y:1884.5um, yAB: [0um:1728um])

[ERROR] Side.place(IoPin): Pin "inputs(3589).0" is outside east or west abutment box side.
        (y:1885um, yAB: [0um:1728um])

[ERROR] Side.place(IoPin): Pin "inputs(3590).0" is outside east or west abutment box side.
        (y:1885.5um, yAB: [0um:1728um])

[ERROR] Side.place(IoPin): Pin "inputs(3591).0" is outside east or west abutment box side.
        (y:1886um, yAB: [0um:1728um])

[ERROR] Side.place(IoPin): Pin "inputs(3592).0" is outside east or west abutment box side.
        (y:1886.5um, yAB: [0um:1728um])

[ERROR] Side.place(IoPin): Pin "inputs(3593).0" is outside east or west abutment box side.
        (y:1887um, yAB: [0um:1728um])

[ERROR] Side.place(IoPin): Pin "inputs(3594).0" is outside east or west abutment box side.
        (y:1887.5um, yAB: [0um:1728um])

[ERROR] Side.place(IoPin): Pin "inputs(3595).0" is outside east or west abutment box side.
        (y:1888um, yAB: [0um:1728um])

[ERROR] Side.place(IoPin): Pin "inputs(3596).0" is outside east or west abutment box side.
        (y:1888.5um, yAB: [0um:1728um])

[ERROR] Side.place(IoPin): Pin "inputs(3597).0" is outside east or west abutment box side.
        (y:1889um, yAB: [0um:1728um])

[ERROR] Side.place(IoPin): Pin "inputs(3598).0" is outside east or west abutment box side.
        (y:1889.5um, yAB: [0um:1728um])

[ERROR] Side.place(IoPin): Pin "inputs(3599).0" is outside east or west abutment box side.
        (y:1890um, yAB: [0um:1728um])

[ERROR] Side.place(IoPin): Pin "inputs(3600).0" is outside east or west abutment box side.
        (y:1890.5um, yAB: [0um:1728um])

[ERROR] Side.place(IoPin): Pin "inputs(3601).0" is outside east or west abutment box side.
        (y:1891um, yAB: [0um:1728um])

[ERROR] Side.place(IoPin): Pin "inputs(3602).0" is outside east or west abutment box side.
        (y:1891.5um, yAB: [0um:1728um])

[ERROR] Side.place(IoPin): Pin "inputs(3603).0" is outside east or west abutment box side.
        (y:1892um, yAB: [0um:1728um])

[ERROR] Side.place(IoPin): Pin "inputs(3604).0" is outside east or west abutment box side.
        (y:1892.5um, yAB: [0um:1728um])

[ERROR] Side.place(IoPin): Pin "inputs(3605).0" is outside east or west abutment box side.
        (y:1893um, yAB: [0um:1728um])

[ERROR] Side.place(IoPin): Pin "inputs(3606).0" is outside east or west abutment box side.
        (y:1893.5um, yAB: [0um:1728um])

[ERROR] Side.place(IoPin): Pin "inputs(3607).0" is outside east or west abutment box side.
        (y:1894um, yAB: [0um:1728um])

[ERROR] Side.place(IoPin): Pin "inputs(3608).0" is outside east or west abutment box side.
        (y:1894.5um, yAB: [0um:1728um])

[ERROR] Side.place(IoPin): Pin "inputs(3609).0" is outside east or west abutment box side.
        (y:1895um, yAB: [0um:1728um])

[ERROR] Side.place(IoPin): Pin "inputs(3610).0" is outside east or west abutment box side.
        (y:1895.5um, yAB: [0um:1728um])

[ERROR] Side.place(IoPin): Pin "inputs(3611).0" is outside east or west abutment box side.
        (y:1896um, yAB: [0um:1728um])

[ERROR] Side.place(IoPin): Pin "inputs(3612).0" is outside east or west abutment box side.
        (y:1896.5um, yAB: [0um:1728um])

[ERROR] Side.place(IoPin): Pin "inputs(3613).0" is outside east or west abutment box side.
        (y:1897um, yAB: [0um:1728um])

[ERROR] Side.place(IoPin): Pin "inputs(3614).0" is outside east or west abutment box side.
        (y:1897.5um, yAB: [0um:1728um])

[ERROR] Side.place(IoPin): Pin "inputs(3615).0" is outside east or west abutment box side.
        (y:1898um, yAB: [0um:1728um])

[ERROR] Side.place(IoPin): Pin "inputs(3616).0" is outside east or west abutment box side.
        (y:1898.5um, yAB: [0um:1728um])

[ERROR] Side.place(IoPin): Pin "inputs(3617).0" is outside east or west abutment box side.
        (y:1899um, yAB: [0um:1728um])

[ERROR] Side.place(IoPin): Pin "inputs(3618).0" is outside east or west abutment box side.
        (y:1899.5um, yAB: [0um:1728um])

[ERROR] Side.place(IoPin): Pin "inputs(3619).0" is outside east or west abutment box side.
        (y:1900um, yAB: [0um:1728um])

[ERROR] Side.place(IoPin): Pin "inputs(3620).0" is outside east or west abutment box side.
        (y:1900.5um, yAB: [0um:1728um])

[ERROR] Side.place(IoPin): Pin "inputs(3621).0" is outside east or west abutment box side.
        (y:1901um, yAB: [0um:1728um])

[ERROR] Side.place(IoPin): Pin "inputs(3622).0" is outside east or west abutment box side.
        (y:1901.5um, yAB: [0um:1728um])

[ERROR] Side.place(IoPin): Pin "inputs(3623).0" is outside east or west abutment box side.
        (y:1902um, yAB: [0um:1728um])

[ERROR] Side.place(IoPin): Pin "inputs(3624).0" is outside east or west abutment box side.
        (y:1902.5um, yAB: [0um:1728um])

[ERROR] Side.place(IoPin): Pin "inputs(3625).0" is outside east or west abutment box side.
        (y:1903um, yAB: [0um:1728um])

[ERROR] Side.place(IoPin): Pin "inputs(3626).0" is outside east or west abutment box side.
        (y:1903.5um, yAB: [0um:1728um])

[ERROR] Side.place(IoPin): Pin "inputs(3627).0" is outside east or west abutment box side.
        (y:1904um, yAB: [0um:1728um])

[ERROR] Side.place(IoPin): Pin "inputs(3628).0" is outside east or west abutment box side.
        (y:1904.5um, yAB: [0um:1728um])

[ERROR] Side.place(IoPin): Pin "inputs(3629).0" is outside east or west abutment box side.
        (y:1905um, yAB: [0um:1728um])

[ERROR] Side.place(IoPin): Pin "inputs(3630).0" is outside east or west abutment box side.
        (y:1905.5um, yAB: [0um:1728um])

[ERROR] Side.place(IoPin): Pin "inputs(3631).0" is outside east or west abutment box side.
        (y:1906um, yAB: [0um:1728um])

[ERROR] Side.place(IoPin): Pin "inputs(3632).0" is outside east or west abutment box side.
        (y:1906.5um, yAB: [0um:1728um])

[ERROR] Side.place(IoPin): Pin "inputs(3633).0" is outside east or west abutment box side.
        (y:1907um, yAB: [0um:1728um])

[ERROR] Side.place(IoPin): Pin "inputs(3634).0" is outside east or west abutment box side.
        (y:1907.5um, yAB: [0um:1728um])

[ERROR] Side.place(IoPin): Pin "inputs(3635).0" is outside east or west abutment box side.
        (y:1908um, yAB: [0um:1728um])

[ERROR] Side.place(IoPin): Pin "inputs(3636).0" is outside east or west abutment box side.
        (y:1908.5um, yAB: [0um:1728um])

[ERROR] Side.place(IoPin): Pin "inputs(3637).0" is outside east or west abutment box side.
        (y:1909um, yAB: [0um:1728um])

[ERROR] Side.place(IoPin): Pin "inputs(3638).0" is outside east or west abutment box side.
        (y:1909.5um, yAB: [0um:1728um])

[ERROR] Side.place(IoPin): Pin "inputs(3639).0" is outside east or west abutment box side.
        (y:1910um, yAB: [0um:1728um])

[ERROR] Side.place(IoPin): Pin "inputs(3640).0" is outside east or west abutment box side.
        (y:1910.5um, yAB: [0um:1728um])

[ERROR] Side.place(IoPin): Pin "inputs(3641).0" is outside east or west abutment box side.
        (y:1911um, yAB: [0um:1728um])

[ERROR] Side.place(IoPin): Pin "inputs(3642).0" is outside east or west abutment box side.
        (y:1911.5um, yAB: [0um:1728um])

[ERROR] Side.place(IoPin): Pin "inputs(3643).0" is outside east or west abutment box side.
        (y:1912um, yAB: [0um:1728um])

[ERROR] Side.place(IoPin): Pin "inputs(3644).0" is outside east or west abutment box side.
        (y:1912.5um, yAB: [0um:1728um])

[ERROR] Side.place(IoPin): Pin "inputs(3645).0" is outside east or west abutment box side.
        (y:1913um, yAB: [0um:1728um])

[ERROR] Side.place(IoPin): Pin "inputs(3646).0" is outside east or west abutment box side.
        (y:1913.5um, yAB: [0um:1728um])

[ERROR] Side.place(IoPin): Pin "inputs(3647).0" is outside east or west abutment box side.
        (y:1914um, yAB: [0um:1728um])

[ERROR] Side.place(IoPin): Pin "inputs(3648).0" is outside east or west abutment box side.
        (y:1914.5um, yAB: [0um:1728um])

[ERROR] Side.place(IoPin): Pin "inputs(3649).0" is outside east or west abutment box side.
        (y:1915um, yAB: [0um:1728um])

[ERROR] Side.place(IoPin): Pin "inputs(3650).0" is outside east or west abutment box side.
        (y:1915.5um, yAB: [0um:1728um])

[ERROR] Side.place(IoPin): Pin "inputs(3651).0" is outside east or west abutment box side.
        (y:1916um, yAB: [0um:1728um])

[ERROR] Side.place(IoPin): Pin "inputs(3652).0" is outside east or west abutment box side.
        (y:1916.5um, yAB: [0um:1728um])

[ERROR] Side.place(IoPin): Pin "inputs(3653).0" is outside east or west abutment box side.
        (y:1917um, yAB: [0um:1728um])

[ERROR] Side.place(IoPin): Pin "inputs(3654).0" is outside east or west abutment box side.
        (y:1917.5um, yAB: [0um:1728um])

[ERROR] Side.place(IoPin): Pin "inputs(3655).0" is outside east or west abutment box side.
        (y:1918um, yAB: [0um:1728um])

[ERROR] Side.place(IoPin): Pin "inputs(3656).0" is outside east or west abutment box side.
        (y:1918.5um, yAB: [0um:1728um])

[ERROR] Side.place(IoPin): Pin "inputs(3657).0" is outside east or west abutment box side.
        (y:1919um, yAB: [0um:1728um])

[ERROR] Side.place(IoPin): Pin "inputs(3658).0" is outside east or west abutment box side.
        (y:1919.5um, yAB: [0um:1728um])

[ERROR] Side.place(IoPin): Pin "inputs(3659).0" is outside east or west abutment box side.
        (y:1920um, yAB: [0um:1728um])

[ERROR] Side.place(IoPin): Pin "inputs(3660).0" is outside east or west abutment box side.
        (y:1920.5um, yAB: [0um:1728um])

[ERROR] Side.place(IoPin): Pin "inputs(3661).0" is outside east or west abutment box side.
        (y:1921um, yAB: [0um:1728um])

[ERROR] Side.place(IoPin): Pin "inputs(3662).0" is outside east or west abutment box side.
        (y:1921.5um, yAB: [0um:1728um])

[ERROR] Side.place(IoPin): Pin "inputs(3663).0" is outside east or west abutment box side.
        (y:1922um, yAB: [0um:1728um])

[ERROR] Side.place(IoPin): Pin "inputs(3664).0" is outside east or west abutment box side.
        (y:1922.5um, yAB: [0um:1728um])

[ERROR] Side.place(IoPin): Pin "inputs(3665).0" is outside east or west abutment box side.
        (y:1923um, yAB: [0um:1728um])

[ERROR] Side.place(IoPin): Pin "inputs(3666).0" is outside east or west abutment box side.
        (y:1923.5um, yAB: [0um:1728um])

[ERROR] Side.place(IoPin): Pin "inputs(3667).0" is outside east or west abutment box side.
        (y:1924um, yAB: [0um:1728um])

[ERROR] Side.place(IoPin): Pin "inputs(3668).0" is outside east or west abutment box side.
        (y:1924.5um, yAB: [0um:1728um])

[ERROR] Side.place(IoPin): Pin "inputs(3669).0" is outside east or west abutment box side.
        (y:1925um, yAB: [0um:1728um])

[ERROR] Side.place(IoPin): Pin "inputs(3670).0" is outside east or west abutment box side.
        (y:1925.5um, yAB: [0um:1728um])

[ERROR] Side.place(IoPin): Pin "inputs(3671).0" is outside east or west abutment box side.
        (y:1926um, yAB: [0um:1728um])

[ERROR] Side.place(IoPin): Pin "inputs(3672).0" is outside east or west abutment box side.
        (y:1926.5um, yAB: [0um:1728um])

[ERROR] Side.place(IoPin): Pin "inputs(3673).0" is outside east or west abutment box side.
        (y:1927um, yAB: [0um:1728um])

[ERROR] Side.place(IoPin): Pin "inputs(3674).0" is outside east or west abutment box side.
        (y:1927.5um, yAB: [0um:1728um])

[ERROR] Side.place(IoPin): Pin "inputs(3675).0" is outside east or west abutment box side.
        (y:1928um, yAB: [0um:1728um])

[ERROR] Side.place(IoPin): Pin "inputs(3676).0" is outside east or west abutment box side.
        (y:1928.5um, yAB: [0um:1728um])

[ERROR] Side.place(IoPin): Pin "inputs(3677).0" is outside east or west abutment box side.
        (y:1929um, yAB: [0um:1728um])

[ERROR] Side.place(IoPin): Pin "inputs(3678).0" is outside east or west abutment box side.
        (y:1929.5um, yAB: [0um:1728um])

[ERROR] Side.place(IoPin): Pin "inputs(3679).0" is outside east or west abutment box side.
        (y:1930um, yAB: [0um:1728um])

[ERROR] Side.place(IoPin): Pin "inputs(3680).0" is outside east or west abutment box side.
        (y:1930.5um, yAB: [0um:1728um])

[ERROR] Side.place(IoPin): Pin "inputs(3681).0" is outside east or west abutment box side.
        (y:1931um, yAB: [0um:1728um])

[ERROR] Side.place(IoPin): Pin "inputs(3682).0" is outside east or west abutment box side.
        (y:1931.5um, yAB: [0um:1728um])

[ERROR] Side.place(IoPin): Pin "inputs(3683).0" is outside east or west abutment box side.
        (y:1932um, yAB: [0um:1728um])

[ERROR] Side.place(IoPin): Pin "inputs(3684).0" is outside east or west abutment box side.
        (y:1932.5um, yAB: [0um:1728um])

[ERROR] Side.place(IoPin): Pin "inputs(3685).0" is outside east or west abutment box side.
        (y:1933um, yAB: [0um:1728um])

[ERROR] Side.place(IoPin): Pin "inputs(3686).0" is outside east or west abutment box side.
        (y:1933.5um, yAB: [0um:1728um])

[ERROR] Side.place(IoPin): Pin "inputs(3687).0" is outside east or west abutment box side.
        (y:1934um, yAB: [0um:1728um])

[ERROR] Side.place(IoPin): Pin "inputs(3688).0" is outside east or west abutment box side.
        (y:1934.5um, yAB: [0um:1728um])

[ERROR] Side.place(IoPin): Pin "inputs(3689).0" is outside east or west abutment box side.
        (y:1935um, yAB: [0um:1728um])

[ERROR] Side.place(IoPin): Pin "inputs(3690).0" is outside east or west abutment box side.
        (y:1935.5um, yAB: [0um:1728um])

[ERROR] Side.place(IoPin): Pin "inputs(3691).0" is outside east or west abutment box side.
        (y:1936um, yAB: [0um:1728um])

[ERROR] Side.place(IoPin): Pin "inputs(3692).0" is outside east or west abutment box side.
        (y:1936.5um, yAB: [0um:1728um])

[ERROR] Side.place(IoPin): Pin "inputs(3693).0" is outside east or west abutment box side.
        (y:1937um, yAB: [0um:1728um])

[ERROR] Side.place(IoPin): Pin "inputs(3694).0" is outside east or west abutment box side.
        (y:1937.5um, yAB: [0um:1728um])

[ERROR] Side.place(IoPin): Pin "inputs(3695).0" is outside east or west abutment box side.
        (y:1938um, yAB: [0um:1728um])

[ERROR] Side.place(IoPin): Pin "inputs(3696).0" is outside east or west abutment box side.
        (y:1938.5um, yAB: [0um:1728um])

[ERROR] Side.place(IoPin): Pin "inputs(3697).0" is outside east or west abutment box side.
        (y:1939um, yAB: [0um:1728um])

[ERROR] Side.place(IoPin): Pin "inputs(3698).0" is outside east or west abutment box side.
        (y:1939.5um, yAB: [0um:1728um])

[ERROR] Side.place(IoPin): Pin "inputs(3699).0" is outside east or west abutment box side.
        (y:1940um, yAB: [0um:1728um])

[ERROR] Side.place(IoPin): Pin "inputs(3700).0" is outside east or west abutment box side.
        (y:1940.5um, yAB: [0um:1728um])

[ERROR] Side.place(IoPin): Pin "inputs(3701).0" is outside east or west abutment box side.
        (y:1941um, yAB: [0um:1728um])

[ERROR] Side.place(IoPin): Pin "inputs(3702).0" is outside east or west abutment box side.
        (y:1941.5um, yAB: [0um:1728um])

[ERROR] Side.place(IoPin): Pin "inputs(3703).0" is outside east or west abutment box side.
        (y:1942um, yAB: [0um:1728um])

[ERROR] Side.place(IoPin): Pin "inputs(3704).0" is outside east or west abutment box side.
        (y:1942.5um, yAB: [0um:1728um])

[ERROR] Side.place(IoPin): Pin "inputs(3705).0" is outside east or west abutment box side.
        (y:1943um, yAB: [0um:1728um])

[ERROR] Side.place(IoPin): Pin "inputs(3706).0" is outside east or west abutment box side.
        (y:1943.5um, yAB: [0um:1728um])

[ERROR] Side.place(IoPin): Pin "inputs(3707).0" is outside east or west abutment box side.
        (y:1944um, yAB: [0um:1728um])

[ERROR] Side.place(IoPin): Pin "inputs(3708).0" is outside east or west abutment box side.
        (y:1944.5um, yAB: [0um:1728um])

[ERROR] Side.place(IoPin): Pin "inputs(3709).0" is outside east or west abutment box side.
        (y:1945um, yAB: [0um:1728um])

[ERROR] Side.place(IoPin): Pin "inputs(3710).0" is outside east or west abutment box side.
        (y:1945.5um, yAB: [0um:1728um])

[ERROR] Side.place(IoPin): Pin "inputs(3711).0" is outside east or west abutment box side.
        (y:1946um, yAB: [0um:1728um])

[ERROR] Side.place(IoPin): Pin "inputs(3712).0" is outside east or west abutment box side.
        (y:1946.5um, yAB: [0um:1728um])

[ERROR] Side.place(IoPin): Pin "inputs(3713).0" is outside east or west abutment box side.
        (y:1947um, yAB: [0um:1728um])

[ERROR] Side.place(IoPin): Pin "inputs(3714).0" is outside east or west abutment box side.
        (y:1947.5um, yAB: [0um:1728um])

[ERROR] Side.place(IoPin): Pin "inputs(3715).0" is outside east or west abutment box side.
        (y:1948um, yAB: [0um:1728um])

[ERROR] Side.place(IoPin): Pin "inputs(3716).0" is outside east or west abutment box side.
        (y:1948.5um, yAB: [0um:1728um])

[ERROR] Side.place(IoPin): Pin "inputs(3717).0" is outside east or west abutment box side.
        (y:1949um, yAB: [0um:1728um])

[ERROR] Side.place(IoPin): Pin "inputs(3718).0" is outside east or west abutment box side.
        (y:1949.5um, yAB: [0um:1728um])

[ERROR] Side.place(IoPin): Pin "inputs(3719).0" is outside east or west abutment box side.
        (y:1950um, yAB: [0um:1728um])

[ERROR] Side.place(IoPin): Pin "inputs(3720).0" is outside east or west abutment box side.
        (y:1950.5um, yAB: [0um:1728um])

[ERROR] Side.place(IoPin): Pin "inputs(3721).0" is outside east or west abutment box side.
        (y:1951um, yAB: [0um:1728um])

[ERROR] Side.place(IoPin): Pin "inputs(3722).0" is outside east or west abutment box side.
        (y:1951.5um, yAB: [0um:1728um])

[ERROR] Side.place(IoPin): Pin "inputs(3723).0" is outside east or west abutment box side.
        (y:1952um, yAB: [0um:1728um])

[ERROR] Side.place(IoPin): Pin "inputs(3724).0" is outside east or west abutment box side.
        (y:1952.5um, yAB: [0um:1728um])

[ERROR] Side.place(IoPin): Pin "inputs(3725).0" is outside east or west abutment box side.
        (y:1953um, yAB: [0um:1728um])

[ERROR] Side.place(IoPin): Pin "inputs(3726).0" is outside east or west abutment box side.
        (y:1953.5um, yAB: [0um:1728um])

[ERROR] Side.place(IoPin): Pin "inputs(3727).0" is outside east or west abutment box side.
        (y:1954um, yAB: [0um:1728um])

[ERROR] Side.place(IoPin): Pin "inputs(3728).0" is outside east or west abutment box side.
        (y:1954.5um, yAB: [0um:1728um])

[ERROR] Side.place(IoPin): Pin "inputs(3729).0" is outside east or west abutment box side.
        (y:1955um, yAB: [0um:1728um])

[ERROR] Side.place(IoPin): Pin "inputs(3730).0" is outside east or west abutment box side.
        (y:1955.5um, yAB: [0um:1728um])

[ERROR] Side.place(IoPin): Pin "inputs(3731).0" is outside east or west abutment box side.
        (y:1956um, yAB: [0um:1728um])

[ERROR] Side.place(IoPin): Pin "inputs(3732).0" is outside east or west abutment box side.
        (y:1956.5um, yAB: [0um:1728um])

[ERROR] Side.place(IoPin): Pin "inputs(3733).0" is outside east or west abutment box side.
        (y:1957um, yAB: [0um:1728um])

[ERROR] Side.place(IoPin): Pin "inputs(3734).0" is outside east or west abutment box side.
        (y:1957.5um, yAB: [0um:1728um])

[ERROR] Side.place(IoPin): Pin "inputs(3735).0" is outside east or west abutment box side.
        (y:1958um, yAB: [0um:1728um])

[ERROR] Side.place(IoPin): Pin "inputs(3736).0" is outside east or west abutment box side.
        (y:1958.5um, yAB: [0um:1728um])

[ERROR] Side.place(IoPin): Pin "inputs(3737).0" is outside east or west abutment box side.
        (y:1959um, yAB: [0um:1728um])

[ERROR] Side.place(IoPin): Pin "inputs(3738).0" is outside east or west abutment box side.
        (y:1959.5um, yAB: [0um:1728um])

[ERROR] Side.place(IoPin): Pin "inputs(3739).0" is outside east or west abutment box side.
        (y:1960um, yAB: [0um:1728um])

[ERROR] Side.place(IoPin): Pin "inputs(3740).0" is outside east or west abutment box side.
        (y:1960.5um, yAB: [0um:1728um])

[ERROR] Side.place(IoPin): Pin "inputs(3741).0" is outside east or west abutment box side.
        (y:1961um, yAB: [0um:1728um])

[ERROR] Side.place(IoPin): Pin "inputs(3742).0" is outside east or west abutment box side.
        (y:1961.5um, yAB: [0um:1728um])

[ERROR] Side.place(IoPin): Pin "inputs(3743).0" is outside east or west abutment box side.
        (y:1962um, yAB: [0um:1728um])

[ERROR] Side.place(IoPin): Pin "inputs(3744).0" is outside east or west abutment box side.
        (y:1962.5um, yAB: [0um:1728um])

[ERROR] Side.place(IoPin): Pin "inputs(3745).0" is outside east or west abutment box side.
        (y:1963um, yAB: [0um:1728um])

[ERROR] Side.place(IoPin): Pin "inputs(3746).0" is outside east or west abutment box side.
        (y:1963.5um, yAB: [0um:1728um])

[ERROR] Side.place(IoPin): Pin "inputs(3747).0" is outside east or west abutment box side.
        (y:1964um, yAB: [0um:1728um])

[ERROR] Side.place(IoPin): Pin "inputs(3748).0" is outside east or west abutment box side.
        (y:1964.5um, yAB: [0um:1728um])

[ERROR] Side.place(IoPin): Pin "inputs(3749).0" is outside east or west abutment box side.
        (y:1965um, yAB: [0um:1728um])

[ERROR] Side.place(IoPin): Pin "inputs(3750).0" is outside east or west abutment box side.
        (y:1965.5um, yAB: [0um:1728um])

[ERROR] Side.place(IoPin): Pin "inputs(3751).0" is outside east or west abutment box side.
        (y:1966um, yAB: [0um:1728um])

[ERROR] Side.place(IoPin): Pin "inputs(3752).0" is outside east or west abutment box side.
        (y:1966.5um, yAB: [0um:1728um])

[ERROR] Side.place(IoPin): Pin "inputs(3753).0" is outside east or west abutment box side.
        (y:1967um, yAB: [0um:1728um])

[ERROR] Side.place(IoPin): Pin "inputs(3754).0" is outside east or west abutment box side.
        (y:1967.5um, yAB: [0um:1728um])

[ERROR] Side.place(IoPin): Pin "inputs(3755).0" is outside east or west abutment box side.
        (y:1968um, yAB: [0um:1728um])

[ERROR] Side.place(IoPin): Pin "inputs(3756).0" is outside east or west abutment box side.
        (y:1968.5um, yAB: [0um:1728um])

[ERROR] Side.place(IoPin): Pin "inputs(3757).0" is outside east or west abutment box side.
        (y:1969um, yAB: [0um:1728um])

[ERROR] Side.place(IoPin): Pin "inputs(3758).0" is outside east or west abutment box side.
        (y:1969.5um, yAB: [0um:1728um])

[ERROR] Side.place(IoPin): Pin "inputs(3759).0" is outside east or west abutment box side.
        (y:1970um, yAB: [0um:1728um])

[ERROR] Side.place(IoPin): Pin "inputs(3760).0" is outside east or west abutment box side.
        (y:1970.5um, yAB: [0um:1728um])

[ERROR] Side.place(IoPin): Pin "inputs(3761).0" is outside east or west abutment box side.
        (y:1971um, yAB: [0um:1728um])

[ERROR] Side.place(IoPin): Pin "inputs(3762).0" is outside east or west abutment box side.
        (y:1971.5um, yAB: [0um:1728um])

[ERROR] Side.place(IoPin): Pin "inputs(3763).0" is outside east or west abutment box side.
        (y:1972um, yAB: [0um:1728um])

[ERROR] Side.place(IoPin): Pin "inputs(3764).0" is outside east or west abutment box side.
        (y:1972.5um, yAB: [0um:1728um])

[ERROR] Side.place(IoPin): Pin "inputs(3765).0" is outside east or west abutment box side.
        (y:1973um, yAB: [0um:1728um])

[ERROR] Side.place(IoPin): Pin "inputs(3766).0" is outside east or west abutment box side.
        (y:1973.5um, yAB: [0um:1728um])

[ERROR] Side.place(IoPin): Pin "inputs(3767).0" is outside east or west abutment box side.
        (y:1974um, yAB: [0um:1728um])

[ERROR] Side.place(IoPin): Pin "inputs(3768).0" is outside east or west abutment box side.
        (y:1974.5um, yAB: [0um:1728um])

[ERROR] Side.place(IoPin): Pin "inputs(3769).0" is outside east or west abutment box side.
        (y:1975um, yAB: [0um:1728um])

[ERROR] Side.place(IoPin): Pin "inputs(3770).0" is outside east or west abutment box side.
        (y:1975.5um, yAB: [0um:1728um])

[ERROR] Side.place(IoPin): Pin "inputs(3771).0" is outside east or west abutment box side.
        (y:1976um, yAB: [0um:1728um])

[ERROR] Side.place(IoPin): Pin "inputs(3772).0" is outside east or west abutment box side.
        (y:1976.5um, yAB: [0um:1728um])

[ERROR] Side.place(IoPin): Pin "inputs(3773).0" is outside east or west abutment box side.
        (y:1977um, yAB: [0um:1728um])

[ERROR] Side.place(IoPin): Pin "inputs(3774).0" is outside east or west abutment box side.
        (y:1977.5um, yAB: [0um:1728um])

[ERROR] Side.place(IoPin): Pin "inputs(3775).0" is outside east or west abutment box side.
        (y:1978um, yAB: [0um:1728um])

[ERROR] Side.place(IoPin): Pin "inputs(3776).0" is outside east or west abutment box side.
        (y:1978.5um, yAB: [0um:1728um])

[ERROR] Side.place(IoPin): Pin "inputs(3777).0" is outside east or west abutment box side.
        (y:1979um, yAB: [0um:1728um])

[ERROR] Side.place(IoPin): Pin "inputs(3778).0" is outside east or west abutment box side.
        (y:1979.5um, yAB: [0um:1728um])

[ERROR] Side.place(IoPin): Pin "inputs(3779).0" is outside east or west abutment box side.
        (y:1980um, yAB: [0um:1728um])

[ERROR] Side.place(IoPin): Pin "inputs(3780).0" is outside east or west abutment box side.
        (y:1980.5um, yAB: [0um:1728um])

[ERROR] Side.place(IoPin): Pin "inputs(3781).0" is outside east or west abutment box side.
        (y:1981um, yAB: [0um:1728um])

[ERROR] Side.place(IoPin): Pin "inputs(3782).0" is outside east or west abutment box side.
        (y:1981.5um, yAB: [0um:1728um])

[ERROR] Side.place(IoPin): Pin "inputs(3783).0" is outside east or west abutment box side.
        (y:1982um, yAB: [0um:1728um])

[ERROR] Side.place(IoPin): Pin "inputs(3784).0" is outside east or west abutment box side.
        (y:1982.5um, yAB: [0um:1728um])

[ERROR] Side.place(IoPin): Pin "inputs(3785).0" is outside east or west abutment box side.
        (y:1983um, yAB: [0um:1728um])

[ERROR] Side.place(IoPin): Pin "inputs(3786).0" is outside east or west abutment box side.
        (y:1983.5um, yAB: [0um:1728um])

[ERROR] Side.place(IoPin): Pin "inputs(3787).0" is outside east or west abutment box side.
        (y:1984um, yAB: [0um:1728um])

[ERROR] Side.place(IoPin): Pin "inputs(3788).0" is outside east or west abutment box side.
        (y:1984.5um, yAB: [0um:1728um])

[ERROR] Side.place(IoPin): Pin "inputs(3789).0" is outside east or west abutment box side.
        (y:1985um, yAB: [0um:1728um])

[ERROR] Side.place(IoPin): Pin "inputs(3790).0" is outside east or west abutment box side.
        (y:1985.5um, yAB: [0um:1728um])

[ERROR] Side.place(IoPin): Pin "inputs(3791).0" is outside east or west abutment box side.
        (y:1986um, yAB: [0um:1728um])

[ERROR] Side.place(IoPin): Pin "inputs(3792).0" is outside east or west abutment box side.
        (y:1986.5um, yAB: [0um:1728um])

[ERROR] Side.place(IoPin): Pin "inputs(3793).0" is outside east or west abutment box side.
        (y:1987um, yAB: [0um:1728um])

[ERROR] Side.place(IoPin): Pin "inputs(3794).0" is outside east or west abutment box side.
        (y:1987.5um, yAB: [0um:1728um])

[ERROR] Side.place(IoPin): Pin "inputs(3795).0" is outside east or west abutment box side.
        (y:1988um, yAB: [0um:1728um])

[ERROR] Side.place(IoPin): Pin "inputs(3796).0" is outside east or west abutment box side.
        (y:1988.5um, yAB: [0um:1728um])

[ERROR] Side.place(IoPin): Pin "inputs(3797).0" is outside east or west abutment box side.
        (y:1989um, yAB: [0um:1728um])

[ERROR] Side.place(IoPin): Pin "inputs(3798).0" is outside east or west abutment box side.
        (y:1989.5um, yAB: [0um:1728um])

[ERROR] Side.place(IoPin): Pin "inputs(3799).0" is outside east or west abutment box side.
        (y:1990um, yAB: [0um:1728um])

[ERROR] Side.place(IoPin): Pin "inputs(3800).0" is outside east or west abutment box side.
        (y:1990.5um, yAB: [0um:1728um])

[ERROR] Side.place(IoPin): Pin "inputs(3801).0" is outside east or west abutment box side.
        (y:1991um, yAB: [0um:1728um])

[ERROR] Side.place(IoPin): Pin "inputs(3802).0" is outside east or west abutment box side.
        (y:1991.5um, yAB: [0um:1728um])

[ERROR] Side.place(IoPin): Pin "inputs(3803).0" is outside east or west abutment box side.
        (y:1992um, yAB: [0um:1728um])

[ERROR] Side.place(IoPin): Pin "inputs(3804).0" is outside east or west abutment box side.
        (y:1992.5um, yAB: [0um:1728um])

[ERROR] Side.place(IoPin): Pin "inputs(3805).0" is outside east or west abutment box side.
        (y:1993um, yAB: [0um:1728um])

[ERROR] Side.place(IoPin): Pin "inputs(3806).0" is outside east or west abutment box side.
        (y:1993.5um, yAB: [0um:1728um])

[ERROR] Side.place(IoPin): Pin "inputs(3807).0" is outside east or west abutment box side.
        (y:1994um, yAB: [0um:1728um])

[ERROR] Side.place(IoPin): Pin "inputs(3808).0" is outside east or west abutment box side.
        (y:1994.5um, yAB: [0um:1728um])

[ERROR] Side.place(IoPin): Pin "inputs(3809).0" is outside east or west abutment box side.
        (y:1995um, yAB: [0um:1728um])

[ERROR] Side.place(IoPin): Pin "inputs(3810).0" is outside east or west abutment box side.
        (y:1995.5um, yAB: [0um:1728um])

[ERROR] Side.place(IoPin): Pin "inputs(3811).0" is outside east or west abutment box side.
        (y:1996um, yAB: [0um:1728um])

[ERROR] Side.place(IoPin): Pin "inputs(3812).0" is outside east or west abutment box side.
        (y:1996.5um, yAB: [0um:1728um])

[ERROR] Side.place(IoPin): Pin "inputs(3813).0" is outside east or west abutment box side.
        (y:1997um, yAB: [0um:1728um])

[ERROR] Side.place(IoPin): Pin "inputs(3814).0" is outside east or west abutment box side.
        (y:1997.5um, yAB: [0um:1728um])

[ERROR] Side.place(IoPin): Pin "inputs(3815).0" is outside east or west abutment box side.
        (y:1998um, yAB: [0um:1728um])

[ERROR] Side.place(IoPin): Pin "inputs(3816).0" is outside east or west abutment box side.
        (y:1998.5um, yAB: [0um:1728um])

[ERROR] Side.place(IoPin): Pin "inputs(3817).0" is outside east or west abutment box side.
        (y:1999um, yAB: [0um:1728um])

[ERROR] Side.place(IoPin): Pin "inputs(3818).0" is outside east or west abutment box side.
        (y:1999.5um, yAB: [0um:1728um])

[ERROR] Side.place(IoPin): Pin "inputs(3819).0" is outside east or west abutment box side.
        (y:2000um, yAB: [0um:1728um])

[ERROR] Side.place(IoPin): Pin "inputs(3820).0" is outside east or west abutment box side.
        (y:2000.5um, yAB: [0um:1728um])

[ERROR] Side.place(IoPin): Pin "inputs(3821).0" is outside east or west abutment box side.
        (y:2001um, yAB: [0um:1728um])

[ERROR] Side.place(IoPin): Pin "inputs(3822).0" is outside east or west abutment box side.
        (y:2001.5um, yAB: [0um:1728um])

[ERROR] Side.place(IoPin): Pin "inputs(3823).0" is outside east or west abutment box side.
        (y:2002um, yAB: [0um:1728um])

[ERROR] Side.place(IoPin): Pin "inputs(3824).0" is outside east or west abutment box side.
        (y:2002.5um, yAB: [0um:1728um])

[ERROR] Side.place(IoPin): Pin "inputs(3825).0" is outside east or west abutment box side.
        (y:2003um, yAB: [0um:1728um])

[ERROR] Side.place(IoPin): Pin "inputs(3826).0" is outside east or west abutment box side.
        (y:2003.5um, yAB: [0um:1728um])

[ERROR] Side.place(IoPin): Pin "inputs(3827).0" is outside east or west abutment box side.
        (y:2004um, yAB: [0um:1728um])

[ERROR] Side.place(IoPin): Pin "inputs(3828).0" is outside east or west abutment box side.
        (y:2004.5um, yAB: [0um:1728um])

[ERROR] Side.place(IoPin): Pin "inputs(3829).0" is outside east or west abutment box side.
        (y:2005um, yAB: [0um:1728um])

[ERROR] Side.place(IoPin): Pin "inputs(3830).0" is outside east or west abutment box side.
        (y:2005.5um, yAB: [0um:1728um])

[ERROR] Side.place(IoPin): Pin "inputs(3831).0" is outside east or west abutment box side.
        (y:2006um, yAB: [0um:1728um])

[ERROR] Side.place(IoPin): Pin "inputs(3832).0" is outside east or west abutment box side.
        (y:2006.5um, yAB: [0um:1728um])

[ERROR] Side.place(IoPin): Pin "inputs(3833).0" is outside east or west abutment box side.
        (y:2007um, yAB: [0um:1728um])

[ERROR] Side.place(IoPin): Pin "inputs(3834).0" is outside east or west abutment box side.
        (y:2007.5um, yAB: [0um:1728um])

[ERROR] Side.place(IoPin): Pin "inputs(3835).0" is outside east or west abutment box side.
        (y:2008um, yAB: [0um:1728um])

[ERROR] Side.place(IoPin): Pin "inputs(3836).0" is outside east or west abutment box side.
        (y:2008.5um, yAB: [0um:1728um])

[ERROR] Side.place(IoPin): Pin "inputs(3837).0" is outside east or west abutment box side.
        (y:2009um, yAB: [0um:1728um])

[ERROR] Side.place(IoPin): Pin "inputs(3838).0" is outside east or west abutment box side.
        (y:2009.5um, yAB: [0um:1728um])

[ERROR] Side.place(IoPin): Pin "inputs(3839).0" is outside east or west abutment box side.
        (y:2010um, yAB: [0um:1728um])

[ERROR] Side.place(IoPin): Pin "inputs(3840).0" is outside east or west abutment box side.
        (y:2010.5um, yAB: [0um:1728um])

[ERROR] Side.place(IoPin): Pin "inputs(3841).0" is outside east or west abutment box side.
        (y:2011um, yAB: [0um:1728um])

[ERROR] Side.place(IoPin): Pin "inputs(3842).0" is outside east or west abutment box side.
        (y:2011.5um, yAB: [0um:1728um])

[ERROR] Side.place(IoPin): Pin "inputs(3843).0" is outside east or west abutment box side.
        (y:2012um, yAB: [0um:1728um])

[ERROR] Side.place(IoPin): Pin "inputs(3844).0" is outside east or west abutment box side.
        (y:2012.5um, yAB: [0um:1728um])

[ERROR] Side.place(IoPin): Pin "inputs(3845).0" is outside east or west abutment box side.
        (y:2013um, yAB: [0um:1728um])

[ERROR] Side.place(IoPin): Pin "inputs(3846).0" is outside east or west abutment box side.
        (y:2013.5um, yAB: [0um:1728um])

[ERROR] Side.place(IoPin): Pin "inputs(3847).0" is outside east or west abutment box side.
        (y:2014um, yAB: [0um:1728um])

[ERROR] Side.place(IoPin): Pin "inputs(3848).0" is outside east or west abutment box side.
        (y:2014.5um, yAB: [0um:1728um])

[ERROR] Side.place(IoPin): Pin "inputs(3849).0" is outside east or west abutment box side.
        (y:2015um, yAB: [0um:1728um])

[ERROR] Side.place(IoPin): Pin "inputs(3850).0" is outside east or west abutment box side.
        (y:2015.5um, yAB: [0um:1728um])

[ERROR] Side.place(IoPin): Pin "inputs(3851).0" is outside east or west abutment box side.
        (y:2016um, yAB: [0um:1728um])

[ERROR] Side.place(IoPin): Pin "inputs(3852).0" is outside east or west abutment box side.
        (y:2016.5um, yAB: [0um:1728um])

[ERROR] Side.place(IoPin): Pin "inputs(3853).0" is outside east or west abutment box side.
        (y:2017um, yAB: [0um:1728um])

[ERROR] Side.place(IoPin): Pin "inputs(3854).0" is outside east or west abutment box side.
        (y:2017.5um, yAB: [0um:1728um])

[ERROR] Side.place(IoPin): Pin "inputs(3855).0" is outside east or west abutment box side.
        (y:2018um, yAB: [0um:1728um])

[ERROR] Side.place(IoPin): Pin "inputs(3856).0" is outside east or west abutment box side.
        (y:2018.5um, yAB: [0um:1728um])

[ERROR] Side.place(IoPin): Pin "inputs(3857).0" is outside east or west abutment box side.
        (y:2019um, yAB: [0um:1728um])

[ERROR] Side.place(IoPin): Pin "inputs(3858).0" is outside east or west abutment box side.
        (y:2019.5um, yAB: [0um:1728um])

[ERROR] Side.place(IoPin): Pin "inputs(3859).0" is outside east or west abutment box side.
        (y:2020um, yAB: [0um:1728um])

[ERROR] Side.place(IoPin): Pin "inputs(3860).0" is outside east or west abutment box side.
        (y:2020.5um, yAB: [0um:1728um])

[ERROR] Side.place(IoPin): Pin "inputs(3861).0" is outside east or west abutment box side.
        (y:2021um, yAB: [0um:1728um])

[ERROR] Side.place(IoPin): Pin "inputs(3862).0" is outside east or west abutment box side.
        (y:2021.5um, yAB: [0um:1728um])

[ERROR] Side.place(IoPin): Pin "inputs(3863).0" is outside east or west abutment box side.
        (y:2022um, yAB: [0um:1728um])

[ERROR] Side.place(IoPin): Pin "inputs(3864).0" is outside east or west abutment box side.
        (y:2022.5um, yAB: [0um:1728um])

[ERROR] Side.place(IoPin): Pin "inputs(3865).0" is outside east or west abutment box side.
        (y:2023um, yAB: [0um:1728um])

[ERROR] Side.place(IoPin): Pin "inputs(3866).0" is outside east or west abutment box side.
        (y:2023.5um, yAB: [0um:1728um])

[ERROR] Side.place(IoPin): Pin "inputs(3867).0" is outside east or west abutment box side.
        (y:2024um, yAB: [0um:1728um])

[ERROR] Side.place(IoPin): Pin "inputs(3868).0" is outside east or west abutment box side.
        (y:2024.5um, yAB: [0um:1728um])

[ERROR] Side.place(IoPin): Pin "inputs(3869).0" is outside east or west abutment box side.
        (y:2025um, yAB: [0um:1728um])

[ERROR] Side.place(IoPin): Pin "inputs(3870).0" is outside east or west abutment box side.
        (y:2025.5um, yAB: [0um:1728um])

[ERROR] Side.place(IoPin): Pin "inputs(3871).0" is outside east or west abutment box side.
        (y:2026um, yAB: [0um:1728um])

[ERROR] Side.place(IoPin): Pin "inputs(3872).0" is outside east or west abutment box side.
        (y:2026.5um, yAB: [0um:1728um])

[ERROR] Side.place(IoPin): Pin "inputs(3873).0" is outside east or west abutment box side.
        (y:2027um, yAB: [0um:1728um])

[ERROR] Side.place(IoPin): Pin "inputs(3874).0" is outside east or west abutment box side.
        (y:2027.5um, yAB: [0um:1728um])

[ERROR] Side.place(IoPin): Pin "inputs(3875).0" is outside east or west abutment box side.
        (y:2028um, yAB: [0um:1728um])

[ERROR] Side.place(IoPin): Pin "inputs(3876).0" is outside east or west abutment box side.
        (y:2028.5um, yAB: [0um:1728um])

[ERROR] Side.place(IoPin): Pin "inputs(3877).0" is outside east or west abutment box side.
        (y:2029um, yAB: [0um:1728um])

[ERROR] Side.place(IoPin): Pin "inputs(3878).0" is outside east or west abutment box side.
        (y:2029.5um, yAB: [0um:1728um])

[ERROR] Side.place(IoPin): Pin "inputs(3879).0" is outside east or west abutment box side.
        (y:2030um, yAB: [0um:1728um])

[ERROR] Side.place(IoPin): Pin "inputs(3880).0" is outside east or west abutment box side.
        (y:2030.5um, yAB: [0um:1728um])

[ERROR] Side.place(IoPin): Pin "inputs(3881).0" is outside east or west abutment box side.
        (y:2031um, yAB: [0um:1728um])

[ERROR] Side.place(IoPin): Pin "inputs(3882).0" is outside east or west abutment box side.
        (y:2031.5um, yAB: [0um:1728um])

[ERROR] Side.place(IoPin): Pin "inputs(3883).0" is outside east or west abutment box side.
        (y:2032um, yAB: [0um:1728um])

[ERROR] Side.place(IoPin): Pin "inputs(3884).0" is outside east or west abutment box side.
        (y:2032.5um, yAB: [0um:1728um])

[ERROR] Side.place(IoPin): Pin "inputs(3885).0" is outside east or west abutment box side.
        (y:2033um, yAB: [0um:1728um])

[ERROR] Side.place(IoPin): Pin "inputs(3886).0" is outside east or west abutment box side.
        (y:2033.5um, yAB: [0um:1728um])

[ERROR] Side.place(IoPin): Pin "inputs(3887).0" is outside east or west abutment box side.
        (y:2034um, yAB: [0um:1728um])

[ERROR] Side.place(IoPin): Pin "inputs(3888).0" is outside east or west abutment box side.
        (y:2034.5um, yAB: [0um:1728um])

[ERROR] Side.place(IoPin): Pin "inputs(3889).0" is outside east or west abutment box side.
        (y:2035um, yAB: [0um:1728um])

[ERROR] Side.place(IoPin): Pin "inputs(3890).0" is outside east or west abutment box side.
        (y:2035.5um, yAB: [0um:1728um])

[ERROR] Side.place(IoPin): Pin "inputs(3891).0" is outside east or west abutment box side.
        (y:2036um, yAB: [0um:1728um])

[ERROR] Side.place(IoPin): Pin "inputs(3892).0" is outside east or west abutment box side.
        (y:2036.5um, yAB: [0um:1728um])

[ERROR] Side.place(IoPin): Pin "inputs(3893).0" is outside east or west abutment box side.
        (y:2037um, yAB: [0um:1728um])

[ERROR] Side.place(IoPin): Pin "inputs(3894).0" is outside east or west abutment box side.
        (y:2037.5um, yAB: [0um:1728um])

[ERROR] Side.place(IoPin): Pin "inputs(3895).0" is outside east or west abutment box side.
        (y:2038um, yAB: [0um:1728um])

[ERROR] Side.place(IoPin): Pin "inputs(3896).0" is outside east or west abutment box side.
        (y:2038.5um, yAB: [0um:1728um])

[ERROR] Side.place(IoPin): Pin "inputs(3897).0" is outside east or west abutment box side.
        (y:2039um, yAB: [0um:1728um])

[ERROR] Side.place(IoPin): Pin "inputs(3898).0" is outside east or west abutment box side.
        (y:2039.5um, yAB: [0um:1728um])

[ERROR] Side.place(IoPin): Pin "inputs(3899).0" is outside east or west abutment box side.
        (y:2040um, yAB: [0um:1728um])

[ERROR] Side.place(IoPin): Pin "inputs(3900).0" is outside east or west abutment box side.
        (y:2040.5um, yAB: [0um:1728um])

[ERROR] Side.place(IoPin): Pin "inputs(3901).0" is outside east or west abutment box side.
        (y:2041um, yAB: [0um:1728um])

[ERROR] Side.place(IoPin): Pin "inputs(3902).0" is outside east or west abutment box side.
        (y:2041.5um, yAB: [0um:1728um])

[ERROR] Side.place(IoPin): Pin "inputs(3903).0" is outside east or west abutment box side.
        (y:2042um, yAB: [0um:1728um])

[ERROR] Side.place(IoPin): Pin "inputs(3904).0" is outside east or west abutment box side.
        (y:2042.5um, yAB: [0um:1728um])

[ERROR] Side.place(IoPin): Pin "inputs(3905).0" is outside east or west abutment box side.
        (y:2043um, yAB: [0um:1728um])

[ERROR] Side.place(IoPin): Pin "inputs(3906).0" is outside east or west abutment box side.
        (y:2043.5um, yAB: [0um:1728um])

[ERROR] Side.place(IoPin): Pin "inputs(3907).0" is outside east or west abutment box side.
        (y:2044um, yAB: [0um:1728um])

[ERROR] Side.place(IoPin): Pin "inputs(3908).0" is outside east or west abutment box side.
        (y:2044.5um, yAB: [0um:1728um])

[ERROR] Side.place(IoPin): Pin "inputs(3909).0" is outside east or west abutment box side.
        (y:2045um, yAB: [0um:1728um])

[ERROR] Side.place(IoPin): Pin "inputs(3910).0" is outside east or west abutment box side.
        (y:2045.5um, yAB: [0um:1728um])

[ERROR] Side.place(IoPin): Pin "inputs(3911).0" is outside east or west abutment box side.
        (y:2046um, yAB: [0um:1728um])

[ERROR] Side.place(IoPin): Pin "inputs(3912).0" is outside east or west abutment box side.
        (y:2046.5um, yAB: [0um:1728um])

[ERROR] Side.place(IoPin): Pin "inputs(3913).0" is outside east or west abutment box side.
        (y:2047um, yAB: [0um:1728um])

[ERROR] Side.place(IoPin): Pin "inputs(3914).0" is outside east or west abutment box side.
        (y:2047.5um, yAB: [0um:1728um])

[ERROR] Side.place(IoPin): Pin "inputs(3915).0" is outside east or west abutment box side.
        (y:2048um, yAB: [0um:1728um])

[ERROR] Side.place(IoPin): Pin "inputs(3916).0" is outside east or west abutment box side.
        (y:2048.5um, yAB: [0um:1728um])

[ERROR] Side.place(IoPin): Pin "inputs(3917).0" is outside east or west abutment box side.
        (y:2049um, yAB: [0um:1728um])

[ERROR] Side.place(IoPin): Pin "inputs(3918).0" is outside east or west abutment box side.
        (y:2049.5um, yAB: [0um:1728um])

[ERROR] Side.place(IoPin): Pin "inputs(3919).0" is outside east or west abutment box side.
        (y:2050um, yAB: [0um:1728um])

[ERROR] Side.place(IoPin): Pin "inputs(3920).0" is outside east or west abutment box side.
        (y:2050.5um, yAB: [0um:1728um])

[ERROR] Side.place(IoPin): Pin "inputs(3921).0" is outside east or west abutment box side.
        (y:2051um, yAB: [0um:1728um])

[ERROR] Side.place(IoPin): Pin "inputs(3922).0" is outside east or west abutment box side.
        (y:2051.5um, yAB: [0um:1728um])

[ERROR] Side.place(IoPin): Pin "inputs(3923).0" is outside east or west abutment box side.
        (y:2052um, yAB: [0um:1728um])

[ERROR] Side.place(IoPin): Pin "inputs(3924).0" is outside east or west abutment box side.
        (y:2052.5um, yAB: [0um:1728um])

[ERROR] Side.place(IoPin): Pin "inputs(3925).0" is outside east or west abutment box side.
        (y:2053um, yAB: [0um:1728um])

[ERROR] Side.place(IoPin): Pin "inputs(3926).0" is outside east or west abutment box side.
        (y:2053.5um, yAB: [0um:1728um])

[ERROR] Side.place(IoPin): Pin "inputs(3927).0" is outside east or west abutment box side.
        (y:2054um, yAB: [0um:1728um])

[ERROR] Side.place(IoPin): Pin "inputs(3928).0" is outside east or west abutment box side.
        (y:2054.5um, yAB: [0um:1728um])

[ERROR] Side.place(IoPin): Pin "inputs(3929).0" is outside east or west abutment box side.
        (y:2055um, yAB: [0um:1728um])

[ERROR] Side.place(IoPin): Pin "inputs(3930).0" is outside east or west abutment box side.
        (y:2055.5um, yAB: [0um:1728um])

[ERROR] Side.place(IoPin): Pin "inputs(3931).0" is outside east or west abutment box side.
        (y:2056um, yAB: [0um:1728um])

[ERROR] Side.place(IoPin): Pin "inputs(3932).0" is outside east or west abutment box side.
        (y:2056.5um, yAB: [0um:1728um])

[ERROR] Side.place(IoPin): Pin "inputs(3933).0" is outside east or west abutment box side.
        (y:2057um, yAB: [0um:1728um])

[ERROR] Side.place(IoPin): Pin "inputs(3934).0" is outside east or west abutment box side.
        (y:2057.5um, yAB: [0um:1728um])

[ERROR] Side.place(IoPin): Pin "inputs(3935).0" is outside east or west abutment box side.
        (y:2058um, yAB: [0um:1728um])

[ERROR] Side.place(IoPin): Pin "inputs(3936).0" is outside east or west abutment box side.
        (y:2058.5um, yAB: [0um:1728um])

[ERROR] Side.place(IoPin): Pin "inputs(3937).0" is outside east or west abutment box side.
        (y:2059um, yAB: [0um:1728um])

[ERROR] Side.place(IoPin): Pin "inputs(3938).0" is outside east or west abutment box side.
        (y:2059.5um, yAB: [0um:1728um])

[ERROR] Side.place(IoPin): Pin "inputs(3939).0" is outside east or west abutment box side.
        (y:2060um, yAB: [0um:1728um])

[ERROR] Side.place(IoPin): Pin "inputs(3940).0" is outside east or west abutment box side.
        (y:2060.5um, yAB: [0um:1728um])

[ERROR] Side.place(IoPin): Pin "inputs(3941).0" is outside east or west abutment box side.
        (y:2061um, yAB: [0um:1728um])

[ERROR] Side.place(IoPin): Pin "inputs(3942).0" is outside east or west abutment box side.
        (y:2061.5um, yAB: [0um:1728um])

[ERROR] Side.place(IoPin): Pin "inputs(3943).0" is outside east or west abutment box side.
        (y:2062um, yAB: [0um:1728um])

[ERROR] Side.place(IoPin): Pin "inputs(3944).0" is outside east or west abutment box side.
        (y:2062.5um, yAB: [0um:1728um])

[ERROR] Side.place(IoPin): Pin "inputs(3945).0" is outside east or west abutment box side.
        (y:2063um, yAB: [0um:1728um])

[ERROR] Side.place(IoPin): Pin "inputs(3946).0" is outside east or west abutment box side.
        (y:2063.5um, yAB: [0um:1728um])

[ERROR] Side.place(IoPin): Pin "inputs(3947).0" is outside east or west abutment box side.
        (y:2064um, yAB: [0um:1728um])

[ERROR] Side.place(IoPin): Pin "inputs(3948).0" is outside east or west abutment box side.
        (y:2064.5um, yAB: [0um:1728um])

[ERROR] Side.place(IoPin): Pin "inputs(3949).0" is outside east or west abutment box side.
        (y:2065um, yAB: [0um:1728um])

[ERROR] Side.place(IoPin): Pin "inputs(3950).0" is outside east or west abutment box side.
        (y:2065.5um, yAB: [0um:1728um])

[ERROR] Side.place(IoPin): Pin "inputs(3951).0" is outside east or west abutment box side.
        (y:2066um, yAB: [0um:1728um])

[ERROR] Side.place(IoPin): Pin "inputs(3952).0" is outside east or west abutment box side.
        (y:2066.5um, yAB: [0um:1728um])

[ERROR] Side.place(IoPin): Pin "inputs(3953).0" is outside east or west abutment box side.
        (y:2067um, yAB: [0um:1728um])

[ERROR] Side.place(IoPin): Pin "inputs(3954).0" is outside east or west abutment box side.
        (y:2067.5um, yAB: [0um:1728um])

[ERROR] Side.place(IoPin): Pin "inputs(3955).0" is outside east or west abutment box side.
        (y:2068um, yAB: [0um:1728um])

[ERROR] Side.place(IoPin): Pin "inputs(3956).0" is outside east or west abutment box side.
        (y:2068.5um, yAB: [0um:1728um])

[ERROR] Side.place(IoPin): Pin "inputs(3957).0" is outside east or west abutment box side.
        (y:2069um, yAB: [0um:1728um])

[ERROR] Side.place(IoPin): Pin "inputs(3958).0" is outside east or west abutment box side.
        (y:2069.5um, yAB: [0um:1728um])

[ERROR] Side.place(IoPin): Pin "inputs(3959).0" is outside east or west abutment box side.
        (y:2070um, yAB: [0um:1728um])

[ERROR] Side.place(IoPin): Pin "inputs(3960).0" is outside east or west abutment box side.
        (y:2070.5um, yAB: [0um:1728um])

[ERROR] Side.place(IoPin): Pin "inputs(3961).0" is outside east or west abutment box side.
        (y:2071um, yAB: [0um:1728um])

[ERROR] Side.place(IoPin): Pin "inputs(3962).0" is outside east or west abutment box side.
        (y:2071.5um, yAB: [0um:1728um])

[ERROR] Side.place(IoPin): Pin "inputs(3963).0" is outside east or west abutment box side.
        (y:2072um, yAB: [0um:1728um])

[ERROR] Side.place(IoPin): Pin "inputs(3964).0" is outside east or west abutment box side.
        (y:2072.5um, yAB: [0um:1728um])

[ERROR] Side.place(IoPin): Pin "inputs(3965).0" is outside east or west abutment box side.
        (y:2073um, yAB: [0um:1728um])

[ERROR] Side.place(IoPin): Pin "inputs(3966).0" is outside east or west abutment box side.
        (y:2073.5um, yAB: [0um:1728um])

[ERROR] Side.place(IoPin): Pin "inputs(3967).0" is outside east or west abutment box side.
        (y:2074um, yAB: [0um:1728um])

[ERROR] Side.place(IoPin): Pin "inputs(3968).0" is outside east or west abutment box side.
        (y:2074.5um, yAB: [0um:1728um])

[ERROR] Side.place(IoPin): Pin "inputs(3969).0" is outside east or west abutment box side.
        (y:2075um, yAB: [0um:1728um])

[ERROR] Side.place(IoPin): Pin "inputs(3970).0" is outside east or west abutment box side.
        (y:2075.5um, yAB: [0um:1728um])

[ERROR] Side.place(IoPin): Pin "inputs(3971).0" is outside east or west abutment box side.
        (y:2076um, yAB: [0um:1728um])

[ERROR] Side.place(IoPin): Pin "inputs(3972).0" is outside east or west abutment box side.
        (y:2076.5um, yAB: [0um:1728um])

[ERROR] Side.place(IoPin): Pin "inputs(3973).0" is outside east or west abutment box side.
        (y:2077um, yAB: [0um:1728um])

[ERROR] Side.place(IoPin): Pin "inputs(3974).0" is outside east or west abutment box side.
        (y:2077.5um, yAB: [0um:1728um])

[ERROR] Side.place(IoPin): Pin "inputs(3975).0" is outside east or west abutment box side.
        (y:2078um, yAB: [0um:1728um])

[ERROR] Side.place(IoPin): Pin "inputs(3976).0" is outside east or west abutment box side.
        (y:2078.5um, yAB: [0um:1728um])

[ERROR] Side.place(IoPin): Pin "inputs(3977).0" is outside east or west abutment box side.
        (y:2079um, yAB: [0um:1728um])

[ERROR] Side.place(IoPin): Pin "inputs(3978).0" is outside east or west abutment box side.
        (y:2079.5um, yAB: [0um:1728um])

[ERROR] Side.place(IoPin): Pin "inputs(3979).0" is outside east or west abutment box side.
        (y:2080um, yAB: [0um:1728um])

[ERROR] Side.place(IoPin): Pin "inputs(3980).0" is outside east or west abutment box side.
        (y:2080.5um, yAB: [0um:1728um])

[ERROR] Side.place(IoPin): Pin "inputs(3981).0" is outside east or west abutment box side.
        (y:2081um, yAB: [0um:1728um])

[ERROR] Side.place(IoPin): Pin "inputs(3982).0" is outside east or west abutment box side.
        (y:2081.5um, yAB: [0um:1728um])

[ERROR] Side.place(IoPin): Pin "inputs(3983).0" is outside east or west abutment box side.
        (y:2082um, yAB: [0um:1728um])

[ERROR] Side.place(IoPin): Pin "inputs(3984).0" is outside east or west abutment box side.
        (y:2082.5um, yAB: [0um:1728um])

[ERROR] Side.place(IoPin): Pin "inputs(3985).0" is outside east or west abutment box side.
        (y:2083um, yAB: [0um:1728um])

[ERROR] Side.place(IoPin): Pin "inputs(3986).0" is outside east or west abutment box side.
        (y:2083.5um, yAB: [0um:1728um])

[ERROR] Side.place(IoPin): Pin "inputs(3987).0" is outside east or west abutment box side.
        (y:2084um, yAB: [0um:1728um])

[ERROR] Side.place(IoPin): Pin "inputs(3988).0" is outside east or west abutment box side.
        (y:2084.5um, yAB: [0um:1728um])

[ERROR] Side.place(IoPin): Pin "inputs(3989).0" is outside east or west abutment box side.
        (y:2085um, yAB: [0um:1728um])

[ERROR] Side.place(IoPin): Pin "inputs(3990).0" is outside east or west abutment box side.
        (y:2085.5um, yAB: [0um:1728um])

[ERROR] Side.place(IoPin): Pin "inputs(3991).0" is outside east or west abutment box side.
        (y:2086um, yAB: [0um:1728um])

[ERROR] Side.place(IoPin): Pin "inputs(3992).0" is outside east or west abutment box side.
        (y:2086.5um, yAB: [0um:1728um])

[ERROR] Side.place(IoPin): Pin "inputs(3993).0" is outside east or west abutment box side.
        (y:2087um, yAB: [0um:1728um])

[ERROR] Side.place(IoPin): Pin "inputs(3994).0" is outside east or west abutment box side.
        (y:2087.5um, yAB: [0um:1728um])

[ERROR] Side.place(IoPin): Pin "inputs(3995).0" is outside east or west abutment box side.
        (y:2088um, yAB: [0um:1728um])

[ERROR] Side.place(IoPin): Pin "inputs(3996).0" is outside east or west abutment box side.
        (y:2088.5um, yAB: [0um:1728um])

[ERROR] Side.place(IoPin): Pin "inputs(3997).0" is outside east or west abutment box side.
        (y:2089um, yAB: [0um:1728um])

[ERROR] Side.place(IoPin): Pin "inputs(3998).0" is outside east or west abutment box side.
        (y:2089.5um, yAB: [0um:1728um])

[ERROR] Side.place(IoPin): Pin "inputs(3999).0" is outside east or west abutment box side.
        (y:2090um, yAB: [0um:1728um])

[ERROR] Side.place(IoPin): Pin "inputs(4000).0" is outside east or west abutment box side.
        (y:2090.5um, yAB: [0um:1728um])

[ERROR] Side.place(IoPin): Pin "inputs(4001).0" is outside east or west abutment box side.
        (y:2091um, yAB: [0um:1728um])

[ERROR] Side.place(IoPin): Pin "inputs(4002).0" is outside east or west abutment box side.
        (y:2091.5um, yAB: [0um:1728um])

[ERROR] Side.place(IoPin): Pin "inputs(4003).0" is outside east or west abutment box side.
        (y:2092um, yAB: [0um:1728um])

[ERROR] Side.place(IoPin): Pin "inputs(4004).0" is outside east or west abutment box side.
        (y:2092.5um, yAB: [0um:1728um])

[ERROR] Side.place(IoPin): Pin "inputs(4005).0" is outside east or west abutment box side.
        (y:2093um, yAB: [0um:1728um])

[ERROR] Side.place(IoPin): Pin "inputs(7462).0" is outside east or west abutment box side.
        (y:1728.5um, yAB: [0um:1728um])

[ERROR] Side.place(IoPin): Pin "inputs(7463).0" is outside east or west abutment box side.
        (y:1729um, yAB: [0um:1728um])

[ERROR] Side.place(IoPin): Pin "inputs(7464).0" is outside east or west abutment box side.
        (y:1729.5um, yAB: [0um:1728um])

[ERROR] Side.place(IoPin): Pin "inputs(7465).0" is outside east or west abutment box side.
        (y:1730um, yAB: [0um:1728um])

[ERROR] Side.place(IoPin): Pin "inputs(7466).0" is outside east or west abutment box side.
        (y:1730.5um, yAB: [0um:1728um])

[ERROR] Side.place(IoPin): Pin "inputs(7467).0" is outside east or west abutment box side.
        (y:1731um, yAB: [0um:1728um])

[ERROR] Side.place(IoPin): Pin "inputs(7468).0" is outside east or west abutment box side.
        (y:1731.5um, yAB: [0um:1728um])

[ERROR] Side.place(IoPin): Pin "inputs(7469).0" is outside east or west abutment box side.
        (y:1732um, yAB: [0um:1728um])

[ERROR] Side.place(IoPin): Pin "inputs(7470).0" is outside east or west abutment box side.
        (y:1732.5um, yAB: [0um:1728um])

[ERROR] Side.place(IoPin): Pin "inputs(7471).0" is outside east or west abutment box side.
        (y:1733um, yAB: [0um:1728um])

[ERROR] Side.place(IoPin): Pin "inputs(7472).0" is outside east or west abutment box side.
        (y:1733.5um, yAB: [0um:1728um])

[ERROR] Side.place(IoPin): Pin "inputs(7473).0" is outside east or west abutment box side.
        (y:1734um, yAB: [0um:1728um])

[ERROR] Side.place(IoPin): Pin "inputs(7474).0" is outside east or west abutment box side.
        (y:1734.5um, yAB: [0um:1728um])

[ERROR] Side.place(IoPin): Pin "inputs(7475).0" is outside east or west abutment box side.
        (y:1735um, yAB: [0um:1728um])

[ERROR] Side.place(IoPin): Pin "inputs(7476).0" is outside east or west abutment box side.
        (y:1735.5um, yAB: [0um:1728um])

[ERROR] Side.place(IoPin): Pin "inputs(7477).0" is outside east or west abutment box side.
        (y:1736um, yAB: [0um:1728um])

[ERROR] Side.place(IoPin): Pin "inputs(7478).0" is outside east or west abutment box side.
        (y:1736.5um, yAB: [0um:1728um])

[ERROR] Side.place(IoPin): Pin "inputs(7479).0" is outside east or west abutment box side.
        (y:1737um, yAB: [0um:1728um])

[ERROR] Side.place(IoPin): Pin "inputs(7480).0" is outside east or west abutment box side.
        (y:1737.5um, yAB: [0um:1728um])

[ERROR] Side.place(IoPin): Pin "inputs(7481).0" is outside east or west abutment box side.
        (y:1738um, yAB: [0um:1728um])

[ERROR] Side.place(IoPin): Pin "inputs(7482).0" is outside east or west abutment box side.
        (y:1738.5um, yAB: [0um:1728um])

[ERROR] Side.place(IoPin): Pin "inputs(7483).0" is outside east or west abutment box side.
        (y:1739um, yAB: [0um:1728um])

[ERROR] Side.place(IoPin): Pin "inputs(7484).0" is outside east or west abutment box side.
        (y:1739.5um, yAB: [0um:1728um])

[ERROR] Side.place(IoPin): Pin "inputs(7485).0" is outside east or west abutment box side.
        (y:1740um, yAB: [0um:1728um])

[ERROR] Side.place(IoPin): Pin "inputs(7486).0" is outside east or west abutment box side.
        (y:1740.5um, yAB: [0um:1728um])

[ERROR] Side.place(IoPin): Pin "inputs(7487).0" is outside east or west abutment box side.
        (y:1741um, yAB: [0um:1728um])

[ERROR] Side.place(IoPin): Pin "inputs(7488).0" is outside east or west abutment box side.
        (y:1741.5um, yAB: [0um:1728um])

[ERROR] Side.place(IoPin): Pin "inputs(7489).0" is outside east or west abutment box side.
        (y:1742um, yAB: [0um:1728um])

[ERROR] Side.place(IoPin): Pin "inputs(7490).0" is outside east or west abutment box side.
        (y:1742.5um, yAB: [0um:1728um])

[ERROR] Side.place(IoPin): Pin "inputs(7491).0" is outside east or west abutment box side.
        (y:1743um, yAB: [0um:1728um])

[ERROR] Side.place(IoPin): Pin "inputs(7492).0" is outside east or west abutment box side.
        (y:1743.5um, yAB: [0um:1728um])

[ERROR] Side.place(IoPin): Pin "inputs(7493).0" is outside east or west abutment box side.
        (y:1744um, yAB: [0um:1728um])

[ERROR] Side.place(IoPin): Pin "inputs(7494).0" is outside east or west abutment box side.
        (y:1744.5um, yAB: [0um:1728um])

[ERROR] Side.place(IoPin): Pin "inputs(7495).0" is outside east or west abutment box side.
        (y:1745um, yAB: [0um:1728um])

[ERROR] Side.place(IoPin): Pin "inputs(7496).0" is outside east or west abutment box side.
        (y:1745.5um, yAB: [0um:1728um])

[ERROR] Side.place(IoPin): Pin "inputs(7497).0" is outside east or west abutment box side.
        (y:1746um, yAB: [0um:1728um])

[ERROR] Side.place(IoPin): Pin "inputs(7498).0" is outside east or west abutment box side.
        (y:1746.5um, yAB: [0um:1728um])

[ERROR] Side.place(IoPin): Pin "inputs(7499).0" is outside east or west abutment box side.
        (y:1747um, yAB: [0um:1728um])

[ERROR] Side.place(IoPin): Pin "inputs(7500).0" is outside east or west abutment box side.
        (y:1747.5um, yAB: [0um:1728um])

[ERROR] Side.place(IoPin): Pin "inputs(7501).0" is outside east or west abutment box side.
        (y:1748um, yAB: [0um:1728um])

[ERROR] Side.place(IoPin): Pin "inputs(7502).0" is outside east or west abutment box side.
        (y:1748.5um, yAB: [0um:1728um])

[ERROR] Side.place(IoPin): Pin "inputs(7503).0" is outside east or west abutment box side.
        (y:1749um, yAB: [0um:1728um])

[ERROR] Side.place(IoPin): Pin "inputs(7504).0" is outside east or west abutment box side.
        (y:1749.5um, yAB: [0um:1728um])

[ERROR] Side.place(IoPin): Pin "inputs(7505).0" is outside east or west abutment box side.
        (y:1750um, yAB: [0um:1728um])

[ERROR] Side.place(IoPin): Pin "inputs(7506).0" is outside east or west abutment box side.
        (y:1750.5um, yAB: [0um:1728um])

[ERROR] Side.place(IoPin): Pin "inputs(7507).0" is outside east or west abutment box side.
        (y:1751um, yAB: [0um:1728um])

[ERROR] Side.place(IoPin): Pin "inputs(7508).0" is outside east or west abutment box side.
        (y:1751.5um, yAB: [0um:1728um])

[ERROR] Side.place(IoPin): Pin "inputs(7509).0" is outside east or west abutment box side.
        (y:1752um, yAB: [0um:1728um])

[ERROR] Side.place(IoPin): Pin "inputs(7510).0" is outside east or west abutment box side.
        (y:1752.5um, yAB: [0um:1728um])

[ERROR] Side.place(IoPin): Pin "inputs(7511).0" is outside east or west abutment box side.
        (y:1753um, yAB: [0um:1728um])

[ERROR] Side.place(IoPin): Pin "inputs(7512).0" is outside east or west abutment box side.
        (y:1753.5um, yAB: [0um:1728um])

[ERROR] Side.place(IoPin): Pin "inputs(7513).0" is outside east or west abutment box side.
        (y:1754um, yAB: [0um:1728um])

[ERROR] Side.place(IoPin): Pin "inputs(7514).0" is outside east or west abutment box side.
        (y:1754.5um, yAB: [0um:1728um])

[ERROR] Side.place(IoPin): Pin "inputs(7515).0" is outside east or west abutment box side.
        (y:1755um, yAB: [0um:1728um])

[ERROR] Side.place(IoPin): Pin "inputs(7516).0" is outside east or west abutment box side.
        (y:1755.5um, yAB: [0um:1728um])

[ERROR] Side.place(IoPin): Pin "inputs(7517).0" is outside east or west abutment box side.
        (y:1756um, yAB: [0um:1728um])

[ERROR] Side.place(IoPin): Pin "inputs(7518).0" is outside east or west abutment box side.
        (y:1756.5um, yAB: [0um:1728um])

[ERROR] Side.place(IoPin): Pin "inputs(7519).0" is outside east or west abutment box side.
        (y:1757um, yAB: [0um:1728um])

[ERROR] Side.place(IoPin): Pin "inputs(7520).0" is outside east or west abutment box side.
        (y:1757.5um, yAB: [0um:1728um])

[ERROR] Side.place(IoPin): Pin "inputs(7521).0" is outside east or west abutment box side.
        (y:1758um, yAB: [0um:1728um])

[ERROR] Side.place(IoPin): Pin "inputs(7522).0" is outside east or west abutment box side.
        (y:1758.5um, yAB: [0um:1728um])

[ERROR] Side.place(IoPin): Pin "inputs(7523).0" is outside east or west abutment box side.
        (y:1759um, yAB: [0um:1728um])

[ERROR] Side.place(IoPin): Pin "inputs(7524).0" is outside east or west abutment box side.
        (y:1759.5um, yAB: [0um:1728um])

[ERROR] Side.place(IoPin): Pin "inputs(7525).0" is outside east or west abutment box side.
        (y:1760um, yAB: [0um:1728um])

[ERROR] Side.place(IoPin): Pin "inputs(7526).0" is outside east or west abutment box side.
        (y:1760.5um, yAB: [0um:1728um])

[ERROR] Side.place(IoPin): Pin "inputs(7527).0" is outside east or west abutment box side.
        (y:1761um, yAB: [0um:1728um])

[ERROR] Side.place(IoPin): Pin "inputs(7528).0" is outside east or west abutment box side.
        (y:1761.5um, yAB: [0um:1728um])

[ERROR] Side.place(IoPin): Pin "inputs(7529).0" is outside east or west abutment box side.
        (y:1762um, yAB: [0um:1728um])

[ERROR] Side.place(IoPin): Pin "inputs(7530).0" is outside east or west abutment box side.
        (y:1762.5um, yAB: [0um:1728um])

[ERROR] Side.place(IoPin): Pin "inputs(7531).0" is outside east or west abutment box side.
        (y:1763um, yAB: [0um:1728um])

[ERROR] Side.place(IoPin): Pin "inputs(7532).0" is outside east or west abutment box side.
        (y:1763.5um, yAB: [0um:1728um])

[ERROR] Side.place(IoPin): Pin "inputs(7533).0" is outside east or west abutment box side.
        (y:1764um, yAB: [0um:1728um])

[ERROR] Side.place(IoPin): Pin "inputs(7534).0" is outside east or west abutment box side.
        (y:1764.5um, yAB: [0um:1728um])

[ERROR] Side.place(IoPin): Pin "inputs(7535).0" is outside east or west abutment box side.
        (y:1765um, yAB: [0um:1728um])

[ERROR] Side.place(IoPin): Pin "inputs(7536).0" is outside east or west abutment box side.
        (y:1765.5um, yAB: [0um:1728um])

[ERROR] Side.place(IoPin): Pin "inputs(7537).0" is outside east or west abutment box side.
        (y:1766um, yAB: [0um:1728um])

[ERROR] Side.place(IoPin): Pin "inputs(7538).0" is outside east or west abutment box side.
        (y:1766.5um, yAB: [0um:1728um])

[ERROR] Side.place(IoPin): Pin "inputs(7539).0" is outside east or west abutment box side.
        (y:1767um, yAB: [0um:1728um])

[ERROR] Side.place(IoPin): Pin "inputs(7540).0" is outside east or west abutment box side.
        (y:1767.5um, yAB: [0um:1728um])

[ERROR] Side.place(IoPin): Pin "inputs(7541).0" is outside east or west abutment box side.
        (y:1768um, yAB: [0um:1728um])

[ERROR] Side.place(IoPin): Pin "inputs(7542).0" is outside east or west abutment box side.
        (y:1768.5um, yAB: [0um:1728um])

[ERROR] Side.place(IoPin): Pin "inputs(7543).0" is outside east or west abutment box side.
        (y:1769um, yAB: [0um:1728um])

[ERROR] Side.place(IoPin): Pin "inputs(7544).0" is outside east or west abutment box side.
        (y:1769.5um, yAB: [0um:1728um])

[ERROR] Side.place(IoPin): Pin "inputs(7545).0" is outside east or west abutment box side.
        (y:1770um, yAB: [0um:1728um])

[ERROR] Side.place(IoPin): Pin "inputs(7546).0" is outside east or west abutment box side.
        (y:1770.5um, yAB: [0um:1728um])

[ERROR] Side.place(IoPin): Pin "inputs(7547).0" is outside east or west abutment box side.
        (y:1771um, yAB: [0um:1728um])

[ERROR] Side.place(IoPin): Pin "inputs(7548).0" is outside east or west abutment box side.
        (y:1771.5um, yAB: [0um:1728um])

[ERROR] Side.place(IoPin): Pin "inputs(7549).0" is outside east or west abutment box side.
        (y:1772um, yAB: [0um:1728um])

[ERROR] Side.place(IoPin): Pin "inputs(7550).0" is outside east or west abutment box side.
        (y:1772.5um, yAB: [0um:1728um])

[ERROR] Side.place(IoPin): Pin "inputs(7551).0" is outside east or west abutment box side.
        (y:1773um, yAB: [0um:1728um])

[ERROR] Side.place(IoPin): Pin "inputs(7552).0" is outside east or west abutment box side.
        (y:1773.5um, yAB: [0um:1728um])

[ERROR] Side.place(IoPin): Pin "inputs(7553).0" is outside east or west abutment box side.
        (y:1774um, yAB: [0um:1728um])

[ERROR] Side.place(IoPin): Pin "inputs(7554).0" is outside east or west abutment box side.
        (y:1774.5um, yAB: [0um:1728um])

[ERROR] Side.place(IoPin): Pin "inputs(7555).0" is outside east or west abutment box side.
        (y:1775um, yAB: [0um:1728um])

[ERROR] Side.place(IoPin): Pin "inputs(7556).0" is outside east or west abutment box side.
        (y:1775.5um, yAB: [0um:1728um])

[ERROR] Side.place(IoPin): Pin "inputs(7557).0" is outside east or west abutment box side.
        (y:1776um, yAB: [0um:1728um])

[ERROR] Side.place(IoPin): Pin "inputs(7558).0" is outside east or west abutment box side.
        (y:1776.5um, yAB: [0um:1728um])

[ERROR] Side.place(IoPin): Pin "inputs(7559).0" is outside east or west abutment box side.
        (y:1777um, yAB: [0um:1728um])

[ERROR] Side.place(IoPin): Pin "inputs(7560).0" is outside east or west abutment box side.
        (y:1777.5um, yAB: [0um:1728um])

[ERROR] Side.place(IoPin): Pin "inputs(7561).0" is outside east or west abutment box side.
        (y:1778um, yAB: [0um:1728um])

[ERROR] Side.place(IoPin): Pin "inputs(7562).0" is outside east or west abutment box side.
        (y:1778.5um, yAB: [0um:1728um])

[ERROR] Side.place(IoPin): Pin "inputs(7563).0" is outside east or west abutment box side.
        (y:1779um, yAB: [0um:1728um])

[ERROR] Side.place(IoPin): Pin "inputs(7564).0" is outside east or west abutment box side.
        (y:1779.5um, yAB: [0um:1728um])

[ERROR] Side.place(IoPin): Pin "inputs(7565).0" is outside east or west abutment box side.
        (y:1780um, yAB: [0um:1728um])

[ERROR] Side.place(IoPin): Pin "inputs(7566).0" is outside east or west abutment box side.
        (y:1780.5um, yAB: [0um:1728um])

[ERROR] Side.place(IoPin): Pin "inputs(7567).0" is outside east or west abutment box side.
        (y:1781um, yAB: [0um:1728um])

[ERROR] Side.place(IoPin): Pin "inputs(7568).0" is outside east or west abutment box side.
        (y:1781.5um, yAB: [0um:1728um])

[ERROR] Side.place(IoPin): Pin "inputs(7569).0" is outside east or west abutment box side.
        (y:1782um, yAB: [0um:1728um])

[ERROR] Side.place(IoPin): Pin "inputs(7570).0" is outside east or west abutment box side.
        (y:1782.5um, yAB: [0um:1728um])

[ERROR] Side.place(IoPin): Pin "inputs(7571).0" is outside east or west abutment box side.
        (y:1783um, yAB: [0um:1728um])

[ERROR] Side.place(IoPin): Pin "inputs(7572).0" is outside east or west abutment box side.
        (y:1783.5um, yAB: [0um:1728um])

[ERROR] Side.place(IoPin): Pin "inputs(7573).0" is outside east or west abutment box side.
        (y:1784um, yAB: [0um:1728um])

[ERROR] Side.place(IoPin): Pin "inputs(7574).0" is outside east or west abutment box side.
        (y:1784.5um, yAB: [0um:1728um])

[ERROR] Side.place(IoPin): Pin "inputs(7575).0" is outside east or west abutment box side.
        (y:1785um, yAB: [0um:1728um])

[ERROR] Side.place(IoPin): Pin "inputs(7576).0" is outside east or west abutment box side.
        (y:1785.5um, yAB: [0um:1728um])

[ERROR] Side.place(IoPin): Pin "inputs(7577).0" is outside east or west abutment box side.
        (y:1786um, yAB: [0um:1728um])

[ERROR] Side.place(IoPin): Pin "inputs(7578).0" is outside east or west abutment box side.
        (y:1786.5um, yAB: [0um:1728um])

[ERROR] Side.place(IoPin): Pin "inputs(7579).0" is outside east or west abutment box side.
        (y:1787um, yAB: [0um:1728um])

[ERROR] Side.place(IoPin): Pin "inputs(7580).0" is outside east or west abutment box side.
        (y:1787.5um, yAB: [0um:1728um])

[ERROR] Side.place(IoPin): Pin "inputs(7581).0" is outside east or west abutment box side.
        (y:1788um, yAB: [0um:1728um])

[ERROR] Side.place(IoPin): Pin "inputs(7582).0" is outside east or west abutment box side.
        (y:1788.5um, yAB: [0um:1728um])

[ERROR] Side.place(IoPin): Pin "inputs(7583).0" is outside east or west abutment box side.
        (y:1789um, yAB: [0um:1728um])

[ERROR] Side.place(IoPin): Pin "inputs(7584).0" is outside east or west abutment box side.
        (y:1789.5um, yAB: [0um:1728um])

[ERROR] Side.place(IoPin): Pin "inputs(7585).0" is outside east or west abutment box side.
        (y:1790um, yAB: [0um:1728um])

[ERROR] Side.place(IoPin): Pin "inputs(7586).0" is outside east or west abutment box side.
        (y:1790.5um, yAB: [0um:1728um])

[ERROR] Side.place(IoPin): Pin "inputs(7587).0" is outside east or west abutment box side.
        (y:1791um, yAB: [0um:1728um])

[ERROR] Side.place(IoPin): Pin "inputs(7588).0" is outside east or west abutment box side.
        (y:1791.5um, yAB: [0um:1728um])

[ERROR] Side.place(IoPin): Pin "inputs(7589).0" is outside east or west abutment box side.
        (y:1792um, yAB: [0um:1728um])

[ERROR] Side.place(IoPin): Pin "inputs(7590).0" is outside east or west abutment box side.
        (y:1792.5um, yAB: [0um:1728um])

[ERROR] Side.place(IoPin): Pin "inputs(7591).0" is outside east or west abutment box side.
        (y:1793um, yAB: [0um:1728um])

[ERROR] Side.place(IoPin): Pin "inputs(7592).0" is outside east or west abutment box side.
        (y:1793.5um, yAB: [0um:1728um])

[ERROR] Side.place(IoPin): Pin "inputs(7593).0" is outside east or west abutment box side.
        (y:1794um, yAB: [0um:1728um])

[ERROR] Side.place(IoPin): Pin "inputs(7594).0" is outside east or west abutment box side.
        (y:1794.5um, yAB: [0um:1728um])

[ERROR] Side.place(IoPin): Pin "inputs(7595).0" is outside east or west abutment box side.
        (y:1795um, yAB: [0um:1728um])

[ERROR] Side.place(IoPin): Pin "inputs(7596).0" is outside east or west abutment box side.
        (y:1795.5um, yAB: [0um:1728um])

[ERROR] Side.place(IoPin): Pin "inputs(7597).0" is outside east or west abutment box side.
        (y:1796um, yAB: [0um:1728um])

[ERROR] Side.place(IoPin): Pin "inputs(7598).0" is outside east or west abutment box side.
        (y:1796.5um, yAB: [0um:1728um])

[ERROR] Side.place(IoPin): Pin "inputs(7599).0" is outside east or west abutment box side.
        (y:1797um, yAB: [0um:1728um])

[ERROR] Side.place(IoPin): Pin "inputs(7600).0" is outside east or west abutment box side.
        (y:1797.5um, yAB: [0um:1728um])

[ERROR] Side.place(IoPin): Pin "inputs(7601).0" is outside east or west abutment box side.
        (y:1798um, yAB: [0um:1728um])

[ERROR] Side.place(IoPin): Pin "inputs(7602).0" is outside east or west abutment box side.
        (y:1798.5um, yAB: [0um:1728um])

[ERROR] Side.place(IoPin): Pin "inputs(7603).0" is outside east or west abutment box side.
        (y:1799um, yAB: [0um:1728um])

[ERROR] Side.place(IoPin): Pin "inputs(7604).0" is outside east or west abutment box side.
        (y:1799.5um, yAB: [0um:1728um])

[ERROR] Side.place(IoPin): Pin "inputs(7605).0" is outside east or west abutment box side.
        (y:1800um, yAB: [0um:1728um])

[ERROR] Side.place(IoPin): Pin "inputs(7606).0" is outside east or west abutment box side.
        (y:1800.5um, yAB: [0um:1728um])

[ERROR] Side.place(IoPin): Pin "inputs(7607).0" is outside east or west abutment box side.
        (y:1801um, yAB: [0um:1728um])

[ERROR] Side.place(IoPin): Pin "inputs(7608).0" is outside east or west abutment box side.
        (y:1801.5um, yAB: [0um:1728um])

[ERROR] Side.place(IoPin): Pin "inputs(7609).0" is outside east or west abutment box side.
        (y:1802um, yAB: [0um:1728um])

[ERROR] Side.place(IoPin): Pin "inputs(7610).0" is outside east or west abutment box side.
        (y:1802.5um, yAB: [0um:1728um])

[ERROR] Side.place(IoPin): Pin "inputs(7611).0" is outside east or west abutment box side.
        (y:1803um, yAB: [0um:1728um])

[ERROR] Side.place(IoPin): Pin "inputs(7612).0" is outside east or west abutment box side.
        (y:1803.5um, yAB: [0um:1728um])

[ERROR] Side.place(IoPin): Pin "inputs(7613).0" is outside east or west abutment box side.
        (y:1804um, yAB: [0um:1728um])

[ERROR] Side.place(IoPin): Pin "inputs(7614).0" is outside east or west abutment box side.
        (y:1804.5um, yAB: [0um:1728um])

[ERROR] Side.place(IoPin): Pin "inputs(7615).0" is outside east or west abutment box side.
        (y:1805um, yAB: [0um:1728um])

[ERROR] Side.place(IoPin): Pin "inputs(7616).0" is outside east or west abutment box side.
        (y:1805.5um, yAB: [0um:1728um])

[ERROR] Side.place(IoPin): Pin "inputs(7617).0" is outside east or west abutment box side.
        (y:1806um, yAB: [0um:1728um])

[ERROR] Side.place(IoPin): Pin "inputs(7618).0" is outside east or west abutment box side.
        (y:1806.5um, yAB: [0um:1728um])

[ERROR] Side.place(IoPin): Pin "inputs(7619).0" is outside east or west abutment box side.
        (y:1807um, yAB: [0um:1728um])

[ERROR] Side.place(IoPin): Pin "inputs(7620).0" is outside east or west abutment box side.
        (y:1807.5um, yAB: [0um:1728um])

[ERROR] Side.place(IoPin): Pin "inputs(7621).0" is outside east or west abutment box side.
        (y:1808um, yAB: [0um:1728um])

[ERROR] Side.place(IoPin): Pin "inputs(7622).0" is outside east or west abutment box side.
        (y:1808.5um, yAB: [0um:1728um])

[ERROR] Side.place(IoPin): Pin "inputs(7623).0" is outside east or west abutment box side.
        (y:1809um, yAB: [0um:1728um])

[ERROR] Side.place(IoPin): Pin "inputs(7624).0" is outside east or west abutment box side.
        (y:1809.5um, yAB: [0um:1728um])

[ERROR] Side.place(IoPin): Pin "inputs(7625).0" is outside east or west abutment box side.
        (y:1810um, yAB: [0um:1728um])

[ERROR] Side.place(IoPin): Pin "inputs(7626).0" is outside east or west abutment box side.
        (y:1810.5um, yAB: [0um:1728um])

[ERROR] Side.place(IoPin): Pin "inputs(7627).0" is outside east or west abutment box side.
        (y:1811um, yAB: [0um:1728um])

[ERROR] Side.place(IoPin): Pin "inputs(7628).0" is outside east or west abutment box side.
        (y:1811.5um, yAB: [0um:1728um])

[ERROR] Side.place(IoPin): Pin "inputs(7629).0" is outside east or west abutment box side.
        (y:1812um, yAB: [0um:1728um])

[ERROR] Side.place(IoPin): Pin "inputs(7630).0" is outside east or west abutment box side.
        (y:1812.5um, yAB: [0um:1728um])

[ERROR] Side.place(IoPin): Pin "inputs(7631).0" is outside east or west abutment box side.
        (y:1813um, yAB: [0um:1728um])

[ERROR] Side.place(IoPin): Pin "inputs(7632).0" is outside east or west abutment box side.
        (y:1813.5um, yAB: [0um:1728um])

[ERROR] Side.place(IoPin): Pin "inputs(7633).0" is outside east or west abutment box side.
        (y:1814um, yAB: [0um:1728um])

[ERROR] Side.place(IoPin): Pin "inputs(7634).0" is outside east or west abutment box side.
        (y:1814.5um, yAB: [0um:1728um])

[ERROR] Side.place(IoPin): Pin "inputs(7635).0" is outside east or west abutment box side.
        (y:1815um, yAB: [0um:1728um])

[ERROR] Side.place(IoPin): Pin "inputs(7636).0" is outside east or west abutment box side.
        (y:1815.5um, yAB: [0um:1728um])

[ERROR] Side.place(IoPin): Pin "inputs(7637).0" is outside east or west abutment box side.
        (y:1816um, yAB: [0um:1728um])

[ERROR] Side.place(IoPin): Pin "inputs(7638).0" is outside east or west abutment box side.
        (y:1816.5um, yAB: [0um:1728um])

[ERROR] Side.place(IoPin): Pin "inputs(7639).0" is outside east or west abutment box side.
        (y:1817um, yAB: [0um:1728um])

[ERROR] Side.place(IoPin): Pin "inputs(7640).0" is outside east or west abutment box side.
        (y:1817.5um, yAB: [0um:1728um])

[ERROR] Side.place(IoPin): Pin "inputs(7641).0" is outside east or west abutment box side.
        (y:1818um, yAB: [0um:1728um])

[ERROR] Side.place(IoPin): Pin "inputs(7642).0" is outside east or west abutment box side.
        (y:1818.5um, yAB: [0um:1728um])

[ERROR] Side.place(IoPin): Pin "inputs(7643).0" is outside east or west abutment box side.
        (y:1819um, yAB: [0um:1728um])

[ERROR] Side.place(IoPin): Pin "inputs(7644).0" is outside east or west abutment box side.
        (y:1819.5um, yAB: [0um:1728um])

[ERROR] Side.place(IoPin): Pin "inputs(7645).0" is outside east or west abutment box side.
        (y:1820um, yAB: [0um:1728um])

[ERROR] Side.place(IoPin): Pin "inputs(7646).0" is outside east or west abutment box side.
        (y:1820.5um, yAB: [0um:1728um])

[ERROR] Side.place(IoPin): Pin "inputs(7647).0" is outside east or west abutment box side.
        (y:1821um, yAB: [0um:1728um])

[ERROR] Side.place(IoPin): Pin "inputs(7648).0" is outside east or west abutment box side.
        (y:1821.5um, yAB: [0um:1728um])

[ERROR] Side.place(IoPin): Pin "inputs(7649).0" is outside east or west abutment box side.
        (y:1822um, yAB: [0um:1728um])

[ERROR] Side.place(IoPin): Pin "inputs(7650).0" is outside east or west abutment box side.
        (y:1822.5um, yAB: [0um:1728um])

[ERROR] Side.place(IoPin): Pin "inputs(7651).0" is outside east or west abutment box side.
        (y:1823um, yAB: [0um:1728um])

[ERROR] Side.place(IoPin): Pin "inputs(7652).0" is outside east or west abutment box side.
        (y:1823.5um, yAB: [0um:1728um])

[ERROR] Side.place(IoPin): Pin "inputs(7653).0" is outside east or west abutment box side.
        (y:1824um, yAB: [0um:1728um])

[ERROR] Side.place(IoPin): Pin "inputs(7654).0" is outside east or west abutment box side.
        (y:1824.5um, yAB: [0um:1728um])

[ERROR] Side.place(IoPin): Pin "inputs(7655).0" is outside east or west abutment box side.
        (y:1825um, yAB: [0um:1728um])

[ERROR] Side.place(IoPin): Pin "inputs(7656).0" is outside east or west abutment box side.
        (y:1825.5um, yAB: [0um:1728um])

[ERROR] Side.place(IoPin): Pin "inputs(7657).0" is outside east or west abutment box side.
        (y:1826um, yAB: [0um:1728um])

[ERROR] Side.place(IoPin): Pin "inputs(7658).0" is outside east or west abutment box side.
        (y:1826.5um, yAB: [0um:1728um])

[ERROR] Side.place(IoPin): Pin "inputs(7659).0" is outside east or west abutment box side.
        (y:1827um, yAB: [0um:1728um])

[ERROR] Side.place(IoPin): Pin "inputs(7660).0" is outside east or west abutment box side.
        (y:1827.5um, yAB: [0um:1728um])

[ERROR] Side.place(IoPin): Pin "inputs(7661).0" is outside east or west abutment box side.
        (y:1828um, yAB: [0um:1728um])

[ERROR] Side.place(IoPin): Pin "inputs(7662).0" is outside east or west abutment box side.
        (y:1828.5um, yAB: [0um:1728um])

[ERROR] Side.place(IoPin): Pin "inputs(7663).0" is outside east or west abutment box side.
        (y:1829um, yAB: [0um:1728um])

[ERROR] Side.place(IoPin): Pin "inputs(7664).0" is outside east or west abutment box side.
        (y:1829.5um, yAB: [0um:1728um])

[ERROR] Side.place(IoPin): Pin "inputs(7665).0" is outside east or west abutment box side.
        (y:1830um, yAB: [0um:1728um])

[ERROR] Side.place(IoPin): Pin "inputs(7666).0" is outside east or west abutment box side.
        (y:1830.5um, yAB: [0um:1728um])

[ERROR] Side.place(IoPin): Pin "inputs(7667).0" is outside east or west abutment box side.
        (y:1831um, yAB: [0um:1728um])

[ERROR] Side.place(IoPin): Pin "inputs(7668).0" is outside east or west abutment box side.
        (y:1831.5um, yAB: [0um:1728um])

[ERROR] Side.place(IoPin): Pin "inputs(7669).0" is outside east or west abutment box side.
        (y:1832um, yAB: [0um:1728um])

[ERROR] Side.place(IoPin): Pin "inputs(7670).0" is outside east or west abutment box side.
        (y:1832.5um, yAB: [0um:1728um])

[ERROR] Side.place(IoPin): Pin "inputs(7671).0" is outside east or west abutment box side.
        (y:1833um, yAB: [0um:1728um])

[ERROR] Side.place(IoPin): Pin "inputs(7672).0" is outside east or west abutment box side.
        (y:1833.5um, yAB: [0um:1728um])

[ERROR] Side.place(IoPin): Pin "inputs(7673).0" is outside east or west abutment box side.
        (y:1834um, yAB: [0um:1728um])

[ERROR] Side.place(IoPin): Pin "inputs(7674).0" is outside east or west abutment box side.
        (y:1834.5um, yAB: [0um:1728um])

[ERROR] Side.place(IoPin): Pin "inputs(7675).0" is outside east or west abutment box side.
        (y:1835um, yAB: [0um:1728um])

[ERROR] Side.place(IoPin): Pin "inputs(7676).0" is outside east or west abutment box side.
        (y:1835.5um, yAB: [0um:1728um])

[ERROR] Side.place(IoPin): Pin "inputs(7677).0" is outside east or west abutment box side.
        (y:1836um, yAB: [0um:1728um])

[ERROR] Side.place(IoPin): Pin "inputs(7678).0" is outside east or west abutment box side.
        (y:1836.5um, yAB: [0um:1728um])

[ERROR] Side.place(IoPin): Pin "inputs(7679).0" is outside east or west abutment box side.
        (y:1837um, yAB: [0um:1728um])

[ERROR] Side.place(IoPin): Pin "inputs(7680).0" is outside east or west abutment box side.
        (y:1837.5um, yAB: [0um:1728um])

[ERROR] Side.place(IoPin): Pin "inputs(7681).0" is outside east or west abutment box side.
        (y:1838um, yAB: [0um:1728um])

[ERROR] Side.place(IoPin): Pin "inputs(7682).0" is outside east or west abutment box side.
        (y:1838.5um, yAB: [0um:1728um])

[ERROR] Side.place(IoPin): Pin "inputs(7683).0" is outside east or west abutment box side.
        (y:1839um, yAB: [0um:1728um])

[ERROR] Side.place(IoPin): Pin "inputs(7684).0" is outside east or west abutment box side.
        (y:1839.5um, yAB: [0um:1728um])

[ERROR] Side.place(IoPin): Pin "inputs(7685).0" is outside east or west abutment box side.
        (y:1840um, yAB: [0um:1728um])

[ERROR] Side.place(IoPin): Pin "inputs(7686).0" is outside east or west abutment box side.
        (y:1840.5um, yAB: [0um:1728um])

[ERROR] Side.place(IoPin): Pin "inputs(7687).0" is outside east or west abutment box side.
        (y:1841um, yAB: [0um:1728um])

[ERROR] Side.place(IoPin): Pin "inputs(7688).0" is outside east or west abutment box side.
        (y:1841.5um, yAB: [0um:1728um])

[ERROR] Side.place(IoPin): Pin "inputs(7689).0" is outside east or west abutment box side.
        (y:1842um, yAB: [0um:1728um])

[ERROR] Side.place(IoPin): Pin "inputs(7690).0" is outside east or west abutment box side.
        (y:1842.5um, yAB: [0um:1728um])

[ERROR] Side.place(IoPin): Pin "inputs(7691).0" is outside east or west abutment box side.
        (y:1843um, yAB: [0um:1728um])

[ERROR] Side.place(IoPin): Pin "inputs(7692).0" is outside east or west abutment box side.
        (y:1843.5um, yAB: [0um:1728um])

[ERROR] Side.place(IoPin): Pin "inputs(7693).0" is outside east or west abutment box side.
        (y:1844um, yAB: [0um:1728um])

[ERROR] Side.place(IoPin): Pin "inputs(7694).0" is outside east or west abutment box side.
        (y:1844.5um, yAB: [0um:1728um])

[ERROR] Side.place(IoPin): Pin "inputs(7695).0" is outside east or west abutment box side.
        (y:1845um, yAB: [0um:1728um])

[ERROR] Side.place(IoPin): Pin "inputs(7696).0" is outside east or west abutment box side.
        (y:1845.5um, yAB: [0um:1728um])

[ERROR] Side.place(IoPin): Pin "inputs(7697).0" is outside east or west abutment box side.
        (y:1846um, yAB: [0um:1728um])

[ERROR] Side.place(IoPin): Pin "inputs(7698).0" is outside east or west abutment box side.
        (y:1846.5um, yAB: [0um:1728um])

[ERROR] Side.place(IoPin): Pin "inputs(7699).0" is outside east or west abutment box side.
        (y:1847um, yAB: [0um:1728um])

[ERROR] Side.place(IoPin): Pin "inputs(7700).0" is outside east or west abutment box side.
        (y:1847.5um, yAB: [0um:1728um])

[ERROR] Side.place(IoPin): Pin "inputs(7701).0" is outside east or west abutment box side.
        (y:1848um, yAB: [0um:1728um])

[ERROR] Side.place(IoPin): Pin "inputs(7702).0" is outside east or west abutment box side.
        (y:1848.5um, yAB: [0um:1728um])

[ERROR] Side.place(IoPin): Pin "inputs(7703).0" is outside east or west abutment box side.
        (y:1849um, yAB: [0um:1728um])

[ERROR] Side.place(IoPin): Pin "inputs(7704).0" is outside east or west abutment box side.
        (y:1849.5um, yAB: [0um:1728um])

[ERROR] Side.place(IoPin): Pin "inputs(7705).0" is outside east or west abutment box side.
        (y:1850um, yAB: [0um:1728um])

[ERROR] Side.place(IoPin): Pin "inputs(7706).0" is outside east or west abutment box side.
        (y:1850.5um, yAB: [0um:1728um])

[ERROR] Side.place(IoPin): Pin "inputs(7707).0" is outside east or west abutment box side.
        (y:1851um, yAB: [0um:1728um])

[ERROR] Side.place(IoPin): Pin "inputs(7708).0" is outside east or west abutment box side.
        (y:1851.5um, yAB: [0um:1728um])

[ERROR] Side.place(IoPin): Pin "inputs(7709).0" is outside east or west abutment box side.
        (y:1852um, yAB: [0um:1728um])

[ERROR] Side.place(IoPin): Pin "inputs(7710).0" is outside east or west abutment box side.
        (y:1852.5um, yAB: [0um:1728um])

[ERROR] Side.place(IoPin): Pin "inputs(7711).0" is outside east or west abutment box side.
        (y:1853um, yAB: [0um:1728um])

[ERROR] Side.place(IoPin): Pin "inputs(7712).0" is outside east or west abutment box side.
        (y:1853.5um, yAB: [0um:1728um])

[ERROR] Side.place(IoPin): Pin "inputs(7713).0" is outside east or west abutment box side.
        (y:1854um, yAB: [0um:1728um])

[ERROR] Side.place(IoPin): Pin "inputs(7714).0" is outside east or west abutment box side.
        (y:1854.5um, yAB: [0um:1728um])

[ERROR] Side.place(IoPin): Pin "inputs(7715).0" is outside east or west abutment box side.
        (y:1855um, yAB: [0um:1728um])

[ERROR] Side.place(IoPin): Pin "inputs(7716).0" is outside east or west abutment box side.
        (y:1855.5um, yAB: [0um:1728um])

[ERROR] Side.place(IoPin): Pin "inputs(7717).0" is outside east or west abutment box side.
        (y:1856um, yAB: [0um:1728um])

[ERROR] Side.place(IoPin): Pin "inputs(7718).0" is outside east or west abutment box side.
        (y:1856.5um, yAB: [0um:1728um])

[ERROR] Side.place(IoPin): Pin "inputs(7719).0" is outside east or west abutment box side.
        (y:1857um, yAB: [0um:1728um])

[ERROR] Side.place(IoPin): Pin "inputs(7720).0" is outside east or west abutment box side.
        (y:1857.5um, yAB: [0um:1728um])

[ERROR] Side.place(IoPin): Pin "inputs(7721).0" is outside east or west abutment box side.
        (y:1858um, yAB: [0um:1728um])

[ERROR] Side.place(IoPin): Pin "inputs(7722).0" is outside east or west abutment box side.
        (y:1858.5um, yAB: [0um:1728um])

[ERROR] Side.place(IoPin): Pin "inputs(7723).0" is outside east or west abutment box side.
        (y:1859um, yAB: [0um:1728um])

[ERROR] Side.place(IoPin): Pin "inputs(7724).0" is outside east or west abutment box side.
        (y:1859.5um, yAB: [0um:1728um])

[ERROR] Side.place(IoPin): Pin "inputs(7725).0" is outside east or west abutment box side.
        (y:1860um, yAB: [0um:1728um])

[ERROR] Side.place(IoPin): Pin "inputs(7726).0" is outside east or west abutment box side.
        (y:1860.5um, yAB: [0um:1728um])

[ERROR] Side.place(IoPin): Pin "inputs(7727).0" is outside east or west abutment box side.
        (y:1861um, yAB: [0um:1728um])

[ERROR] Side.place(IoPin): Pin "inputs(7728).0" is outside east or west abutment box side.
        (y:1861.5um, yAB: [0um:1728um])

[ERROR] Side.place(IoPin): Pin "inputs(7729).0" is outside east or west abutment box side.
        (y:1862um, yAB: [0um:1728um])

[ERROR] Side.place(IoPin): Pin "inputs(7730).0" is outside east or west abutment box side.
        (y:1862.5um, yAB: [0um:1728um])

[ERROR] Side.place(IoPin): Pin "inputs(7731).0" is outside east or west abutment box side.
        (y:1863um, yAB: [0um:1728um])

[ERROR] Side.place(IoPin): Pin "inputs(7732).0" is outside east or west abutment box side.
        (y:1863.5um, yAB: [0um:1728um])

[ERROR] Side.place(IoPin): Pin "inputs(7733).0" is outside east or west abutment box side.
        (y:1864um, yAB: [0um:1728um])

[ERROR] Side.place(IoPin): Pin "inputs(7734).0" is outside east or west abutment box side.
        (y:1864.5um, yAB: [0um:1728um])

[ERROR] Side.place(IoPin): Pin "inputs(7735).0" is outside east or west abutment box side.
        (y:1865um, yAB: [0um:1728um])

[ERROR] Side.place(IoPin): Pin "inputs(7736).0" is outside east or west abutment box side.
        (y:1865.5um, yAB: [0um:1728um])

[ERROR] Side.place(IoPin): Pin "inputs(7737).0" is outside east or west abutment box side.
        (y:1866um, yAB: [0um:1728um])

[ERROR] Side.place(IoPin): Pin "inputs(7738).0" is outside east or west abutment box side.
        (y:1866.5um, yAB: [0um:1728um])

[ERROR] Side.place(IoPin): Pin "inputs(7739).0" is outside east or west abutment box side.
        (y:1867um, yAB: [0um:1728um])

[ERROR] Side.place(IoPin): Pin "inputs(7740).0" is outside east or west abutment box side.
        (y:1867.5um, yAB: [0um:1728um])

[ERROR] Side.place(IoPin): Pin "inputs(7741).0" is outside east or west abutment box side.
        (y:1868um, yAB: [0um:1728um])

[ERROR] Side.place(IoPin): Pin "inputs(7742).0" is outside east or west abutment box side.
        (y:1868.5um, yAB: [0um:1728um])

[ERROR] Side.place(IoPin): Pin "inputs(7743).0" is outside east or west abutment box side.
        (y:1869um, yAB: [0um:1728um])

[ERROR] Side.place(IoPin): Pin "inputs(7744).0" is outside east or west abutment box side.
        (y:1869.5um, yAB: [0um:1728um])

[ERROR] Side.place(IoPin): Pin "inputs(7745).0" is outside east or west abutment box side.
        (y:1870um, yAB: [0um:1728um])

[ERROR] Side.place(IoPin): Pin "inputs(7746).0" is outside east or west abutment box side.
        (y:1870.5um, yAB: [0um:1728um])

[ERROR] Side.place(IoPin): Pin "inputs(7747).0" is outside east or west abutment box side.
        (y:1871um, yAB: [0um:1728um])

[ERROR] Side.place(IoPin): Pin "inputs(7748).0" is outside east or west abutment box side.
        (y:1871.5um, yAB: [0um:1728um])

[ERROR] Side.place(IoPin): Pin "inputs(7749).0" is outside east or west abutment box side.
        (y:1872um, yAB: [0um:1728um])

[ERROR] Side.place(IoPin): Pin "inputs(7750).0" is outside east or west abutment box side.
        (y:1872.5um, yAB: [0um:1728um])

[ERROR] Side.place(IoPin): Pin "inputs(7751).0" is outside east or west abutment box side.
        (y:1873um, yAB: [0um:1728um])

[ERROR] Side.place(IoPin): Pin "inputs(7752).0" is outside east or west abutment box side.
        (y:1873.5um, yAB: [0um:1728um])

[ERROR] Side.place(IoPin): Pin "inputs(7753).0" is outside east or west abutment box side.
        (y:1874um, yAB: [0um:1728um])

[ERROR] Side.place(IoPin): Pin "inputs(7754).0" is outside east or west abutment box side.
        (y:1874.5um, yAB: [0um:1728um])

[ERROR] Side.place(IoPin): Pin "inputs(7755).0" is outside east or west abutment box side.
        (y:1875um, yAB: [0um:1728um])

[ERROR] Side.place(IoPin): Pin "inputs(7756).0" is outside east or west abutment box side.
        (y:1875.5um, yAB: [0um:1728um])

[ERROR] Side.place(IoPin): Pin "inputs(7757).0" is outside east or west abutment box side.
        (y:1876um, yAB: [0um:1728um])

[ERROR] Side.place(IoPin): Pin "inputs(7758).0" is outside east or west abutment box side.
        (y:1876.5um, yAB: [0um:1728um])

[ERROR] Side.place(IoPin): Pin "inputs(7759).0" is outside east or west abutment box side.
        (y:1877um, yAB: [0um:1728um])

[ERROR] Side.place(IoPin): Pin "inputs(7760).0" is outside east or west abutment box side.
        (y:1877.5um, yAB: [0um:1728um])

[ERROR] Side.place(IoPin): Pin "inputs(7761).0" is outside east or west abutment box side.
        (y:1878um, yAB: [0um:1728um])

[ERROR] Side.place(IoPin): Pin "inputs(7762).0" is outside east or west abutment box side.
        (y:1878.5um, yAB: [0um:1728um])

[ERROR] Side.place(IoPin): Pin "inputs(7763).0" is outside east or west abutment box side.
        (y:1879um, yAB: [0um:1728um])

[ERROR] Side.place(IoPin): Pin "inputs(7764).0" is outside east or west abutment box side.
        (y:1879.5um, yAB: [0um:1728um])

[ERROR] Side.place(IoPin): Pin "inputs(7765).0" is outside east or west abutment box side.
        (y:1880um, yAB: [0um:1728um])

[ERROR] Side.place(IoPin): Pin "inputs(7766).0" is outside east or west abutment box side.
        (y:1880.5um, yAB: [0um:1728um])

[ERROR] Side.place(IoPin): Pin "inputs(7767).0" is outside east or west abutment box side.
        (y:1881um, yAB: [0um:1728um])

[ERROR] Side.place(IoPin): Pin "inputs(7768).0" is outside east or west abutment box side.
        (y:1881.5um, yAB: [0um:1728um])

[ERROR] Side.place(IoPin): Pin "inputs(7769).0" is outside east or west abutment box side.
        (y:1882um, yAB: [0um:1728um])

[ERROR] Side.place(IoPin): Pin "inputs(7770).0" is outside east or west abutment box side.
        (y:1882.5um, yAB: [0um:1728um])

[ERROR] Side.place(IoPin): Pin "inputs(7771).0" is outside east or west abutment box side.
        (y:1883um, yAB: [0um:1728um])

[ERROR] Side.place(IoPin): Pin "inputs(7772).0" is outside east or west abutment box side.
        (y:1883.5um, yAB: [0um:1728um])

[ERROR] Side.place(IoPin): Pin "inputs(7773).0" is outside east or west abutment box side.
        (y:1884um, yAB: [0um:1728um])

[ERROR] Side.place(IoPin): Pin "inputs(7774).0" is outside east or west abutment box side.
        (y:1884.5um, yAB: [0um:1728um])

[ERROR] Side.place(IoPin): Pin "inputs(7775).0" is outside east or west abutment box side.
        (y:1885um, yAB: [0um:1728um])

[ERROR] Side.place(IoPin): Pin "inputs(7776).0" is outside east or west abutment box side.
        (y:1885.5um, yAB: [0um:1728um])

[ERROR] Side.place(IoPin): Pin "inputs(7777).0" is outside east or west abutment box side.
        (y:1886um, yAB: [0um:1728um])

[ERROR] Side.place(IoPin): Pin "inputs(7778).0" is outside east or west abutment box side.
        (y:1886.5um, yAB: [0um:1728um])

[ERROR] Side.place(IoPin): Pin "inputs(7779).0" is outside east or west abutment box side.
        (y:1887um, yAB: [0um:1728um])

[ERROR] Side.place(IoPin): Pin "inputs(7780).0" is outside east or west abutment box side.
        (y:1887.5um, yAB: [0um:1728um])

[ERROR] Side.place(IoPin): Pin "inputs(7781).0" is outside east or west abutment box side.
        (y:1888um, yAB: [0um:1728um])

[ERROR] Side.place(IoPin): Pin "inputs(7782).0" is outside east or west abutment box side.
        (y:1888.5um, yAB: [0um:1728um])

[ERROR] Side.place(IoPin): Pin "inputs(7783).0" is outside east or west abutment box side.
        (y:1889um, yAB: [0um:1728um])

[ERROR] Side.place(IoPin): Pin "inputs(7784).0" is outside east or west abutment box side.
        (y:1889.5um, yAB: [0um:1728um])

[ERROR] Side.place(IoPin): Pin "inputs(7785).0" is outside east or west abutment box side.
        (y:1890um, yAB: [0um:1728um])

[ERROR] Side.place(IoPin): Pin "inputs(7786).0" is outside east or west abutment box side.
        (y:1890.5um, yAB: [0um:1728um])

[ERROR] Side.place(IoPin): Pin "inputs(7787).0" is outside east or west abutment box side.
        (y:1891um, yAB: [0um:1728um])

[ERROR] Side.place(IoPin): Pin "inputs(7788).0" is outside east or west abutment box side.
        (y:1891.5um, yAB: [0um:1728um])

[ERROR] Side.place(IoPin): Pin "inputs(7789).0" is outside east or west abutment box side.
        (y:1892um, yAB: [0um:1728um])

[ERROR] Side.place(IoPin): Pin "inputs(7790).0" is outside east or west abutment box side.
        (y:1892.5um, yAB: [0um:1728um])

[ERROR] Side.place(IoPin): Pin "inputs(7791).0" is outside east or west abutment box side.
        (y:1893um, yAB: [0um:1728um])

[ERROR] Side.place(IoPin): Pin "inputs(7792).0" is outside east or west abutment box side.
        (y:1893.5um, yAB: [0um:1728um])

[ERROR] Side.place(IoPin): Pin "inputs(7793).0" is outside east or west abutment box side.
        (y:1894um, yAB: [0um:1728um])

[ERROR] Side.place(IoPin): Pin "inputs(7794).0" is outside east or west abutment box side.
        (y:1894.5um, yAB: [0um:1728um])

[ERROR] Side.place(IoPin): Pin "inputs(7795).0" is outside east or west abutment box side.
        (y:1895um, yAB: [0um:1728um])

[ERROR] Side.place(IoPin): Pin "inputs(7796).0" is outside east or west abutment box side.
        (y:1895.5um, yAB: [0um:1728um])

[ERROR] Side.place(IoPin): Pin "inputs(7797).0" is outside east or west abutment box side.
        (y:1896um, yAB: [0um:1728um])

[ERROR] Side.place(IoPin): Pin "inputs(7798).0" is outside east or west abutment box side.
        (y:1896.5um, yAB: [0um:1728um])

[ERROR] Side.place(IoPin): Pin "inputs(7799).0" is outside east or west abutment box side.
        (y:1897um, yAB: [0um:1728um])

[ERROR] Side.place(IoPin): Pin "inputs(7800).0" is outside east or west abutment box side.
        (y:1897.5um, yAB: [0um:1728um])

[ERROR] Side.place(IoPin): Pin "inputs(7801).0" is outside east or west abutment box side.
        (y:1898um, yAB: [0um:1728um])

[ERROR] Side.place(IoPin): Pin "inputs(7802).0" is outside east or west abutment box side.
        (y:1898.5um, yAB: [0um:1728um])

[ERROR] Side.place(IoPin): Pin "inputs(7803).0" is outside east or west abutment box side.
        (y:1899um, yAB: [0um:1728um])

[ERROR] Side.place(IoPin): Pin "inputs(7804).0" is outside east or west abutment box side.
        (y:1899.5um, yAB: [0um:1728um])

[ERROR] Side.place(IoPin): Pin "inputs(7805).0" is outside east or west abutment box side.
        (y:1900um, yAB: [0um:1728um])

[ERROR] Side.place(IoPin): Pin "inputs(7806).0" is outside east or west abutment box side.
        (y:1900.5um, yAB: [0um:1728um])

[ERROR] Side.place(IoPin): Pin "inputs(7807).0" is outside east or west abutment box side.
        (y:1901um, yAB: [0um:1728um])

[ERROR] Side.place(IoPin): Pin "inputs(7808).0" is outside east or west abutment box side.
        (y:1901.5um, yAB: [0um:1728um])

[ERROR] Side.place(IoPin): Pin "inputs(7809).0" is outside east or west abutment box side.
        (y:1902um, yAB: [0um:1728um])

[ERROR] Side.place(IoPin): Pin "inputs(7810).0" is outside east or west abutment box side.
        (y:1902.5um, yAB: [0um:1728um])

[ERROR] Side.place(IoPin): Pin "inputs(7811).0" is outside east or west abutment box side.
        (y:1903um, yAB: [0um:1728um])

[ERROR] Side.place(IoPin): Pin "inputs(7812).0" is outside east or west abutment box side.
        (y:1903.5um, yAB: [0um:1728um])

[ERROR] Side.place(IoPin): Pin "inputs(7813).0" is outside east or west abutment box side.
        (y:1904um, yAB: [0um:1728um])

[ERROR] Side.place(IoPin): Pin "inputs(7814).0" is outside east or west abutment box side.
        (y:1904.5um, yAB: [0um:1728um])

[ERROR] Side.place(IoPin): Pin "inputs(7815).0" is outside east or west abutment box side.
        (y:1905um, yAB: [0um:1728um])

[ERROR] Side.place(IoPin): Pin "inputs(7816).0" is outside east or west abutment box side.
        (y:1905.5um, yAB: [0um:1728um])

[ERROR] Side.place(IoPin): Pin "inputs(7817).0" is outside east or west abutment box side.
        (y:1906um, yAB: [0um:1728um])

[ERROR] Side.place(IoPin): Pin "inputs(7818).0" is outside east or west abutment box side.
        (y:1906.5um, yAB: [0um:1728um])

[ERROR] Side.place(IoPin): Pin "inputs(7819).0" is outside east or west abutment box side.
        (y:1907um, yAB: [0um:1728um])

[ERROR] Side.place(IoPin): Pin "inputs(7820).0" is outside east or west abutment box side.
        (y:1907.5um, yAB: [0um:1728um])

[ERROR] Side.place(IoPin): Pin "inputs(7821).0" is outside east or west abutment box side.
        (y:1908um, yAB: [0um:1728um])

[ERROR] Side.place(IoPin): Pin "inputs(7822).0" is outside east or west abutment box side.
        (y:1908.5um, yAB: [0um:1728um])

[ERROR] Side.place(IoPin): Pin "inputs(7823).0" is outside east or west abutment box side.
        (y:1909um, yAB: [0um:1728um])

[ERROR] Side.place(IoPin): Pin "inputs(7824).0" is outside east or west abutment box side.
        (y:1909.5um, yAB: [0um:1728um])

[ERROR] Side.place(IoPin): Pin "inputs(7825).0" is outside east or west abutment box side.
        (y:1910um, yAB: [0um:1728um])

[ERROR] Side.place(IoPin): Pin "inputs(7826).0" is outside east or west abutment box side.
        (y:1910.5um, yAB: [0um:1728um])

[ERROR] Side.place(IoPin): Pin "inputs(7827).0" is outside east or west abutment box side.
        (y:1911um, yAB: [0um:1728um])

[ERROR] Side.place(IoPin): Pin "inputs(7828).0" is outside east or west abutment box side.
        (y:1911.5um, yAB: [0um:1728um])

[ERROR] Side.place(IoPin): Pin "inputs(7829).0" is outside east or west abutment box side.
        (y:1912um, yAB: [0um:1728um])

[ERROR] Side.place(IoPin): Pin "inputs(7830).0" is outside east or west abutment box side.
        (y:1912.5um, yAB: [0um:1728um])

[ERROR] Side.place(IoPin): Pin "inputs(7831).0" is outside east or west abutment box side.
        (y:1913um, yAB: [0um:1728um])

[ERROR] Side.place(IoPin): Pin "inputs(7832).0" is outside east or west abutment box side.
        (y:1913.5um, yAB: [0um:1728um])

[ERROR] Side.place(IoPin): Pin "inputs(7833).0" is outside east or west abutment box side.
        (y:1914um, yAB: [0um:1728um])

[ERROR] Side.place(IoPin): Pin "inputs(7834).0" is outside east or west abutment box side.
        (y:1914.5um, yAB: [0um:1728um])

[ERROR] Side.place(IoPin): Pin "inputs(7835).0" is outside east or west abutment box side.
        (y:1915um, yAB: [0um:1728um])

[ERROR] Side.place(IoPin): Pin "inputs(7836).0" is outside east or west abutment box side.
        (y:1915.5um, yAB: [0um:1728um])

[ERROR] Side.place(IoPin): Pin "inputs(7837).0" is outside east or west abutment box side.
        (y:1916um, yAB: [0um:1728um])

[ERROR] Side.place(IoPin): Pin "inputs(7838).0" is outside east or west abutment box side.
        (y:1916.5um, yAB: [0um:1728um])

[ERROR] Side.place(IoPin): Pin "inputs(7839).0" is outside east or west abutment box side.
        (y:1917um, yAB: [0um:1728um])

[ERROR] Side.place(IoPin): Pin "inputs(7840).0" is outside east or west abutment box side.
        (y:1917.5um, yAB: [0um:1728um])

[ERROR] Side.place(IoPin): Pin "inputs(7841).0" is outside east or west abutment box side.
        (y:1918um, yAB: [0um:1728um])

[ERROR] Side.place(IoPin): Pin "inputs(7842).0" is outside east or west abutment box side.
        (y:1918.5um, yAB: [0um:1728um])

[ERROR] Side.place(IoPin): Pin "inputs(7843).0" is outside east or west abutment box side.
        (y:1919um, yAB: [0um:1728um])

[ERROR] Side.place(IoPin): Pin "inputs(7844).0" is outside east or west abutment box side.
        (y:1919.5um, yAB: [0um:1728um])

[ERROR] Side.place(IoPin): Pin "inputs(7845).0" is outside east or west abutment box side.
        (y:1920um, yAB: [0um:1728um])

[ERROR] Side.place(IoPin): Pin "inputs(7846).0" is outside east or west abutment box side.
        (y:1920.5um, yAB: [0um:1728um])

[ERROR] Side.place(IoPin): Pin "inputs(7847).0" is outside east or west abutment box side.
        (y:1921um, yAB: [0um:1728um])

[ERROR] Side.place(IoPin): Pin "inputs(7848).0" is outside east or west abutment box side.
        (y:1921.5um, yAB: [0um:1728um])

[ERROR] Side.place(IoPin): Pin "inputs(7849).0" is outside east or west abutment box side.
        (y:1922um, yAB: [0um:1728um])

[ERROR] Side.place(IoPin): Pin "inputs(7850).0" is outside east or west abutment box side.
        (y:1922.5um, yAB: [0um:1728um])

[ERROR] Side.place(IoPin): Pin "inputs(7851).0" is outside east or west abutment box side.
        (y:1923um, yAB: [0um:1728um])

[ERROR] Side.place(IoPin): Pin "inputs(7852).0" is outside east or west abutment box side.
        (y:1923.5um, yAB: [0um:1728um])

[ERROR] Side.place(IoPin): Pin "inputs(7853).0" is outside east or west abutment box side.
        (y:1924um, yAB: [0um:1728um])

[ERROR] Side.place(IoPin): Pin "inputs(7854).0" is outside east or west abutment box side.
        (y:1924.5um, yAB: [0um:1728um])

[ERROR] Side.place(IoPin): Pin "inputs(7855).0" is outside east or west abutment box side.
        (y:1925um, yAB: [0um:1728um])

[ERROR] Side.place(IoPin): Pin "inputs(7856).0" is outside east or west abutment box side.
        (y:1925.5um, yAB: [0um:1728um])

[ERROR] Side.place(IoPin): Pin "inputs(7857).0" is outside east or west abutment box side.
        (y:1926um, yAB: [0um:1728um])

[ERROR] Side.place(IoPin): Pin "inputs(7858).0" is outside east or west abutment box side.
        (y:1926.5um, yAB: [0um:1728um])

[ERROR] Side.place(IoPin): Pin "inputs(7859).0" is outside east or west abutment box side.
        (y:1927um, yAB: [0um:1728um])

[ERROR] Side.place(IoPin): Pin "inputs(7860).0" is outside east or west abutment box side.
        (y:1927.5um, yAB: [0um:1728um])

[ERROR] Side.place(IoPin): Pin "inputs(7861).0" is outside east or west abutment box side.
        (y:1928um, yAB: [0um:1728um])

[ERROR] Side.place(IoPin): Pin "inputs(7862).0" is outside east or west abutment box side.
        (y:1928.5um, yAB: [0um:1728um])

[ERROR] Side.place(IoPin): Pin "inputs(7863).0" is outside east or west abutment box side.
        (y:1929um, yAB: [0um:1728um])

[ERROR] Side.place(IoPin): Pin "inputs(7864).0" is outside east or west abutment box side.
        (y:1929.5um, yAB: [0um:1728um])

[ERROR] Side.place(IoPin): Pin "inputs(7865).0" is outside east or west abutment box side.
        (y:1930um, yAB: [0um:1728um])

[ERROR] Side.place(IoPin): Pin "inputs(7866).0" is outside east or west abutment box side.
        (y:1930.5um, yAB: [0um:1728um])

[ERROR] Side.place(IoPin): Pin "inputs(7867).0" is outside east or west abutment box side.
        (y:1931um, yAB: [0um:1728um])

[ERROR] Side.place(IoPin): Pin "inputs(7868).0" is outside east or west abutment box side.
        (y:1931.5um, yAB: [0um:1728um])

[ERROR] Side.place(IoPin): Pin "inputs(7869).0" is outside east or west abutment box side.
        (y:1932um, yAB: [0um:1728um])

[ERROR] Side.place(IoPin): Pin "inputs(7870).0" is outside east or west abutment box side.
        (y:1932.5um, yAB: [0um:1728um])

[ERROR] Side.place(IoPin): Pin "inputs(7871).0" is outside east or west abutment box side.
        (y:1933um, yAB: [0um:1728um])

[ERROR] Side.place(IoPin): Pin "inputs(7872).0" is outside east or west abutment box side.
        (y:1933.5um, yAB: [0um:1728um])

[ERROR] Side.place(IoPin): Pin "inputs(7873).0" is outside east or west abutment box side.
        (y:1934um, yAB: [0um:1728um])

[ERROR] Side.place(IoPin): Pin "inputs(7874).0" is outside east or west abutment box side.
        (y:1934.5um, yAB: [0um:1728um])

[ERROR] Side.place(IoPin): Pin "inputs(7875).0" is outside east or west abutment box side.
        (y:1935um, yAB: [0um:1728um])

[ERROR] Side.place(IoPin): Pin "inputs(7876).0" is outside east or west abutment box side.
        (y:1935.5um, yAB: [0um:1728um])

[ERROR] Side.place(IoPin): Pin "inputs(7877).0" is outside east or west abutment box side.
        (y:1936um, yAB: [0um:1728um])

[ERROR] Side.place(IoPin): Pin "inputs(7878).0" is outside east or west abutment box side.
        (y:1936.5um, yAB: [0um:1728um])

[ERROR] Side.place(IoPin): Pin "inputs(7879).0" is outside east or west abutment box side.
        (y:1937um, yAB: [0um:1728um])

[ERROR] Side.place(IoPin): Pin "inputs(7880).0" is outside east or west abutment box side.
        (y:1937.5um, yAB: [0um:1728um])

[ERROR] Side.place(IoPin): Pin "inputs(7881).0" is outside east or west abutment box side.
        (y:1938um, yAB: [0um:1728um])

[ERROR] Side.place(IoPin): Pin "inputs(7882).0" is outside east or west abutment box side.
        (y:1938.5um, yAB: [0um:1728um])

[ERROR] Side.place(IoPin): Pin "inputs(7883).0" is outside east or west abutment box side.
        (y:1939um, yAB: [0um:1728um])

[ERROR] Side.place(IoPin): Pin "inputs(7884).0" is outside east or west abutment box side.
        (y:1939.5um, yAB: [0um:1728um])

[ERROR] Side.place(IoPin): Pin "inputs(7885).0" is outside east or west abutment box side.
        (y:1940um, yAB: [0um:1728um])

[ERROR] Side.place(IoPin): Pin "inputs(7886).0" is outside east or west abutment box side.
        (y:1940.5um, yAB: [0um:1728um])

[ERROR] Side.place(IoPin): Pin "inputs(7887).0" is outside east or west abutment box side.
        (y:1941um, yAB: [0um:1728um])

[ERROR] Side.place(IoPin): Pin "inputs(7888).0" is outside east or west abutment box side.
        (y:1941.5um, yAB: [0um:1728um])

[ERROR] Side.place(IoPin): Pin "inputs(7889).0" is outside east or west abutment box side.
        (y:1942um, yAB: [0um:1728um])

[ERROR] Side.place(IoPin): Pin "inputs(7890).0" is outside east or west abutment box side.
        (y:1942.5um, yAB: [0um:1728um])

[ERROR] Side.place(IoPin): Pin "inputs(7891).0" is outside east or west abutment box side.
        (y:1943um, yAB: [0um:1728um])

[ERROR] Side.place(IoPin): Pin "inputs(7892).0" is outside east or west abutment box side.
        (y:1943.5um, yAB: [0um:1728um])

[ERROR] Side.place(IoPin): Pin "inputs(7893).0" is outside east or west abutment box side.
        (y:1944um, yAB: [0um:1728um])

[ERROR] Side.place(IoPin): Pin "inputs(7894).0" is outside east or west abutment box side.
        (y:1944.5um, yAB: [0um:1728um])

[ERROR] Side.place(IoPin): Pin "inputs(7895).0" is outside east or west abutment box side.
        (y:1945um, yAB: [0um:1728um])

[ERROR] Side.place(IoPin): Pin "inputs(7896).0" is outside east or west abutment box side.
        (y:1945.5um, yAB: [0um:1728um])

[ERROR] Side.place(IoPin): Pin "inputs(7897).0" is outside east or west abutment box side.
        (y:1946um, yAB: [0um:1728um])

[ERROR] Side.place(IoPin): Pin "inputs(7898).0" is outside east or west abutment box side.
        (y:1946.5um, yAB: [0um:1728um])

[ERROR] Side.place(IoPin): Pin "inputs(7899).0" is outside east or west abutment box side.
        (y:1947um, yAB: [0um:1728um])

[ERROR] Side.place(IoPin): Pin "inputs(7900).0" is outside east or west abutment box side.
        (y:1947.5um, yAB: [0um:1728um])

[ERROR] Side.place(IoPin): Pin "inputs(7901).0" is outside east or west abutment box side.
        (y:1948um, yAB: [0um:1728um])

[ERROR] Side.place(IoPin): Pin "inputs(7902).0" is outside east or west abutment box side.
        (y:1948.5um, yAB: [0um:1728um])

[ERROR] Side.place(IoPin): Pin "inputs(7903).0" is outside east or west abutment box side.
        (y:1949um, yAB: [0um:1728um])

[ERROR] Side.place(IoPin): Pin "inputs(7904).0" is outside east or west abutment box side.
        (y:1949.5um, yAB: [0um:1728um])

[ERROR] Side.place(IoPin): Pin "inputs(7905).0" is outside east or west abutment box side.
        (y:1950um, yAB: [0um:1728um])

[ERROR] Side.place(IoPin): Pin "inputs(7906).0" is outside east or west abutment box side.
        (y:1950.5um, yAB: [0um:1728um])

[ERROR] Side.place(IoPin): Pin "inputs(7907).0" is outside east or west abutment box side.
        (y:1951um, yAB: [0um:1728um])

[ERROR] Side.place(IoPin): Pin "inputs(7908).0" is outside east or west abutment box side.
        (y:1951.5um, yAB: [0um:1728um])

[ERROR] Side.place(IoPin): Pin "inputs(7909).0" is outside east or west abutment box side.
        (y:1952um, yAB: [0um:1728um])

[ERROR] Side.place(IoPin): Pin "inputs(7910).0" is outside east or west abutment box side.
        (y:1952.5um, yAB: [0um:1728um])

[ERROR] Side.place(IoPin): Pin "inputs(7911).0" is outside east or west abutment box side.
        (y:1953um, yAB: [0um:1728um])

[ERROR] Side.place(IoPin): Pin "inputs(7912).0" is outside east or west abutment box side.
        (y:1953.5um, yAB: [0um:1728um])

[ERROR] Side.place(IoPin): Pin "inputs(7913).0" is outside east or west abutment box side.
        (y:1954um, yAB: [0um:1728um])

[ERROR] Side.place(IoPin): Pin "inputs(7914).0" is outside east or west abutment box side.
        (y:1954.5um, yAB: [0um:1728um])

[ERROR] Side.place(IoPin): Pin "inputs(7915).0" is outside east or west abutment box side.
        (y:1955um, yAB: [0um:1728um])

[ERROR] Side.place(IoPin): Pin "inputs(7916).0" is outside east or west abutment box side.
        (y:1955.5um, yAB: [0um:1728um])

[ERROR] Side.place(IoPin): Pin "inputs(7917).0" is outside east or west abutment box side.
        (y:1956um, yAB: [0um:1728um])

[ERROR] Side.place(IoPin): Pin "inputs(7918).0" is outside east or west abutment box side.
        (y:1956.5um, yAB: [0um:1728um])

[ERROR] Side.place(IoPin): Pin "inputs(7919).0" is outside east or west abutment box side.
        (y:1957um, yAB: [0um:1728um])

[ERROR] Side.place(IoPin): Pin "inputs(7920).0" is outside east or west abutment box side.
        (y:1957.5um, yAB: [0um:1728um])

[ERROR] Side.place(IoPin): Pin "inputs(7921).0" is outside east or west abutment box side.
        (y:1958um, yAB: [0um:1728um])

[ERROR] Side.place(IoPin): Pin "inputs(7922).0" is outside east or west abutment box side.
        (y:1958.5um, yAB: [0um:1728um])

[ERROR] Side.place(IoPin): Pin "inputs(7923).0" is outside east or west abutment box side.
        (y:1959um, yAB: [0um:1728um])

[ERROR] Side.place(IoPin): Pin "inputs(7924).0" is outside east or west abutment box side.
        (y:1959.5um, yAB: [0um:1728um])

[ERROR] Side.place(IoPin): Pin "inputs(7925).0" is outside east or west abutment box side.
        (y:1960um, yAB: [0um:1728um])

[ERROR] Side.place(IoPin): Pin "inputs(7926).0" is outside east or west abutment box side.
        (y:1960.5um, yAB: [0um:1728um])

[ERROR] Side.place(IoPin): Pin "inputs(7927).0" is outside east or west abutment box side.
        (y:1961um, yAB: [0um:1728um])

[ERROR] Side.place(IoPin): Pin "inputs(7928).0" is outside east or west abutment box side.
        (y:1961.5um, yAB: [0um:1728um])

[ERROR] Side.place(IoPin): Pin "inputs(7929).0" is outside east or west abutment box side.
        (y:1962um, yAB: [0um:1728um])

[ERROR] Side.place(IoPin): Pin "inputs(7930).0" is outside east or west abutment box side.
        (y:1962.5um, yAB: [0um:1728um])

[ERROR] Side.place(IoPin): Pin "inputs(7931).0" is outside east or west abutment box side.
        (y:1963um, yAB: [0um:1728um])

[ERROR] Side.place(IoPin): Pin "inputs(7932).0" is outside east or west abutment box side.
        (y:1963.5um, yAB: [0um:1728um])

[ERROR] Side.place(IoPin): Pin "inputs(7933).0" is outside east or west abutment box side.
        (y:1964um, yAB: [0um:1728um])

[ERROR] Side.place(IoPin): Pin "inputs(7934).0" is outside east or west abutment box side.
        (y:1964.5um, yAB: [0um:1728um])

[ERROR] Side.place(IoPin): Pin "inputs(7935).0" is outside east or west abutment box side.
        (y:1965um, yAB: [0um:1728um])

[ERROR] Side.place(IoPin): Pin "inputs(7936).0" is outside east or west abutment box side.
        (y:1965.5um, yAB: [0um:1728um])

[ERROR] Side.place(IoPin): Pin "inputs(7937).0" is outside east or west abutment box side.
        (y:1966um, yAB: [0um:1728um])

[ERROR] Side.place(IoPin): Pin "inputs(7938).0" is outside east or west abutment box side.
        (y:1966.5um, yAB: [0um:1728um])

[ERROR] Side.place(IoPin): Pin "inputs(7939).0" is outside east or west abutment box side.
        (y:1967um, yAB: [0um:1728um])

[ERROR] Side.place(IoPin): Pin "inputs(7940).0" is outside east or west abutment box side.
        (y:1967.5um, yAB: [0um:1728um])

[ERROR] Side.place(IoPin): Pin "inputs(7941).0" is outside east or west abutment box side.
        (y:1968um, yAB: [0um:1728um])

[ERROR] Side.place(IoPin): Pin "inputs(7942).0" is outside east or west abutment box side.
        (y:1968.5um, yAB: [0um:1728um])

[ERROR] Side.place(IoPin): Pin "inputs(7943).0" is outside east or west abutment box side.
        (y:1969um, yAB: [0um:1728um])

[ERROR] Side.place(IoPin): Pin "inputs(7944).0" is outside east or west abutment box side.
        (y:1969.5um, yAB: [0um:1728um])

[ERROR] Side.place(IoPin): Pin "inputs(7945).0" is outside east or west abutment box side.
        (y:1970um, yAB: [0um:1728um])

[ERROR] Side.place(IoPin): Pin "inputs(7946).0" is outside east or west abutment box side.
        (y:1970.5um, yAB: [0um:1728um])

[ERROR] Side.place(IoPin): Pin "inputs(7947).0" is outside east or west abutment box side.
        (y:1971um, yAB: [0um:1728um])

[ERROR] Side.place(IoPin): Pin "inputs(7948).0" is outside east or west abutment box side.
        (y:1971.5um, yAB: [0um:1728um])

[ERROR] Side.place(IoPin): Pin "inputs(7949).0" is outside east or west abutment box side.
        (y:1972um, yAB: [0um:1728um])

[ERROR] Side.place(IoPin): Pin "inputs(7950).0" is outside east or west abutment box side.
        (y:1972.5um, yAB: [0um:1728um])

[ERROR] Side.place(IoPin): Pin "inputs(7951).0" is outside east or west abutment box side.
        (y:1973um, yAB: [0um:1728um])

[ERROR] Side.place(IoPin): Pin "inputs(7952).0" is outside east or west abutment box side.
        (y:1973.5um, yAB: [0um:1728um])

[ERROR] Side.place(IoPin): Pin "inputs(7953).0" is outside east or west abutment box side.
        (y:1974um, yAB: [0um:1728um])

[ERROR] Side.place(IoPin): Pin "inputs(7954).0" is outside east or west abutment box side.
        (y:1974.5um, yAB: [0um:1728um])

[ERROR] Side.place(IoPin): Pin "inputs(7955).0" is outside east or west abutment box side.
        (y:1975um, yAB: [0um:1728um])

[ERROR] Side.place(IoPin): Pin "inputs(7956).0" is outside east or west abutment box side.
        (y:1975.5um, yAB: [0um:1728um])

[ERROR] Side.place(IoPin): Pin "inputs(7957).0" is outside east or west abutment box side.
        (y:1976um, yAB: [0um:1728um])

[ERROR] Side.place(IoPin): Pin "inputs(7958).0" is outside east or west abutment box side.
        (y:1976.5um, yAB: [0um:1728um])

[ERROR] Side.place(IoPin): Pin "inputs(7959).0" is outside east or west abutment box side.
        (y:1977um, yAB: [0um:1728um])

[ERROR] Side.place(IoPin): Pin "inputs(7960).0" is outside east or west abutment box side.
        (y:1977.5um, yAB: [0um:1728um])

[ERROR] Side.place(IoPin): Pin "inputs(7961).0" is outside east or west abutment box side.
        (y:1978um, yAB: [0um:1728um])

[ERROR] Side.place(IoPin): Pin "inputs(7962).0" is outside east or west abutment box side.
        (y:1978.5um, yAB: [0um:1728um])

[ERROR] Side.place(IoPin): Pin "inputs(7963).0" is outside east or west abutment box side.
        (y:1979um, yAB: [0um:1728um])

[ERROR] Side.place(IoPin): Pin "inputs(7964).0" is outside east or west abutment box side.
        (y:1979.5um, yAB: [0um:1728um])

[ERROR] Side.place(IoPin): Pin "inputs(7965).0" is outside east or west abutment box side.
        (y:1980um, yAB: [0um:1728um])

[ERROR] Side.place(IoPin): Pin "inputs(7966).0" is outside east or west abutment box side.
        (y:1980.5um, yAB: [0um:1728um])

[ERROR] Side.place(IoPin): Pin "inputs(7967).0" is outside east or west abutment box side.
        (y:1981um, yAB: [0um:1728um])

[ERROR] Side.place(IoPin): Pin "inputs(7968).0" is outside east or west abutment box side.
        (y:1981.5um, yAB: [0um:1728um])

[ERROR] Side.place(IoPin): Pin "inputs(7969).0" is outside east or west abutment box side.
        (y:1982um, yAB: [0um:1728um])

[ERROR] Side.place(IoPin): Pin "inputs(7970).0" is outside east or west abutment box side.
        (y:1982.5um, yAB: [0um:1728um])

[ERROR] Side.place(IoPin): Pin "inputs(7971).0" is outside east or west abutment box side.
        (y:1983um, yAB: [0um:1728um])

[ERROR] Side.place(IoPin): Pin "inputs(7972).0" is outside east or west abutment box side.
        (y:1983.5um, yAB: [0um:1728um])

[ERROR] Side.place(IoPin): Pin "inputs(7973).0" is outside east or west abutment box side.
        (y:1984um, yAB: [0um:1728um])

[ERROR] Side.place(IoPin): Pin "inputs(7974).0" is outside east or west abutment box side.
        (y:1984.5um, yAB: [0um:1728um])

[ERROR] Side.place(IoPin): Pin "inputs(7975).0" is outside east or west abutment box side.
        (y:1985um, yAB: [0um:1728um])

[ERROR] Side.place(IoPin): Pin "inputs(7976).0" is outside east or west abutment box side.
        (y:1985.5um, yAB: [0um:1728um])

[ERROR] Side.place(IoPin): Pin "inputs(7977).0" is outside east or west abutment box side.
        (y:1986um, yAB: [0um:1728um])

[ERROR] Side.place(IoPin): Pin "inputs(7978).0" is outside east or west abutment box side.
        (y:1986.5um, yAB: [0um:1728um])

[ERROR] Side.place(IoPin): Pin "inputs(7979).0" is outside east or west abutment box side.
        (y:1987um, yAB: [0um:1728um])

[ERROR] Side.place(IoPin): Pin "inputs(7980).0" is outside east or west abutment box side.
        (y:1987.5um, yAB: [0um:1728um])

[ERROR] Side.place(IoPin): Pin "inputs(7981).0" is outside east or west abutment box side.
        (y:1988um, yAB: [0um:1728um])

[ERROR] Side.place(IoPin): Pin "inputs(7982).0" is outside east or west abutment box side.
        (y:1988.5um, yAB: [0um:1728um])

[ERROR] Side.place(IoPin): Pin "inputs(7983).0" is outside east or west abutment box side.
        (y:1989um, yAB: [0um:1728um])

[ERROR] Side.place(IoPin): Pin "inputs(7984).0" is outside east or west abutment box side.
        (y:1989.5um, yAB: [0um:1728um])

[ERROR] Side.place(IoPin): Pin "inputs(7985).0" is outside east or west abutment box side.
        (y:1990um, yAB: [0um:1728um])

[ERROR] Side.place(IoPin): Pin "inputs(7986).0" is outside east or west abutment box side.
        (y:1990.5um, yAB: [0um:1728um])

[ERROR] Side.place(IoPin): Pin "inputs(7987).0" is outside east or west abutment box side.
        (y:1991um, yAB: [0um:1728um])

[ERROR] Side.place(IoPin): Pin "inputs(7988).0" is outside east or west abutment box side.
        (y:1991.5um, yAB: [0um:1728um])

[ERROR] Side.place(IoPin): Pin "inputs(7989).0" is outside east or west abutment box side.
        (y:1992um, yAB: [0um:1728um])

[ERROR] Side.place(IoPin): Pin "inputs(7990).0" is outside east or west abutment box side.
        (y:1992.5um, yAB: [0um:1728um])

[ERROR] Side.place(IoPin): Pin "inputs(7991).0" is outside east or west abutment box side.
        (y:1993um, yAB: [0um:1728um])

[ERROR] Side.place(IoPin): Pin "inputs(7992).0" is outside east or west abutment box side.
        (y:1993.5um, yAB: [0um:1728um])

[ERROR] Side.place(IoPin): Pin "inputs(7993).0" is outside east or west abutment box side.
        (y:1994um, yAB: [0um:1728um])

[ERROR] Side.place(IoPin): Pin "inputs(7994).0" is outside east or west abutment box side.
        (y:1994.5um, yAB: [0um:1728um])

[ERROR] Side.place(IoPin): Pin "inputs(7995).0" is outside east or west abutment box side.
        (y:1995um, yAB: [0um:1728um])

[ERROR] Side.place(IoPin): Pin "inputs(7996).0" is outside east or west abutment box side.
        (y:1995.5um, yAB: [0um:1728um])

[ERROR] Side.place(IoPin): Pin "inputs(7997).0" is outside east or west abutment box side.
        (y:1996um, yAB: [0um:1728um])

[ERROR] Side.place(IoPin): Pin "inputs(7998).0" is outside east or west abutment box side.
        (y:1996.5um, yAB: [0um:1728um])

[ERROR] Side.place(IoPin): Pin "inputs(7999).0" is outside east or west abutment box side.
        (y:1997um, yAB: [0um:1728um])

[ERROR] Side.place(IoPin): Pin "inputs(8000).0" is outside east or west abutment box side.
        (y:1997.5um, yAB: [0um:1728um])

[ERROR] Side.place(IoPin): Pin "inputs(8001).0" is outside east or west abutment box side.
        (y:1998um, yAB: [0um:1728um])

[ERROR] Side.place(IoPin): Pin "inputs(8002).0" is outside east or west abutment box side.
        (y:1998.5um, yAB: [0um:1728um])

[ERROR] Side.place(IoPin): Pin "inputs(8003).0" is outside east or west abutment box side.
        (y:1999um, yAB: [0um:1728um])

[ERROR] Side.place(IoPin): Pin "inputs(8004).0" is outside east or west abutment box side.
        (y:1999.5um, yAB: [0um:1728um])

[ERROR] Side.place(IoPin): Pin "inputs(8005).0" is outside east or west abutment box side.
        (y:2000um, yAB: [0um:1728um])

[ERROR] Side.place(IoPin): Pin "inputs(8006).0" is outside east or west abutment box side.
        (y:2000.5um, yAB: [0um:1728um])

[ERROR] Side.place(IoPin): Pin "inputs(8007).0" is outside east or west abutment box side.
        (y:2001um, yAB: [0um:1728um])

[ERROR] Side.place(IoPin): Pin "inputs(8008).0" is outside east or west abutment box side.
        (y:2001.5um, yAB: [0um:1728um])

[ERROR] Side.place(IoPin): Pin "inputs(8009).0" is outside east or west abutment box side.
        (y:2002um, yAB: [0um:1728um])

[ERROR] Side.place(IoPin): Pin "inputs(8010).0" is outside east or west abutment box side.
        (y:2002.5um, yAB: [0um:1728um])

[ERROR] Side.place(IoPin): Pin "inputs(8011).0" is outside east or west abutment box side.
        (y:2003um, yAB: [0um:1728um])

[ERROR] Side.place(IoPin): Pin "inputs(8012).0" is outside east or west abutment box side.
        (y:2003.5um, yAB: [0um:1728um])

[ERROR] Side.place(IoPin): Pin "inputs(8013).0" is outside east or west abutment box side.
        (y:2004um, yAB: [0um:1728um])

[ERROR] Side.place(IoPin): Pin "inputs(8014).0" is outside east or west abutment box side.
        (y:2004.5um, yAB: [0um:1728um])

[ERROR] Side.place(IoPin): Pin "inputs(8015).0" is outside east or west abutment box side.
        (y:2005um, yAB: [0um:1728um])

[ERROR] Side.place(IoPin): Pin "inputs(8016).0" is outside east or west abutment box side.
        (y:2005.5um, yAB: [0um:1728um])

[ERROR] Side.place(IoPin): Pin "inputs(8017).0" is outside east or west abutment box side.
        (y:2006um, yAB: [0um:1728um])

[ERROR] Side.place(IoPin): Pin "inputs(8018).0" is outside east or west abutment box side.
        (y:2006.5um, yAB: [0um:1728um])

[ERROR] Side.place(IoPin): Pin "inputs(8019).0" is outside east or west abutment box side.
        (y:2007um, yAB: [0um:1728um])

[ERROR] Side.place(IoPin): Pin "inputs(8020).0" is outside east or west abutment box side.
        (y:2007.5um, yAB: [0um:1728um])

[ERROR] Side.place(IoPin): Pin "inputs(8021).0" is outside east or west abutment box side.
        (y:2008um, yAB: [0um:1728um])

[ERROR] Side.place(IoPin): Pin "inputs(8022).0" is outside east or west abutment box side.
        (y:2008.5um, yAB: [0um:1728um])

[ERROR] Side.place(IoPin): Pin "inputs(8023).0" is outside east or west abutment box side.
        (y:2009um, yAB: [0um:1728um])

[ERROR] Side.place(IoPin): Pin "inputs(8024).0" is outside east or west abutment box side.
        (y:2009.5um, yAB: [0um:1728um])

[ERROR] Side.place(IoPin): Pin "inputs(8025).0" is outside east or west abutment box side.
        (y:2010um, yAB: [0um:1728um])

[ERROR] Side.place(IoPin): Pin "inputs(8026).0" is outside east or west abutment box side.
        (y:2010.5um, yAB: [0um:1728um])

[ERROR] Side.place(IoPin): Pin "inputs(8027).0" is outside east or west abutment box side.
        (y:2011um, yAB: [0um:1728um])

[ERROR] Side.place(IoPin): Pin "inputs(8028).0" is outside east or west abutment box side.
        (y:2011.5um, yAB: [0um:1728um])

[ERROR] Side.place(IoPin): Pin "inputs(8029).0" is outside east or west abutment box side.
        (y:2012um, yAB: [0um:1728um])

[ERROR] Side.place(IoPin): Pin "inputs(8030).0" is outside east or west abutment box side.
        (y:2012.5um, yAB: [0um:1728um])

[ERROR] Side.place(IoPin): Pin "inputs(8031).0" is outside east or west abutment box side.
        (y:2013um, yAB: [0um:1728um])

[ERROR] Side.place(IoPin): Pin "inputs(8032).0" is outside east or west abutment box side.
        (y:2013.5um, yAB: [0um:1728um])

[ERROR] Side.place(IoPin): Pin "inputs(8033).0" is outside east or west abutment box side.
        (y:2014um, yAB: [0um:1728um])

[ERROR] Side.place(IoPin): Pin "inputs(8034).0" is outside east or west abutment box side.
        (y:2014.5um, yAB: [0um:1728um])

[ERROR] Side.place(IoPin): Pin "inputs(8035).0" is outside east or west abutment box side.
        (y:2015um, yAB: [0um:1728um])

[ERROR] Side.place(IoPin): Pin "inputs(8036).0" is outside east or west abutment box side.
        (y:2015.5um, yAB: [0um:1728um])

[ERROR] Side.place(IoPin): Pin "inputs(8037).0" is outside east or west abutment box side.
        (y:2016um, yAB: [0um:1728um])

[ERROR] Side.place(IoPin): Pin "inputs(8038).0" is outside east or west abutment box side.
        (y:2016.5um, yAB: [0um:1728um])

[ERROR] Side.place(IoPin): Pin "inputs(8039).0" is outside east or west abutment box side.
        (y:2017um, yAB: [0um:1728um])

[ERROR] Side.place(IoPin): Pin "inputs(8040).0" is outside east or west abutment box side.
        (y:2017.5um, yAB: [0um:1728um])

[ERROR] Side.place(IoPin): Pin "inputs(8041).0" is outside east or west abutment box side.
        (y:2018um, yAB: [0um:1728um])

[ERROR] Side.place(IoPin): Pin "inputs(8042).0" is outside east or west abutment box side.
        (y:2018.5um, yAB: [0um:1728um])

[ERROR] Side.place(IoPin): Pin "inputs(8043).0" is outside east or west abutment box side.
        (y:2019um, yAB: [0um:1728um])

[ERROR] Side.place(IoPin): Pin "inputs(8044).0" is outside east or west abutment box side.
        (y:2019.5um, yAB: [0um:1728um])

[ERROR] Side.place(IoPin): Pin "inputs(8045).0" is outside east or west abutment box side.
        (y:2020um, yAB: [0um:1728um])

[ERROR] Side.place(IoPin): Pin "inputs(8046).0" is outside east or west abutment box side.
        (y:2020.5um, yAB: [0um:1728um])

[ERROR] Side.place(IoPin): Pin "inputs(8047).0" is outside east or west abutment box side.
        (y:2021um, yAB: [0um:1728um])

[ERROR] Side.place(IoPin): Pin "inputs(8048).0" is outside east or west abutment box side.
        (y:2021.5um, yAB: [0um:1728um])

[ERROR] Side.place(IoPin): Pin "inputs(8049).0" is outside east or west abutment box side.
        (y:2022um, yAB: [0um:1728um])

[ERROR] Side.place(IoPin): Pin "inputs(8050).0" is outside east or west abutment box side.
        (y:2022.5um, yAB: [0um:1728um])

[ERROR] Side.place(IoPin): Pin "inputs(8051).0" is outside east or west abutment box side.
        (y:2023um, yAB: [0um:1728um])

[ERROR] Side.place(IoPin): Pin "inputs(8052).0" is outside east or west abutment box side.
        (y:2023.5um, yAB: [0um:1728um])

[ERROR] Side.place(IoPin): Pin "inputs(8053).0" is outside east or west abutment box side.
        (y:2024um, yAB: [0um:1728um])

[ERROR] Side.place(IoPin): Pin "inputs(8054).0" is outside east or west abutment box side.
        (y:2024.5um, yAB: [0um:1728um])

[ERROR] Side.place(IoPin): Pin "inputs(8055).0" is outside east or west abutment box side.
        (y:2025um, yAB: [0um:1728um])

[ERROR] Side.place(IoPin): Pin "inputs(8056).0" is outside east or west abutment box side.
        (y:2025.5um, yAB: [0um:1728um])

[ERROR] Side.place(IoPin): Pin "inputs(8057).0" is outside east or west abutment box side.
        (y:2026um, yAB: [0um:1728um])

[ERROR] Side.place(IoPin): Pin "inputs(8058).0" is outside east or west abutment box side.
        (y:2026.5um, yAB: [0um:1728um])

[ERROR] Side.place(IoPin): Pin "inputs(8059).0" is outside east or west abutment box side.
        (y:2027um, yAB: [0um:1728um])

[ERROR] Side.place(IoPin): Pin "inputs(8060).0" is outside east or west abutment box side.
        (y:2027.5um, yAB: [0um:1728um])

[ERROR] Side.place(IoPin): Pin "inputs(8061).0" is outside east or west abutment box side.
        (y:2028um, yAB: [0um:1728um])

[ERROR] Side.place(IoPin): Pin "inputs(8062).0" is outside east or west abutment box side.
        (y:2028.5um, yAB: [0um:1728um])

[ERROR] Side.place(IoPin): Pin "inputs(8063).0" is outside east or west abutment box side.
        (y:2029um, yAB: [0um:1728um])

[ERROR] Side.place(IoPin): Pin "inputs(8064).0" is outside east or west abutment box side.
        (y:2029.5um, yAB: [0um:1728um])

[ERROR] Side.place(IoPin): Pin "inputs(8065).0" is outside east or west abutment box side.
        (y:2030um, yAB: [0um:1728um])

[ERROR] Side.place(IoPin): Pin "inputs(8066).0" is outside east or west abutment box side.
        (y:2030.5um, yAB: [0um:1728um])

[ERROR] Side.place(IoPin): Pin "inputs(8067).0" is outside east or west abutment box side.
        (y:2031um, yAB: [0um:1728um])

[ERROR] Side.place(IoPin): Pin "inputs(8068).0" is outside east or west abutment box side.
        (y:2031.5um, yAB: [0um:1728um])

[ERROR] Side.place(IoPin): Pin "inputs(8069).0" is outside east or west abutment box side.
        (y:2032um, yAB: [0um:1728um])

[ERROR] Side.place(IoPin): Pin "inputs(8070).0" is outside east or west abutment box side.
        (y:2032.5um, yAB: [0um:1728um])

[ERROR] Side.place(IoPin): Pin "inputs(8071).0" is outside east or west abutment box side.
        (y:2033um, yAB: [0um:1728um])

[ERROR] Side.place(IoPin): Pin "inputs(8072).0" is outside east or west abutment box side.
        (y:2033.5um, yAB: [0um:1728um])

[ERROR] Side.place(IoPin): Pin "inputs(8073).0" is outside east or west abutment box side.
        (y:2034um, yAB: [0um:1728um])

[ERROR] Side.place(IoPin): Pin "inputs(8074).0" is outside east or west abutment box side.
        (y:2034.5um, yAB: [0um:1728um])

[ERROR] Side.place(IoPin): Pin "inputs(8075).0" is outside east or west abutment box side.
        (y:2035um, yAB: [0um:1728um])

[ERROR] Side.place(IoPin): Pin "inputs(8076).0" is outside east or west abutment box side.
        (y:2035.5um, yAB: [0um:1728um])

[ERROR] Side.place(IoPin): Pin "inputs(8077).0" is outside east or west abutment box side.
        (y:2036um, yAB: [0um:1728um])

[ERROR] Side.place(IoPin): Pin "inputs(8078).0" is outside east or west abutment box side.
        (y:2036.5um, yAB: [0um:1728um])

[ERROR] Side.place(IoPin): Pin "inputs(8079).0" is outside east or west abutment box side.
        (y:2037um, yAB: [0um:1728um])

[ERROR] Side.place(IoPin): Pin "inputs(8080).0" is outside east or west abutment box side.
        (y:2037.5um, yAB: [0um:1728um])

[ERROR] Side.place(IoPin): Pin "inputs(8081).0" is outside east or west abutment box side.
        (y:2038um, yAB: [0um:1728um])

[ERROR] Side.place(IoPin): Pin "inputs(8082).0" is outside east or west abutment box side.
        (y:2038.5um, yAB: [0um:1728um])

[ERROR] Side.place(IoPin): Pin "inputs(8083).0" is outside east or west abutment box side.
        (y:2039um, yAB: [0um:1728um])

[ERROR] Side.place(IoPin): Pin "inputs(8084).0" is outside east or west abutment box side.
        (y:2039.5um, yAB: [0um:1728um])

[ERROR] Side.place(IoPin): Pin "inputs(8085).0" is outside east or west abutment box side.
        (y:2040um, yAB: [0um:1728um])

[ERROR] Side.place(IoPin): Pin "inputs(8086).0" is outside east or west abutment box side.
        (y:2040.5um, yAB: [0um:1728um])

[ERROR] Side.place(IoPin): Pin "inputs(8087).0" is outside east or west abutment box side.
        (y:2041um, yAB: [0um:1728um])

[ERROR] Side.place(IoPin): Pin "inputs(8088).0" is outside east or west abutment box side.
        (y:2041.5um, yAB: [0um:1728um])

[ERROR] Side.place(IoPin): Pin "inputs(8089).0" is outside east or west abutment box side.
        (y:2042um, yAB: [0um:1728um])

[ERROR] Side.place(IoPin): Pin "inputs(8090).0" is outside east or west abutment box side.
        (y:2042.5um, yAB: [0um:1728um])

[ERROR] Side.place(IoPin): Pin "inputs(8091).0" is outside east or west abutment box side.
        (y:2043um, yAB: [0um:1728um])

[ERROR] Side.place(IoPin): Pin "inputs(8092).0" is outside east or west abutment box side.
        (y:2043.5um, yAB: [0um:1728um])

[ERROR] Side.place(IoPin): Pin "inputs(8093).0" is outside east or west abutment box side.
        (y:2044um, yAB: [0um:1728um])

[ERROR] Side.place(IoPin): Pin "inputs(8094).0" is outside east or west abutment box side.
        (y:2044.5um, yAB: [0um:1728um])

[ERROR] Side.place(IoPin): Pin "inputs(8095).0" is outside east or west abutment box side.
        (y:2045um, yAB: [0um:1728um])

[ERROR] Side.place(IoPin): Pin "inputs(8096).0" is outside east or west abutment box side.
        (y:2045.5um, yAB: [0um:1728um])

[ERROR] Side.place(IoPin): Pin "inputs(8097).0" is outside east or west abutment box side.
        (y:2046um, yAB: [0um:1728um])

[ERROR] Side.place(IoPin): Pin "inputs(8098).0" is outside east or west abutment box side.
        (y:2046.5um, yAB: [0um:1728um])

[ERROR] Side.place(IoPin): Pin "inputs(8099).0" is outside east or west abutment box side.
        (y:2047um, yAB: [0um:1728um])

[ERROR] Side.place(IoPin): Pin "inputs(8100).0" is outside east or west abutment box side.
        (y:2047.5um, yAB: [0um:1728um])

[ERROR] Side.place(IoPin): Pin "inputs(8101).0" is outside east or west abutment box side.
        (y:2048um, yAB: [0um:1728um])

[ERROR] Side.place(IoPin): Pin "inputs(8102).0" is outside east or west abutment box side.
        (y:2048.5um, yAB: [0um:1728um])

[ERROR] Side.place(IoPin): Pin "inputs(8103).0" is outside east or west abutment box side.
        (y:2049um, yAB: [0um:1728um])

[ERROR] Side.place(IoPin): Pin "inputs(8104).0" is outside east or west abutment box side.
        (y:2049.5um, yAB: [0um:1728um])

[ERROR] Side.place(IoPin): Pin "inputs(8105).0" is outside east or west abutment box side.
        (y:2050um, yAB: [0um:1728um])

[ERROR] Side.place(IoPin): Pin "inputs(8106).0" is outside east or west abutment box side.
        (y:2050.5um, yAB: [0um:1728um])

[ERROR] Side.place(IoPin): Pin "inputs(8107).0" is outside east or west abutment box side.
        (y:2051um, yAB: [0um:1728um])

[ERROR] Side.place(IoPin): Pin "inputs(8108).0" is outside east or west abutment box side.
        (y:2051.5um, yAB: [0um:1728um])

[ERROR] Side.place(IoPin): Pin "inputs(8109).0" is outside east or west abutment box side.
        (y:2052um, yAB: [0um:1728um])

[ERROR] Side.place(IoPin): Pin "inputs(8110).0" is outside east or west abutment box side.
        (y:2052.5um, yAB: [0um:1728um])

[ERROR] Side.place(IoPin): Pin "inputs(8111).0" is outside east or west abutment box side.
        (y:2053um, yAB: [0um:1728um])

[ERROR] Side.place(IoPin): Pin "inputs(8112).0" is outside east or west abutment box side.
        (y:2053.5um, yAB: [0um:1728um])

[ERROR] Side.place(IoPin): Pin "inputs(8113).0" is outside east or west abutment box side.
        (y:2054um, yAB: [0um:1728um])

[ERROR] Side.place(IoPin): Pin "inputs(8114).0" is outside east or west abutment box side.
        (y:2054.5um, yAB: [0um:1728um])

[ERROR] Side.place(IoPin): Pin "inputs(8115).0" is outside east or west abutment box side.
        (y:2055um, yAB: [0um:1728um])

[ERROR] Side.place(IoPin): Pin "inputs(8116).0" is outside east or west abutment box side.
        (y:2055.5um, yAB: [0um:1728um])

[ERROR] Side.place(IoPin): Pin "inputs(8117).0" is outside east or west abutment box side.
        (y:2056um, yAB: [0um:1728um])

[ERROR] Side.place(IoPin): Pin "inputs(8118).0" is outside east or west abutment box side.
        (y:2056.5um, yAB: [0um:1728um])

[ERROR] Side.place(IoPin): Pin "inputs(8119).0" is outside east or west abutment box side.
        (y:2057um, yAB: [0um:1728um])

[ERROR] Side.place(IoPin): Pin "inputs(8120).0" is outside east or west abutment box side.
        (y:2057.5um, yAB: [0um:1728um])

[ERROR] Side.place(IoPin): Pin "inputs(8121).0" is outside east or west abutment box side.
        (y:2058um, yAB: [0um:1728um])

[ERROR] Side.place(IoPin): Pin "inputs(8122).0" is outside east or west abutment box side.
        (y:2058.5um, yAB: [0um:1728um])

[ERROR] Side.place(IoPin): Pin "inputs(8123).0" is outside east or west abutment box side.
        (y:2059um, yAB: [0um:1728um])

[ERROR] Side.place(IoPin): Pin "inputs(8124).0" is outside east or west abutment box side.
        (y:2059.5um, yAB: [0um:1728um])

[ERROR] Side.place(IoPin): Pin "inputs(8125).0" is outside east or west abutment box side.
        (y:2060um, yAB: [0um:1728um])

[ERROR] Side.place(IoPin): Pin "inputs(8126).0" is outside east or west abutment box side.
        (y:2060.5um, yAB: [0um:1728um])

[ERROR] Side.place(IoPin): Pin "inputs(8127).0" is outside east or west abutment box side.
        (y:2061um, yAB: [0um:1728um])

[ERROR] Side.place(IoPin): Pin "inputs(8128).0" is outside east or west abutment box side.
        (y:2061.5um, yAB: [0um:1728um])

[ERROR] Side.place(IoPin): Pin "inputs(8129).0" is outside east or west abutment box side.
        (y:2062um, yAB: [0um:1728um])

[ERROR] Side.place(IoPin): Pin "inputs(8130).0" is outside east or west abutment box side.
        (y:2062.5um, yAB: [0um:1728um])

[ERROR] Side.place(IoPin): Pin "inputs(8131).0" is outside east or west abutment box side.
        (y:2063um, yAB: [0um:1728um])

[ERROR] Side.place(IoPin): Pin "inputs(8132).0" is outside east or west abutment box side.
        (y:2063.5um, yAB: [0um:1728um])

[ERROR] Side.place(IoPin): Pin "inputs(8133).0" is outside east or west abutment box side.
        (y:2064um, yAB: [0um:1728um])

[ERROR] Side.place(IoPin): Pin "inputs(8134).0" is outside east or west abutment box side.
        (y:2064.5um, yAB: [0um:1728um])

[ERROR] Side.place(IoPin): Pin "inputs(8135).0" is outside east or west abutment box side.
        (y:2065um, yAB: [0um:1728um])

[ERROR] Side.place(IoPin): Pin "inputs(8136).0" is outside east or west abutment box side.
        (y:2065.5um, yAB: [0um:1728um])

[ERROR] Side.place(IoPin): Pin "inputs(8137).0" is outside east or west abutment box side.
        (y:2066um, yAB: [0um:1728um])

[ERROR] Side.place(IoPin): Pin "inputs(8138).0" is outside east or west abutment box side.
        (y:2066.5um, yAB: [0um:1728um])

[ERROR] Side.place(IoPin): Pin "inputs(8139).0" is outside east or west abutment box side.
        (y:2067um, yAB: [0um:1728um])

[ERROR] Side.place(IoPin): Pin "inputs(8140).0" is outside east or west abutment box side.
        (y:2067.5um, yAB: [0um:1728um])

[ERROR] Side.place(IoPin): Pin "inputs(8141).0" is outside east or west abutment box side.
        (y:2068um, yAB: [0um:1728um])

[ERROR] Side.place(IoPin): Pin "inputs(8142).0" is outside east or west abutment box side.
        (y:2068.5um, yAB: [0um:1728um])

[ERROR] Side.place(IoPin): Pin "inputs(8143).0" is outside east or west abutment box side.
        (y:2069um, yAB: [0um:1728um])

[ERROR] Side.place(IoPin): Pin "inputs(8144).0" is outside east or west abutment box side.
        (y:2069.5um, yAB: [0um:1728um])

[ERROR] Side.place(IoPin): Pin "inputs(8145).0" is outside east or west abutment box side.
        (y:2070um, yAB: [0um:1728um])

[ERROR] Side.place(IoPin): Pin "inputs(8146).0" is outside east or west abutment box side.
        (y:2070.5um, yAB: [0um:1728um])

[ERROR] Side.place(IoPin): Pin "inputs(8147).0" is outside east or west abutment box side.
        (y:2071um, yAB: [0um:1728um])

[ERROR] Side.place(IoPin): Pin "inputs(8148).0" is outside east or west abutment box side.
        (y:2071.5um, yAB: [0um:1728um])

[ERROR] Side.place(IoPin): Pin "inputs(8149).0" is outside east or west abutment box side.
        (y:2072um, yAB: [0um:1728um])

[ERROR] Side.place(IoPin): Pin "inputs(8150).0" is outside east or west abutment box side.
        (y:2072.5um, yAB: [0um:1728um])

[ERROR] Side.place(IoPin): Pin "inputs(8151).0" is outside east or west abutment box side.
        (y:2073um, yAB: [0um:1728um])

[ERROR] Side.place(IoPin): Pin "inputs(8152).0" is outside east or west abutment box side.
        (y:2073.5um, yAB: [0um:1728um])

[ERROR] Side.place(IoPin): Pin "inputs(8153).0" is outside east or west abutment box side.
        (y:2074um, yAB: [0um:1728um])

[ERROR] Side.place(IoPin): Pin "inputs(8154).0" is outside east or west abutment box side.
        (y:2074.5um, yAB: [0um:1728um])

[ERROR] Side.place(IoPin): Pin "inputs(8155).0" is outside east or west abutment box side.
        (y:2075um, yAB: [0um:1728um])

[ERROR] Side.place(IoPin): Pin "inputs(8156).0" is outside east or west abutment box side.
        (y:2075.5um, yAB: [0um:1728um])

[ERROR] Side.place(IoPin): Pin "inputs(8157).0" is outside east or west abutment box side.
        (y:2076um, yAB: [0um:1728um])

[ERROR] Side.place(IoPin): Pin "inputs(8158).0" is outside east or west abutment box side.
        (y:2076.5um, yAB: [0um:1728um])

[ERROR] Side.place(IoPin): Pin "inputs(8159).0" is outside east or west abutment box side.
        (y:2077um, yAB: [0um:1728um])

[ERROR] Side.place(IoPin): Pin "inputs(8160).0" is outside east or west abutment box side.
        (y:2077.5um, yAB: [0um:1728um])

[ERROR] Side.place(IoPin): Pin "inputs(8161).0" is outside east or west abutment box side.
        (y:2078um, yAB: [0um:1728um])

[ERROR] Side.place(IoPin): Pin "inputs(8162).0" is outside east or west abutment box side.
        (y:2078.5um, yAB: [0um:1728um])

[ERROR] Side.place(IoPin): Pin "inputs(8163).0" is outside east or west abutment box side.
        (y:2079um, yAB: [0um:1728um])

[ERROR] Side.place(IoPin): Pin "inputs(8164).0" is outside east or west abutment box side.
        (y:2079.5um, yAB: [0um:1728um])

[ERROR] Side.place(IoPin): Pin "inputs(8165).0" is outside east or west abutment box side.
        (y:2080um, yAB: [0um:1728um])

[ERROR] Side.place(IoPin): Pin "inputs(8166).0" is outside east or west abutment box side.
        (y:2080.5um, yAB: [0um:1728um])

[ERROR] Side.place(IoPin): Pin "inputs(8167).0" is outside east or west abutment box side.
        (y:2081um, yAB: [0um:1728um])

[ERROR] Side.place(IoPin): Pin "inputs(8168).0" is outside east or west abutment box side.
        (y:2081.5um, yAB: [0um:1728um])

[ERROR] Side.place(IoPin): Pin "inputs(8169).0" is outside east or west abutment box side.
        (y:2082um, yAB: [0um:1728um])

[ERROR] Side.place(IoPin): Pin "inputs(8170).0" is outside east or west abutment box side.
        (y:2082.5um, yAB: [0um:1728um])

[ERROR] Side.place(IoPin): Pin "inputs(8171).0" is outside east or west abutment box side.
        (y:2083um, yAB: [0um:1728um])

[ERROR] Side.place(IoPin): Pin "inputs(8172).0" is outside east or west abutment box side.
        (y:2083.5um, yAB: [0um:1728um])

[ERROR] Side.place(IoPin): Pin "inputs(8173).0" is outside east or west abutment box side.
        (y:2084um, yAB: [0um:1728um])

[ERROR] Side.place(IoPin): Pin "inputs(8174).0" is outside east or west abutment box side.
        (y:2084.5um, yAB: [0um:1728um])

[ERROR] Side.place(IoPin): Pin "inputs(8175).0" is outside east or west abutment box side.
        (y:2085um, yAB: [0um:1728um])

[ERROR] Side.place(IoPin): Pin "inputs(8176).0" is outside east or west abutment box side.
        (y:2085.5um, yAB: [0um:1728um])

[ERROR] Side.place(IoPin): Pin "inputs(8177).0" is outside east or west abutment box side.
        (y:2086um, yAB: [0um:1728um])

[ERROR] Side.place(IoPin): Pin "inputs(8178).0" is outside east or west abutment box side.
        (y:2086.5um, yAB: [0um:1728um])

[ERROR] Side.place(IoPin): Pin "inputs(8179).0" is outside east or west abutment box side.
        (y:2087um, yAB: [0um:1728um])

[ERROR] Side.place(IoPin): Pin "inputs(8180).0" is outside east or west abutment box side.
        (y:2087.5um, yAB: [0um:1728um])

[ERROR] Side.place(IoPin): Pin "inputs(8181).0" is outside east or west abutment box side.
        (y:2088um, yAB: [0um:1728um])

[ERROR] Side.place(IoPin): Pin "inputs(8182).0" is outside east or west abutment box side.
        (y:2088.5um, yAB: [0um:1728um])

[ERROR] Side.place(IoPin): Pin "inputs(8183).0" is outside east or west abutment box side.
        (y:2089um, yAB: [0um:1728um])

[ERROR] Side.place(IoPin): Pin "inputs(8184).0" is outside east or west abutment box side.
        (y:2089.5um, yAB: [0um:1728um])

[ERROR] Side.place(IoPin): Pin "inputs(8185).0" is outside east or west abutment box side.
        (y:2090um, yAB: [0um:1728um])

[ERROR] Side.place(IoPin): Pin "inputs(8186).0" is outside east or west abutment box side.
        (y:2090.5um, yAB: [0um:1728um])

[ERROR] Side.place(IoPin): Pin "inputs(8187).0" is outside east or west abutment box side.
        (y:2091um, yAB: [0um:1728um])

[ERROR] Side.place(IoPin): Pin "inputs(8188).0" is outside east or west abutment box side.
        (y:2091.5um, yAB: [0um:1728um])

[ERROR] Side.place(IoPin): Pin "inputs(8189).0" is outside east or west abutment box side.
        (y:2092um, yAB: [0um:1728um])

[ERROR] Side.place(IoPin): Pin "inputs(8190).0" is outside east or west abutment box side.
        (y:2092.5um, yAB: [0um:1728um])

[ERROR] Side.place(IoPin): Pin "inputs(8191).0" is outside east or west abutment box side.
        (y:2093um, yAB: [0um:1728um])

[ERROR] Side.place(IoPin): Pin "clk.0" is outside east or west abutment box side.
        (y:2093.5um, yAB: [0um:1728um])
[ERROR] Block.placeIoPins(): Cell "expmob2" has 3233 badly placed pins.
        Python stack trace:
        #0 in                  __init__() at .../install/lib/python3/dist-packages/coriolis/helpers/io.py:95
        #1 in               placeIoPins() at .../lib/python3/dist-packages/coriolis/plugins/block/block.py:642
        #2 in                     doPnR() at .../lib/python3/dist-packages/coriolis/plugins/block/block.py:848
        #3 in                scriptMain() at /home/ahmed/circuits/coriolis/expmob2_n13/MydoDesign.py:256
        #4 in                    doTask() at .../lib/python3/dist-packages/coriolis/designflow/pnr.py:78
        #5 in                   execute() at /usr/lib/python3/dist-packages/doit/action.py:424
        #6 in                   execute() at /usr/lib/python3/dist-packages/doit/task.py:449
        #7 in              execute_task() at /usr/lib/python3/dist-packages/doit/runner.py:177
        #8 in                 run_tasks() at /usr/lib/python3/dist-packages/doit/runner.py:222
        #9 in                   run_all() at /usr/lib/python3/dist-packages/doit/runner.py:256
        #10 in                  _execute() at /usr/lib/python3/dist-packages/doit/cmd_run.py:260
        #11 in                   execute() at /usr/lib/python3/dist-packages/doit/cmd_base.py:420
        #12 in             parse_execute() at /usr/lib/python3/dist-packages/doit/cmd_base.py:127
        #13 in                       run() at /usr/lib/python3/dist-packages/doit/doit_cmd.py:177
        #14 in                      main() at /usr/lib/python3/dist-packages/doit/__main__.py:8
        #15 in                  <module>() at /usr/bin/doit:11


